case_id,state,land_category,location_type,tenure_type,land_area_sqft,built_up_area_sqft,building_age_years,building_condition,market_value_myr,statutory_disturbance_myr,relocation_allowance_myr,recommended_compensation_myr
CASE-2026-TR-00001,Penang,Agricultural,Rural_Coastal,Freehold,59732,0,18,Good,2474000,371100,2000,2847100
CASE-2026-TR-00002,Melaka,Agricultural,Urban,Leasehold_99,17433,0,11,Excellent,724000,108600,2000,834600
CASE-2026-TR-00003,Penang,Industrial,Urban,Leasehold_99,30382,17002,15,Good,9572000,1435800,8000,11015800
CASE-2026-TR-00004,Terengganu,Residential,Suburban,Leasehold_99,6693,6221,14,Good,1594000,239100,8000,1841100
CASE-2026-TR-00005,Johor,Residential,Urban,Freehold,5314,3291,17,Good,1317000,197600,8000,1522600
CASE-2026-TR-00006,Johor,Industrial,Urban,Leasehold_99,10873,6060,10,Good,2895000,434200,8000,3337200
CASE-2026-TR-00007,Penang,Residential,Rural_Coastal,Leasehold_99,6159,4882,29,Excellent,1541000,231200,8000,1780200
CASE-2026-TR-00008,Pahang,Residential,Suburban,Leasehold_99,3578,2899,28,Good,705000,105800,8000,818800
CASE-2026-TR-00009,Penang,Agricultural,Urban,Leasehold_99,25965,0,13,Fair,1333000,200000,2000,1535000
CASE-2026-TR-00010,Selangor,Residential,Suburban,Leasehold_99,2784,1755,32,Good,691000,103600,8000,802600
CASE-2026-TR-00011,Selangor,Agricultural,Suburban,Leasehold_99,48827,0,21,Good,2416000,362400,2000,2780400
CASE-2026-TR-00012,Johor,Residential,Urban,Freehold,3281,2512,28,Fair,798000,119700,8000,925700
CASE-2026-TR-00013,Selangor,Residential,Urban,Freehold,2009,1515,9,Good,658000,98700,8000,764700
CASE-2026-TR-00014,Selangor,Commercial,Urban,Freehold,5263,5023,17,Excellent,3064000,459600,8000,3531600
CASE-2026-TR-00015,Selangor,Residential,Rural_Coastal,Freehold,5397,4053,23,Fair,1272000,190800,8000,1470800
CASE-2026-TR-00016,Johor,Residential,Rural_Coastal,Leasehold_99,6231,3628,17,Good,1391000,208600,8000,1607600
CASE-2026-TR-00017,Johor,Agricultural,Urban,Leasehold_99,57107,0,28,Good,2638000,395700,2000,3035700
CASE-2026-TR-00018,Perak,Residential,Urban,Leasehold_99,1788,1477,18,Good,431000,64600,8000,503600
CASE-2026-TR-00019,Johor,Residential,Suburban,Malay_Reserve,1923,1484,2,Poor,453000,68000,8000,529000
CASE-2026-TR-00020,Selangor,Agricultural,Urban,Leasehold_99,16154,803,32,Excellent,958000,143700,8000,1109700
CASE-2026-TR-00021,Selangor,Commercial,Urban,Freehold,4369,4429,9,Excellent,2497000,374600,8000,2879600
CASE-2026-TR-00022,Penang,Agricultural,Suburban,Freehold,19735,0,21,Excellent,1011000,151600,2000,1164600
CASE-2026-TR-00023,Sabah,Agricultural,Suburban,Freehold,47352,683,32,Fair,1728000,259200,8000,1995200
CASE-2026-TR-00024,Sarawak,Industrial,Rural_Coastal,Malay_Reserve,18434,12197,5,Good,4388000,658200,8000,5054200
CASE-2026-TR-00025,Penang,Residential,Rural_Coastal,Leasehold_99,1427,997,31,Poor,277000,41600,8000,326600
CASE-2026-TR-00026,Penang,Residential,Urban,Freehold,4475,3708,29,Good,1262000,189300,8000,1459300
CASE-2026-TR-00027,Selangor,Commercial,Urban,Leasehold_99,3868,2899,14,Fair,1622000,243300,8000,1873300
CASE-2026-TR-00028,Selangor,Residential,Suburban,Leasehold_99,5036,3082,22,Excellent,1318000,197700,8000,1523700
CASE-2026-TR-00029,Johor,Residential,Suburban,Freehold,1304,955,6,Good,394000,59100,8000,461100
CASE-2026-TR-00030,Pahang,Commercial,Rural_Coastal,Freehold,3193,2326,24,Good,905000,135800,8000,1048800
CASE-2026-TR-00031,Selangor,Residential,Urban,Malay_Reserve,6537,5463,1,Fair,2312000,346800,8000,2666800
CASE-2026-TR-00032,Penang,Residential,Urban,Freehold,6392,3822,29,Excellent,1919000,287800,8000,2214800
CASE-2026-TR-00033,Selangor,Residential,Suburban,Freehold,6708,4936,23,Poor,1727000,259000,8000,1994000
CASE-2026-TR-00034,Selangor,Commercial,Rural_Coastal,Leasehold_99,10707,12431,4,Poor,4561000,684200,8000,5253200
CASE-2026-TR-00035,Pahang,Residential,Suburban,Freehold,6352,4879,12,Poor,1251000,187600,8000,1446600
CASE-2026-TR-00036,Penang,Residential,Rural_Coastal,Freehold,1717,1123,7,Good,464000,69600,8000,541600
CASE-2026-TR-00037,Pahang,Residential,Rural_Coastal,Leasehold_99,4765,3427,24,Poor,660000,99000,8000,767000
CASE-2026-TR-00038,Perak,Industrial,Urban,Leasehold_99,32708,15814,23,Fair,6717000,1007600,8000,7732600
CASE-2026-TR-00039,Penang,Residential,Rural_Coastal,Freehold,1695,1582,19,Good,509000,76400,8000,593400
CASE-2026-TR-00040,Johor,Residential,Urban,Leasehold_99,4238,2691,23,Excellent,1178000,176700,8000,1362700
CASE-2026-TR-00041,Pahang,Commercial,Rural_Coastal,Freehold,2453,2778,6,Fair,873000,131000,8000,1012000
CASE-2026-TR-00042,Selangor,Residential,Rural_Coastal,Malay_Reserve,3156,2847,17,Poor,741000,111200,8000,860200
CASE-2026-TR-00043,Selangor,Commercial,Suburban,Freehold,5686,4970,19,Good,2583000,387400,8000,2978400
CASE-2026-TR-00044,Selangor,Residential,Urban,Leasehold_99,2684,2275,3,Poor,772000,115800,8000,895800
CASE-2026-TR-00045,Terengganu,Industrial,Urban,Freehold,7627,5661,13,Fair,1929000,289400,8000,2226400
CASE-2026-TR-00046,Selangor,Industrial,Suburban,Leasehold_99,19761,9054,17,Good,6053000,908000,8000,6969000
CASE-2026-TR-00047,Sabah,Residential,Urban,Freehold,4083,2340,12,Good,923000,138400,8000,1069400
CASE-2026-TR-00048,Penang,Residential,Urban,Leasehold_99,6264,5886,27,Good,1860000,279000,8000,2147000
CASE-2026-TR-00049,Pahang,Industrial,Urban,Leasehold_99,23708,17287,19,Good,6038000,905700,8000,6951700
CASE-2026-TR-00050,Terengganu,Residential,Urban,Malay_Reserve,3124,2689,18,Excellent,791000,118600,8000,917600
CASE-2026-TR-00051,Sarawak,Agricultural,Rural_Coastal,Freehold,33017,0,0,Excellent,1125000,168800,2000,1295800
CASE-2026-TR-00052,Pahang,Commercial,Rural_Coastal,Freehold,5136,6991,10,Excellent,2217000,332600,8000,2557600
CASE-2026-TR-00053,Penang,Agricultural,Urban,Freehold,60543,0,7,Good,3573000,536000,2000,4111000
CASE-2026-TR-00054,Penang,Industrial,Rural_Coastal,Leasehold_99,31613,22344,25,Good,8088000,1213200,8000,9309200
CASE-2026-TR-00055,Melaka,Industrial,Rural_Coastal,Leasehold_99,17051,12671,18,Good,4063000,609400,8000,4680400
CASE-2026-TR-00056,Penang,Agricultural,Suburban,Malay_Reserve,19637,0,16,Excellent,901000,135200,2000,1038200
CASE-2026-TR-00057,Penang,Industrial,Suburban,Leasehold_99,18388,9591,11,Good,5374000,806100,8000,6188100
CASE-2026-TR-00058,Johor,Commercial,Suburban,Freehold,10591,8762,24,Fair,3871000,580600,8000,4459600
CASE-2026-TR-00059,Melaka,Agricultural,Urban,Freehold,36969,0,21,Excellent,1610000,241500,2000,1853500
CASE-2026-TR-00060,Penang,Commercial,Suburban,Leasehold_99,8740,6682,15,Excellent,3704000,555600,8000,4267600
CASE-2026-TR-00061,Perak,Residential,Suburban,Freehold,4066,3109,22,Fair,848000,127200,8000,983200
CASE-2026-TR-00062,Selangor,Residential,Urban,Freehold,6422,5831,18,Good,2112000,316800,8000,2436800
CASE-2026-TR-00063,Penang,Residential,Urban,Leasehold_99,6650,3894,25,Good,1829000,274400,8000,2111400
CASE-2026-TR-00064,Johor,Commercial,Urban,Freehold,9443,10487,12,Good,4574000,686100,8000,5268100
CASE-2026-TR-00065,Johor,Industrial,Urban,Freehold,7812,5677,21,Excellent,2446000,366900,8000,2820900
CASE-2026-TR-00066,Selangor,Residential,Urban,Freehold,4170,3698,3,Good,1595000,239200,8000,1842200
CASE-2026-TR-00067,Terengganu,Residential,Rural_Coastal,Leasehold_99,3851,3231,2,Good,916000,137400,8000,1061400
CASE-2026-TR-00068,Selangor,Residential,Urban,Freehold,1524,1287,12,Good,508000,76200,8000,592200
CASE-2026-TR-00069,Selangor,Commercial,Suburban,Freehold,5244,5026,24,Excellent,2545000,381800,8000,2934800
CASE-2026-TR-00070,Pahang,Commercial,Suburban,Leasehold_99,11730,14732,17,Fair,4225000,633800,8000,4866800
CASE-2026-TR-00071,Sarawak,Residential,Urban,Freehold,3860,3267,22,Fair,965000,144800,8000,1117800
CASE-2026-TR-00072,Perak,Residential,Rural_Coastal,Malay_Reserve,4198,3425,26,Good,807000,121000,8000,936000
CASE-2026-TR-00073,Johor,Agricultural,Suburban,Leasehold_99,22804,0,14,Good,870000,130500,2000,1002500
CASE-2026-TR-00074,Selangor,Commercial,Urban,Leasehold_99,9889,13428,7,Good,6191000,928600,8000,7127600
CASE-2026-TR-00075,Johor,Agricultural,Rural_Coastal,Freehold,59028,1396,32,Good,2342000,351300,8000,2701300
CASE-2026-TR-00076,Penang,Residential,Rural_Coastal,Leasehold_99,7296,4384,15,Excellent,1731000,259600,8000,1998600
CASE-2026-TR-00077,Pahang,Commercial,Suburban,Leasehold_99,2293,2009,5,Poor,656000,98400,8000,762400
CASE-2026-TR-00078,Penang,Commercial,Urban,Leasehold_99,11957,13276,18,Excellent,6623000,993400,8000,7624400
CASE-2026-TR-00079,Sabah,Residential,Suburban,Freehold,1903,1331,9,Fair,415000,62200,8000,485200
CASE-2026-TR-00080,Sarawak,Residential,Rural_Coastal,Freehold,4172,2848,15,Excellent,933000,140000,8000,1081000
CASE-2026-TR-00081,Selangor,Residential,Urban,Freehold,1836,1643,2,Good,731000,109600,8000,848600
CASE-2026-TR-00082,Selangor,Residential,Rural_Coastal,Freehold,5420,4061,6,Good,1613000,242000,8000,1863000
CASE-2026-TR-00083,Selangor,Commercial,Urban,Leasehold_99,6444,8845,17,Fair,3366000,504900,8000,3878900
CASE-2026-TR-00084,Penang,Residential,Urban,Freehold,3782,2397,19,Good,1138000,170700,8000,1316700
CASE-2026-TR-00085,Terengganu,Residential,Suburban,Freehold,6790,4965,2,Good,1723000,258400,8000,1989400
CASE-2026-TR-00086,Selangor,Residential,Urban,Leasehold_99,6195,4082,19,Good,1966000,294900,8000,2268900
CASE-2026-TR-00087,Selangor,Residential,Urban,Freehold,3790,2850,8,Fair,1204000,180600,8000,1392600
CASE-2026-TR-00088,Selangor,Residential,Urban,Freehold,2611,2329,16,Good,867000,130000,8000,1005000
CASE-2026-TR-00089,Sabah,Residential,Urban,Leasehold_99,3498,3110,19,Good,840000,126000,8000,974000
CASE-2026-TR-00090,Penang,Residential,Suburban,Freehold,2104,1501,30,Fair,515000,77200,8000,600200
CASE-2026-TR-00091,Johor,Residential,Rural_Coastal,Freehold,6131,4414,17,Good,1435000,215200,8000,1658200
CASE-2026-TR-00092,Selangor,Industrial,Rural_Coastal,Freehold,12633,9035,2,Excellent,4339000,650800,8000,4997800
CASE-2026-TR-00093,Johor,Agricultural,Suburban,Leasehold_99,16622,0,30,Good,742000,111300,2000,855300
CASE-2026-TR-00094,Selangor,Residential,Rural_Coastal,Freehold,6097,4618,2,Fair,1666000,249900,8000,1923900
CASE-2026-TR-00095,Selangor,Residential,Urban,Freehold,2436,2042,34,Poor,636000,95400,8000,739400
CASE-2026-TR-00096,Penang,Residential,Suburban,Leasehold_99,5220,3907,34,Good,1147000,172000,8000,1327000
CASE-2026-TR-00097,Penang,Commercial,Suburban,Freehold,9470,12058,5,Poor,4399000,659800,8000,5066800
CASE-2026-TR-00098,Sarawak,Commercial,Suburban,Leasehold_99,9482,7212,16,Fair,3105000,465800,8000,3578800
CASE-2026-TR-00099,Pahang,Residential,Rural_Coastal,Freehold,6508,5262,26,Good,1237000,185600,8000,1430600
CASE-2026-TR-00100,Sarawak,Residential,Suburban,Freehold,1690,952,7,Poor,332000,49800,8000,389800
CASE-2026-TR-00101,Terengganu,Agricultural,Urban,Leasehold_99,36776,0,33,Good,1151000,172600,2000,1325600
CASE-2026-TR-00102,Johor,Commercial,Rural_Coastal,Leasehold_99,2420,2943,1,Good,1168000,175200,8000,1351200
CASE-2026-TR-00103,Sabah,Industrial,Suburban,Freehold,20371,8524,17,Good,4407000,661000,8000,5076000
CASE-2026-TR-00104,Sarawak,Residential,Suburban,Freehold,4730,3590,1,Excellent,1292000,193800,8000,1493800
CASE-2026-TR-00105,Penang,Residential,Urban,Freehold,2004,1831,15,Good,684000,102600,8000,794600
CASE-2026-TR-00106,Sarawak,Residential,Suburban,Freehold,6105,5756,24,Good,1623000,243400,8000,1874400
CASE-2026-TR-00107,Johor,Residential,Urban,Leasehold_99,3565,2013,3,Fair,907000,136000,8000,1051000
CASE-2026-TR-00108,Johor,Commercial,Suburban,Freehold,11606,11343,18,Poor,4386000,657900,8000,5051900
CASE-2026-TR-00109,Melaka,Residential,Suburban,Freehold,5975,4672,34,Good,1177000,176600,8000,1361600
CASE-2026-TR-00110,Selangor,Residential,Rural_Coastal,Leasehold_99,6882,5588,5,Good,2016000,302400,8000,2326400
CASE-2026-TR-00111,Johor,Residential,Rural_Coastal,Freehold,2095,1216,17,Fair,432000,64800,8000,504800
CASE-2026-TR-00112,Johor,Commercial,Suburban,Freehold,11688,10366,6,Fair,4658000,698700,8000,5364700
CASE-2026-TR-00113,Selangor,Residential,Urban,Leasehold_99,3016,2479,27,Excellent,907000,136000,8000,1051000
CASE-2026-TR-00114,Pahang,Agricultural,Urban,Freehold,63845,0,38,Excellent,2325000,348800,2000,2675800
CASE-2026-TR-00115,Selangor,Residential,Urban,Leasehold_99,6070,3650,19,Good,1769000,265400,8000,2042400
CASE-2026-TR-00116,Melaka,Residential,Rural_Coastal,Freehold,6615,4098,4,Fair,1362000,204300,8000,1574300
CASE-2026-TR-00117,Penang,Residential,Suburban,Freehold,3653,3455,29,Good,1047000,157000,8000,1212000
CASE-2026-TR-00118,Selangor,Residential,Rural_Coastal,Freehold,5299,4547,23,Good,1381000,207200,8000,1596200
CASE-2026-TR-00119,Perak,Residential,Suburban,Leasehold_99,4501,3866,20,Good,1009000,151400,8000,1168400
CASE-2026-TR-00120,Penang,Residential,Suburban,Freehold,7372,5358,1,Fair,2195000,329200,8000,2532200
CASE-2026-TR-00121,Terengganu,Commercial,Suburban,Freehold,8135,8389,8,Excellent,3115000,467200,8000,3590200
CASE-2026-TR-00122,Selangor,Residential,Suburban,Freehold,6955,6387,3,Good,2478000,371700,8000,2857700
CASE-2026-TR-00123,Johor,Residential,Urban,Leasehold_99,6409,4360,2,Good,1861000,279200,8000,2148200
CASE-2026-TR-00124,Selangor,Residential,Urban,Leasehold_99,6002,5034,11,Fair,1876000,281400,8000,2165400
CASE-2026-TR-00125,Selangor,Residential,Rural_Coastal,Leasehold_99,1891,1404,28,Good,435000,65200,8000,508200
CASE-2026-TR-00126,Penang,Residential,Urban,Leasehold_99,2217,1504,26,Fair,560000,84000,8000,652000
CASE-2026-TR-00127,Selangor,Agricultural,Suburban,Leasehold_99,16925,408,38,Good,917000,137600,8000,1062600
CASE-2026-TR-00128,Melaka,Commercial,Suburban,Leasehold_99,1707,1849,26,Good,625000,93800,8000,726800
CASE-2026-TR-00129,Melaka,Residential,Suburban,Leasehold_99,2566,1636,8,Good,563000,84400,8000,655400
CASE-2026-TR-00130,Johor,Residential,Urban,Freehold,5840,3380,15,Good,1603000,240400,8000,1851400
CASE-2026-TR-00131,Pahang,Residential,Suburban,Freehold,2687,2302,24,Good,596000,89400,8000,693400
CASE-2026-TR-00132,Penang,Commercial,Suburban,Leasehold_99,11489,13310,19,Fair,4780000,717000,8000,5505000
CASE-2026-TR-00133,Melaka,Residential,Suburban,Freehold,4891,3482,30,Excellent,1152000,172800,8000,1332800
CASE-2026-TR-00134,Selangor,Residential,Rural_Coastal,Leasehold_99,5899,4611,20,Excellent,1603000,240400,8000,1851400
CASE-2026-TR-00135,Penang,Residential,Suburban,Freehold,6843,5402,23,Excellent,1936000,290400,8000,2234400
CASE-2026-TR-00136,Perak,Residential,Suburban,Freehold,7102,6600,20,Good,1568000,235200,8000,1811200
CASE-2026-TR-00137,Perak,Residential,Suburban,Freehold,2690,2413,20,Excellent,690000,103500,8000,801500
CASE-2026-TR-00138,Selangor,Residential,Urban,Freehold,5128,3002,33,Excellent,1503000,225400,8000,1736400
CASE-2026-TR-00139,Terengganu,Commercial,Suburban,Freehold,4749,4463,6,Excellent,1857000,278600,8000,2143600
CASE-2026-TR-00140,Selangor,Industrial,Suburban,Freehold,28704,18823,29,Fair,8075000,1211200,8000,9294200
CASE-2026-TR-00141,Terengganu,Commercial,Rural_Coastal,Leasehold_99,7757,6755,26,Good,2186000,327900,8000,2521900
CASE-2026-TR-00142,Selangor,Residential,Suburban,Freehold,6488,5066,28,Good,1814000,272100,8000,2094100
CASE-2026-TR-00143,Sarawak,Residential,Suburban,Leasehold_99,4530,3829,4,Fair,1158000,173700,8000,1339700
CASE-2026-TR-00144,Sabah,Residential,Rural_Coastal,Freehold,2688,2357,24,Good,549000,82400,8000,639400
CASE-2026-TR-00145,Melaka,Residential,Suburban,Freehold,6892,5434,32,Excellent,1540000,231000,8000,1779000
CASE-2026-TR-00146,Melaka,Residential,Suburban,Freehold,2326,1783,8,Good,563000,84400,8000,655400
CASE-2026-TR-00147,Johor,Commercial,Suburban,Leasehold_99,10635,11534,14,Poor,3939000,590800,8000,4537800
CASE-2026-TR-00148,Sabah,Industrial,Urban,Freehold,33141,15513,14,Good,7536000,1130400,8000,8674400
CASE-2026-TR-00149,Perak,Residential,Suburban,Freehold,6839,5724,2,Good,1824000,273600,8000,2105600
CASE-2026-TR-00150,Pahang,Commercial,Urban,Leasehold_99,5154,4673,17,Good,1894000,284100,8000,2186100
CASE-2026-TR-00151,Perak,Residential,Suburban,Leasehold_99,6781,4034,13,Fair,1276000,191400,8000,1475400
CASE-2026-TR-00152,Selangor,Residential,Suburban,Freehold,2960,2700,24,Excellent,967000,145000,8000,1120000
CASE-2026-TR-00153,Perak,Commercial,Suburban,Freehold,1645,2034,10,Good,678000,101700,8000,787700
CASE-2026-TR-00154,Terengganu,Residential,Urban,Freehold,4803,3241,28,Good,940000,141000,8000,1089000
CASE-2026-TR-00155,Selangor,Residential,Urban,Freehold,5658,4685,3,Good,2095000,314200,8000,2417200
CASE-2026-TR-00156,Melaka,Industrial,Urban,Leasehold_99,10764,4604,8,Good,2463000,369400,8000,2840400
CASE-2026-TR-00157,Penang,Residential,Suburban,Leasehold_99,5013,4099,27,Good,1395000,209200,8000,1612200
CASE-2026-TR-00158,Selangor,Residential,Suburban,Freehold,6549,6206,2,Poor,1880000,282000,8000,2170000
CASE-2026-TR-00159,Johor,Industrial,Urban,Freehold,19836,12724,25,Good,5826000,873900,8000,6707900
CASE-2026-TR-00160,Selangor,Industrial,Urban,Freehold,14754,10689,13,Poor,5011000,751600,8000,5770600
CASE-2026-TR-00161,Pahang,Residential,Urban,Leasehold_99,5851,4985,33,Good,1199000,179800,8000,1386800
CASE-2026-TR-00162,Penang,Residential,Urban,Malay_Reserve,3796,2551,23,Fair,945000,141800,8000,1094800
CASE-2026-TR-00163,Johor,Residential,Suburban,Leasehold_99,5407,4986,18,Good,1546000,231900,8000,1785900
CASE-2026-TR-00164,Selangor,Agricultural,Urban,Freehold,27686,0,34,Poor,1786000,267900,2000,2055900
CASE-2026-TR-00165,Selangor,Industrial,Rural_Coastal,Leasehold_99,9901,4442,16,Excellent,2408000,361200,8000,2777200
CASE-2026-TR-00166,Selangor,Residential,Urban,Freehold,2263,1367,4,Fair,685000,102800,8000,795800
CASE-2026-TR-00167,Sabah,Residential,Rural_Coastal,Freehold,3794,3059,29,Good,667000,100000,8000,775000
CASE-2026-TR-00168,Johor,Residential,Urban,Leasehold_99,5150,4386,31,Poor,1127000,169000,8000,1304000
CASE-2026-TR-00169,Selangor,Residential,Urban,Leasehold_99,1699,976,4,Excellent,527000,79000,8000,614000
CASE-2026-TR-00170,Selangor,Agricultural,Suburban,Freehold,30422,0,6,Good,1561000,234200,2000,1797200
CASE-2026-TR-00171,Sarawak,Residential,Urban,Leasehold_99,3593,3112,21,Excellent,940000,141000,8000,1089000
CASE-2026-TR-00172,Selangor,Industrial,Urban,Freehold,6385,2698,4,Good,2348000,352200,8000,2708200
CASE-2026-TR-00173,Penang,Residential,Urban,Freehold,1845,1254,18,Good,495000,74200,8000,577200
CASE-2026-TR-00174,Perak,Industrial,Rural_Coastal,Leasehold_99,4016,2532,9,Good,858000,128700,8000,994700
CASE-2026-TR-00175,Selangor,Residential,Rural_Coastal,Leasehold_99,2014,1506,8,Good,552000,82800,8000,642800
CASE-2026-TR-00176,Johor,Agricultural,Urban,Freehold,37614,0,7,Fair,1971000,295600,2000,2268600
CASE-2026-TR-00177,Penang,Agricultural,Urban,Freehold,53278,0,4,Fair,2981000,447200,2000,3430200
CASE-2026-TR-00178,Selangor,Agricultural,Suburban,Freehold,50144,1361,2,Good,3025000,453800,8000,3486800
CASE-2026-TR-00179,Johor,Industrial,Urban,Malay_Reserve,6196,2749,27,Good,1545000,231800,8000,1784800
CASE-2026-TR-00180,Perak,Residential,Suburban,Freehold,6178,3671,18,Good,1095000,164200,8000,1267200
CASE-2026-TR-00181,Melaka,Residential,Rural_Coastal,Freehold,7144,5860,21,Fair,1498000,224700,8000,1730700
CASE-2026-TR-00182,Perak,Agricultural,Suburban,Freehold,38911,637,31,Good,1308000,196200,8000,1512200
CASE-2026-TR-00183,Perak,Commercial,Urban,Freehold,5683,5340,22,Good,1977000,296600,8000,2281600
CASE-2026-TR-00184,Johor,Agricultural,Suburban,Leasehold_99,24496,0,15,Fair,1034000,155100,2000,1191100
CASE-2026-TR-00185,Selangor,Commercial,Rural_Coastal,Leasehold_99,4020,4376,14,Excellent,1873000,281000,8000,2162000
CASE-2026-TR-00186,Johor,Agricultural,Urban,Leasehold_99,25805,1435,13,Fair,1386000,207900,8000,1601900
CASE-2026-TR-00187,Terengganu,Commercial,Suburban,Leasehold_99,2197,2104,4,Fair,765000,114800,8000,887800
CASE-2026-TR-00188,Penang,Residential,Suburban,Freehold,3385,2087,20,Fair,880000,132000,8000,1020000
CASE-2026-TR-00189,Selangor,Agricultural,Urban,Leasehold_99,51727,0,29,Good,3151000,472600,2000,3625600
CASE-2026-TR-00190,Selangor,Residential,Urban,Leasehold_99,1841,1735,31,Good,540000,81000,8000,629000
CASE-2026-TR-00191,Pahang,Residential,Urban,Leasehold_99,2436,1922,11,Good,592000,88800,8000,688800
CASE-2026-TR-00192,Johor,Commercial,Urban,Leasehold_99,3625,4433,7,Good,1767000,265000,8000,2040000
CASE-2026-TR-00193,Penang,Residential,Urban,Freehold,7424,6155,19,Good,2337000,350600,8000,2695600
CASE-2026-TR-00194,Johor,Residential,Suburban,Leasehold_99,4631,2639,1,Excellent,1186000,177900,8000,1371900
CASE-2026-TR-00195,Sabah,Residential,Suburban,Freehold,2731,1564,30,Good,504000,75600,8000,587600
CASE-2026-TR-00196,Sarawak,Residential,Urban,Freehold,1504,988,9,Excellent,392000,58800,8000,458800
CASE-2026-TR-00197,Penang,Agricultural,Urban,Freehold,29289,1071,19,Fair,1767000,265000,8000,2040000
CASE-2026-TR-00198,Perak,Residential,Suburban,Leasehold_99,7464,4871,3,Excellent,1696000,254400,8000,1958400
CASE-2026-TR-00199,Sarawak,Residential,Rural_Coastal,Leasehold_99,6024,3856,7,Good,1174000,176100,8000,1358100
CASE-2026-TR-00200,Perak,Commercial,Suburban,Freehold,3017,3079,1,Excellent,1338000,200700,8000,1546700
CASE-2026-TR-00201,Selangor,Residential,Rural_Coastal,Leasehold_99,5050,3879,24,Excellent,1308000,196200,8000,1512200
CASE-2026-TR-00202,Perak,Residential,Suburban,Leasehold_99,3624,2231,4,Good,787000,118000,8000,913000
CASE-2026-TR-00203,Terengganu,Residential,Rural_Coastal,Leasehold_99,4348,3365,28,Excellent,783000,117400,8000,908400
CASE-2026-TR-00204,Sabah,Residential,Suburban,Leasehold_99,6169,4310,23,Good,1191000,178600,8000,1377600
CASE-2026-TR-00205,Penang,Commercial,Suburban,Freehold,8739,10998,15,Fair,4132000,619800,8000,4759800
CASE-2026-TR-00206,Johor,Commercial,Urban,Malay_Reserve,1758,2334,11,Excellent,913000,137000,8000,1058000
CASE-2026-TR-00207,Sabah,Residential,Suburban,Leasehold_99,3607,3136,19,Fair,793000,119000,8000,920000
CASE-2026-TR-00208,Penang,Commercial,Rural_Coastal,Malay_Reserve,5864,5430,6,Good,2308000,346200,8000,2662200
CASE-2026-TR-00209,Selangor,Agricultural,Urban,Leasehold_99,39217,1421,27,Fair,2457000,368600,8000,2833600
CASE-2026-TR-00210,Penang,Agricultural,Suburban,Leasehold_99,41475,0,33,Fair,1911000,286600,2000,2199600
CASE-2026-TR-00211,Selangor,Agricultural,Urban,Leasehold_99,33099,0,17,Good,1950000,292500,2000,2244500
CASE-2026-TR-00212,Terengganu,Industrial,Suburban,Leasehold_99,13122,5391,29,Good,2224000,333600,8000,2565600
CASE-2026-TR-00213,Selangor,Residential,Rural_Coastal,Leasehold_99,6363,3684,3,Good,1556000,233400,8000,1797400
CASE-2026-TR-00214,Selangor,Commercial,Urban,Leasehold_99,7615,9974,7,Excellent,5001000,750200,8000,5759200
CASE-2026-TR-00215,Terengganu,Residential,Urban,Leasehold_99,2677,1951,14,Good,615000,92200,8000,715200
CASE-2026-TR-00216,Selangor,Residential,Suburban,Freehold,5665,5196,23,Fair,1706000,255900,8000,1969900
CASE-2026-TR-00217,Sarawak,Commercial,Suburban,Freehold,3031,3469,20,Fair,1090000,163500,8000,1261500
CASE-2026-TR-00218,Selangor,Residential,Urban,Leasehold_99,7073,5583,14,Excellent,2633000,395000,8000,3036000
CASE-2026-TR-00219,Sabah,Residential,Urban,Freehold,3824,3385,30,Good,963000,144400,8000,1115400
CASE-2026-TR-00220,Melaka,Residential,Urban,Leasehold_99,3344,2541,9,Fair,890000,133500,8000,1031500
CASE-2026-TR-00221,Johor,Residential,Suburban,Leasehold_99,4959,3648,15,Fair,1177000,176600,8000,1361600
CASE-2026-TR-00222,Melaka,Agricultural,Suburban,Leasehold_99,43803,0,21,Poor,1535000,230200,2000,1767200
CASE-2026-TR-00223,Johor,Residential,Rural_Coastal,Freehold,5305,3068,25,Excellent,1149000,172400,8000,1329400
CASE-2026-TR-00224,Selangor,Residential,Suburban,Leasehold_99,2944,2186,14,Good,809000,121400,8000,938400
CASE-2026-TR-00225,Selangor,Residential,Urban,Freehold,5950,5281,33,Fair,1963000,294400,8000,2265400
CASE-2026-TR-00226,Penang,Residential,Rural_Coastal,Freehold,6968,4625,17,Good,1747000,262000,8000,2017000
CASE-2026-TR-00227,Johor,Industrial,Suburban,Freehold,21740,15768,13,Good,6560000,984000,8000,7552000
CASE-2026-TR-00228,Pahang,Residential,Suburban,Leasehold_99,4672,3912,28,Excellent,1009000,151400,8000,1168400
CASE-2026-TR-00229,Penang,Commercial,Urban,Freehold,8493,7471,4,Good,4316000,647400,8000,4971400
CASE-2026-TR-00230,Penang,Residential,Suburban,Leasehold_99,4749,3221,2,Good,1321000,198200,8000,1527200
CASE-2026-TR-00231,Selangor,Industrial,Suburban,Leasehold_99,11544,5241,3,Excellent,3507000,526000,8000,4041000
CASE-2026-TR-00232,Selangor,Residential,Suburban,Freehold,3156,1842,15,Excellent,912000,136800,8000,1056800
CASE-2026-TR-00233,Pahang,Agricultural,Suburban,Freehold,28749,819,8,Fair,1058000,158700,8000,1224700
CASE-2026-TR-00234,Perak,Industrial,Rural_Coastal,Leasehold_99,7134,3100,11,Good,1362000,204300,8000,1574300
CASE-2026-TR-00235,Pahang,Residential,Urban,Freehold,4280,3459,1,Excellent,1313000,197000,8000,1518000
CASE-2026-TR-00236,Melaka,Residential,Urban,Freehold,5521,4352,5,Fair,1704000,255600,8000,1967600
CASE-2026-TR-00237,Selangor,Industrial,Urban,Freehold,11069,4534,27,Excellent,3457000,518600,8000,3983600
CASE-2026-TR-00238,Sabah,Residential,Suburban,Freehold,3609,3076,15,Excellent,1004000,150600,8000,1162600
CASE-2026-TR-00239,Penang,Residential,Suburban,Freehold,2085,1836,29,Poor,460000,69000,8000,537000
CASE-2026-TR-00240,Penang,Residential,Suburban,Freehold,3652,2786,22,Fair,962000,144300,8000,1114300
CASE-2026-TR-00241,Pahang,Commercial,Urban,Leasehold_99,1882,1673,12,Good,669000,100400,8000,777400
CASE-2026-TR-00242,Sarawak,Agricultural,Urban,Leasehold_99,28283,834,34,Good,1256000,188400,8000,1452400
CASE-2026-TR-00243,Selangor,Residential,Urban,Freehold,1956,1631,19,Good,661000,99200,8000,768200
CASE-2026-TR-00244,Johor,Agricultural,Urban,Freehold,41086,0,19,Excellent,2045000,306800,2000,2353800
CASE-2026-TR-00245,Perak,Residential,Suburban,Leasehold_99,6647,4415,33,Good,1176000,176400,8000,1360400
CASE-2026-TR-00246,Penang,Agricultural,Suburban,Leasehold_99,18802,0,3,Good,844000,126600,2000,972600
CASE-2026-TR-00247,Penang,Residential,Urban,Leasehold_99,2242,1795,31,Fair,614000,92100,8000,714100
CASE-2026-TR-00248,Melaka,Agricultural,Suburban,Freehold,26944,0,29,Poor,1110000,166500,2000,1278500
CASE-2026-TR-00249,Penang,Agricultural,Urban,Leasehold_99,47792,0,12,Fair,2716000,407400,2000,3125400
CASE-2026-TR-00250,Terengganu,Residential,Suburban,Freehold,4636,3890,14,Good,1073000,161000,8000,1242000
CASE-2026-TR-00251,Selangor,Industrial,Rural_Coastal,Freehold,25793,10372,19,Good,6185000,927800,8000,7120800
CASE-2026-TR-00252,Perak,Residential,Suburban,Freehold,5845,4874,31,Good,1187000,178000,8000,1373000
CASE-2026-TR-00253,Penang,Residential,Suburban,Freehold,7089,6674,21,Good,2158000,323700,8000,2489700
CASE-2026-TR-00254,Pahang,Residential,Rural_Coastal,Leasehold_99,6875,5306,20,Excellent,1505000,225800,8000,1738800
CASE-2026-TR-00255,Perak,Commercial,Suburban,Freehold,2728,3660,8,Good,1184000,177600,8000,1369600
CASE-2026-TR-00256,Melaka,Agricultural,Urban,Freehold,39142,0,28,Good,1768000,265200,2000,2035200
CASE-2026-TR-00257,Terengganu,Residential,Urban,Freehold,2188,1275,28,Good,422000,63300,8000,493300
CASE-2026-TR-00258,Penang,Agricultural,Suburban,Leasehold_99,58148,0,11,Excellent,2695000,404200,2000,3101200
CASE-2026-TR-00259,Sabah,Commercial,Rural_Coastal,Leasehold_99,7818,6386,21,Excellent,2313000,347000,8000,2668000
CASE-2026-TR-00260,Pahang,Residential,Rural_Coastal,Freehold,7142,5768,17,Poor,1179000,176800,8000,1363800
CASE-2026-TR-00261,Johor,Residential,Urban,Leasehold_99,6655,3667,7,Good,1773000,266000,8000,2047000
CASE-2026-TR-00262,Selangor,Residential,Suburban,Leasehold_99,6347,5135,23,Good,1731000,259600,8000,1998600
CASE-2026-TR-00263,Pahang,Commercial,Urban,Freehold,4720,5557,22,Fair,1637000,245600,8000,1890600
CASE-2026-TR-00264,Selangor,Commercial,Urban,Freehold,9482,12182,14,Fair,5510000,826500,8000,6344500
CASE-2026-TR-00265,Sarawak,Agricultural,Urban,Malay_Reserve,49832,0,24,Good,1889000,283400,2000,2174400
CASE-2026-TR-00266,Perak,Commercial,Suburban,Freehold,4245,5518,22,Fair,1511000,226600,8000,1745600
CASE-2026-TR-00267,Penang,Residential,Urban,Freehold,1332,1126,7,Good,467000,70000,8000,545000
CASE-2026-TR-00268,Terengganu,Agricultural,Urban,Freehold,60280,1382,7,Excellent,2422000,363300,8000,2793300
CASE-2026-TR-00269,Sabah,Residential,Suburban,Leasehold_99,6543,4838,26,Poor,1070000,160500,8000,1238500
CASE-2026-TR-00270,Melaka,Commercial,Suburban,Leasehold_99,1777,1698,27,Good,571000,85600,8000,664600
CASE-2026-TR-00271,Sarawak,Industrial,Suburban,Leasehold_99,11006,6999,11,Poor,2292000,343800,8000,2643800
CASE-2026-TR-00272,Johor,Commercial,Urban,Leasehold_99,11468,15498,20,Good,5415000,812200,8000,6235200
CASE-2026-TR-00273,Johor,Residential,Suburban,Freehold,4945,4315,18,Excellent,1430000,214500,8000,1652500
CASE-2026-TR-00274,Terengganu,Agricultural,Suburban,Freehold,23811,730,10,Good,806000,120900,8000,934900
CASE-2026-TR-00275,Johor,Industrial,Suburban,Freehold,14685,8801,11,Fair,3807000,571000,8000,4386000
CASE-2026-TR-00276,Selangor,Agricultural,Urban,Malay_Reserve,40372,524,15,Fair,2115000,317200,8000,2440200
CASE-2026-TR-00277,Pahang,Commercial,Urban,Leasehold_99,6658,8302,20,Fair,2472000,370800,8000,2850800
CASE-2026-TR-00278,Selangor,Industrial,Urban,Freehold,8009,5459,21,Good,2922000,438300,8000,3368300
CASE-2026-TR-00279,Selangor,Residential,Suburban,Malay_Reserve,5247,4276,10,Excellent,1686000,252900,8000,1946900
CASE-2026-TR-00280,Johor,Residential,Suburban,Freehold,2929,2686,27,Good,782000,117300,8000,907300
CASE-2026-TR-00281,Terengganu,Agricultural,Rural_Coastal,Freehold,45099,0,4,Excellent,1261000,189200,2000,1452200
CASE-2026-TR-00282,Sarawak,Residential,Suburban,Leasehold_99,6342,4572,12,Good,1483000,222400,8000,1713400
CASE-2026-TR-00283,Sarawak,Residential,Rural_Coastal,Freehold,3479,3058,20,Excellent,835000,125200,8000,968200
CASE-2026-TR-00284,Penang,Residential,Rural_Coastal,Leasehold_99,4876,3392,15,Good,1228000,184200,8000,1420200
CASE-2026-TR-00285,Perak,Residential,Suburban,Malay_Reserve,4552,3017,23,Good,952000,142800,8000,1102800
CASE-2026-TR-00286,Melaka,Residential,Urban,Freehold,5196,4880,7,Excellent,1796000,269400,8000,2073400
CASE-2026-TR-00287,Selangor,Residential,Urban,Leasehold_99,5382,4387,5,Good,1777000,266600,8000,2051600
CASE-2026-TR-00288,Selangor,Industrial,Urban,Leasehold_99,24195,18018,24,Good,7735000,1160200,8000,8903200
CASE-2026-TR-00289,Penang,Residential,Suburban,Leasehold_99,5649,4426,11,Good,1651000,247600,8000,1906600
CASE-2026-TR-00290,Melaka,Commercial,Urban,Freehold,4300,4556,25,Poor,1511000,226600,8000,1745600
CASE-2026-TR-00291,Selangor,Agricultural,Urban,Freehold,40582,0,16,Excellent,2449000,367400,2000,2818400
CASE-2026-TR-00292,Melaka,Residential,Urban,Freehold,1860,1563,1,Good,561000,84200,8000,653200
CASE-2026-TR-00293,Sabah,Agricultural,Urban,Malay_Reserve,51258,887,32,Good,1845000,276800,8000,2129800
CASE-2026-TR-00294,Perak,Industrial,Suburban,Leasehold_99,14578,8023,5,Fair,3073000,461000,8000,3542000
CASE-2026-TR-00295,Johor,Residential,Urban,Freehold,2781,2429,31,Good,778000,116700,8000,902700
CASE-2026-TR-00296,Perak,Commercial,Urban,Freehold,9451,13111,19,Good,4026000,603900,8000,4637900
CASE-2026-TR-00297,Penang,Residential,Urban,Leasehold_99,2724,2516,5,Good,886000,132900,8000,1026900
CASE-2026-TR-00298,Pahang,Residential,Urban,Leasehold_99,3906,2744,33,Good,761000,114200,8000,883200
CASE-2026-TR-00299,Penang,Residential,Suburban,Malay_Reserve,7211,4763,10,Excellent,2026000,303900,8000,2337900
CASE-2026-TR-00300,Selangor,Industrial,Suburban,Leasehold_99,33352,21954,26,Excellent,9938000,1490700,8000,11436700
CASE-2026-TR-00301,Melaka,Agricultural,Suburban,Leasehold_99,53401,985,25,Excellent,2002000,300300,8000,2310300
CASE-2026-TR-00302,Melaka,Commercial,Suburban,Freehold,4349,5186,6,Good,2186000,327900,8000,2521900
CASE-2026-TR-00303,Penang,Commercial,Urban,Freehold,9119,12426,26,Good,4912000,736800,8000,5656800
CASE-2026-TR-00304,Selangor,Residential,Suburban,Malay_Reserve,6426,4184,19,Good,1671000,250600,8000,1929600
CASE-2026-TR-00305,Pahang,Residential,Rural_Coastal,Malay_Reserve,1669,1413,21,Good,305000,45800,8000,358800
CASE-2026-TR-00306,Pahang,Commercial,Urban,Leasehold_99,5638,6463,10,Excellent,2663000,399400,8000,3070400
CASE-2026-TR-00307,Selangor,Residential,Rural_Coastal,Freehold,4084,2596,5,Fair,954000,143100,8000,1105100
CASE-2026-TR-00308,Selangor,Commercial,Suburban,Leasehold_99,3129,4274,10,Good,1656000,248400,8000,1912400
CASE-2026-TR-00309,Perak,Commercial,Urban,Freehold,2514,3058,14,Fair,964000,144600,8000,1116600
CASE-2026-TR-00310,Perak,Agricultural,Urban,Freehold,34296,948,20,Fair,1412000,211800,8000,1631800
CASE-2026-TR-00311,Johor,Residential,Suburban,Freehold,2658,1529,34,Fair,537000,80600,8000,625600
CASE-2026-TR-00312,Melaka,Residential,Suburban,Freehold,3435,3163,15,Fair,867000,130000,8000,1005000
CASE-2026-TR-00313,Sabah,Commercial,Urban,Leasehold_99,3532,2931,21,Fair,1225000,183800,8000,1416800
CASE-2026-TR-00314,Perak,Industrial,Urban,Freehold,6330,3672,23,Fair,1417000,212600,8000,1637600
CASE-2026-TR-00315,Perak,Commercial,Suburban,Freehold,2700,2845,7,Good,1107000,166000,8000,1281000
CASE-2026-TR-00316,Johor,Agricultural,Suburban,Freehold,53987,0,29,Good,2330000,349500,2000,2681500
CASE-2026-TR-00317,Selangor,Residential,Suburban,Leasehold_99,7338,5296,21,Fair,1868000,280200,8000,2156200
CASE-2026-TR-00318,Selangor,Residential,Urban,Leasehold_99,1798,1162,10,Good,549000,82400,8000,639400
CASE-2026-TR-00319,Penang,Residential,Urban,Leasehold_99,1446,989,28,Poor,354000,53100,8000,415100
CASE-2026-TR-00320,Terengganu,Residential,Suburban,Freehold,6397,3957,34,Fair,1144000,171600,8000,1323600
CASE-2026-TR-00321,Selangor,Residential,Suburban,Leasehold_99,4272,3099,24,Excellent,1212000,181800,8000,1401800
CASE-2026-TR-00322,Selangor,Residential,Suburban,Leasehold_99,3076,2443,25,Good,853000,128000,8000,989000
CASE-2026-TR-00323,Pahang,Agricultural,Rural_Coastal,Leasehold_99,57056,1031,28,Fair,1518000,227700,8000,1753700
CASE-2026-TR-00324,Perak,Residential,Suburban,Freehold,6357,4525,15,Excellent,1511000,226600,8000,1745600
CASE-2026-TR-00325,Sabah,Residential,Urban,Freehold,3881,2878,15,Good,953000,143000,8000,1104000
CASE-2026-TR-00326,Perak,Industrial,Suburban,Freehold,4634,1923,3,Good,978000,146700,8000,1132700
CASE-2026-TR-00327,Penang,Agricultural,Suburban,Freehold,42769,1018,29,Good,2210000,331500,8000,2549500
CASE-2026-TR-00328,Perak,Commercial,Suburban,Freehold,11647,14402,26,Good,4086000,612900,8000,4706900
CASE-2026-TR-00329,Perak,Residential,Urban,Leasehold_99,1343,1137,7,Good,346000,51900,8000,405900
CASE-2026-TR-00330,Penang,Residential,Suburban,Leasehold_99,6253,5663,22,Good,1776000,266400,8000,2050400
CASE-2026-TR-00331,Penang,Residential,Suburban,Malay_Reserve,2254,2016,30,Good,589000,88400,8000,685400
CASE-2026-TR-00332,Perak,Agricultural,Suburban,Malay_Reserve,31767,461,2,Good,920000,138000,8000,1066000
CASE-2026-TR-00333,Selangor,Residential,Suburban,Leasehold_99,4215,3707,10,Fair,1323000,198400,8000,1529400
CASE-2026-TR-00334,Selangor,Commercial,Urban,Freehold,1703,1371,8,Good,844000,126600,8000,978600
CASE-2026-TR-00335,Selangor,Residential,Suburban,Freehold,3403,2145,29,Good,881000,132200,8000,1021200
CASE-2026-TR-00336,Perak,Industrial,Suburban,Malay_Reserve,34746,26046,11,Fair,7805000,1170800,8000,8983800
CASE-2026-TR-00337,Penang,Industrial,Urban,Freehold,14698,7733,19,Excellent,4679000,701800,8000,5388800
CASE-2026-TR-00338,Selangor,Industrial,Urban,Leasehold_99,23888,15928,23,Good,8488000,1273200,8000,9769200
CASE-2026-TR-00339,Terengganu,Commercial,Suburban,Freehold,11288,12945,19,Fair,3640000,546000,8000,4194000
CASE-2026-TR-00340,Melaka,Industrial,Rural_Coastal,Freehold,10838,6681,27,Good,2331000,349600,8000,2688600
CASE-2026-TR-00341,Johor,Commercial,Rural_Coastal,Freehold,5883,5990,18,Fair,2098000,314700,8000,2420700
CASE-2026-TR-00342,Melaka,Residential,Rural_Coastal,Leasehold_99,2217,1357,7,Excellent,538000,80700,8000,626700
CASE-2026-TR-00343,Melaka,Residential,Rural_Coastal,Leasehold_99,4775,3935,33,Good,925000,138800,8000,1071800
CASE-2026-TR-00344,Sarawak,Residential,Suburban,Leasehold_99,6513,5878,2,Good,1922000,288300,8000,2218300
CASE-2026-TR-00345,Melaka,Residential,Urban,Malay_Reserve,6448,4638,30,Good,1351000,202600,8000,1561600
CASE-2026-TR-00346,Melaka,Industrial,Suburban,Leasehold_99,25431,11922,21,Fair,5170000,775500,8000,5953500
CASE-2026-TR-00347,Selangor,Commercial,Suburban,Freehold,8931,12133,21,Good,4770000,715500,8000,5493500
CASE-2026-TR-00348,Sabah,Residential,Urban,Freehold,7365,5276,34,Excellent,1502000,225300,8000,1735300
CASE-2026-TR-00349,Sarawak,Residential,Urban,Freehold,5631,3724,11,Good,1395000,209200,8000,1612200
CASE-2026-TR-00350,Penang,Commercial,Urban,Leasehold_99,5631,4771,22,Fair,2361000,354200,8000,2723200
CASE-2026-TR-00351,Perak,Commercial,Suburban,Leasehold_99,8857,7050,6,Good,2990000,448500,8000,3446500
CASE-2026-TR-00352,Johor,Residential,Rural_Coastal,Freehold,6858,3928,34,Fair,1311000,196600,8000,1515600
CASE-2026-TR-00353,Perak,Residential,Rural_Coastal,Leasehold_99,2826,2503,17,Poor,482000,72300,8000,562300
CASE-2026-TR-00354,Johor,Commercial,Suburban,Freehold,4609,5930,7,Fair,2134000,320100,8000,2462100
CASE-2026-TR-00355,Penang,Industrial,Suburban,Freehold,31500,23089,5,Fair,10451000,1567600,8000,12026600
CASE-2026-TR-00356,Penang,Industrial,Rural_Coastal,Freehold,15084,9526,6,Fair,4114000,617100,8000,4739100
CASE-2026-TR-00357,Johor,Industrial,Suburban,Leasehold_99,10855,6464,25,Good,2633000,395000,8000,3036000
CASE-2026-TR-00358,Johor,Industrial,Urban,Leasehold_99,33822,16139,21,Excellent,9360000,1404000,8000,10772000
CASE-2026-TR-00359,Melaka,Residential,Suburban,Freehold,5876,4534,13,Good,1441000,216200,8000,1665200
CASE-2026-TR-00360,Selangor,Residential,Rural_Coastal,Leasehold_99,2820,2422,16,Fair,755000,113200,8000,876200
CASE-2026-TR-00361,Sabah,Agricultural,Urban,Freehold,59369,1180,29,Good,2641000,396200,8000,3045200
CASE-2026-TR-00362,Sabah,Commercial,Suburban,Malay_Reserve,8569,9304,20,Poor,2615000,392200,8000,3015200
CASE-2026-TR-00363,Selangor,Residential,Urban,Freehold,4608,2740,8,Excellent,1553000,233000,8000,1794000
CASE-2026-TR-00364,Penang,Residential,Suburban,Leasehold_99,2804,1807,29,Fair,651000,97600,8000,756600
CASE-2026-TR-00365,Penang,Residential,Suburban,Freehold,7131,6133,11,Good,2459000,368800,8000,2835800
CASE-2026-TR-00366,Melaka,Residential,Urban,Freehold,2873,2668,4,Fair,782000,117300,8000,907300
CASE-2026-TR-00367,Pahang,Residential,Suburban,Freehold,4047,3828,28,Good,853000,128000,8000,989000
CASE-2026-TR-00368,Sabah,Residential,Urban,Freehold,4259,3552,31,Poor,753000,113000,8000,874000
CASE-2026-TR-00369,Selangor,Commercial,Suburban,Leasehold_99,10997,12682,8,Fair,5577000,836600,8000,6421600
CASE-2026-TR-00370,Selangor,Residential,Urban,Leasehold_99,5064,3290,34,Good,1390000,208500,8000,1606500
CASE-2026-TR-00371,Penang,Residential,Urban,Freehold,2901,1809,21,Fair,788000,118200,8000,914200
CASE-2026-TR-00372,Johor,Residential,Urban,Freehold,1549,936,15,Excellent,420000,63000,8000,491000
CASE-2026-TR-00373,Sabah,Agricultural,Urban,Leasehold_99,16987,490,27,Good,713000,107000,8000,828000
CASE-2026-TR-00374,Johor,Residential,Rural_Coastal,Freehold,5598,4872,5,Excellent,1670000,250500,8000,1928500
CASE-2026-TR-00375,Johor,Agricultural,Urban,Leasehold_99,45209,0,29,Excellent,2185000,327800,2000,2514800
CASE-2026-TR-00376,Pahang,Residential,Suburban,Freehold,2031,1916,9,Fair,493000,74000,8000,575000
CASE-2026-TR-00377,Selangor,Commercial,Urban,Leasehold_99,9969,8559,15,Excellent,5230000,784500,8000,6022500
CASE-2026-TR-00378,Pahang,Agricultural,Urban,Leasehold_99,62111,1101,16,Excellent,2428000,364200,8000,2800200
CASE-2026-TR-00379,Sabah,Residential,Suburban,Leasehold_99,1371,1197,27,Good,295000,44200,8000,347200
CASE-2026-TR-00380,Penang,Industrial,Suburban,Leasehold_99,21369,11597,6,Good,6296000,944400,8000,7248400
CASE-2026-TR-00381,Terengganu,Residential,Urban,Leasehold_99,5414,4652,17,Excellent,1422000,213300,8000,1643300
CASE-2026-TR-00382,Selangor,Residential,Urban,Freehold,4698,3063,1,Fair,1724000,258600,8000,1990600
CASE-2026-TR-00383,Penang,Residential,Urban,Malay_Reserve,2107,1291,28,Excellent,513000,77000,8000,598000
CASE-2026-TR-00384,Pahang,Residential,Urban,Freehold,5154,4342,9,Fair,1273000,191000,8000,1472000
CASE-2026-TR-00385,Penang,Residential,Urban,Freehold,4145,3527,18,Fair,1135000,170200,8000,1313200
CASE-2026-TR-00386,Sabah,Residential,Suburban,Leasehold_99,3275,2907,4,Good,855000,128200,8000,991200
CASE-2026-TR-00387,Johor,Industrial,Urban,Leasehold_99,13221,6793,27,Fair,3496000,524400,8000,4028400
CASE-2026-TR-00388,Penang,Residential,Urban,Freehold,3763,3079,6,Excellent,1339000,200800,8000,1547800
CASE-2026-TR-00389,Johor,Industrial,Suburban,Freehold,6123,3862,1,Good,1939000,290800,8000,2237800
CASE-2026-TR-00390,Johor,Agricultural,Rural_Coastal,Leasehold_99,49785,0,9,Excellent,1707000,256000,2000,1965000
CASE-2026-TR-00391,Selangor,Commercial,Suburban,Freehold,9405,7089,11,Fair,4127000,619000,8000,4754000
CASE-2026-TR-00392,Sabah,Residential,Suburban,Leasehold_99,6750,4846,18,Fair,1291000,193600,8000,1492600
CASE-2026-TR-00393,Pahang,Commercial,Urban,Freehold,7377,7974,27,Good,2729000,409400,8000,3146400
CASE-2026-TR-00394,Johor,Residential,Urban,Freehold,1440,1271,17,Good,431000,64600,8000,503600
CASE-2026-TR-00395,Selangor,Residential,Urban,Freehold,5471,3637,23,Fair,1559000,233800,8000,1800800
CASE-2026-TR-00396,Johor,Residential,Urban,Leasehold_99,5313,4096,13,Fair,1432000,214800,8000,1654800
CASE-2026-TR-00397,Selangor,Residential,Urban,Freehold,4265,2559,18,Excellent,1348000,202200,8000,1558200
CASE-2026-TR-00398,Selangor,Residential,Suburban,Freehold,3881,2658,9,Good,1148000,172200,8000,1328200
CASE-2026-TR-00399,Perak,Agricultural,Suburban,Freehold,33257,1315,10,Good,1198000,179700,8000,1385700
CASE-2026-TR-00400,Sarawak,Industrial,Urban,Leasehold_99,5170,2373,3,Fair,1129000,169400,8000,1306400
CASE-2026-TR-00401,Melaka,Residential,Suburban,Leasehold_99,3663,2989,32,Excellent,833000,125000,8000,966000
CASE-2026-TR-00402,Perak,Agricultural,Suburban,Leasehold_99,61489,0,16,Poor,1834000,275100,2000,2111100
CASE-2026-TR-00403,Perak,Agricultural,Urban,Leasehold_99,25770,0,10,Good,997000,149600,2000,1148600
CASE-2026-TR-00404,Melaka,Commercial,Suburban,Freehold,3577,3450,25,Good,1321000,198200,8000,1527200
CASE-2026-TR-00405,Melaka,Residential,Suburban,Freehold,2569,1547,22,Fair,505000,75800,8000,588800
CASE-2026-TR-00406,Penang,Residential,Urban,Leasehold_99,1821,1060,34,Good,477000,71600,8000,556600
CASE-2026-TR-00407,Pahang,Commercial,Suburban,Leasehold_99,6697,6553,15,Good,2610000,391500,8000,3009500
CASE-2026-TR-00408,Selangor,Commercial,Urban,Freehold,5481,6906,26,Excellent,3142000,471300,8000,3621300
CASE-2026-TR-00409,Johor,Industrial,Suburban,Leasehold_99,6776,3440,13,Poor,1452000,217800,8000,1677800
CASE-2026-TR-00410,Melaka,Commercial,Suburban,Freehold,3514,2564,12,Good,1262000,189300,8000,1459300
CASE-2026-TR-00411,Selangor,Agricultural,Urban,Freehold,21638,955,26,Fair,1392000,208800,8000,1608800
CASE-2026-TR-00412,Selangor,Residential,Suburban,Leasehold_99,5478,3337,23,Fair,1394000,209100,8000,1611100
CASE-2026-TR-00413,Penang,Industrial,Suburban,Freehold,23162,11212,23,Excellent,6629000,994400,8000,7631400
CASE-2026-TR-00414,Selangor,Agricultural,Urban,Freehold,49754,0,0,Good,3148000,472200,2000,3622200
CASE-2026-TR-00415,Selangor,Residential,Suburban,Leasehold_99,6894,4121,20,Fair,1788000,268200,8000,2064200
CASE-2026-TR-00416,Pahang,Residential,Suburban,Freehold,4812,3194,22,Excellent,1181000,177200,8000,1366200
CASE-2026-TR-00417,Penang,Residential,Urban,Leasehold_99,5532,3232,19,Poor,1333000,200000,8000,1541000
CASE-2026-TR-00418,Selangor,Industrial,Urban,Freehold,23041,13233,6,Good,8568000,1285200,8000,9861200
CASE-2026-TR-00419,Perak,Agricultural,Suburban,Freehold,15375,662,3,Fair,559000,83800,8000,650800
CASE-2026-TR-00420,Sabah,Residential,Urban,Freehold,3212,3019,4,Fair,835000,125200,8000,968200
CASE-2026-TR-00421,Sabah,Residential,Urban,Leasehold_99,2046,1918,26,Good,483000,72400,8000,563400
CASE-2026-TR-00422,Selangor,Industrial,Urban,Malay_Reserve,25164,11079,24,Excellent,8000000,1200000,8000,9208000
CASE-2026-TR-00423,Johor,Residential,Urban,Freehold,4890,3958,18,Excellent,1409000,211400,8000,1628400
CASE-2026-TR-00424,Selangor,Residential,Rural_Coastal,Freehold,7167,5064,34,Good,1655000,248200,8000,1911200
CASE-2026-TR-00425,Selangor,Residential,Urban,Leasehold_99,5136,3347,27,Excellent,1540000,231000,8000,1779000
CASE-2026-TR-00426,Penang,Commercial,Suburban,Freehold,6537,8031,7,Excellent,3713000,557000,8000,4278000
CASE-2026-TR-00427,Sabah,Residential,Urban,Freehold,5650,5233,1,Poor,1329000,199400,8000,1536400
CASE-2026-TR-00428,Melaka,Residential,Rural_Coastal,Leasehold_99,5285,4134,30,Good,981000,147200,8000,1136200
CASE-2026-TR-00429,Johor,Residential,Suburban,Freehold,1573,1242,18,Excellent,437000,65600,8000,510600
CASE-2026-TR-00430,Perak,Commercial,Rural_Coastal,Leasehold_99,8248,6166,2,Good,2713000,407000,8000,3128000
CASE-2026-TR-00431,Penang,Commercial,Rural_Coastal,Leasehold_99,11127,11022,19,Good,4554000,683100,8000,5245100
CASE-2026-TR-00432,Johor,Commercial,Urban,Freehold,5354,6091,27,Excellent,2365000,354800,8000,2727800
CASE-2026-TR-00433,Selangor,Commercial,Urban,Freehold,4638,4489,23,Good,2677000,401600,8000,3086600
CASE-2026-TR-00434,Sarawak,Residential,Urban,Freehold,2316,2123,7,Excellent,806000,120900,8000,934900
CASE-2026-TR-00435,Selangor,Agricultural,Rural_Coastal,Leasehold_99,51824,0,16,Fair,2230000,334500,2000,2566500
CASE-2026-TR-00436,Selangor,Agricultural,Suburban,Leasehold_99,42672,1057,27,Good,2080000,312000,8000,2400000
CASE-2026-TR-00437,Selangor,Residential,Urban,Leasehold_99,6389,3619,26,Fair,1547000,232000,8000,1787000
CASE-2026-TR-00438,Selangor,Residential,Urban,Freehold,1666,1054,10,Good,502000,75300,8000,585300
CASE-2026-TR-00439,Perak,Residential,Rural_Coastal,Freehold,6433,5675,24,Good,1357000,203600,8000,1568600
CASE-2026-TR-00440,Pahang,Commercial,Suburban,Leasehold_99,4462,4753,20,Excellent,1654000,248100,8000,1910100
CASE-2026-TR-00441,Penang,Residential,Suburban,Freehold,2666,2072,22,Good,720000,108000,8000,836000
CASE-2026-TR-00442,Selangor,Agricultural,Rural_Coastal,Freehold,43756,0,22,Good,1914000,287100,2000,2203100
CASE-2026-TR-00443,Johor,Residential,Urban,Freehold,6314,4268,18,Fair,1527000,229000,8000,1764000
CASE-2026-TR-00444,Selangor,Residential,Suburban,Freehold,5640,4382,31,Good,1468000,220200,8000,1696200
CASE-2026-TR-00445,Penang,Residential,Rural_Coastal,Freehold,1327,1002,25,Good,323000,48400,8000,379400
CASE-2026-TR-00446,Selangor,Residential,Urban,Freehold,6166,3821,33,Good,1743000,261400,8000,2012400
CASE-2026-TR-00447,Johor,Residential,Rural_Coastal,Leasehold_99,3776,2823,34,Good,763000,114400,8000,885400
CASE-2026-TR-00448,Pahang,Commercial,Rural_Coastal,Leasehold_99,6076,5396,12,Good,1873000,281000,8000,2162000
CASE-2026-TR-00449,Johor,Agricultural,Urban,Freehold,32898,950,9,Excellent,1622000,243300,8000,1873300
CASE-2026-TR-00450,Perak,Commercial,Urban,Freehold,7797,10548,16,Good,3709000,556400,8000,4273400
CASE-2026-TR-00451,Perak,Agricultural,Rural_Coastal,Freehold,54683,1337,30,Good,1598000,239700,8000,1845700
CASE-2026-TR-00452,Selangor,Industrial,Urban,Freehold,27849,19513,24,Good,10130000,1519500,8000,11657500
CASE-2026-TR-00453,Sabah,Agricultural,Suburban,Leasehold_99,32558,578,30,Poor,1081000,162200,8000,1251200
CASE-2026-TR-00454,Pahang,Commercial,Suburban,Freehold,2629,3176,3,Good,1240000,186000,8000,1434000
CASE-2026-TR-00455,Selangor,Residential,Suburban,Leasehold_99,2690,2471,24,Fair,734000,110100,8000,852100
CASE-2026-TR-00456,Selangor,Commercial,Suburban,Leasehold_99,2667,2774,8,Excellent,1537000,230600,8000,1775600
CASE-2026-TR-00457,Johor,Agricultural,Rural_Coastal,Leasehold_99,30881,0,5,Poor,1114000,167100,2000,1283100
CASE-2026-TR-00458,Johor,Commercial,Suburban,Freehold,8537,7840,3,Excellent,4005000,600800,8000,4613800
CASE-2026-TR-00459,Pahang,Industrial,Urban,Leasehold_99,26706,19522,22,Excellent,7352000,1102800,8000,8462800
CASE-2026-TR-00460,Pahang,Agricultural,Urban,Malay_Reserve,35213,0,26,Excellent,1266000,189900,2000,1457900
CASE-2026-TR-00461,Melaka,Commercial,Suburban,Leasehold_99,7318,8218,3,Poor,2400000,360000,8000,2768000
CASE-2026-TR-00462,Pahang,Residential,Rural_Coastal,Leasehold_99,4239,3561,23,Good,822000,123300,8000,953300
CASE-2026-TR-00463,Penang,Residential,Rural_Coastal,Freehold,4962,3222,13,Fair,1133000,170000,8000,1311000
CASE-2026-TR-00464,Selangor,Industrial,Suburban,Freehold,17757,8691,14,Good,5452000,817800,8000,6277800
CASE-2026-TR-00465,Johor,Residential,Suburban,Freehold,5787,4101,2,Good,1719000,257800,8000,1984800
CASE-2026-TR-00466,Penang,Residential,Suburban,Freehold,3981,3262,17,Excellent,1275000,191200,8000,1474200
CASE-2026-TR-00467,Pahang,Agricultural,Urban,Freehold,38620,0,36,Good,1512000,226800,2000,1740800
CASE-2026-TR-00468,Selangor,Agricultural,Urban,Freehold,38488,0,23,Excellent,2369000,355400,2000,2726400
CASE-2026-TR-00469,Pahang,Agricultural,Urban,Leasehold_99,55635,0,22,Good,2012000,301800,2000,2315800
CASE-2026-TR-00470,Johor,Commercial,Suburban,Leasehold_99,5784,6109,15,Good,2391000,358600,8000,2757600
CASE-2026-TR-00471,Selangor,Residential,Rural_Coastal,Leasehold_99,6715,4443,1,Good,1877000,281600,8000,2166600
CASE-2026-TR-00472,Johor,Residential,Rural_Coastal,Leasehold_99,4038,2250,20,Excellent,798000,119700,8000,925700
CASE-2026-TR-00473,Selangor,Residential,Urban,Freehold,5068,3378,30,Poor,1420000,213000,8000,1641000
CASE-2026-TR-00474,Johor,Residential,Rural_Coastal,Freehold,3749,2508,17,Good,866000,129900,8000,1003900
CASE-2026-TR-00475,Penang,Agricultural,Urban,Freehold,44491,0,36,Good,2580000,387000,2000,2969000
CASE-2026-TR-00476,Johor,Residential,Suburban,Leasehold_99,5460,4829,17,Fair,1312000,196800,8000,1516800
CASE-2026-TR-00477,Penang,Residential,Urban,Leasehold_99,6435,3950,19,Excellent,1886000,282900,8000,2176900
CASE-2026-TR-00478,Melaka,Commercial,Suburban,Leasehold_99,6346,6872,6,Excellent,2785000,417800,8000,3210800
CASE-2026-TR-00479,Sarawak,Commercial,Suburban,Leasehold_99,10258,9996,25,Good,3618000,542700,8000,4168700
CASE-2026-TR-00480,Melaka,Residential,Suburban,Leasehold_99,4918,3939,23,Good,1176000,176400,8000,1360400
CASE-2026-TR-00481,Perak,Industrial,Suburban,Leasehold_99,21000,10860,14,Poor,3944000,591600,8000,4543600
CASE-2026-TR-00482,Pahang,Residential,Suburban,Leasehold_99,4468,2808,12,Good,936000,140400,8000,1084400
CASE-2026-TR-00483,Selangor,Agricultural,Suburban,Freehold,36118,513,14,Good,1945000,291800,8000,2244800
CASE-2026-TR-00484,Terengganu,Residential,Suburban,Freehold,4488,3162,24,Good,882000,132300,8000,1022300
CASE-2026-TR-00485,Selangor,Industrial,Urban,Leasehold_99,24596,14748,8,Excellent,8426000,1263900,8000,9697900
CASE-2026-TR-00486,Selangor,Agricultural,Rural_Coastal,Freehold,59755,0,16,Fair,2752000,412800,2000,3166800
CASE-2026-TR-00487,Pahang,Agricultural,Suburban,Leasehold_99,26468,0,36,Excellent,874000,131100,2000,1007100
CASE-2026-TR-00488,Penang,Agricultural,Suburban,Freehold,62553,0,32,Good,3305000,495800,2000,3802800
CASE-2026-TR-00489,Terengganu,Agricultural,Rural_Coastal,Freehold,35085,1469,15,Fair,1045000,156800,8000,1209800
CASE-2026-TR-00490,Selangor,Commercial,Urban,Freehold,6082,5777,16,Good,3156000,473400,8000,3637400
CASE-2026-TR-00491,Melaka,Residential,Suburban,Leasehold_99,2023,1287,4,Poor,364000,54600,8000,426600
CASE-2026-TR-00492,Sabah,Agricultural,Suburban,Freehold,41327,0,25,Good,1377000,206600,2000,1585600
CASE-2026-TR-00493,Penang,Agricultural,Urban,Leasehold_99,16299,957,11,Fair,885000,132800,8000,1025800
CASE-2026-TR-00494,Sabah,Residential,Suburban,Leasehold_99,4727,2825,12,Good,952000,142800,8000,1102800
CASE-2026-TR-00495,Johor,Residential,Suburban,Freehold,2115,1464,5,Good,574000,86100,8000,668100
CASE-2026-TR-00496,Johor,Residential,Suburban,Leasehold_99,6573,3724,21,Fair,1396000,209400,8000,1613400
CASE-2026-TR-00497,Penang,Commercial,Urban,Freehold,1863,1425,2,Fair,867000,130000,8000,1005000
CASE-2026-TR-00498,Johor,Commercial,Suburban,Leasehold_99,10557,10196,22,Good,4095000,614200,8000,4717200
CASE-2026-TR-00499,Penang,Residential,Suburban,Freehold,6421,4889,11,Fair,1846000,276900,8000,2130900
CASE-2026-TR-00500,Perak,Commercial,Urban,Leasehold_99,10443,10509,21,Excellent,3720000,558000,8000,4286000
CASE-2026-TR-00501,Pahang,Agricultural,Rural_Coastal,Leasehold_99,27373,955,5,Fair,799000,119800,8000,926800
CASE-2026-TR-00502,Sarawak,Commercial,Suburban,Leasehold_99,11778,12230,27,Fair,3806000,570900,8000,4384900
CASE-2026-TR-00503,Selangor,Agricultural,Urban,Freehold,29249,943,24,Excellent,1905000,285800,8000,2198800
CASE-2026-TR-00504,Penang,Residential,Suburban,Freehold,5174,4627,18,Good,1509000,226400,8000,1743400
CASE-2026-TR-00505,Selangor,Industrial,Suburban,Leasehold_99,23641,14128,1,Fair,7030000,1054500,8000,8092500
CASE-2026-TR-00506,Johor,Agricultural,Suburban,Freehold,37223,0,33,Good,1710000,256500,2000,1968500
CASE-2026-TR-00507,Johor,Residential,Urban,Malay_Reserve,3963,3066,12,Fair,1056000,158400,8000,1222400
CASE-2026-TR-00508,Pahang,Residential,Urban,Leasehold_99,4459,3069,23,Fair,904000,135600,8000,1047600
CASE-2026-TR-00509,Melaka,Commercial,Rural_Coastal,Freehold,7312,6736,15,Fair,2546000,381900,8000,2935900
CASE-2026-TR-00510,Penang,Agricultural,Urban,Malay_Reserve,42200,0,25,Poor,2045000,306800,2000,2353800
CASE-2026-TR-00511,Johor,Residential,Rural_Coastal,Leasehold_99,3982,2514,4,Fair,814000,122100,8000,944100
CASE-2026-TR-00512,Selangor,Residential,Suburban,Malay_Reserve,4103,2893,5,Excellent,1112000,166800,8000,1286800
CASE-2026-TR-00513,Perak,Residential,Urban,Malay_Reserve,2504,1709,8,Poor,441000,66200,8000,515200
CASE-2026-TR-00514,Selangor,Industrial,Urban,Freehold,19198,11998,8,Good,6772000,1015800,8000,7795800
CASE-2026-TR-00515,Melaka,Agricultural,Rural_Coastal,Leasehold_99,20629,1486,33,Good,764000,114600,8000,886600
CASE-2026-TR-00516,Pahang,Residential,Urban,Freehold,4440,2955,1,Good,1136000,170400,8000,1314400
CASE-2026-TR-00517,Johor,Residential,Rural_Coastal,Freehold,5956,4083,23,Fair,1096000,164400,8000,1268400
CASE-2026-TR-00518,Selangor,Commercial,Suburban,Malay_Reserve,10682,11275,15,Good,4998000,749700,8000,5755700
CASE-2026-TR-00519,Pahang,Agricultural,Suburban,Malay_Reserve,22054,0,29,Good,652000,97800,2000,751800
CASE-2026-TR-00520,Johor,Agricultural,Suburban,Freehold,55633,606,15,Good,2561000,384200,8000,2953200
CASE-2026-TR-00521,Penang,Residential,Urban,Freehold,2167,1811,19,Excellent,693000,104000,8000,805000
CASE-2026-TR-00522,Sabah,Industrial,Urban,Leasehold_99,8137,4192,7,Good,2066000,309900,8000,2383900
CASE-2026-TR-00523,Selangor,Residential,Urban,Freehold,5464,3047,31,Poor,1349000,202400,8000,1559400
CASE-2026-TR-00524,Johor,Commercial,Urban,Malay_Reserve,1945,1950,17,Good,842000,126300,8000,976300
CASE-2026-TR-00525,Perak,Industrial,Suburban,Freehold,8175,6022,23,Good,1925000,288800,8000,2221800
CASE-2026-TR-00526,Johor,Industrial,Urban,Leasehold_99,32690,17709,1,Fair,8372000,1255800,8000,9635800
CASE-2026-TR-00527,Pahang,Residential,Urban,Freehold,7399,5006,34,Poor,1343000,201400,8000,1552400
CASE-2026-TR-00528,Johor,Residential,Rural_Coastal,Leasehold_99,6741,6235,7,Good,1847000,277000,8000,2132000
CASE-2026-TR-00529,Pahang,Residential,Suburban,Freehold,6885,4578,7,Good,1670000,250500,8000,1928500
CASE-2026-TR-00530,Melaka,Commercial,Urban,Malay_Reserve,5609,5086,10,Good,2248000,337200,8000,2593200
CASE-2026-TR-00531,Selangor,Residential,Urban,Freehold,3599,2324,28,Fair,1016000,152400,8000,1176400
CASE-2026-TR-00532,Perak,Residential,Urban,Leasehold_99,2845,1861,32,Good,544000,81600,8000,633600
CASE-2026-TR-00533,Johor,Residential,Rural_Coastal,Leasehold_99,2288,1481,8,Fair,480000,72000,8000,560000
CASE-2026-TR-00534,Johor,Agricultural,Urban,Freehold,46213,0,13,Fair,2383000,357400,2000,2742400
CASE-2026-TR-00535,Penang,Commercial,Suburban,Freehold,6411,7792,6,Fair,3175000,476200,8000,3659200
CASE-2026-TR-00536,Selangor,Agricultural,Rural_Coastal,Leasehold_99,42433,779,17,Good,1969000,295400,8000,2272400
CASE-2026-TR-00537,Penang,Agricultural,Urban,Freehold,17042,0,33,Good,994000,149100,2000,1145100
CASE-2026-TR-00538,Terengganu,Agricultural,Urban,Freehold,23177,0,9,Excellent,824000,123600,2000,949600
CASE-2026-TR-00539,Penang,Residential,Rural_Coastal,Freehold,6948,4574,19,Fair,1487000,223000,8000,1718000
CASE-2026-TR-00540,Penang,Industrial,Rural_Coastal,Freehold,24738,13742,5,Good,6421000,963200,8000,7392200
CASE-2026-TR-00541,Perak,Agricultural,Rural_Coastal,Freehold,60722,661,39,Good,1691000,253600,8000,1952600
CASE-2026-TR-00542,Terengganu,Residential,Suburban,Leasehold_99,2134,1424,12,Good,484000,72600,8000,564600
CASE-2026-TR-00543,Sabah,Agricultural,Urban,Freehold,18407,0,2,Good,759000,113800,2000,874800
CASE-2026-TR-00544,Johor,Residential,Suburban,Freehold,3890,2501,7,Poor,865000,129800,8000,1002800
CASE-2026-TR-00545,Selangor,Commercial,Suburban,Freehold,3074,4148,11,Good,1747000,262000,8000,2017000
CASE-2026-TR-00546,Sabah,Residential,Suburban,Freehold,5232,3923,33,Good,1026000,153900,8000,1187900
CASE-2026-TR-00547,Selangor,Residential,Suburban,Freehold,3997,2622,18,Excellent,1306000,195900,8000,1509900
CASE-2026-TR-00548,Johor,Residential,Suburban,Leasehold_99,7256,5876,20,Excellent,1900000,285000,8000,2193000
CASE-2026-TR-00549,Penang,Industrial,Urban,Freehold,10881,8044,26,Good,3400000,510000,8000,3918000
CASE-2026-TR-00550,Johor,Commercial,Suburban,Leasehold_99,7740,10826,11,Fair,3832000,574800,8000,4414800
CASE-2026-TR-00551,Selangor,Industrial,Suburban,Freehold,32952,21851,20,Good,10963000,1644400,8000,12615400
CASE-2026-TR-00552,Johor,Residential,Urban,Leasehold_99,2511,2168,31,Good,634000,95100,8000,737100
CASE-2026-TR-00553,Sarawak,Residential,Urban,Leasehold_99,2305,2020,21,Fair,510000,76500,8000,594500
CASE-2026-TR-00554,Selangor,Residential,Suburban,Malay_Reserve,6840,4144,31,Poor,1471000,220600,8000,1699600
CASE-2026-TR-00555,Pahang,Commercial,Suburban,Freehold,5953,7662,11,Good,2620000,393000,8000,3021000
CASE-2026-TR-00556,Penang,Residential,Suburban,Leasehold_99,5643,3213,31,Good,1364000,204600,8000,1576600
CASE-2026-TR-00557,Perak,Agricultural,Suburban,Leasehold_99,38916,0,6,Fair,1262000,189300,2000,1453300
CASE-2026-TR-00558,Penang,Commercial,Urban,Freehold,5811,7999,19,Fair,3256000,488400,8000,3752400
CASE-2026-TR-00559,Sabah,Residential,Suburban,Leasehold_99,2381,1433,25,Good,436000,65400,8000,509400
CASE-2026-TR-00560,Penang,Commercial,Urban,Freehold,10005,11333,2,Good,6119000,917800,8000,7044800
CASE-2026-TR-00561,Johor,Residential,Rural_Coastal,Freehold,5332,3602,1,Poor,1129000,169400,8000,1306400
CASE-2026-TR-00562,Perak,Commercial,Urban,Freehold,11528,15451,1,Poor,4625000,693800,8000,5326800
CASE-2026-TR-00563,Penang,Commercial,Rural_Coastal,Freehold,5565,6208,15,Fair,2402000,360300,8000,2770300
CASE-2026-TR-00564,Penang,Residential,Rural_Coastal,Freehold,1475,1198,7,Good,427000,64000,8000,499000
CASE-2026-TR-00565,Johor,Residential,Suburban,Freehold,3383,2055,25,Good,745000,111800,8000,864800
CASE-2026-TR-00566,Johor,Agricultural,Suburban,Freehold,53563,467,17,Good,2548000,382200,8000,2938200
CASE-2026-TR-00567,Pahang,Residential,Suburban,Leasehold_99,6217,3847,17,Good,1204000,180600,8000,1392600
CASE-2026-TR-00568,Pahang,Industrial,Rural_Coastal,Leasehold_99,15110,6741,19,Excellent,2777000,416600,8000,3201600
CASE-2026-TR-00569,Penang,Residential,Suburban,Freehold,6431,4335,17,Good,1697000,254600,8000,1959600
CASE-2026-TR-00570,Johor,Residential,Rural_Coastal,Freehold,2352,1889,14,Good,625000,93800,8000,726800
CASE-2026-TR-00571,Penang,Residential,Suburban,Malay_Reserve,4602,2963,14,Fair,1129000,169400,8000,1306400
CASE-2026-TR-00572,Selangor,Agricultural,Urban,Freehold,30043,1286,27,Excellent,2070000,310500,8000,2388500
CASE-2026-TR-00573,Sarawak,Residential,Urban,Leasehold_99,5974,3525,12,Excellent,1434000,215100,8000,1657100
CASE-2026-TR-00574,Penang,Commercial,Suburban,Leasehold_99,2664,3554,3,Good,1421000,213200,8000,1642200
CASE-2026-TR-00575,Sabah,Agricultural,Suburban,Leasehold_99,56017,1211,24,Good,1888000,283200,8000,2179200
CASE-2026-TR-00576,Penang,Commercial,Urban,Leasehold_99,6817,8572,26,Fair,3203000,480400,8000,3691400
CASE-2026-TR-00577,Sabah,Commercial,Urban,Freehold,2447,1741,22,Good,814000,122100,8000,944100
CASE-2026-TR-00578,Melaka,Industrial,Rural_Coastal,Leasehold_99,11282,7875,25,Good,2480000,372000,8000,2860000
CASE-2026-TR-00579,Johor,Residential,Suburban,Freehold,3760,2703,33,Fair,806000,120900,8000,934900
CASE-2026-TR-00580,Johor,Residential,Urban,Leasehold_99,3208,2829,26,Fair,803000,120400,8000,931400
CASE-2026-TR-00581,Selangor,Residential,Suburban,Freehold,4515,3751,33,Good,1261000,189200,8000,1458200
CASE-2026-TR-00582,Perak,Agricultural,Suburban,Freehold,49714,1495,16,Excellent,1821000,273200,8000,2102200
CASE-2026-TR-00583,Sarawak,Commercial,Suburban,Freehold,10993,14610,16,Excellent,5453000,818000,8000,6279000
CASE-2026-TR-00584,Perak,Residential,Urban,Leasehold_99,2197,1958,34,Good,449000,67400,8000,524400
CASE-2026-TR-00585,Sarawak,Residential,Suburban,Malay_Reserve,3844,3213,18,Excellent,948000,142200,8000,1098200
CASE-2026-TR-00586,Pahang,Commercial,Suburban,Freehold,7194,7113,12,Good,2694000,404100,8000,3106100
CASE-2026-TR-00587,Pahang,Residential,Urban,Freehold,2313,1310,31,Excellent,436000,65400,8000,509400
CASE-2026-TR-00588,Selangor,Agricultural,Suburban,Freehold,22961,905,24,Excellent,1344000,201600,8000,1553600
CASE-2026-TR-00589,Melaka,Residential,Urban,Freehold,5678,5274,6,Excellent,1907000,286000,8000,2201000
CASE-2026-TR-00590,Pahang,Residential,Urban,Malay_Reserve,5626,4875,22,Excellent,1384000,207600,8000,1599600
CASE-2026-TR-00591,Sarawak,Residential,Urban,Leasehold_99,1330,998,2,Excellent,386000,57900,8000,451900
CASE-2026-TR-00592,Penang,Industrial,Rural_Coastal,Leasehold_99,33715,19373,6,Excellent,9685000,1452800,8000,11145800
CASE-2026-TR-00593,Penang,Commercial,Rural_Coastal,Leasehold_99,6368,8346,12,Excellent,3356000,503400,8000,3867400
CASE-2026-TR-00594,Johor,Residential,Urban,Freehold,6345,5565,20,Good,1886000,282900,8000,2176900
CASE-2026-TR-00595,Johor,Residential,Suburban,Freehold,1631,1090,25,Excellent,404000,60600,8000,472600
CASE-2026-TR-00596,Selangor,Residential,Suburban,Leasehold_99,7008,6547,32,Excellent,2007000,301000,8000,2316000
CASE-2026-TR-00597,Pahang,Residential,Rural_Coastal,Freehold,7194,5159,5,Good,1582000,237300,8000,1827300
CASE-2026-TR-00598,Perak,Commercial,Urban,Freehold,2676,2232,23,Poor,797000,119600,8000,924600
CASE-2026-TR-00599,Terengganu,Residential,Suburban,Leasehold_99,3073,1758,18,Poor,492000,73800,8000,573800
CASE-2026-TR-00600,Sabah,Commercial,Suburban,Malay_Reserve,9375,12982,24,Good,3325000,498800,8000,3831800
CASE-2026-TR-00601,Penang,Residential,Urban,Freehold,6413,4271,12,Good,1867000,280000,8000,2155000
CASE-2026-TR-00602,Selangor,Residential,Suburban,Freehold,2389,1387,3,Good,716000,107400,8000,831400
CASE-2026-TR-00603,Sabah,Residential,Suburban,Freehold,2444,1537,7,Fair,531000,79600,8000,618600
CASE-2026-TR-00604,Selangor,Residential,Urban,Malay_Reserve,4115,2466,24,Poor,1004000,150600,8000,1162600
CASE-2026-TR-00605,Johor,Agricultural,Urban,Freehold,37754,0,21,Excellent,1982000,297300,2000,2281300
CASE-2026-TR-00606,Johor,Residential,Urban,Leasehold_99,5810,4745,15,Excellent,1697000,254600,8000,1959600
CASE-2026-TR-00607,Melaka,Residential,Suburban,Freehold,1358,1182,11,Poor,312000,46800,8000,366800
CASE-2026-TR-00608,Perak,Residential,Urban,Leasehold_99,3037,2429,11,Good,804000,120600,8000,932600
CASE-2026-TR-00609,Selangor,Residential,Rural_Coastal,Freehold,7423,4129,23,Good,1618000,242700,8000,1868700
CASE-2026-TR-00610,Sarawak,Residential,Urban,Leasehold_99,1542,1020,17,Good,394000,59100,8000,461100
CASE-2026-TR-00611,Selangor,Residential,Urban,Freehold,1706,1284,32,Poor,474000,71100,8000,553100
CASE-2026-TR-00612,Selangor,Commercial,Urban,Freehold,11585,14457,15,Good,6978000,1046700,8000,8032700
CASE-2026-TR-00613,Penang,Industrial,Suburban,Leasehold_99,14618,7572,18,Good,4102000,615300,8000,4725300
CASE-2026-TR-00614,Selangor,Residential,Rural_Coastal,Freehold,2677,1636,26,Fair,603000,90400,8000,701400
CASE-2026-TR-00615,Penang,Commercial,Urban,Freehold,6081,8453,18,Good,3412000,511800,8000,3931800
CASE-2026-TR-00616,Johor,Industrial,Urban,Freehold,13810,8637,11,Good,4346000,651900,8000,5005900
CASE-2026-TR-00617,Selangor,Commercial,Suburban,Freehold,10830,12180,16,Excellent,5606000,840900,8000,6454900
CASE-2026-TR-00618,Sabah,Residential,Urban,Leasehold_99,6493,4610,19,Good,1518000,227700,8000,1753700
CASE-2026-TR-00619,Selangor,Residential,Rural_Coastal,Freehold,1404,1031,2,Fair,390000,58500,8000,456500
CASE-2026-TR-00620,Sarawak,Commercial,Suburban,Leasehold_99,1724,2215,12,Good,742000,111300,8000,861300
CASE-2026-TR-00621,Selangor,Commercial,Rural_Coastal,Freehold,7900,9476,1,Excellent,4282000,642300,8000,4932300
CASE-2026-TR-00622,Selangor,Agricultural,Urban,Freehold,16777,836,24,Good,1132000,169800,8000,1309800
CASE-2026-TR-00623,Selangor,Residential,Suburban,Freehold,4022,3463,8,Good,1241000,186200,8000,1435200
CASE-2026-TR-00624,Perak,Commercial,Urban,Freehold,3855,4664,9,Excellent,1830000,274500,8000,2112500
CASE-2026-TR-00625,Selangor,Agricultural,Suburban,Freehold,45348,0,7,Poor,2185000,327800,2000,2514800
CASE-2026-TR-00626,Selangor,Agricultural,Urban,Freehold,52493,0,25,Excellent,3283000,492400,2000,3777400
CASE-2026-TR-00627,Sabah,Residential,Suburban,Freehold,6834,5495,23,Excellent,1745000,261800,8000,2014800
CASE-2026-TR-00628,Selangor,Residential,Suburban,Freehold,5962,5129,26,Good,1780000,267000,8000,2055000
CASE-2026-TR-00629,Selangor,Residential,Suburban,Leasehold_99,3762,2754,28,Good,969000,145400,8000,1122400
CASE-2026-TR-00630,Sabah,Residential,Suburban,Freehold,5251,4310,25,Fair,1142000,171300,8000,1321300
CASE-2026-TR-00631,Johor,Residential,Urban,Leasehold_99,5370,4527,32,Fair,1210000,181500,8000,1399500
CASE-2026-TR-00632,Selangor,Agricultural,Suburban,Freehold,62085,736,26,Good,3556000,533400,8000,4097400
CASE-2026-TR-00633,Sabah,Agricultural,Urban,Freehold,53032,0,37,Good,2197000,329600,2000,2528600
CASE-2026-TR-00634,Selangor,Residential,Urban,Leasehold_99,3258,2345,12,Fair,1004000,150600,8000,1162600
CASE-2026-TR-00635,Sabah,Residential,Urban,Malay_Reserve,5577,3296,5,Fair,1136000,170400,8000,1314400
CASE-2026-TR-00636,Pahang,Agricultural,Rural_Coastal,Leasehold_99,56803,1003,19,Excellent,1553000,233000,8000,1794000
CASE-2026-TR-00637,Penang,Agricultural,Urban,Malay_Reserve,17738,0,33,Good,876000,131400,2000,1009400
CASE-2026-TR-00638,Terengganu,Residential,Rural_Coastal,Freehold,7466,6813,7,Fair,1633000,245000,8000,1886000
CASE-2026-TR-00639,Sarawak,Agricultural,Suburban,Freehold,24018,1251,26,Poor,996000,149400,8000,1153400
CASE-2026-TR-00640,Perak,Industrial,Suburban,Freehold,33373,20940,4,Excellent,8856000,1328400,8000,10192400
CASE-2026-TR-00641,Melaka,Commercial,Suburban,Malay_Reserve,5857,4560,16,Good,1966000,294900,8000,2268900
CASE-2026-TR-00642,Melaka,Residential,Urban,Freehold,4500,3174,21,Good,1145000,171800,8000,1324800
CASE-2026-TR-00643,Selangor,Residential,Suburban,Malay_Reserve,1334,1164,28,Fair,335000,50200,8000,393200
CASE-2026-TR-00644,Perak,Agricultural,Rural_Coastal,Leasehold_99,59702,0,12,Excellent,1656000,248400,2000,1906400
CASE-2026-TR-00645,Melaka,Industrial,Suburban,Leasehold_99,13638,5773,17,Fair,2723000,408400,8000,3139400
CASE-2026-TR-00646,Terengganu,Residential,Urban,Malay_Reserve,5337,2954,7,Fair,1015000,152200,8000,1175200
CASE-2026-TR-00647,Pahang,Industrial,Suburban,Freehold,7896,5831,28,Poor,1653000,248000,8000,1909000
CASE-2026-TR-00648,Selangor,Agricultural,Suburban,Leasehold_99,61412,0,2,Fair,3066000,459900,2000,3527900
CASE-2026-TR-00649,Perak,Residential,Rural_Coastal,Leasehold_99,1897,1504,2,Excellent,481000,72200,8000,561200
CASE-2026-TR-00650,Johor,Residential,Urban,Freehold,3508,2039,17,Fair,888000,133200,8000,1029200
CASE-2026-TR-00651,Penang,Agricultural,Suburban,Leasehold_99,62456,1489,9,Good,3033000,455000,8000,3496000
CASE-2026-TR-00652,Selangor,Residential,Suburban,Freehold,6146,4895,30,Fair,1682000,252300,8000,1942300
CASE-2026-TR-00653,Johor,Residential,Rural_Coastal,Freehold,5068,3848,10,Fair,1211000,181600,8000,1400600
CASE-2026-TR-00654,Selangor,Commercial,Urban,Freehold,2304,1671,6,Good,1232000,184800,8000,1424800
CASE-2026-TR-00655,Selangor,Commercial,Urban,Leasehold_99,6561,6820,10,Poor,3049000,457400,8000,3514400
CASE-2026-TR-00656,Penang,Residential,Suburban,Malay_Reserve,6711,4062,33,Poor,1277000,191600,8000,1476600
CASE-2026-TR-00657,Melaka,Residential,Urban,Leasehold_99,3733,3182,3,Good,1087000,163000,8000,1258000
CASE-2026-TR-00658,Penang,Residential,Suburban,Freehold,6476,5786,7,Good,1917000,287600,8000,2212600
CASE-2026-TR-00659,Johor,Residential,Suburban,Leasehold_99,3953,2387,11,Good,995000,149200,8000,1152200
CASE-2026-TR-00660,Perak,Residential,Urban,Freehold,2089,1478,1,Good,563000,84400,8000,655400
CASE-2026-TR-00661,Selangor,Agricultural,Urban,Freehold,55727,1063,1,Good,3534000,530100,8000,4072100
CASE-2026-TR-00662,Penang,Residential,Suburban,Freehold,6714,4491,29,Excellent,1788000,268200,8000,2064200
CASE-2026-TR-00663,Pahang,Commercial,Rural_Coastal,Freehold,2939,3537,1,Fair,1062000,159300,8000,1229300
CASE-2026-TR-00664,Pahang,Residential,Urban,Malay_Reserve,6197,5518,1,Good,1806000,270900,8000,2084900
CASE-2026-TR-00665,Selangor,Agricultural,Urban,Freehold,32257,0,5,Good,1891000,283600,2000,2176600
CASE-2026-TR-00666,Perak,Agricultural,Urban,Freehold,62268,0,7,Poor,2491000,373600,2000,2866600
CASE-2026-TR-00667,Selangor,Residential,Rural_Coastal,Malay_Reserve,2967,2420,13,Excellent,869000,130400,8000,1007400
CASE-2026-TR-00668,Johor,Commercial,Rural_Coastal,Freehold,6295,7700,3,Good,2917000,437600,8000,3362600
CASE-2026-TR-00669,Selangor,Residential,Urban,Malay_Reserve,4988,3097,34,Good,1216000,182400,8000,1406400
CASE-2026-TR-00670,Selangor,Agricultural,Urban,Freehold,59380,0,14,Good,3789000,568400,2000,4359400
CASE-2026-TR-00671,Selangor,Agricultural,Suburban,Leasehold_99,62845,0,17,Excellent,3004000,450600,2000,3456600
CASE-2026-TR-00672,Melaka,Residential,Urban,Leasehold_99,3452,3198,33,Fair,715000,107200,8000,830200
CASE-2026-TR-00673,Penang,Residential,Suburban,Freehold,4082,3874,17,Excellent,1334000,200100,8000,1542100
CASE-2026-TR-00674,Johor,Agricultural,Suburban,Leasehold_99,28806,0,20,Excellent,1249000,187400,2000,1438400
CASE-2026-TR-00675,Johor,Commercial,Urban,Leasehold_99,2389,3109,9,Fair,1178000,176700,8000,1362700
CASE-2026-TR-00676,Selangor,Residential,Suburban,Freehold,7444,5300,13,Good,2291000,343600,8000,2642600
CASE-2026-TR-00677,Penang,Commercial,Urban,Leasehold_99,9990,13762,21,Fair,5291000,793600,8000,6092600
CASE-2026-TR-00678,Penang,Residential,Rural_Coastal,Freehold,3792,2694,4,Poor,895000,134200,8000,1037200
CASE-2026-TR-00679,Selangor,Commercial,Urban,Leasehold_99,9081,12663,11,Excellent,5561000,834200,8000,6403200
CASE-2026-TR-00680,Penang,Residential,Urban,Freehold,3491,2132,13,Excellent,1109000,166400,8000,1283400
CASE-2026-TR-00681,Terengganu,Residential,Suburban,Freehold,4467,3324,28,Excellent,895000,134200,8000,1037200
CASE-2026-TR-00682,Terengganu,Industrial,Urban,Freehold,8491,4460,16,Good,1941000,291200,8000,2240200
CASE-2026-TR-00683,Terengganu,Residential,Suburban,Freehold,4402,3841,18,Excellent,1107000,166000,8000,1281000
CASE-2026-TR-00684,Selangor,Agricultural,Urban,Freehold,27786,0,20,Excellent,1770000,265500,2000,2037500
CASE-2026-TR-00685,Penang,Commercial,Suburban,Leasehold_99,4231,4784,15,Fair,1860000,279000,8000,2147000
CASE-2026-TR-00686,Terengganu,Commercial,Suburban,Leasehold_99,5087,5872,13,Fair,1916000,287400,8000,2211400
CASE-2026-TR-00687,Selangor,Residential,Urban,Freehold,4448,3010,2,Good,1562000,234300,8000,1804300
CASE-2026-TR-00688,Pahang,Commercial,Urban,Leasehold_99,4460,5876,13,Poor,1644000,246600,8000,1898600
CASE-2026-TR-00689,Sabah,Residential,Urban,Freehold,5991,4157,16,Good,1331000,199600,8000,1538600
CASE-2026-TR-00690,Penang,Industrial,Rural_Coastal,Leasehold_99,25329,12774,23,Good,6293000,944000,8000,7245000
CASE-2026-TR-00691,Selangor,Residential,Suburban,Freehold,5323,4737,11,Good,1717000,257600,8000,1982600
CASE-2026-TR-00692,Pahang,Agricultural,Suburban,Leasehold_99,62661,472,22,Excellent,2111000,316600,8000,2435600
CASE-2026-TR-00693,Terengganu,Residential,Rural_Coastal,Leasehold_99,2454,1431,14,Good,440000,66000,8000,514000
CASE-2026-TR-00694,Perak,Commercial,Urban,Freehold,3148,3016,19,Good,1123000,168400,8000,1299400
CASE-2026-TR-00695,Penang,Residential,Rural_Coastal,Freehold,3989,3325,21,Fair,953000,143000,8000,1104000
CASE-2026-TR-00696,Penang,Agricultural,Rural_Coastal,Freehold,31182,0,3,Excellent,1354000,203100,2000,1559100
CASE-2026-TR-00697,Johor,Residential,Suburban,Freehold,7121,4671,20,Good,1727000,259000,8000,1994000
CASE-2026-TR-00698,Sabah,Commercial,Urban,Freehold,6284,7897,17,Fair,2644000,396600,8000,3048600
CASE-2026-TR-00699,Johor,Residential,Suburban,Freehold,1588,1162,1,Good,465000,69800,8000,542800
CASE-2026-TR-00700,Johor,Residential,Urban,Freehold,5269,3224,23,Good,1344000,201600,8000,1553600
CASE-2026-TR-00701,Johor,Commercial,Urban,Freehold,4284,4668,17,Good,1815000,272200,8000,2095200
CASE-2026-TR-00702,Penang,Commercial,Urban,Freehold,1510,1710,15,Poor,729000,109400,8000,846400
CASE-2026-TR-00703,Johor,Residential,Urban,Freehold,3089,2734,6,Excellent,1115000,167200,8000,1290200
CASE-2026-TR-00704,Penang,Residential,Urban,Leasehold_99,4867,4564,28,Fair,1310000,196500,8000,1514500
CASE-2026-TR-00705,Johor,Agricultural,Rural_Coastal,Malay_Reserve,29728,1273,22,Excellent,1104000,165600,8000,1277600
CASE-2026-TR-00706,Penang,Residential,Suburban,Freehold,4356,3229,18,Good,1230000,184500,8000,1422500
CASE-2026-TR-00707,Johor,Agricultural,Suburban,Leasehold_99,49568,0,2,Good,2041000,306200,2000,2349200
CASE-2026-TR-00708,Melaka,Agricultural,Suburban,Leasehold_99,60565,0,31,Excellent,2229000,334400,2000,2565400
CASE-2026-TR-00709,Johor,Residential,Suburban,Leasehold_99,5863,4936,26,Good,1420000,213000,8000,1641000
CASE-2026-TR-00710,Melaka,Agricultural,Urban,Leasehold_99,30545,412,18,Good,1411000,211600,8000,1630600
CASE-2026-TR-00711,Penang,Industrial,Urban,Freehold,23436,15773,29,Good,7192000,1078800,8000,8278800
CASE-2026-TR-00712,Selangor,Industrial,Urban,Leasehold_99,6586,3755,22,Fair,2047000,307000,8000,2362000
CASE-2026-TR-00713,Selangor,Residential,Suburban,Freehold,5963,4796,10,Fair,1670000,250500,8000,1928500
CASE-2026-TR-00714,Johor,Residential,Suburban,Freehold,6138,4496,23,Good,1469000,220400,8000,1697400
CASE-2026-TR-00715,Johor,Industrial,Suburban,Freehold,4986,2951,15,Excellent,1436000,215400,8000,1659400
CASE-2026-TR-00716,Sarawak,Residential,Rural_Coastal,Freehold,2369,1628,16,Fair,458000,68700,8000,534700
CASE-2026-TR-00717,Penang,Commercial,Urban,Malay_Reserve,4329,5036,15,Fair,2002000,300300,8000,2310300
CASE-2026-TR-00718,Pahang,Residential,Rural_Coastal,Leasehold_99,4306,3290,1,Fair,932000,139800,8000,1079800
CASE-2026-TR-00719,Sabah,Commercial,Urban,Leasehold_99,5247,7280,26,Good,2055000,308200,8000,2371200
CASE-2026-TR-00720,Melaka,Agricultural,Urban,Freehold,61037,0,13,Fair,2707000,406000,2000,3115000
CASE-2026-TR-00721,Johor,Industrial,Suburban,Freehold,4037,1686,13,Good,953000,143000,8000,1104000
CASE-2026-TR-00722,Johor,Industrial,Urban,Freehold,18912,9822,24,Excellent,5276000,791400,8000,6075400
CASE-2026-TR-00723,Sarawak,Residential,Urban,Freehold,3760,3521,9,Good,1131000,169600,8000,1308600
CASE-2026-TR-00724,Selangor,Agricultural,Rural_Coastal,Malay_Reserve,53968,0,36,Good,2018000,302700,2000,2322700
CASE-2026-TR-00725,Selangor,Residential,Rural_Coastal,Leasehold_99,6133,4459,24,Excellent,1606000,240900,8000,1854900
CASE-2026-TR-00726,Selangor,Agricultural,Rural_Coastal,Leasehold_99,17108,0,11,Excellent,710000,106500,2000,818500
CASE-2026-TR-00727,Selangor,Residential,Urban,Freehold,5868,4479,20,Good,1811000,271600,8000,2090600
CASE-2026-TR-00728,Penang,Residential,Suburban,Freehold,2878,2477,27,Excellent,881000,132200,8000,1021200
CASE-2026-TR-00729,Selangor,Industrial,Suburban,Leasehold_99,23116,15045,23,Fair,6201000,930200,8000,7139200
CASE-2026-TR-00730,Terengganu,Residential,Suburban,Freehold,7376,6581,11,Fair,1850000,277500,8000,2135500
CASE-2026-TR-00731,Selangor,Residential,Suburban,Freehold,3322,2044,30,Good,827000,124000,8000,959000
CASE-2026-TR-00732,Selangor,Commercial,Rural_Coastal,Leasehold_99,8845,10023,1,Excellent,4623000,693400,8000,5324400
CASE-2026-TR-00733,Selangor,Commercial,Urban,Freehold,11664,8667,19,Excellent,5997000,899600,8000,6904600
CASE-2026-TR-00734,Melaka,Residential,Urban,Malay_Reserve,2264,1775,3,Excellent,712000,106800,8000,826800
CASE-2026-TR-00735,Johor,Agricultural,Urban,Freehold,61612,0,2,Excellent,3141000,471200,2000,3614200
CASE-2026-TR-00736,Pahang,Residential,Urban,Freehold,2374,1832,15,Good,638000,95700,8000,741700
CASE-2026-TR-00737,Penang,Residential,Suburban,Leasehold_99,5874,5151,1,Excellent,1972000,295800,8000,2275800
CASE-2026-TR-00738,Selangor,Residential,Suburban,Freehold,7201,6131,33,Fair,1864000,279600,8000,2151600
CASE-2026-TR-00739,Melaka,Commercial,Urban,Freehold,6741,5982,24,Excellent,2778000,416700,8000,3202700
CASE-2026-TR-00740,Sarawak,Commercial,Rural_Coastal,Leasehold_99,8534,8173,16,Fair,2654000,398100,8000,3060100
CASE-2026-TR-00741,Pahang,Residential,Urban,Leasehold_99,7090,6369,25,Good,1651000,247600,8000,1906600
CASE-2026-TR-00742,Selangor,Agricultural,Urban,Leasehold_99,35946,998,12,Good,2204000,330600,8000,2542600
CASE-2026-TR-00743,Perak,Residential,Urban,Freehold,3024,1869,18,Good,679000,101800,8000,788800
CASE-2026-TR-00744,Sarawak,Commercial,Suburban,Leasehold_99,4512,3553,5,Excellent,1746000,261900,8000,2015900
CASE-2026-TR-00745,Sabah,Residential,Suburban,Leasehold_99,1827,1732,26,Fair,365000,54800,8000,427800
CASE-2026-TR-00746,Perak,Residential,Urban,Leasehold_99,7068,5747,16,Good,1877000,281600,8000,2166600
CASE-2026-TR-00747,Johor,Residential,Suburban,Freehold,3986,2804,25,Good,1001000,150200,8000,1159200
CASE-2026-TR-00748,Perak,Residential,Urban,Freehold,6940,4628,33,Good,1367000,205000,8000,1580000
CASE-2026-TR-00749,Pahang,Residential,Rural_Coastal,Freehold,2276,1825,33,Excellent,445000,66800,8000,519800
CASE-2026-TR-00750,Selangor,Residential,Suburban,Freehold,2354,1765,12,Fair,676000,101400,8000,785400
CASE-2026-TR-00751,Selangor,Commercial,Rural_Coastal,Leasehold_99,2044,2498,4,Fair,971000,145600,8000,1124600
CASE-2026-TR-00752,Pahang,Residential,Urban,Freehold,1756,1461,8,Fair,474000,71100,8000,553100
CASE-2026-TR-00753,Sarawak,Agricultural,Urban,Freehold,52552,1249,7,Poor,2219000,332800,8000,2559800
CASE-2026-TR-00754,Selangor,Industrial,Suburban,Freehold,29745,20649,7,Good,9883000,1482400,8000,11373400
CASE-2026-TR-00755,Penang,Industrial,Urban,Freehold,6597,3730,16,Good,2183000,327400,8000,2518400
CASE-2026-TR-00756,Johor,Commercial,Urban,Freehold,4785,5528,12,Good,2333000,350000,8000,2691000
CASE-2026-TR-00757,Selangor,Agricultural,Suburban,Freehold,49445,0,29,Excellent,2749000,412400,2000,3163400
CASE-2026-TR-00758,Sarawak,Residential,Urban,Freehold,5712,4868,17,Excellent,1552000,232800,8000,1792800
CASE-2026-TR-00759,Selangor,Residential,Urban,Leasehold_99,3168,2771,1,Fair,1175000,176200,8000,1359200
CASE-2026-TR-00760,Melaka,Commercial,Urban,Leasehold_99,7712,8099,9,Excellent,3784000,567600,8000,4359600
CASE-2026-TR-00761,Penang,Residential,Suburban,Freehold,3394,3065,18,Good,1064000,159600,8000,1231600
CASE-2026-TR-00762,Melaka,Residential,Suburban,Leasehold_99,1658,1092,1,Fair,384000,57600,8000,449600
CASE-2026-TR-00763,Johor,Agricultural,Rural_Coastal,Leasehold_99,19576,483,4,Good,721000,108200,8000,837200
CASE-2026-TR-00764,Selangor,Agricultural,Suburban,Freehold,59754,1006,12,Excellent,3269000,490400,8000,3767400
CASE-2026-TR-00765,Sarawak,Industrial,Urban,Leasehold_99,25868,16139,19,Poor,5494000,824100,8000,6326100
CASE-2026-TR-00766,Sabah,Commercial,Suburban,Leasehold_99,7455,10226,9,Excellent,3719000,557800,8000,4284800
CASE-2026-TR-00767,Selangor,Residential,Suburban,Leasehold_99,6019,4933,26,Poor,1315000,197200,8000,1520200
CASE-2026-TR-00768,Selangor,Industrial,Urban,Leasehold_99,4419,2012,9,Fair,1482000,222300,8000,1712300
CASE-2026-TR-00769,Melaka,Commercial,Rural_Coastal,Freehold,2861,2396,15,Good,979000,146800,8000,1133800
CASE-2026-TR-00770,Perak,Commercial,Rural_Coastal,Freehold,5682,5981,22,Good,1794000,269100,8000,2071100
CASE-2026-TR-00771,Sabah,Residential,Suburban,Freehold,1527,1376,7,Good,473000,71000,8000,552000
CASE-2026-TR-00772,Selangor,Commercial,Suburban,Leasehold_99,2831,2384,6,Good,1266000,189900,8000,1463900
CASE-2026-TR-00773,Perak,Commercial,Suburban,Malay_Reserve,2698,2106,5,Excellent,966000,144900,8000,1118900
CASE-2026-TR-00774,Selangor,Commercial,Suburban,Freehold,11117,11139,24,Good,5562000,834300,8000,6404300
CASE-2026-TR-00775,Selangor,Industrial,Suburban,Leasehold_99,8833,4806,10,Fair,2332000,349800,8000,2689800
CASE-2026-TR-00776,Penang,Agricultural,Urban,Freehold,32573,0,0,Fair,1970000,295500,2000,2267500
CASE-2026-TR-00777,Penang,Agricultural,Urban,Freehold,19023,1116,15,Fair,1136000,170400,8000,1314400
CASE-2026-TR-00778,Penang,Commercial,Rural_Coastal,Leasehold_99,1733,1711,13,Fair,624000,93600,8000,725600
CASE-2026-TR-00779,Selangor,Residential,Suburban,Freehold,2031,1907,10,Poor,564000,84600,8000,656600
CASE-2026-TR-00780,Perak,Residential,Suburban,Leasehold_99,6308,4820,29,Good,1200000,180000,8000,1388000
CASE-2026-TR-00781,Selangor,Commercial,Suburban,Leasehold_99,2615,2863,13,Excellent,1266000,189900,8000,1463900
CASE-2026-TR-00782,Penang,Commercial,Urban,Leasehold_99,9551,11417,3,Fair,4882000,732300,8000,5622300
CASE-2026-TR-00783,Sabah,Residential,Suburban,Malay_Reserve,3402,2903,1,Excellent,1032000,154800,8000,1194800
CASE-2026-TR-00784,Johor,Residential,Rural_Coastal,Freehold,5590,4040,7,Excellent,1519000,227800,8000,1754800
CASE-2026-TR-00785,Selangor,Commercial,Suburban,Freehold,8039,11096,22,Poor,3638000,545700,8000,4191700
CASE-2026-TR-00786,Terengganu,Residential,Suburban,Leasehold_99,6561,5519,23,Good,1337000,200600,8000,1545600
CASE-2026-TR-00787,Johor,Residential,Suburban,Leasehold_99,1763,1003,10,Excellent,469000,70400,8000,547400
CASE-2026-TR-00788,Penang,Residential,Urban,Leasehold_99,5762,3300,3,Fair,1593000,239000,8000,1840000
CASE-2026-TR-00789,Johor,Industrial,Urban,Freehold,13855,8443,5,Good,4544000,681600,8000,5233600
CASE-2026-TR-00790,Selangor,Residential,Urban,Freehold,5654,5158,7,Poor,1919000,287800,8000,2214800
CASE-2026-TR-00791,Pahang,Residential,Urban,Freehold,1307,880,10,Fair,290000,43500,8000,341500
CASE-2026-TR-00792,Selangor,Industrial,Suburban,Malay_Reserve,10922,5572,9,Good,2937000,440600,8000,3385600
CASE-2026-TR-00793,Pahang,Residential,Suburban,Freehold,7070,4159,26,Good,1302000,195300,8000,1505300
CASE-2026-TR-00794,Selangor,Agricultural,Suburban,Freehold,25979,0,7,Good,1431000,214600,2000,1647600
CASE-2026-TR-00795,Johor,Agricultural,Rural_Coastal,Leasehold_99,16384,707,33,Excellent,635000,95200,8000,738200
CASE-2026-TR-00796,Penang,Residential,Suburban,Freehold,1772,1537,3,Fair,554000,83100,8000,645100
CASE-2026-TR-00797,Sarawak,Residential,Urban,Freehold,3106,1835,33,Fair,644000,96600,8000,748600
CASE-2026-TR-00798,Penang,Residential,Urban,Freehold,5481,4224,23,Good,1667000,250000,8000,1925000
CASE-2026-TR-00799,Selangor,Residential,Urban,Freehold,3875,2827,23,Good,1289000,193400,8000,1490400
CASE-2026-TR-00800,Terengganu,Commercial,Urban,Freehold,6442,6912,10,Good,2586000,387900,8000,2981900
CASE-2026-TR-00801,Selangor,Commercial,Suburban,Freehold,4897,3606,4,Good,2196000,329400,8000,2533400
CASE-2026-TR-00802,Selangor,Industrial,Urban,Freehold,4073,1901,1,Fair,1429000,214400,8000,1651400
CASE-2026-TR-00803,Sarawak,Industrial,Rural_Coastal,Leasehold_99,24792,14210,2,Good,5633000,845000,8000,6486000
CASE-2026-TR-00804,Selangor,Residential,Suburban,Freehold,1365,1149,19,Good,402000,60300,8000,470300
CASE-2026-TR-00805,Selangor,Residential,Suburban,Leasehold_99,4339,2573,26,Excellent,1226000,183900,8000,1417900
CASE-2026-TR-00806,Johor,Agricultural,Suburban,Freehold,45531,652,21,Fair,1864000,279600,8000,2151600
CASE-2026-TR-00807,Selangor,Agricultural,Suburban,Freehold,28751,0,3,Poor,1575000,236200,2000,1813200
CASE-2026-TR-00808,Pahang,Residential,Urban,Freehold,6179,4812,19,Good,1406000,210900,8000,1624900
CASE-2026-TR-00809,Penang,Commercial,Urban,Freehold,1942,2201,18,Excellent,1094000,164100,8000,1266100
CASE-2026-TR-00810,Sarawak,Residential,Urban,Freehold,5867,3449,19,Good,1360000,204000,8000,1572000
CASE-2026-TR-00811,Selangor,Residential,Urban,Freehold,6735,4068,18,Good,2007000,301000,8000,2316000
CASE-2026-TR-00812,Penang,Residential,Suburban,Malay_Reserve,6297,3470,33,Good,1340000,201000,8000,1549000
CASE-2026-TR-00813,Selangor,Residential,Urban,Freehold,5011,3104,16,Good,1415000,212200,8000,1635200
CASE-2026-TR-00814,Johor,Residential,Urban,Freehold,6736,6052,34,Fair,1579000,236800,8000,1823800
CASE-2026-TR-00815,Penang,Commercial,Urban,Freehold,10081,7088,24,Fair,4298000,644700,8000,4950700
CASE-2026-TR-00816,Johor,Agricultural,Suburban,Leasehold_99,32493,0,23,Good,1394000,209100,2000,1605100
CASE-2026-TR-00817,Melaka,Residential,Urban,Freehold,3215,2800,30,Good,816000,122400,8000,946400
CASE-2026-TR-00818,Penang,Commercial,Rural_Coastal,Leasehold_99,2651,2245,27,Excellent,991000,148600,8000,1147600
CASE-2026-TR-00819,Melaka,Residential,Suburban,Leasehold_99,4705,3518,29,Good,1059000,158800,8000,1225800
CASE-2026-TR-00820,Penang,Residential,Urban,Leasehold_99,6336,4056,7,Good,1971000,295600,8000,2274600
CASE-2026-TR-00821,Johor,Residential,Urban,Freehold,4829,3499,28,Good,1283000,192400,8000,1483400
CASE-2026-TR-00822,Sarawak,Residential,Suburban,Freehold,7232,6257,9,Excellent,2034000,305100,8000,2347100
CASE-2026-TR-00823,Perak,Agricultural,Rural_Coastal,Leasehold_99,47370,1106,17,Fair,1295000,194200,8000,1497200
CASE-2026-TR-00824,Selangor,Residential,Urban,Freehold,4844,4013,8,Fair,1591000,238600,8000,1837600
CASE-2026-TR-00825,Pahang,Industrial,Suburban,Freehold,14222,9394,6,Excellent,3965000,594800,8000,4567800
CASE-2026-TR-00826,Penang,Residential,Urban,Freehold,3565,3132,27,Excellent,1172000,175800,8000,1355800
CASE-2026-TR-00827,Selangor,Industrial,Suburban,Freehold,11283,7879,17,Good,3462000,519300,8000,3989300
CASE-2026-TR-00828,Selangor,Agricultural,Urban,Freehold,36976,0,36,Fair,2331000,349600,2000,2682600
CASE-2026-TR-00829,Melaka,Residential,Urban,Freehold,5703,4708,15,Good,1507000,226000,8000,1741000
CASE-2026-TR-00830,Johor,Residential,Urban,Leasehold_99,4960,3066,23,Good,1227000,184000,8000,1419000
CASE-2026-TR-00831,Penang,Residential,Suburban,Malay_Reserve,4506,3860,24,Fair,1167000,175000,8000,1350000
CASE-2026-TR-00832,Johor,Agricultural,Suburban,Freehold,26966,837,25,Fair,1289000,193400,8000,1490400
CASE-2026-TR-00833,Selangor,Commercial,Urban,Leasehold_99,6815,9448,15,Fair,3558000,533700,8000,4099700
CASE-2026-TR-00834,Pahang,Residential,Urban,Freehold,1907,1741,6,Good,541000,81200,8000,630200
CASE-2026-TR-00835,Selangor,Residential,Suburban,Freehold,3379,3158,14,Good,1199000,179800,8000,1386800
CASE-2026-TR-00836,Selangor,Residential,Suburban,Leasehold_99,6188,4047,33,Fair,1440000,216000,8000,1664000
CASE-2026-TR-00837,Pahang,Commercial,Urban,Leasehold_99,2980,3988,15,Good,1311000,196600,8000,1515600
CASE-2026-TR-00838,Sarawak,Residential,Rural_Coastal,Freehold,3850,3101,30,Good,755000,113200,8000,876200
CASE-2026-TR-00839,Selangor,Residential,Urban,Leasehold_99,6823,4219,29,Good,1881000,282200,8000,2171200
CASE-2026-TR-00840,Penang,Residential,Suburban,Freehold,1323,1220,13,Excellent,452000,67800,8000,527800
CASE-2026-TR-00841,Sarawak,Residential,Rural_Coastal,Freehold,6069,5751,21,Excellent,1586000,237900,8000,1831900
CASE-2026-TR-00842,Melaka,Commercial,Rural_Coastal,Leasehold_99,3158,3831,17,Fair,1056000,158400,8000,1222400
CASE-2026-TR-00843,Melaka,Commercial,Suburban,Freehold,1568,1260,25,Good,518000,77700,8000,603700
CASE-2026-TR-00844,Johor,Commercial,Suburban,Leasehold_99,2978,3204,16,Good,1221000,183200,8000,1412200
CASE-2026-TR-00845,Sarawak,Residential,Urban,Freehold,5950,5146,28,Fair,1395000,209200,8000,1612200
CASE-2026-TR-00846,Johor,Agricultural,Suburban,Leasehold_99,42370,0,15,Good,1715000,257200,2000,1974200
CASE-2026-TR-00847,Sabah,Commercial,Urban,Leasehold_99,8944,7306,10,Excellent,3727000,559000,8000,4294000
CASE-2026-TR-00848,Perak,Agricultural,Urban,Leasehold_99,27468,0,3,Good,906000,135900,2000,1043900
CASE-2026-TR-00849,Penang,Residential,Urban,Leasehold_99,5637,3257,18,Good,1495000,224200,8000,1727200
CASE-2026-TR-00850,Penang,Residential,Urban,Leasehold_99,3410,2063,34,Good,882000,132300,8000,1022300
CASE-2026-TR-00851,Selangor,Industrial,Suburban,Freehold,14170,5710,11,Good,4379000,656800,8000,5043800
CASE-2026-TR-00852,Penang,Agricultural,Suburban,Leasehold_99,42913,0,21,Excellent,2093000,314000,2000,2409000
CASE-2026-TR-00853,Penang,Industrial,Rural_Coastal,Malay_Reserve,26841,19218,14,Poor,5799000,869800,8000,6676800
CASE-2026-TR-00854,Terengganu,Commercial,Urban,Freehold,10680,10058,26,Good,3661000,549200,8000,4218200
CASE-2026-TR-00855,Selangor,Residential,Suburban,Freehold,3966,3062,19,Good,1227000,184000,8000,1419000
CASE-2026-TR-00856,Penang,Residential,Urban,Leasehold_99,2764,2069,7,Good,927000,139000,8000,1074000
CASE-2026-TR-00857,Sarawak,Residential,Suburban,Freehold,3116,2273,26,Fair,570000,85500,8000,663500
CASE-2026-TR-00858,Selangor,Commercial,Suburban,Freehold,7160,5901,23,Excellent,3090000,463500,8000,3561500
CASE-2026-TR-00859,Johor,Residential,Urban,Freehold,6962,4229,28,Good,1715000,257200,8000,1980200
CASE-2026-TR-00860,Penang,Residential,Suburban,Freehold,5946,3717,33,Excellent,1583000,237400,8000,1828400
CASE-2026-TR-00861,Sarawak,Residential,Suburban,Leasehold_99,6134,4501,10,Fair,1436000,215400,8000,1659400
CASE-2026-TR-00862,Sabah,Commercial,Rural_Coastal,Freehold,2374,2864,2,Fair,963000,144400,8000,1115400
CASE-2026-TR-00863,Terengganu,Residential,Urban,Leasehold_99,7407,6691,25,Good,1782000,267300,8000,2057300
CASE-2026-TR-00864,Sarawak,Commercial,Rural_Coastal,Leasehold_99,6540,5561,24,Good,1873000,281000,8000,2162000
CASE-2026-TR-00865,Johor,Residential,Rural_Coastal,Freehold,5985,4228,8,Good,1432000,214800,8000,1654800
CASE-2026-TR-00866,Selangor,Residential,Suburban,Freehold,3852,2349,3,Poor,1080000,162000,8000,1250000
CASE-2026-TR-00867,Selangor,Agricultural,Suburban,Freehold,28769,1031,21,Excellent,1782000,267300,8000,2057300
CASE-2026-TR-00868,Sabah,Agricultural,Urban,Freehold,44348,0,8,Good,1711000,256600,2000,1969600
CASE-2026-TR-00869,Penang,Residential,Rural_Coastal,Freehold,2157,1282,14,Excellent,560000,84000,8000,652000
CASE-2026-TR-00870,Melaka,Residential,Suburban,Freehold,2952,1761,31,Good,581000,87200,8000,676200
CASE-2026-TR-00871,Johor,Residential,Suburban,Leasehold_99,4994,3712,29,Good,1092000,163800,8000,1263800
CASE-2026-TR-00872,Johor,Residential,Suburban,Freehold,3361,2880,34,Excellent,844000,126600,8000,978600
CASE-2026-TR-00873,Penang,Agricultural,Suburban,Freehold,18060,0,31,Excellent,920000,138000,2000,1060000
CASE-2026-TR-00874,Sarawak,Residential,Suburban,Leasehold_99,2147,1739,6,Good,549000,82400,8000,639400
CASE-2026-TR-00875,Selangor,Commercial,Suburban,Leasehold_99,6555,6896,21,Fair,2667000,400000,8000,3075000
CASE-2026-TR-00876,Johor,Residential,Urban,Freehold,2935,2474,19,Poor,746000,111900,8000,865900
CASE-2026-TR-00877,Johor,Residential,Suburban,Freehold,5311,3857,8,Excellent,1704000,255600,8000,1967600
CASE-2026-TR-00878,Johor,Agricultural,Rural_Coastal,Freehold,51725,957,20,Good,2059000,308800,8000,2375800
CASE-2026-TR-00879,Sabah,Commercial,Urban,Freehold,7106,9573,27,Fair,2724000,408600,8000,3140600
CASE-2026-TR-00880,Selangor,Residential,Urban,Leasehold_99,6219,3879,30,Poor,1549000,232400,8000,1789400
CASE-2026-TR-00881,Selangor,Commercial,Urban,Freehold,7218,7716,12,Fair,4019000,602800,8000,4629800
CASE-2026-TR-00882,Melaka,Commercial,Suburban,Malay_Reserve,10339,8044,6,Fair,3538000,530700,8000,4076700
CASE-2026-TR-00883,Selangor,Residential,Urban,Freehold,4076,3830,12,Good,1480000,222000,8000,1710000
CASE-2026-TR-00884,Melaka,Residential,Rural_Coastal,Leasehold_99,2061,1622,6,Good,483000,72400,8000,563400
CASE-2026-TR-00885,Pahang,Residential,Urban,Leasehold_99,6725,5429,8,Good,1609000,241400,8000,1858400
CASE-2026-TR-00886,Penang,Industrial,Rural_Coastal,Leasehold_99,11207,5526,19,Poor,2245000,336800,8000,2589800
CASE-2026-TR-00887,Penang,Residential,Rural_Coastal,Freehold,2489,1706,4,Good,640000,96000,8000,744000
CASE-2026-TR-00888,Perak,Commercial,Urban,Leasehold_99,11334,8026,25,Fair,3238000,485700,8000,3731700
CASE-2026-TR-00889,Penang,Commercial,Suburban,Freehold,6378,5692,20,Good,2985000,447800,8000,3440800
CASE-2026-TR-00890,Penang,Agricultural,Urban,Leasehold_99,64527,410,11,Good,3481000,522200,8000,4011200
CASE-2026-TR-00891,Selangor,Residential,Urban,Leasehold_99,6179,3637,21,Good,1739000,260800,8000,2007800
CASE-2026-TR-00892,Selangor,Commercial,Urban,Freehold,8362,9541,17,Good,4723000,708400,8000,5439400
CASE-2026-TR-00893,Sabah,Agricultural,Urban,Leasehold_99,61597,0,34,Good,2462000,369300,2000,2833300
CASE-2026-TR-00894,Penang,Residential,Suburban,Freehold,3543,3093,7,Excellent,1172000,175800,8000,1355800
CASE-2026-TR-00895,Johor,Commercial,Urban,Leasehold_99,11533,8940,17,Good,4210000,631500,8000,4849500
CASE-2026-TR-00896,Penang,Residential,Suburban,Freehold,6888,5362,26,Fair,1755000,263200,8000,2026200
CASE-2026-TR-00897,Penang,Industrial,Suburban,Freehold,34609,25249,23,Excellent,11513000,1727000,8000,13248000
CASE-2026-TR-00898,Johor,Residential,Suburban,Leasehold_99,2464,2272,9,Good,717000,107600,8000,832600
CASE-2026-TR-00899,Melaka,Agricultural,Rural_Coastal,Freehold,32675,0,32,Good,1038000,155700,2000,1195700
CASE-2026-TR-00900,Perak,Residential,Urban,Freehold,2272,2025,32,Good,519000,77800,8000,604800
CASE-2026-TR-00901,Selangor,Industrial,Suburban,Leasehold_99,5919,4307,4,Good,1936000,290400,8000,2234400
CASE-2026-TR-00902,Sabah,Residential,Suburban,Leasehold_99,2956,2474,29,Excellent,641000,96200,8000,745200
CASE-2026-TR-00903,Johor,Commercial,Suburban,Leasehold_99,5191,4544,17,Poor,1809000,271400,8000,2088400
CASE-2026-TR-00904,Johor,Industrial,Suburban,Leasehold_99,31344,15221,5,Good,7747000,1162000,8000,8917000
CASE-2026-TR-00905,Perak,Agricultural,Suburban,Freehold,32434,0,4,Excellent,1138000,170700,2000,1310700
CASE-2026-TR-00906,Johor,Agricultural,Urban,Freehold,38526,0,19,Excellent,2102000,315300,2000,2419300
CASE-2026-TR-00907,Penang,Commercial,Rural_Coastal,Malay_Reserve,5870,5479,17,Fair,2068000,310200,8000,2386200
CASE-2026-TR-00908,Penang,Residential,Urban,Freehold,3224,1812,17,Excellent,949000,142400,8000,1099400
CASE-2026-TR-00909,Johor,Residential,Urban,Leasehold_99,2738,1689,26,Fair,664000,99600,8000,771600
CASE-2026-TR-00910,Selangor,Agricultural,Rural_Coastal,Leasehold_99,37574,0,9,Fair,1596000,239400,2000,1837400
CASE-2026-TR-00911,Sarawak,Commercial,Suburban,Leasehold_99,3898,5121,4,Good,1892000,283800,8000,2183800
CASE-2026-TR-00912,Perak,Industrial,Suburban,Leasehold_99,27016,18334,3,Good,6303000,945400,8000,7256400
CASE-2026-TR-00913,Selangor,Commercial,Suburban,Freehold,4037,4491,1,Fair,1861000,279200,8000,2148200
CASE-2026-TR-00914,Johor,Residential,Suburban,Leasehold_99,1708,1264,3,Excellent,493000,74000,8000,575000
CASE-2026-TR-00915,Penang,Residential,Urban,Freehold,2181,1806,22,Excellent,687000,103000,8000,798000
CASE-2026-TR-00916,Penang,Agricultural,Suburban,Leasehold_99,39187,0,28,Good,1792000,268800,2000,2062800
CASE-2026-TR-00917,Perak,Residential,Urban,Leasehold_99,4386,3174,10,Fair,977000,146600,8000,1131600
CASE-2026-TR-00918,Penang,Residential,Urban,Leasehold_99,3245,2664,7,Good,1106000,165900,8000,1279900
CASE-2026-TR-00919,Penang,Residential,Suburban,Leasehold_99,5209,4726,10,Good,1757000,263600,8000,2028600
CASE-2026-TR-00920,Melaka,Industrial,Suburban,Freehold,13470,7925,21,Good,3275000,491200,8000,3774200
CASE-2026-TR-00921,Johor,Residential,Urban,Freehold,2740,2049,27,Excellent,747000,112000,8000,867000
CASE-2026-TR-00922,Johor,Residential,Rural_Coastal,Leasehold_99,5975,3919,32,Good,1112000,166800,8000,1286800
CASE-2026-TR-00923,Perak,Commercial,Urban,Leasehold_99,10230,8950,27,Good,3176000,476400,8000,3660400
CASE-2026-TR-00924,Sarawak,Residential,Suburban,Leasehold_99,7073,6449,15,Fair,1685000,252800,8000,1945800
CASE-2026-TR-00925,Penang,Commercial,Urban,Freehold,4688,5218,6,Good,2718000,407700,8000,3133700
CASE-2026-TR-00926,Perak,Industrial,Urban,Leasehold_99,33283,23562,25,Fair,7071000,1060600,8000,8139600
CASE-2026-TR-00927,Terengganu,Residential,Urban,Leasehold_99,3789,2861,22,Good,843000,126400,8000,977400
CASE-2026-TR-00928,Penang,Residential,Urban,Leasehold_99,4838,4214,2,Fair,1656000,248400,8000,1912400
CASE-2026-TR-00929,Selangor,Agricultural,Urban,Leasehold_99,50335,0,26,Good,2937000,440600,2000,3379600
CASE-2026-TR-00930,Johor,Industrial,Rural_Coastal,Freehold,28642,18121,18,Poor,6401000,960200,8000,7369200
CASE-2026-TR-00931,Selangor,Residential,Urban,Leasehold_99,2411,1833,19,Good,736000,110400,8000,854400
CASE-2026-TR-00932,Selangor,Residential,Suburban,Freehold,7336,4194,23,Excellent,2133000,320000,8000,2461000
CASE-2026-TR-00933,Selangor,Residential,Suburban,Freehold,6165,4042,6,Poor,1813000,272000,8000,2093000
CASE-2026-TR-00934,Penang,Agricultural,Rural_Coastal,Leasehold_99,36050,1124,19,Fair,1472000,220800,8000,1700800
CASE-2026-TR-00935,Penang,Residential,Urban,Freehold,7224,5985,6,Excellent,2396000,359400,8000,2763400
CASE-2026-TR-00936,Selangor,Agricultural,Rural_Coastal,Freehold,43173,0,39,Good,1944000,291600,2000,2237600
CASE-2026-TR-00937,Pahang,Residential,Rural_Coastal,Freehold,3636,2496,26,Fair,628000,94200,8000,730200
CASE-2026-TR-00938,Sarawak,Industrial,Rural_Coastal,Freehold,8604,5957,16,Good,2013000,302000,8000,2323000
CASE-2026-TR-00939,Sabah,Industrial,Rural_Coastal,Freehold,15826,6761,18,Excellent,2957000,443600,8000,3408600
CASE-2026-TR-00940,Perak,Commercial,Rural_Coastal,Freehold,5036,3534,20,Good,1350000,202500,8000,1560500
CASE-2026-TR-00941,Penang,Commercial,Urban,Freehold,5024,5570,6,Poor,2309000,346400,8000,2663400
CASE-2026-TR-00942,Pahang,Industrial,Suburban,Freehold,6212,4550,15,Good,1509000,226400,8000,1743400
CASE-2026-TR-00943,Johor,Residential,Suburban,Freehold,3044,2433,11,Good,822000,123300,8000,953300
CASE-2026-TR-00944,Penang,Industrial,Suburban,Freehold,7007,4450,21,Good,2063000,309400,8000,2380400
CASE-2026-TR-00945,Sarawak,Residential,Urban,Leasehold_99,1374,985,11,Fair,319000,47800,8000,374800
CASE-2026-TR-00946,Selangor,Residential,Urban,Freehold,7103,4359,5,Excellent,2476000,371400,8000,2855400
CASE-2026-TR-00947,Selangor,Agricultural,Rural_Coastal,Freehold,22965,0,32,Good,1143000,171400,2000,1316400
CASE-2026-TR-00948,Terengganu,Commercial,Urban,Freehold,4208,4893,27,Good,1600000,240000,8000,1848000
CASE-2026-TR-00949,Perak,Residential,Suburban,Freehold,7189,4547,16,Fair,1348000,202200,8000,1558200
CASE-2026-TR-00950,Selangor,Residential,Rural_Coastal,Freehold,4182,2541,21,Good,982000,147300,8000,1137300
CASE-2026-TR-00951,Johor,Commercial,Suburban,Leasehold_99,8221,6490,16,Fair,3031000,454600,8000,3493600
CASE-2026-TR-00952,Selangor,Residential,Suburban,Leasehold_99,6242,5465,8,Excellent,2196000,329400,8000,2533400
CASE-2026-TR-00953,Pahang,Residential,Urban,Freehold,2754,2033,13,Good,718000,107700,8000,833700
CASE-2026-TR-00954,Selangor,Industrial,Rural_Coastal,Freehold,20447,13155,15,Fair,5562000,834300,8000,6404300
CASE-2026-TR-00955,Sabah,Agricultural,Suburban,Freehold,49722,0,39,Excellent,1763000,264400,2000,2029400
CASE-2026-TR-00956,Perak,Commercial,Suburban,Freehold,7696,8252,1,Excellent,3289000,493400,8000,3790400
CASE-2026-TR-00957,Johor,Residential,Rural_Coastal,Freehold,2774,2432,21,Fair,606000,90900,8000,704900
CASE-2026-TR-00958,Selangor,Residential,Urban,Freehold,3151,2228,19,Good,965000,144800,8000,1117800
CASE-2026-TR-00959,Penang,Industrial,Suburban,Freehold,14653,8872,20,Good,4558000,683700,8000,5249700
CASE-2026-TR-00960,Johor,Residential,Urban,Malay_Reserve,5270,2919,24,Good,1198000,179700,8000,1385700
CASE-2026-TR-00961,Penang,Residential,Suburban,Leasehold_99,5047,3007,1,Fair,1294000,194100,8000,1496100
CASE-2026-TR-00962,Perak,Residential,Urban,Freehold,1345,1246,10,Excellent,394000,59100,8000,461100
CASE-2026-TR-00963,Penang,Residential,Urban,Freehold,6425,4086,7,Fair,2026000,303900,8000,2337900
CASE-2026-TR-00964,Pahang,Residential,Suburban,Freehold,5773,3952,26,Excellent,1195000,179200,8000,1382200
CASE-2026-TR-00965,Johor,Agricultural,Suburban,Freehold,49383,0,8,Good,2287000,343000,2000,2632000
CASE-2026-TR-00966,Penang,Agricultural,Suburban,Leasehold_99,19606,0,6,Good,924000,138600,2000,1064600
CASE-2026-TR-00967,Johor,Residential,Rural_Coastal,Leasehold_99,6225,5893,16,Poor,1399000,209800,8000,1616800
CASE-2026-TR-00968,Penang,Residential,Rural_Coastal,Leasehold_99,5064,4782,8,Good,1422000,213300,8000,1643300
CASE-2026-TR-00969,Perak,Commercial,Suburban,Freehold,2626,1902,27,Fair,709000,106400,8000,823400
CASE-2026-TR-00970,Selangor,Commercial,Urban,Freehold,6992,5927,1,Good,3831000,574600,8000,4413600
CASE-2026-TR-00971,Penang,Commercial,Suburban,Freehold,5596,7576,5,Poor,2698000,404700,8000,3110700
CASE-2026-TR-00972,Selangor,Commercial,Suburban,Leasehold_99,4773,4359,7,Poor,1963000,294400,8000,2265400
CASE-2026-TR-00973,Perak,Agricultural,Urban,Freehold,27502,0,2,Good,1112000,166800,2000,1280800
CASE-2026-TR-00974,Terengganu,Industrial,Suburban,Leasehold_99,28220,19107,18,Good,6093000,914000,8000,7015000
CASE-2026-TR-00975,Melaka,Residential,Rural_Coastal,Freehold,6688,6059,22,Poor,1346000,201900,8000,1555900
CASE-2026-TR-00976,Perak,Agricultural,Suburban,Malay_Reserve,38924,0,6,Good,1185000,177800,2000,1364800
CASE-2026-TR-00977,Sarawak,Residential,Rural_Coastal,Freehold,2962,2022,6,Good,716000,107400,8000,831400
CASE-2026-TR-00978,Sarawak,Commercial,Suburban,Freehold,9216,7725,13,Fair,3081000,462200,8000,3551200
CASE-2026-TR-00979,Johor,Residential,Urban,Leasehold_99,1514,867,11,Good,373000,56000,8000,437000
CASE-2026-TR-00980,Penang,Residential,Rural_Coastal,Leasehold_99,1891,1319,31,Excellent,413000,62000,8000,483000
CASE-2026-TR-00981,Selangor,Agricultural,Rural_Coastal,Leasehold_99,47847,1183,28,Fair,2038000,305700,8000,2351700
CASE-2026-TR-00982,Johor,Residential,Rural_Coastal,Leasehold_99,4109,3756,16,Good,1108000,166200,8000,1282200
CASE-2026-TR-00983,Selangor,Industrial,Urban,Freehold,31387,12879,18,Good,9847000,1477000,8000,11332000
CASE-2026-TR-00984,Melaka,Commercial,Urban,Leasehold_99,3901,5460,9,Good,2000000,300000,8000,2308000
CASE-2026-TR-00985,Sabah,Residential,Rural_Coastal,Malay_Reserve,1772,1454,14,Excellent,390000,58500,8000,456500
CASE-2026-TR-00986,Penang,Commercial,Urban,Freehold,5981,6569,26,Good,3082000,462300,8000,3552300
CASE-2026-TR-00987,Penang,Agricultural,Suburban,Freehold,32715,892,26,Good,1778000,266700,8000,2052700
CASE-2026-TR-00988,Pahang,Agricultural,Urban,Malay_Reserve,43484,0,1,Fair,1558000,233700,2000,1793700
CASE-2026-TR-00989,Penang,Commercial,Urban,Freehold,5535,6119,7,Fair,3049000,457400,8000,3514400
CASE-2026-TR-00990,Penang,Residential,Urban,Malay_Reserve,1985,1154,30,Good,470000,70500,8000,548500
CASE-2026-TR-00991,Johor,Commercial,Urban,Malay_Reserve,2363,2204,5,Fair,1012000,151800,8000,1171800
CASE-2026-TR-00992,Sabah,Residential,Urban,Leasehold_99,6988,6320,4,Good,2032000,304800,8000,2344800
CASE-2026-TR-00993,Penang,Residential,Suburban,Leasehold_99,6529,4270,26,Poor,1422000,213300,8000,1643300
CASE-2026-TR-00994,Selangor,Residential,Suburban,Freehold,5614,3541,32,Poor,1354000,203100,8000,1565100
CASE-2026-TR-00995,Sabah,Commercial,Urban,Freehold,4353,5856,12,Good,2244000,336600,8000,2588600
CASE-2026-TR-00996,Selangor,Residential,Urban,Leasehold_99,1606,1516,16,Good,492000,73800,8000,573800
CASE-2026-TR-00997,Selangor,Residential,Urban,Freehold,4681,3560,17,Fair,1419000,212800,8000,1639800
CASE-2026-TR-00998,Pahang,Residential,Suburban,Malay_Reserve,2343,1760,19,Excellent,502000,75300,8000,585300
CASE-2026-TR-00999,Selangor,Commercial,Suburban,Leasehold_99,8286,7303,2,Good,4373000,656000,8000,5037000
CASE-2026-TR-01000,Selangor,Agricultural,Suburban,Leasehold_99,19369,675,16,Good,938000,140700,8000,1086700
CASE-2026-TR-01001,Sarawak,Residential,Rural_Coastal,Freehold,1746,1463,17,Good,371000,55600,8000,434600
CASE-2026-TR-01002,Selangor,Residential,Suburban,Leasehold_99,1322,997,3,Good,411000,61600,8000,480600
CASE-2026-TR-01003,Selangor,Residential,Suburban,Malay_Reserve,4612,2725,6,Poor,1175000,176200,8000,1359200
CASE-2026-TR-01004,Selangor,Residential,Rural_Coastal,Freehold,2517,2236,28,Excellent,663000,99400,8000,770400
CASE-2026-TR-01005,Selangor,Commercial,Suburban,Freehold,9775,11486,24,Good,4659000,698800,8000,5365800
CASE-2026-TR-01006,Sabah,Agricultural,Rural_Coastal,Freehold,32715,0,38,Good,953000,143000,2000,1098000
CASE-2026-TR-01007,Selangor,Agricultural,Rural_Coastal,Freehold,28107,0,14,Good,1175000,176200,2000,1353200
CASE-2026-TR-01008,Selangor,Residential,Suburban,Leasehold_99,7138,6382,15,Good,2354000,353100,8000,2715100
CASE-2026-TR-01009,Pahang,Residential,Suburban,Freehold,3482,3156,4,Excellent,1044000,156600,8000,1208600
CASE-2026-TR-01010,Selangor,Commercial,Urban,Freehold,6349,8393,16,Fair,3446000,516900,8000,3970900
CASE-2026-TR-01011,Melaka,Agricultural,Urban,Leasehold_99,39687,852,7,Excellent,1743000,261400,8000,2012400
CASE-2026-TR-01012,Sarawak,Residential,Urban,Leasehold_99,3157,2861,23,Good,774000,116100,8000,898100
CASE-2026-TR-01013,Penang,Residential,Urban,Freehold,3008,2698,29,Good,948000,142200,8000,1098200
CASE-2026-TR-01014,Penang,Commercial,Urban,Malay_Reserve,11914,12290,6,Excellent,5779000,866800,8000,6653800
CASE-2026-TR-01015,Selangor,Residential,Urban,Freehold,7410,5484,19,Poor,2107000,316000,8000,2431000
CASE-2026-TR-01016,Sarawak,Commercial,Urban,Freehold,6588,8882,12,Poor,2652000,397800,8000,3057800
CASE-2026-TR-01017,Johor,Residential,Rural_Coastal,Leasehold_99,6944,5708,33,Poor,1220000,183000,8000,1411000
CASE-2026-TR-01018,Melaka,Agricultural,Suburban,Leasehold_99,36352,0,26,Fair,1219000,182800,2000,1403800
CASE-2026-TR-01019,Penang,Industrial,Urban,Freehold,20339,12885,1,Good,7200000,1080000,8000,8288000
CASE-2026-TR-01020,Selangor,Residential,Suburban,Leasehold_99,6752,5272,2,Fair,2002000,300300,8000,2310300
CASE-2026-TR-01021,Penang,Agricultural,Suburban,Freehold,36442,1233,17,Excellent,2043000,306400,8000,2357400
CASE-2026-TR-01022,Penang,Residential,Rural_Coastal,Leasehold_99,2875,2193,34,Excellent,672000,100800,8000,780800
CASE-2026-TR-01023,Perak,Residential,Urban,Freehold,2681,1688,26,Excellent,596000,89400,8000,693400
CASE-2026-TR-01024,Pahang,Residential,Suburban,Freehold,7317,4135,25,Good,1371000,205600,8000,1584600
CASE-2026-TR-01025,Selangor,Residential,Suburban,Leasehold_99,6583,6003,34,Excellent,1811000,271600,8000,2090600
CASE-2026-TR-01026,Johor,Residential,Urban,Freehold,6369,5594,25,Fair,1667000,250000,8000,1925000
CASE-2026-TR-01027,Melaka,Agricultural,Rural_Coastal,Freehold,43390,0,13,Fair,1395000,209200,2000,1606200
CASE-2026-TR-01028,Melaka,Industrial,Urban,Malay_Reserve,8776,4072,12,Good,1991000,298600,8000,2297600
CASE-2026-TR-01029,Perak,Agricultural,Suburban,Freehold,18071,0,20,Fair,579000,86800,2000,667800
CASE-2026-TR-01030,Johor,Residential,Urban,Malay_Reserve,7304,5905,8,Fair,1815000,272200,8000,2095200
CASE-2026-TR-01031,Penang,Residential,Suburban,Freehold,6969,4609,34,Fair,1613000,242000,8000,1863000
CASE-2026-TR-01032,Selangor,Commercial,Rural_Coastal,Malay_Reserve,8264,6203,4,Fair,3045000,456800,8000,3509800
CASE-2026-TR-01033,Penang,Residential,Suburban,Freehold,4278,3381,30,Good,1116000,167400,8000,1291400
CASE-2026-TR-01034,Terengganu,Residential,Urban,Leasehold_99,3470,2023,25,Poor,612000,91800,8000,711800
CASE-2026-TR-01035,Penang,Residential,Suburban,Freehold,3235,2984,32,Excellent,872000,130800,8000,1010800
CASE-2026-TR-01036,Melaka,Residential,Rural_Coastal,Freehold,6565,5186,25,Good,1342000,201300,8000,1551300
CASE-2026-TR-01037,Johor,Residential,Urban,Freehold,2232,1696,9,Good,687000,103000,8000,798000
CASE-2026-TR-01038,Selangor,Residential,Urban,Freehold,4321,3365,19,Good,1442000,216300,8000,1666300
CASE-2026-TR-01039,Johor,Agricultural,Rural_Coastal,Malay_Reserve,15434,0,7,Good,484000,72600,2000,558600
CASE-2026-TR-01040,Selangor,Residential,Urban,Leasehold_99,4625,3105,34,Good,1243000,186400,8000,1437400
CASE-2026-TR-01041,Johor,Commercial,Suburban,Leasehold_99,8730,7782,23,Excellent,3576000,536400,8000,4120400
CASE-2026-TR-01042,Penang,Commercial,Urban,Malay_Reserve,2209,2690,26,Good,1019000,152800,8000,1179800
CASE-2026-TR-01043,Terengganu,Agricultural,Suburban,Leasehold_99,30389,1461,37,Good,973000,146000,8000,1127000
CASE-2026-TR-01044,Penang,Industrial,Urban,Leasehold_99,29462,16724,6,Excellent,9609000,1441400,8000,11058400
CASE-2026-TR-01045,Penang,Commercial,Suburban,Freehold,3281,2781,23,Good,1531000,229600,8000,1768600
CASE-2026-TR-01046,Pahang,Residential,Suburban,Freehold,2100,1415,32,Excellent,413000,62000,8000,483000
CASE-2026-TR-01047,Johor,Residential,Suburban,Freehold,5161,4057,2,Good,1493000,224000,8000,1725000
CASE-2026-TR-01048,Penang,Commercial,Suburban,Freehold,10951,8642,20,Good,4966000,744900,8000,5718900
CASE-2026-TR-01049,Selangor,Residential,Urban,Leasehold_99,3066,2277,4,Good,1033000,155000,8000,1196000
CASE-2026-TR-01050,Pahang,Commercial,Suburban,Freehold,8925,6601,8,Excellent,3299000,494800,8000,3801800
CASE-2026-TR-01051,Penang,Commercial,Urban,Leasehold_99,9001,6452,14,Good,4030000,604500,8000,4642500
CASE-2026-TR-01052,Penang,Commercial,Urban,Freehold,11263,15068,18,Good,5973000,896000,8000,6877000
CASE-2026-TR-01053,Sabah,Commercial,Rural_Coastal,Freehold,8155,9786,22,Good,2994000,449100,8000,3451100
CASE-2026-TR-01054,Selangor,Residential,Urban,Leasehold_99,6767,5599,27,Fair,1836000,275400,8000,2119400
CASE-2026-TR-01055,Johor,Commercial,Urban,Freehold,7473,5619,9,Good,3330000,499500,8000,3837500
CASE-2026-TR-01056,Penang,Agricultural,Urban,Freehold,34195,0,14,Good,2125000,318800,2000,2445800
CASE-2026-TR-01057,Selangor,Residential,Rural_Coastal,Freehold,2016,1449,7,Excellent,609000,91400,8000,708400
CASE-2026-TR-01058,Sabah,Residential,Urban,Freehold,4967,3174,7,Fair,1195000,179200,8000,1382200
CASE-2026-TR-01059,Melaka,Residential,Urban,Freehold,2665,2451,22,Excellent,801000,120200,8000,929200
CASE-2026-TR-01060,Sarawak,Residential,Urban,Freehold,4718,2959,12,Fair,1088000,163200,8000,1259200
CASE-2026-TR-01061,Penang,Residential,Rural_Coastal,Leasehold_99,7158,5832,27,Excellent,1784000,267600,8000,2059600
CASE-2026-TR-01062,Penang,Commercial,Rural_Coastal,Freehold,5371,7329,26,Good,2403000,360400,8000,2771400
CASE-2026-TR-01063,Penang,Residential,Urban,Freehold,7058,6651,7,Fair,2575000,386200,8000,2969200
CASE-2026-TR-01064,Penang,Agricultural,Urban,Freehold,35106,0,36,Good,1987000,298000,2000,2287000
CASE-2026-TR-01065,Selangor,Residential,Rural_Coastal,Leasehold_99,2472,1374,22,Good,562000,84300,8000,654300
CASE-2026-TR-01066,Perak,Residential,Urban,Freehold,5926,4063,17,Poor,1110000,166500,8000,1284500
CASE-2026-TR-01067,Melaka,Industrial,Urban,Freehold,26145,15924,25,Fair,6371000,955600,8000,7334600
CASE-2026-TR-01068,Perak,Residential,Urban,Malay_Reserve,3393,3167,29,Fair,686000,102900,8000,796900
CASE-2026-TR-01069,Selangor,Agricultural,Urban,Leasehold_99,22061,556,4,Good,1286000,192900,8000,1486900
CASE-2026-TR-01070,Penang,Commercial,Urban,Malay_Reserve,8629,8521,16,Good,3995000,599200,8000,4602200
CASE-2026-TR-01071,Selangor,Commercial,Urban,Freehold,11360,10506,25,Fair,5888000,883200,8000,6779200
CASE-2026-TR-01072,Sabah,Residential,Suburban,Freehold,4135,3376,4,Poor,892000,133800,8000,1033800
CASE-2026-TR-01073,Johor,Industrial,Urban,Freehold,13765,8031,14,Excellent,4438000,665700,8000,5111700
CASE-2026-TR-01074,Perak,Commercial,Urban,Freehold,7265,8395,20,Good,3064000,459600,8000,3531600
CASE-2026-TR-01075,Johor,Residential,Urban,Leasehold_99,5189,4255,14,Good,1428000,214200,8000,1650200
CASE-2026-TR-01076,Selangor,Commercial,Suburban,Freehold,10990,12355,2,Excellent,6886000,1032900,8000,7926900
CASE-2026-TR-01077,Perak,Residential,Urban,Leasehold_99,4939,3444,18,Good,1091000,163600,8000,1262600
CASE-2026-TR-01078,Penang,Commercial,Suburban,Freehold,4513,6198,13,Excellent,2487000,373000,8000,2868000
CASE-2026-TR-01079,Johor,Residential,Suburban,Freehold,3159,2033,13,Fair,731000,109600,8000,848600
CASE-2026-TR-01080,Selangor,Residential,Urban,Freehold,3110,2899,19,Good,1144000,171600,8000,1323600
CASE-2026-TR-01081,Melaka,Residential,Suburban,Freehold,3707,3417,11,Good,1079000,161800,8000,1248800
CASE-2026-TR-01082,Penang,Commercial,Suburban,Leasehold_99,8165,8545,18,Good,3600000,540000,8000,4148000
CASE-2026-TR-01083,Penang,Industrial,Urban,Freehold,18432,11095,19,Excellent,5910000,886500,8000,6804500
CASE-2026-TR-01084,Penang,Residential,Rural_Coastal,Freehold,7321,4606,32,Excellent,1636000,245400,8000,1889400
CASE-2026-TR-01085,Sabah,Agricultural,Rural_Coastal,Freehold,53394,818,10,Good,1664000,249600,8000,1921600
CASE-2026-TR-01086,Selangor,Industrial,Rural_Coastal,Leasehold_99,15972,10315,14,Good,4463000,669400,8000,5140400
CASE-2026-TR-01087,Sabah,Residential,Rural_Coastal,Freehold,6093,5575,28,Good,1331000,199600,8000,1538600
CASE-2026-TR-01088,Johor,Agricultural,Rural_Coastal,Leasehold_99,50739,0,5,Good,1644000,246600,2000,1892600
CASE-2026-TR-01089,Pahang,Residential,Rural_Coastal,Leasehold_99,3533,3172,5,Excellent,965000,144800,8000,1117800
CASE-2026-TR-01090,Melaka,Agricultural,Rural_Coastal,Leasehold_99,27046,0,5,Fair,962000,144300,2000,1108300
CASE-2026-TR-01091,Selangor,Residential,Suburban,Malay_Reserve,2410,2170,3,Excellent,851000,127600,8000,986600
CASE-2026-TR-01092,Penang,Agricultural,Suburban,Freehold,28565,0,9,Fair,1427000,214000,2000,1643000
CASE-2026-TR-01093,Selangor,Residential,Suburban,Leasehold_99,5207,3174,33,Excellent,1303000,195400,8000,1506400
CASE-2026-TR-01094,Perak,Commercial,Rural_Coastal,Leasehold_99,11463,14245,27,Good,3388000,508200,8000,3904200
CASE-2026-TR-01095,Johor,Residential,Suburban,Leasehold_99,4901,4164,32,Fair,1090000,163500,8000,1261500
CASE-2026-TR-01096,Selangor,Agricultural,Suburban,Freehold,21608,747,21,Good,1162000,174300,8000,1344300
CASE-2026-TR-01097,Johor,Industrial,Urban,Leasehold_99,16225,6748,14,Excellent,4607000,691000,8000,5306000
CASE-2026-TR-01098,Selangor,Residential,Urban,Freehold,6626,4655,9,Good,2284000,342600,8000,2634600
CASE-2026-TR-01099,Selangor,Commercial,Suburban,Freehold,3396,4123,14,Good,1763000,264400,8000,2035400
CASE-2026-TR-01100,Perak,Industrial,Suburban,Leasehold_99,15981,6794,24,Good,2912000,436800,8000,3356800
CASE-2026-TR-01101,Perak,Residential,Suburban,Leasehold_99,2676,2027,10,Poor,486000,72900,8000,566900
CASE-2026-TR-01102,Perak,Industrial,Suburban,Malay_Reserve,9228,5110,4,Good,2048000,307200,8000,2363200
CASE-2026-TR-01103,Sabah,Commercial,Suburban,Freehold,2599,2634,6,Fair,1007000,151000,8000,1166000
CASE-2026-TR-01104,Johor,Commercial,Urban,Freehold,9531,13249,26,Excellent,4835000,725200,8000,5568200
CASE-2026-TR-01105,Selangor,Agricultural,Urban,Leasehold_99,56576,0,18,Good,3517000,527600,2000,4046600
CASE-2026-TR-01106,Penang,Agricultural,Urban,Freehold,58871,0,13,Excellent,3337000,500600,2000,3839600
CASE-2026-TR-01107,Terengganu,Industrial,Suburban,Leasehold_99,7081,4224,10,Good,1591000,238600,8000,1837600
CASE-2026-TR-01108,Selangor,Industrial,Suburban,Leasehold_99,13652,8179,26,Poor,3457000,518600,8000,3983600
CASE-2026-TR-01109,Penang,Commercial,Suburban,Freehold,7947,5912,8,Good,3621000,543200,8000,4172200
CASE-2026-TR-01110,Johor,Residential,Rural_Coastal,Leasehold_99,3296,2893,1,Fair,865000,129800,8000,1002800
CASE-2026-TR-01111,Selangor,Residential,Urban,Leasehold_99,4296,2673,18,Excellent,1336000,200400,8000,1544400
CASE-2026-TR-01112,Johor,Residential,Suburban,Freehold,6678,3848,26,Good,1409000,211400,8000,1628400
CASE-2026-TR-01113,Terengganu,Commercial,Urban,Leasehold_99,9595,12062,17,Fair,3553000,533000,8000,4094000
CASE-2026-TR-01114,Johor,Commercial,Suburban,Leasehold_99,4030,2875,5,Good,1572000,235800,8000,1815800
CASE-2026-TR-01115,Penang,Residential,Rural_Coastal,Leasehold_99,3393,3022,11,Fair,903000,135400,8000,1046400
CASE-2026-TR-01116,Sarawak,Residential,Urban,Freehold,6156,4370,30,Good,1457000,218600,8000,1683600
CASE-2026-TR-01117,Pahang,Commercial,Rural_Coastal,Freehold,11328,15325,7,Excellent,5191000,778600,8000,5977600
CASE-2026-TR-01118,Selangor,Residential,Urban,Leasehold_99,5602,3629,7,Good,1611000,241600,8000,1860600
CASE-2026-TR-01119,Pahang,Residential,Suburban,Freehold,3208,2702,23,Good,735000,110200,8000,853200
CASE-2026-TR-01120,Penang,Residential,Urban,Freehold,6263,4818,14,Poor,1727000,259000,8000,1994000
CASE-2026-TR-01121,Selangor,Commercial,Urban,Malay_Reserve,3563,2640,27,Fair,1553000,233000,8000,1794000
CASE-2026-TR-01122,Penang,Commercial,Rural_Coastal,Freehold,7885,5592,5,Fair,2943000,441400,8000,3392400
CASE-2026-TR-01123,Perak,Agricultural,Urban,Freehold,62101,511,32,Good,2293000,344000,8000,2645000
CASE-2026-TR-01124,Terengganu,Residential,Suburban,Leasehold_99,5755,4339,16,Good,1205000,180800,8000,1393800
CASE-2026-TR-01125,Terengganu,Residential,Urban,Leasehold_99,7123,5068,27,Excellent,1623000,243400,8000,1874400
CASE-2026-TR-01126,Perak,Agricultural,Suburban,Freehold,46509,0,37,Poor,1559000,233800,2000,1794800
CASE-2026-TR-01127,Sabah,Agricultural,Urban,Freehold,34163,0,34,Excellent,1316000,197400,2000,1515400
CASE-2026-TR-01128,Perak,Commercial,Suburban,Leasehold_99,4112,3885,4,Good,1540000,231000,8000,1779000
CASE-2026-TR-01129,Sarawak,Commercial,Suburban,Freehold,6834,8436,3,Good,3251000,487600,8000,3746600
CASE-2026-TR-01130,Selangor,Commercial,Rural_Coastal,Leasehold_99,7874,8714,7,Good,3679000,551800,8000,4238800
CASE-2026-TR-01131,Perak,Residential,Suburban,Freehold,7342,6756,12,Fair,1797000,269600,8000,2074600
CASE-2026-TR-01132,Penang,Commercial,Urban,Leasehold_99,3871,3712,20,Excellent,1924000,288600,8000,2220600
CASE-2026-TR-01133,Sabah,Residential,Suburban,Freehold,7305,6313,27,Good,1662000,249300,8000,1919300
CASE-2026-TR-01134,Johor,Residential,Suburban,Freehold,3158,2233,29,Good,722000,108300,8000,838300
CASE-2026-TR-01135,Melaka,Residential,Urban,Freehold,6130,3721,28,Good,1394000,209100,8000,1611100
CASE-2026-TR-01136,Pahang,Commercial,Urban,Leasehold_99,4193,5452,26,Excellent,1812000,271800,8000,2091800
CASE-2026-TR-01137,Selangor,Industrial,Suburban,Freehold,12347,6297,28,Good,3484000,522600,8000,4014600
CASE-2026-TR-01138,Johor,Commercial,Rural_Coastal,Malay_Reserve,5046,4948,13,Fair,1716000,257400,8000,1981400
CASE-2026-TR-01139,Penang,Residential,Rural_Coastal,Freehold,2725,1793,21,Fair,629000,94400,8000,731400
CASE-2026-TR-01140,Johor,Agricultural,Rural_Coastal,Freehold,52536,0,22,Good,2043000,306400,2000,2351400
CASE-2026-TR-01141,Pahang,Residential,Suburban,Freehold,1584,1320,23,Excellent,366000,54900,8000,428900
CASE-2026-TR-01142,Perak,Agricultural,Urban,Freehold,41543,1120,19,Fair,1564000,234600,8000,1806600
CASE-2026-TR-01143,Penang,Commercial,Suburban,Freehold,9715,11616,26,Excellent,4530000,679500,8000,5217500
CASE-2026-TR-01144,Penang,Residential,Suburban,Leasehold_99,6615,5088,9,Good,2148000,322200,8000,2478200
CASE-2026-TR-01145,Terengganu,Residential,Rural_Coastal,Freehold,3970,2716,19,Excellent,758000,113700,8000,879700
CASE-2026-TR-01146,Selangor,Agricultural,Rural_Coastal,Freehold,32374,1110,18,Fair,1505000,225800,8000,1738800
CASE-2026-TR-01147,Sabah,Agricultural,Suburban,Freehold,52019,1078,34,Excellent,1931000,289600,8000,2228600
CASE-2026-TR-01148,Johor,Industrial,Suburban,Leasehold_99,22581,11689,17,Fair,5173000,776000,8000,5957000
CASE-2026-TR-01149,Pahang,Industrial,Urban,Freehold,28686,19872,11,Fair,7671000,1150600,8000,8829600
CASE-2026-TR-01150,Sabah,Residential,Urban,Leasehold_99,7286,6640,32,Fair,1468000,220200,8000,1696200
CASE-2026-TR-01151,Sabah,Residential,Urban,Freehold,4339,2628,33,Excellent,873000,131000,8000,1012000
CASE-2026-TR-01152,Penang,Industrial,Rural_Coastal,Freehold,8854,3991,6,Good,2493000,374000,8000,2875000
CASE-2026-TR-01153,Johor,Industrial,Suburban,Leasehold_99,14357,8278,11,Excellent,3693000,554000,8000,4255000
CASE-2026-TR-01154,Pahang,Residential,Urban,Malay_Reserve,1638,1281,15,Fair,350000,52500,8000,410500
CASE-2026-TR-01155,Selangor,Agricultural,Suburban,Freehold,32211,0,25,Good,1576000,236400,2000,1814400
CASE-2026-TR-01156,Selangor,Commercial,Urban,Leasehold_99,3587,3058,2,Excellent,2017000,302600,8000,2327600
CASE-2026-TR-01157,Perak,Agricultural,Urban,Leasehold_99,35872,1101,36,Fair,1327000,199000,8000,1534000
CASE-2026-TR-01158,Penang,Industrial,Suburban,Freehold,22922,16952,21,Good,6860000,1029000,8000,7897000
CASE-2026-TR-01159,Selangor,Industrial,Suburban,Leasehold_99,33137,14064,1,Fair,9129000,1369400,8000,10506400
CASE-2026-TR-01160,Penang,Residential,Urban,Leasehold_99,1866,1126,29,Excellent,523000,78400,8000,609400
CASE-2026-TR-01161,Selangor,Industrial,Urban,Freehold,5716,2671,27,Excellent,1859000,278800,8000,2145800
CASE-2026-TR-01162,Penang,Residential,Suburban,Leasehold_99,5655,3731,29,Poor,1242000,186300,8000,1436300
CASE-2026-TR-01163,Melaka,Industrial,Urban,Leasehold_99,5191,2375,22,Excellent,1310000,196500,8000,1514500
CASE-2026-TR-01164,Selangor,Agricultural,Suburban,Leasehold_99,18936,854,15,Fair,1051000,157600,8000,1216600
CASE-2026-TR-01165,Pahang,Commercial,Urban,Leasehold_99,2574,2953,25,Good,927000,139000,8000,1074000
CASE-2026-TR-01166,Selangor,Residential,Rural_Coastal,Freehold,2840,1610,26,Excellent,720000,108000,8000,836000
CASE-2026-TR-01167,Selangor,Agricultural,Suburban,Leasehold_99,18247,0,8,Excellent,942000,141300,2000,1085300
CASE-2026-TR-01168,Selangor,Residential,Suburban,Freehold,3492,2168,30,Good,941000,141200,8000,1090200
CASE-2026-TR-01169,Johor,Agricultural,Urban,Leasehold_99,25611,469,38,Good,1276000,191400,8000,1475400
CASE-2026-TR-01170,Selangor,Agricultural,Urban,Leasehold_99,49735,0,37,Fair,2848000,427200,2000,3277200
CASE-2026-TR-01171,Selangor,Residential,Urban,Freehold,6122,4478,18,Poor,1833000,275000,8000,2116000
CASE-2026-TR-01172,Terengganu,Agricultural,Suburban,Freehold,28708,0,31,Good,902000,135300,2000,1039300
CASE-2026-TR-01173,Melaka,Industrial,Urban,Freehold,18968,14050,16,Poor,4968000,745200,8000,5721200
CASE-2026-TR-01174,Penang,Agricultural,Suburban,Freehold,22485,775,0,Fair,1193000,179000,8000,1380000
CASE-2026-TR-01175,Melaka,Residential,Rural_Coastal,Freehold,5240,3862,25,Excellent,1159000,173800,8000,1340800
CASE-2026-TR-01176,Selangor,Commercial,Urban,Leasehold_99,11679,8176,27,Poor,4862000,729300,8000,5599300
CASE-2026-TR-01177,Melaka,Residential,Suburban,Freehold,6902,4138,9,Good,1641000,246200,8000,1895200
CASE-2026-TR-01178,Selangor,Commercial,Rural_Coastal,Leasehold_99,11399,11187,19,Fair,4007000,601000,8000,4616000
CASE-2026-TR-01179,Selangor,Commercial,Rural_Coastal,Freehold,11095,14631,26,Excellent,5115000,767200,8000,5890200
CASE-2026-TR-01180,Selangor,Commercial,Suburban,Leasehold_99,9625,13336,13,Excellent,5452000,817800,8000,6277800
CASE-2026-TR-01181,Selangor,Commercial,Suburban,Freehold,8659,10219,13,Excellent,5054000,758100,8000,5820100
CASE-2026-TR-01182,Selangor,Residential,Suburban,Leasehold_99,3635,2272,20,Good,900000,135000,8000,1043000
CASE-2026-TR-01183,Pahang,Residential,Rural_Coastal,Leasehold_99,2979,1778,34,Good,439000,65800,8000,512800
CASE-2026-TR-01184,Penang,Residential,Urban,Leasehold_99,1966,1324,4,Fair,582000,87300,8000,677300
CASE-2026-TR-01185,Melaka,Residential,Suburban,Leasehold_99,1925,1305,25,Excellent,446000,66900,8000,520900
CASE-2026-TR-01186,Sabah,Residential,Suburban,Freehold,2576,1572,31,Excellent,488000,73200,8000,569200
CASE-2026-TR-01187,Penang,Agricultural,Urban,Freehold,47486,0,33,Poor,2745000,411800,2000,3158800
CASE-2026-TR-01188,Penang,Residential,Suburban,Freehold,6296,5276,26,Poor,1555000,233200,8000,1796200
CASE-2026-TR-01189,Johor,Industrial,Rural_Coastal,Leasehold_99,23861,16402,26,Excellent,5688000,853200,8000,6549200
CASE-2026-TR-01190,Terengganu,Residential,Urban,Leasehold_99,1851,1540,16,Poor,361000,54200,8000,423200
CASE-2026-TR-01191,Pahang,Residential,Suburban,Leasehold_99,6021,4521,24,Good,1272000,190800,8000,1470800
CASE-2026-TR-01192,Selangor,Commercial,Rural_Coastal,Freehold,3741,3134,21,Fair,1405000,210800,8000,1623800
CASE-2026-TR-01193,Pahang,Commercial,Rural_Coastal,Freehold,10064,7806,8,Good,3331000,499600,8000,3838600
CASE-2026-TR-01194,Johor,Residential,Rural_Coastal,Malay_Reserve,2093,1165,22,Fair,398000,59700,8000,465700
CASE-2026-TR-01195,Sabah,Residential,Suburban,Freehold,1509,1168,7,Good,374000,56100,8000,438100
CASE-2026-TR-01196,Sarawak,Agricultural,Suburban,Leasehold_99,57583,0,12,Good,1988000,298200,2000,2288200
CASE-2026-TR-01197,Selangor,Residential,Urban,Freehold,7398,4275,10,Fair,2343000,351400,8000,2702400
CASE-2026-TR-01198,Penang,Agricultural,Suburban,Freehold,53936,794,35,Good,2650000,397500,8000,3055500
CASE-2026-TR-01199,Pahang,Agricultural,Urban,Freehold,52874,740,31,Fair,2073000,311000,8000,2392000
CASE-2026-TR-01200,Sarawak,Residential,Urban,Freehold,4253,3681,11,Good,1225000,183800,8000,1416800
CASE-2026-TR-01201,Sarawak,Residential,Suburban,Freehold,3253,2611,10,Fair,791000,118600,8000,917600
CASE-2026-TR-01202,Selangor,Commercial,Rural_Coastal,Freehold,11620,13025,10,Fair,4875000,731200,8000,5614200
CASE-2026-TR-01203,Selangor,Agricultural,Rural_Coastal,Malay_Reserve,20279,0,20,Excellent,830000,124500,2000,956500
CASE-2026-TR-01204,Penang,Agricultural,Suburban,Malay_Reserve,29677,0,32,Excellent,1398000,209700,2000,1609700
CASE-2026-TR-01205,Penang,Residential,Urban,Freehold,6853,4769,26,Good,1786000,267900,8000,2061900
CASE-2026-TR-01206,Perak,Agricultural,Suburban,Leasehold_99,17674,0,2,Fair,608000,91200,2000,701200
CASE-2026-TR-01207,Johor,Residential,Suburban,Leasehold_99,3881,3048,12,Fair,1016000,152400,8000,1176400
CASE-2026-TR-01208,Sabah,Commercial,Rural_Coastal,Freehold,11320,13142,21,Excellent,4396000,659400,8000,5063400
CASE-2026-TR-01209,Penang,Commercial,Urban,Leasehold_99,10645,14840,19,Good,6212000,931800,8000,7151800
CASE-2026-TR-01210,Penang,Residential,Urban,Freehold,5073,3472,17,Good,1490000,223500,8000,1721500
CASE-2026-TR-01211,Penang,Industrial,Suburban,Freehold,10243,5253,25,Poor,2624000,393600,8000,3025600
CASE-2026-TR-01212,Penang,Residential,Rural_Coastal,Malay_Reserve,1783,1048,16,Excellent,405000,60800,8000,473800
CASE-2026-TR-01213,Sarawak,Agricultural,Suburban,Leasehold_99,19710,0,29,Poor,683000,102400,2000,787400
CASE-2026-TR-01214,Johor,Residential,Suburban,Leasehold_99,6996,3958,18,Good,1553000,233000,8000,1794000
CASE-2026-TR-01215,Terengganu,Residential,Rural_Coastal,Leasehold_99,2713,1916,33,Good,434000,65100,8000,507100
CASE-2026-TR-01216,Selangor,Commercial,Suburban,Leasehold_99,2487,2248,4,Fair,1046000,156900,8000,1210900
CASE-2026-TR-01217,Sabah,Commercial,Suburban,Malay_Reserve,8763,9015,3,Fair,2991000,448600,8000,3447600
CASE-2026-TR-01218,Sarawak,Residential,Urban,Leasehold_99,1713,1178,34,Good,350000,52500,8000,410500
CASE-2026-TR-01219,Selangor,Agricultural,Rural_Coastal,Freehold,46533,525,14,Good,2209000,331400,8000,2548400
CASE-2026-TR-01220,Sabah,Agricultural,Rural_Coastal,Leasehold_99,43949,1239,7,Fair,1291000,193600,8000,1492600
CASE-2026-TR-01221,Sarawak,Industrial,Rural_Coastal,Freehold,7462,4782,1,Good,1898000,284700,8000,2190700
CASE-2026-TR-01222,Melaka,Residential,Urban,Freehold,5556,4977,33,Fair,1343000,201400,8000,1552400
CASE-2026-TR-01223,Penang,Commercial,Urban,Leasehold_99,10383,10128,6,Excellent,5743000,861400,8000,6612400
CASE-2026-TR-01224,Penang,Residential,Suburban,Leasehold_99,3035,2273,34,Good,719000,107800,8000,834800
CASE-2026-TR-01225,Selangor,Residential,Urban,Leasehold_99,4740,2920,31,Fair,1336000,200400,8000,1544400
CASE-2026-TR-01226,Selangor,Residential,Suburban,Freehold,3746,2793,24,Excellent,1119000,167800,8000,1294800
CASE-2026-TR-01227,Pahang,Industrial,Suburban,Freehold,33488,21171,12,Good,8554000,1283100,8000,9845100
CASE-2026-TR-01228,Selangor,Commercial,Urban,Freehold,11948,12780,1,Good,6923000,1038400,8000,7969400
CASE-2026-TR-01229,Johor,Residential,Suburban,Freehold,3527,2863,12,Poor,815000,122200,8000,945200
CASE-2026-TR-01230,Perak,Industrial,Urban,Freehold,14348,10438,24,Good,3738000,560700,8000,4306700
CASE-2026-TR-01231,Melaka,Commercial,Urban,Leasehold_99,11827,9841,21,Good,4204000,630600,8000,4842600
CASE-2026-TR-01232,Selangor,Agricultural,Urban,Freehold,46107,0,15,Good,2527000,379000,2000,2908000
CASE-2026-TR-01233,Perak,Commercial,Suburban,Freehold,8845,8052,20,Excellent,3213000,482000,8000,3703000
CASE-2026-TR-01234,Sarawak,Agricultural,Rural_Coastal,Freehold,52790,741,6,Excellent,1662000,249300,8000,1919300
CASE-2026-TR-01235,Melaka,Commercial,Suburban,Leasehold_99,8440,10983,9,Good,3635000,545200,8000,4188200
CASE-2026-TR-01236,Penang,Agricultural,Urban,Freehold,48301,0,35,Excellent,3117000,467600,2000,3586600
CASE-2026-TR-01237,Terengganu,Residential,Suburban,Freehold,7243,4583,34,Good,1266000,189900,8000,1463900
CASE-2026-TR-01238,Melaka,Commercial,Rural_Coastal,Freehold,1926,2435,7,Good,855000,128200,8000,991200
CASE-2026-TR-01239,Selangor,Residential,Suburban,Freehold,4241,3798,24,Good,1186000,177900,8000,1371900
CASE-2026-TR-01240,Sarawak,Residential,Suburban,Leasehold_99,4042,3199,14,Good,958000,143700,8000,1109700
CASE-2026-TR-01241,Selangor,Commercial,Urban,Freehold,4255,5821,13,Good,2481000,372200,8000,2861200
CASE-2026-TR-01242,Melaka,Residential,Suburban,Leasehold_99,5991,5425,5,Good,1584000,237600,8000,1829600
CASE-2026-TR-01243,Perak,Residential,Urban,Freehold,3367,2839,9,Excellent,1076000,161400,8000,1245400
CASE-2026-TR-01244,Perak,Agricultural,Urban,Leasehold_99,56509,486,2,Good,2090000,313500,8000,2411500
CASE-2026-TR-01245,Sabah,Commercial,Urban,Freehold,2966,3760,8,Good,1413000,212000,8000,1633000
CASE-2026-TR-01246,Johor,Residential,Urban,Leasehold_99,3256,1902,28,Fair,712000,106800,8000,826800
CASE-2026-TR-01247,Pahang,Commercial,Suburban,Freehold,11640,15330,10,Excellent,6028000,904200,8000,6940200
CASE-2026-TR-01248,Penang,Agricultural,Suburban,Freehold,44047,1227,2,Good,2454000,368100,8000,2830100
CASE-2026-TR-01249,Melaka,Agricultural,Rural_Coastal,Freehold,61515,0,23,Fair,2129000,319400,2000,2450400
CASE-2026-TR-01250,Johor,Agricultural,Rural_Coastal,Freehold,18061,664,34,Excellent,698000,104700,8000,810700
CASE-2026-TR-01251,Melaka,Residential,Urban,Freehold,6397,3592,13,Excellent,1617000,242600,8000,1867600
CASE-2026-TR-01252,Terengganu,Agricultural,Urban,Malay_Reserve,48193,0,31,Good,1506000,225900,2000,1733900
CASE-2026-TR-01253,Selangor,Industrial,Suburban,Freehold,25663,10889,23,Good,6868000,1030200,8000,7906200
CASE-2026-TR-01254,Pahang,Commercial,Urban,Leasehold_99,4879,4786,3,Good,2154000,323100,8000,2485100
CASE-2026-TR-01255,Penang,Agricultural,Rural_Coastal,Freehold,37135,0,37,Fair,1692000,253800,2000,1947800
CASE-2026-TR-01256,Selangor,Residential,Rural_Coastal,Freehold,5249,4417,15,Excellent,1624000,243600,8000,1875600
CASE-2026-TR-01257,Melaka,Commercial,Urban,Freehold,9991,11130,10,Fair,4742000,711300,8000,5461300
CASE-2026-TR-01258,Selangor,Industrial,Rural_Coastal,Freehold,13586,8919,16,Fair,3741000,561200,8000,4310200
CASE-2026-TR-01259,Terengganu,Agricultural,Urban,Leasehold_99,58578,0,13,Good,1987000,298000,2000,2287000
CASE-2026-TR-01260,Terengganu,Residential,Suburban,Malay_Reserve,4863,4439,31,Fair,910000,136500,8000,1054500
CASE-2026-TR-01261,Penang,Residential,Urban,Malay_Reserve,6323,5209,19,Good,1814000,272100,8000,2094100
CASE-2026-TR-01262,Perak,Commercial,Urban,Freehold,6969,5323,14,Excellent,2601000,390200,8000,2999200
CASE-2026-TR-01263,Perak,Agricultural,Rural_Coastal,Freehold,51067,707,28,Good,1436000,215400,8000,1659400
CASE-2026-TR-01264,Penang,Agricultural,Suburban,Freehold,27631,0,6,Good,1505000,225800,2000,1732800
CASE-2026-TR-01265,Selangor,Residential,Urban,Leasehold_99,1797,1130,5,Excellent,593000,89000,8000,690000
CASE-2026-TR-01266,Pahang,Residential,Suburban,Malay_Reserve,6213,4309,6,Excellent,1640000,246000,8000,1894000
CASE-2026-TR-01267,Selangor,Residential,Suburban,Freehold,2695,1951,25,Good,790000,118500,8000,916500
CASE-2026-TR-01268,Selangor,Agricultural,Suburban,Leasehold_99,43794,0,39,Excellent,2006000,300900,2000,2308900
CASE-2026-TR-01269,Sarawak,Industrial,Urban,Freehold,27091,14884,27,Good,6161000,924200,8000,7093200
CASE-2026-TR-01270,Terengganu,Residential,Rural_Coastal,Freehold,1605,1391,4,Good,376000,56400,8000,440400
CASE-2026-TR-01271,Penang,Commercial,Urban,Freehold,10526,12438,27,Good,5499000,824800,8000,6331800
CASE-2026-TR-01272,Johor,Residential,Urban,Leasehold_99,1412,1316,7,Excellent,478000,71700,8000,557700
CASE-2026-TR-01273,Penang,Commercial,Rural_Coastal,Leasehold_99,10266,9622,6,Good,4154000,623100,8000,4785100
CASE-2026-TR-01274,Penang,Commercial,Rural_Coastal,Freehold,4022,4283,20,Fair,1621000,243200,8000,1872200
CASE-2026-TR-01275,Penang,Commercial,Urban,Leasehold_99,6919,7395,21,Good,3259000,488800,8000,3755800
CASE-2026-TR-01276,Perak,Commercial,Rural_Coastal,Freehold,7671,10539,17,Good,2941000,441200,8000,3390200
CASE-2026-TR-01277,Perak,Commercial,Suburban,Freehold,7954,9549,16,Excellent,3408000,511200,8000,3927200
CASE-2026-TR-01278,Sabah,Agricultural,Urban,Leasehold_99,21861,601,38,Good,893000,134000,8000,1035000
CASE-2026-TR-01279,Sabah,Industrial,Suburban,Freehold,27023,11911,26,Good,5413000,812000,8000,6233000
CASE-2026-TR-01280,Johor,Residential,Rural_Coastal,Leasehold_99,2145,1967,23,Good,476000,71400,8000,555400
CASE-2026-TR-01281,Sabah,Commercial,Suburban,Leasehold_99,11639,13994,27,Excellent,4442000,666300,8000,5116300
CASE-2026-TR-01282,Pahang,Commercial,Suburban,Leasehold_99,3079,2727,9,Good,1067000,160000,8000,1235000
CASE-2026-TR-01283,Melaka,Residential,Urban,Leasehold_99,3455,2304,7,Poor,790000,118500,8000,916500
CASE-2026-TR-01284,Sarawak,Residential,Urban,Freehold,7027,4372,20,Excellent,1735000,260200,8000,2003200
CASE-2026-TR-01285,Melaka,Commercial,Urban,Freehold,9201,12032,16,Poor,3753000,563000,8000,4324000
CASE-2026-TR-01286,Selangor,Agricultural,Urban,Leasehold_99,48697,0,39,Excellent,2831000,424600,2000,3257600
CASE-2026-TR-01287,Selangor,Agricultural,Urban,Malay_Reserve,38386,0,34,Poor,2112000,316800,2000,2430800
CASE-2026-TR-01288,Johor,Agricultural,Suburban,Malay_Reserve,44075,0,21,Poor,1681000,252200,2000,1935200
CASE-2026-TR-01289,Johor,Agricultural,Suburban,Malay_Reserve,35748,952,18,Good,1381000,207200,8000,1596200
CASE-2026-TR-01290,Perak,Commercial,Suburban,Freehold,1775,1924,22,Good,631000,94600,8000,733600
CASE-2026-TR-01291,Johor,Residential,Urban,Leasehold_99,3702,2831,18,Fair,953000,143000,8000,1104000
CASE-2026-TR-01292,Sarawak,Residential,Rural_Coastal,Leasehold_99,3794,2352,25,Poor,582000,87300,8000,677300
CASE-2026-TR-01293,Penang,Commercial,Rural_Coastal,Freehold,10741,10309,12,Excellent,4912000,736800,8000,5656800
CASE-2026-TR-01294,Perak,Residential,Urban,Leasehold_99,7315,6875,21,Good,1839000,275800,8000,2122800
CASE-2026-TR-01295,Pahang,Agricultural,Suburban,Malay_Reserve,24047,0,30,Good,731000,109600,2000,842600
CASE-2026-TR-01296,Penang,Agricultural,Urban,Freehold,32661,0,13,Poor,1976000,296400,2000,2274400
CASE-2026-TR-01297,Selangor,Residential,Urban,Freehold,5750,5248,2,Excellent,2162000,324300,8000,2494300
CASE-2026-TR-01298,Selangor,Residential,Urban,Freehold,5602,3921,1,Fair,1755000,263200,8000,2026200
CASE-2026-TR-01299,Selangor,Commercial,Suburban,Freehold,8936,9801,14,Poor,3858000,578700,8000,4444700
CASE-2026-TR-01300,Selangor,Commercial,Urban,Freehold,4396,4190,20,Good,2284000,342600,8000,2634600
CASE-2026-TR-01301,Melaka,Commercial,Urban,Malay_Reserve,11642,13937,4,Excellent,5797000,869600,8000,6674600
CASE-2026-TR-01302,Selangor,Industrial,Suburban,Leasehold_99,4888,2591,16,Good,1347000,202000,8000,1557000
CASE-2026-TR-01303,Selangor,Residential,Urban,Freehold,7495,6049,7,Good,2840000,426000,8000,3274000
CASE-2026-TR-01304,Sabah,Commercial,Urban,Freehold,1977,2297,13,Fair,800000,120000,8000,928000
CASE-2026-TR-01305,Perak,Residential,Suburban,Leasehold_99,3391,2118,22,Fair,610000,91500,8000,709500
CASE-2026-TR-01306,Selangor,Residential,Suburban,Freehold,4001,3735,11,Excellent,1615000,242200,8000,1865200
CASE-2026-TR-01307,Terengganu,Commercial,Rural_Coastal,Freehold,4190,5111,17,Good,1531000,229600,8000,1768600
CASE-2026-TR-01308,Johor,Commercial,Rural_Coastal,Leasehold_99,3193,3688,14,Good,1249000,187400,8000,1444400
CASE-2026-TR-01309,Sabah,Residential,Urban,Leasehold_99,4039,2543,6,Good,986000,147900,8000,1141900
CASE-2026-TR-01310,Perak,Residential,Rural_Coastal,Freehold,4134,2732,3,Good,942000,141300,8000,1091300
CASE-2026-TR-01311,Selangor,Residential,Suburban,Leasehold_99,3637,3356,17,Poor,1023000,153400,8000,1184400
CASE-2026-TR-01312,Pahang,Residential,Urban,Leasehold_99,1892,1246,7,Good,423000,63400,8000,494400
CASE-2026-TR-01313,Selangor,Residential,Urban,Leasehold_99,3269,1845,9,Good,1041000,156200,8000,1205200
CASE-2026-TR-01314,Johor,Residential,Rural_Coastal,Freehold,7216,5536,30,Good,1551000,232600,8000,1791600
CASE-2026-TR-01315,Sabah,Residential,Suburban,Freehold,7313,6520,13,Good,1978000,296700,8000,2282700
CASE-2026-TR-01316,Pahang,Commercial,Urban,Freehold,2481,2508,19,Good,988000,148200,8000,1144200
CASE-2026-TR-01317,Selangor,Residential,Suburban,Freehold,5993,5411,4,Poor,1841000,276200,8000,2125200
CASE-2026-TR-01318,Penang,Residential,Suburban,Freehold,6935,4445,26,Excellent,1875000,281200,8000,2164200
CASE-2026-TR-01319,Johor,Residential,Suburban,Freehold,2412,2221,3,Good,813000,122000,8000,943000
CASE-2026-TR-01320,Pahang,Residential,Suburban,Leasehold_99,2304,2090,13,Good,527000,79000,8000,614000
CASE-2026-TR-01321,Terengganu,Residential,Urban,Leasehold_99,7451,7031,3,Good,2034000,305100,8000,2347100
CASE-2026-TR-01322,Melaka,Industrial,Suburban,Leasehold_99,16084,10060,15,Excellent,3990000,598500,8000,4596500
CASE-2026-TR-01323,Penang,Residential,Urban,Freehold,5975,5427,24,Fair,1887000,283000,8000,2178000
CASE-2026-TR-01324,Terengganu,Residential,Urban,Leasehold_99,3621,3232,15,Excellent,903000,135400,8000,1046400
CASE-2026-TR-01325,Melaka,Residential,Urban,Leasehold_99,4388,2955,27,Fair,855000,128200,8000,991200
CASE-2026-TR-01326,Johor,Agricultural,Rural_Coastal,Freehold,56352,1241,39,Excellent,1964000,294600,8000,2266600
CASE-2026-TR-01327,Penang,Commercial,Urban,Leasehold_99,11015,10444,21,Fair,4908000,736200,8000,5652200
CASE-2026-TR-01328,Selangor,Commercial,Suburban,Freehold,1824,2399,19,Good,978000,146700,8000,1132700
CASE-2026-TR-01329,Pahang,Agricultural,Urban,Freehold,27523,0,9,Poor,995000,149200,2000,1146200
CASE-2026-TR-01330,Penang,Residential,Rural_Coastal,Freehold,3205,2141,9,Fair,737000,110600,8000,855600
CASE-2026-TR-01331,Selangor,Commercial,Suburban,Leasehold_99,9325,10288,10,Good,4897000,734600,8000,5639600
CASE-2026-TR-01332,Selangor,Commercial,Suburban,Freehold,6499,8987,5,Fair,3351000,502600,8000,3861600
CASE-2026-TR-01333,Selangor,Residential,Suburban,Leasehold_99,2927,2227,11,Good,801000,120200,8000,929200
CASE-2026-TR-01334,Selangor,Commercial,Urban,Malay_Reserve,10782,13535,16,Fair,5328000,799200,8000,6135200
CASE-2026-TR-01335,Selangor,Residential,Urban,Leasehold_99,3302,3063,7,Good,1189000,178400,8000,1375400
CASE-2026-TR-01336,Selangor,Residential,Suburban,Leasehold_99,2005,1547,2,Fair,572000,85800,8000,665800
CASE-2026-TR-01337,Johor,Agricultural,Rural_Coastal,Malay_Reserve,49710,497,25,Excellent,1715000,257200,8000,1980200
CASE-2026-TR-01338,Pahang,Agricultural,Urban,Freehold,50391,0,12,Excellent,1951000,292600,2000,2245600
CASE-2026-TR-01339,Penang,Residential,Urban,Freehold,1805,1331,16,Fair,520000,78000,8000,606000
CASE-2026-TR-01340,Johor,Agricultural,Suburban,Leasehold_99,56410,0,16,Fair,2256000,338400,2000,2596400
CASE-2026-TR-01341,Melaka,Residential,Urban,Freehold,6248,5280,26,Fair,1522000,228300,8000,1758300
CASE-2026-TR-01342,Melaka,Commercial,Urban,Freehold,10326,11510,8,Poor,4193000,629000,8000,4830000
CASE-2026-TR-01343,Selangor,Agricultural,Urban,Freehold,24729,689,10,Fair,1546000,231900,8000,1785900
CASE-2026-TR-01344,Melaka,Residential,Urban,Freehold,2160,1349,8,Good,564000,84600,8000,656600
CASE-2026-TR-01345,Selangor,Commercial,Suburban,Freehold,4616,5642,18,Good,2387000,358000,8000,2753000
CASE-2026-TR-01346,Penang,Residential,Urban,Leasehold_99,6652,4033,22,Fair,1868000,280200,8000,2156200
CASE-2026-TR-01347,Selangor,Residential,Rural_Coastal,Malay_Reserve,5660,3385,21,Fair,1302000,195300,8000,1505300
CASE-2026-TR-01348,Pahang,Residential,Urban,Freehold,2462,1859,15,Good,584000,87600,8000,679600
CASE-2026-TR-01349,Penang,Residential,Urban,Freehold,1860,1530,28,Fair,501000,75200,8000,584200
CASE-2026-TR-01350,Johor,Agricultural,Suburban,Leasehold_99,36305,0,30,Excellent,1611000,241600,2000,1854600
CASE-2026-TR-01351,Johor,Residential,Rural_Coastal,Leasehold_99,2730,1580,8,Poor,540000,81000,8000,629000
CASE-2026-TR-01352,Selangor,Residential,Suburban,Leasehold_99,7046,4763,11,Excellent,2081000,312200,8000,2401200
CASE-2026-TR-01353,Penang,Residential,Urban,Leasehold_99,7043,4693,26,Good,2055000,308200,8000,2371200
CASE-2026-TR-01354,Johor,Residential,Rural_Coastal,Leasehold_99,2616,1573,5,Good,627000,94000,8000,729000
CASE-2026-TR-01355,Penang,Industrial,Rural_Coastal,Freehold,21326,14476,16,Fair,5259000,788800,8000,6055800
CASE-2026-TR-01356,Selangor,Residential,Urban,Freehold,3783,2556,18,Excellent,1289000,193400,8000,1490400
CASE-2026-TR-01357,Selangor,Residential,Suburban,Freehold,3235,2711,14,Poor,876000,131400,8000,1015400
CASE-2026-TR-01358,Selangor,Residential,Urban,Freehold,5598,4932,30,Good,1869000,280400,8000,2157400
CASE-2026-TR-01359,Pahang,Commercial,Rural_Coastal,Leasehold_99,7311,7418,13,Excellent,2565000,384800,8000,2957800
CASE-2026-TR-01360,Selangor,Residential,Urban,Freehold,5490,5116,1,Good,2241000,336200,8000,2585200
CASE-2026-TR-01361,Sabah,Residential,Urban,Freehold,7293,5440,5,Excellent,2236000,335400,8000,2579400
CASE-2026-TR-01362,Johor,Residential,Rural_Coastal,Freehold,7214,4727,13,Good,1763000,264400,8000,2035400
CASE-2026-TR-01363,Sarawak,Residential,Urban,Leasehold_99,5957,5107,33,Fair,1208000,181200,8000,1397200
CASE-2026-TR-01364,Selangor,Agricultural,Urban,Freehold,43273,0,36,Poor,2743000,411400,2000,3156400
CASE-2026-TR-01365,Selangor,Residential,Urban,Malay_Reserve,2878,2190,8,Good,933000,140000,8000,1081000
CASE-2026-TR-01366,Penang,Residential,Rural_Coastal,Freehold,1536,1428,32,Excellent,399000,59800,8000,466800
CASE-2026-TR-01367,Melaka,Residential,Urban,Freehold,2550,1437,31,Good,563000,84400,8000,655400
CASE-2026-TR-01368,Terengganu,Agricultural,Suburban,Freehold,45011,0,16,Excellent,1508000,226200,2000,1736200
CASE-2026-TR-01369,Selangor,Agricultural,Urban,Malay_Reserve,23046,1238,10,Excellent,1366000,204900,8000,1578900
CASE-2026-TR-01370,Selangor,Commercial,Rural_Coastal,Leasehold_99,8430,7728,24,Good,2951000,442600,8000,3401600
CASE-2026-TR-01371,Selangor,Residential,Rural_Coastal,Freehold,2016,1739,15,Good,568000,85200,8000,661200
CASE-2026-TR-01372,Selangor,Residential,Rural_Coastal,Leasehold_99,2537,1814,6,Excellent,742000,111300,8000,861300
CASE-2026-TR-01373,Melaka,Residential,Urban,Leasehold_99,4449,3230,29,Good,1044000,156600,8000,1208600
CASE-2026-TR-01374,Pahang,Residential,Suburban,Leasehold_99,5075,3575,29,Good,998000,149700,8000,1155700
CASE-2026-TR-01375,Penang,Residential,Rural_Coastal,Freehold,6165,3959,27,Good,1437000,215600,8000,1660600
CASE-2026-TR-01376,Pahang,Agricultural,Rural_Coastal,Freehold,41836,0,21,Excellent,1162000,174300,2000,1338300
CASE-2026-TR-01377,Selangor,Residential,Urban,Leasehold_99,4018,3160,23,Excellent,1293000,194000,8000,1495000
CASE-2026-TR-01378,Selangor,Agricultural,Suburban,Malay_Reserve,41767,0,26,Good,2107000,316000,2000,2425000
CASE-2026-TR-01379,Selangor,Residential,Rural_Coastal,Malay_Reserve,2558,2126,27,Fair,550000,82500,8000,640500
CASE-2026-TR-01380,Melaka,Residential,Urban,Freehold,5428,4686,26,Fair,1297000,194600,8000,1499600
CASE-2026-TR-01381,Johor,Agricultural,Suburban,Freehold,52096,0,32,Fair,2224000,333600,2000,2559600
CASE-2026-TR-01382,Selangor,Commercial,Rural_Coastal,Freehold,6580,7749,7,Excellent,3462000,519300,8000,3989300
CASE-2026-TR-01383,Penang,Residential,Rural_Coastal,Freehold,5125,3839,10,Fair,1257000,188600,8000,1453600
CASE-2026-TR-01384,Melaka,Residential,Urban,Freehold,2057,1914,13,Poor,512000,76800,8000,596800
CASE-2026-TR-01385,Penang,Industrial,Urban,Freehold,12774,9366,26,Fair,3765000,564800,8000,4337800
CASE-2026-TR-01386,Selangor,Residential,Suburban,Freehold,3626,2232,30,Excellent,983000,147400,8000,1138400
CASE-2026-TR-01387,Sabah,Commercial,Urban,Freehold,5953,6642,5,Good,2663000,399400,8000,3070400
CASE-2026-TR-01388,Selangor,Residential,Urban,Leasehold_99,4096,2433,23,Good,1078000,161700,8000,1247700
CASE-2026-TR-01389,Johor,Residential,Urban,Freehold,6145,4588,25,Poor,1468000,220200,8000,1696200
CASE-2026-TR-01390,Perak,Industrial,Rural_Coastal,Freehold,25864,14380,1,Good,5473000,821000,8000,6302000
CASE-2026-TR-01391,Sabah,Commercial,Urban,Freehold,8143,7525,20,Good,3077000,461600,8000,3546600
CASE-2026-TR-01392,Sarawak,Residential,Urban,Freehold,6137,5210,4,Excellent,1938000,290700,8000,2236700
CASE-2026-TR-01393,Selangor,Commercial,Suburban,Freehold,11112,15359,1,Good,6856000,1028400,8000,7892400
CASE-2026-TR-01394,Selangor,Agricultural,Urban,Leasehold_99,53230,0,9,Excellent,3249000,487400,2000,3738400
CASE-2026-TR-01395,Selangor,Residential,Suburban,Freehold,1638,1392,10,Poor,460000,69000,8000,537000
CASE-2026-TR-01396,Penang,Residential,Suburban,Freehold,4394,4138,26,Excellent,1380000,207000,8000,1595000
CASE-2026-TR-01397,Johor,Residential,Urban,Freehold,2933,2440,30,Excellent,795000,119200,8000,922200
CASE-2026-TR-01398,Sabah,Commercial,Suburban,Freehold,6401,7331,19,Poor,2121000,318200,8000,2447200
CASE-2026-TR-01399,Selangor,Residential,Urban,Leasehold_99,5610,4783,9,Good,1939000,290800,8000,2237800
CASE-2026-TR-01400,Johor,Residential,Suburban,Freehold,1987,1197,12,Good,510000,76500,8000,594500
CASE-2026-TR-01401,Johor,Residential,Urban,Freehold,6727,5320,30,Fair,1713000,257000,8000,1978000
CASE-2026-TR-01402,Sabah,Residential,Rural_Coastal,Freehold,7162,4114,26,Fair,1143000,171400,8000,1322400
CASE-2026-TR-01403,Melaka,Commercial,Urban,Leasehold_99,6195,6366,17,Poor,2082000,312300,8000,2402300
CASE-2026-TR-01404,Penang,Residential,Urban,Malay_Reserve,4768,2667,18,Good,1272000,190800,8000,1470800
CASE-2026-TR-01405,Selangor,Residential,Urban,Freehold,1324,1182,17,Fair,455000,68200,8000,531200
CASE-2026-TR-01406,Pahang,Agricultural,Suburban,Freehold,55218,1316,26,Good,2096000,314400,8000,2418400
CASE-2026-TR-01407,Selangor,Agricultural,Rural_Coastal,Leasehold_99,16702,0,11,Good,719000,107800,2000,828800
CASE-2026-TR-01408,Selangor,Residential,Suburban,Freehold,5676,4087,25,Poor,1332000,199800,8000,1539800
CASE-2026-TR-01409,Perak,Agricultural,Urban,Freehold,16432,0,10,Fair,606000,90900,2000,698900
CASE-2026-TR-01410,Terengganu,Residential,Urban,Leasehold_99,4013,3009,22,Fair,863000,129400,8000,1000400
CASE-2026-TR-01411,Johor,Agricultural,Suburban,Leasehold_99,26193,1376,38,Good,1162000,174300,8000,1344300
CASE-2026-TR-01412,Selangor,Agricultural,Rural_Coastal,Freehold,40579,0,22,Fair,1935000,290200,2000,2227200
CASE-2026-TR-01413,Selangor,Agricultural,Suburban,Freehold,39154,514,21,Good,2200000,330000,8000,2538000
CASE-2026-TR-01414,Perak,Agricultural,Suburban,Freehold,22838,0,17,Fair,765000,114800,2000,881800
CASE-2026-TR-01415,Selangor,Residential,Rural_Coastal,Freehold,5008,4376,34,Fair,1195000,179200,8000,1382200
CASE-2026-TR-01416,Melaka,Commercial,Suburban,Leasehold_99,7495,5845,25,Fair,2442000,366300,8000,2816300
CASE-2026-TR-01417,Selangor,Agricultural,Suburban,Leasehold_99,37383,803,18,Good,2066000,309900,8000,2383900
CASE-2026-TR-01418,Penang,Commercial,Rural_Coastal,Freehold,7661,7810,22,Excellent,3301000,495200,8000,3804200
CASE-2026-TR-01419,Johor,Residential,Suburban,Leasehold_99,1732,1409,32,Fair,375000,56200,8000,439200
CASE-2026-TR-01420,Sabah,Residential,Urban,Freehold,3001,2760,32,Fair,579000,86800,8000,673800
CASE-2026-TR-01421,Selangor,Commercial,Suburban,Leasehold_99,2656,2136,24,Poor,1014000,152100,8000,1174100
CASE-2026-TR-01422,Pahang,Agricultural,Suburban,Freehold,46279,598,34,Good,1627000,244000,8000,1879000
CASE-2026-TR-01423,Sabah,Residential,Suburban,Freehold,2654,1490,18,Excellent,600000,90000,8000,698000
CASE-2026-TR-01424,Pahang,Commercial,Urban,Freehold,5040,5690,19,Excellent,2273000,341000,8000,2622000
CASE-2026-TR-01425,Johor,Residential,Urban,Leasehold_99,5569,4473,23,Fair,1379000,206800,8000,1593800
CASE-2026-TR-01426,Selangor,Agricultural,Rural_Coastal,Freehold,50531,0,18,Good,2159000,323800,2000,2484800
CASE-2026-TR-01427,Penang,Agricultural,Urban,Leasehold_99,32404,0,15,Poor,1725000,258800,2000,1985800
CASE-2026-TR-01428,Johor,Residential,Suburban,Freehold,5186,3624,21,Good,1281000,192200,8000,1481200
CASE-2026-TR-01429,Sarawak,Residential,Urban,Freehold,6544,6198,16,Good,1933000,290000,8000,2231000
CASE-2026-TR-01430,Selangor,Industrial,Rural_Coastal,Freehold,8329,4917,28,Good,2059000,308800,8000,2375800
CASE-2026-TR-01431,Selangor,Residential,Suburban,Freehold,4039,3307,33,Excellent,1084000,162600,8000,1254600
CASE-2026-TR-01432,Selangor,Commercial,Urban,Freehold,6880,8077,19,Good,3873000,581000,8000,4462000
CASE-2026-TR-01433,Sabah,Commercial,Urban,Leasehold_99,11508,13610,1,Good,5615000,842200,8000,6465200
CASE-2026-TR-01434,Sabah,Residential,Suburban,Freehold,3015,2133,28,Good,629000,94400,8000,731400
CASE-2026-TR-01435,Perak,Agricultural,Rural_Coastal,Freehold,30829,0,2,Fair,801000,120200,2000,923200
CASE-2026-TR-01436,Sarawak,Residential,Urban,Leasehold_99,3444,2773,1,Excellent,1095000,164200,8000,1267200
CASE-2026-TR-01437,Penang,Residential,Suburban,Freehold,6979,6201,34,Good,2033000,305000,8000,2346000
CASE-2026-TR-01438,Melaka,Residential,Urban,Freehold,3456,2807,12,Good,1046000,156900,8000,1210900
CASE-2026-TR-01439,Melaka,Agricultural,Urban,Freehold,36737,0,29,Good,1678000,251700,2000,1931700
CASE-2026-TR-01440,Penang,Agricultural,Urban,Freehold,25691,812,27,Excellent,1505000,225800,8000,1738800
CASE-2026-TR-01441,Selangor,Residential,Urban,Leasehold_99,5281,3881,22,Excellent,1678000,251700,8000,1937700
CASE-2026-TR-01442,Selangor,Commercial,Rural_Coastal,Freehold,6851,8724,11,Fair,3084000,462600,8000,3554600
CASE-2026-TR-01443,Selangor,Agricultural,Urban,Malay_Reserve,31447,1167,5,Good,1805000,270800,8000,2083800
CASE-2026-TR-01444,Johor,Residential,Rural_Coastal,Freehold,4354,2833,12,Fair,900000,135000,8000,1043000
CASE-2026-TR-01445,Pahang,Residential,Urban,Freehold,1489,1315,32,Good,331000,49600,8000,388600
CASE-2026-TR-01446,Johor,Agricultural,Urban,Freehold,43013,0,16,Fair,2326000,348900,2000,2676900
CASE-2026-TR-01447,Perak,Agricultural,Urban,Freehold,63985,0,4,Good,2410000,361500,2000,2773500
CASE-2026-TR-01448,Johor,Commercial,Rural_Coastal,Malay_Reserve,5039,5349,15,Fair,1788000,268200,8000,2064200
CASE-2026-TR-01449,Johor,Commercial,Urban,Leasehold_99,6524,7092,6,Excellent,3452000,517800,8000,3977800
CASE-2026-TR-01450,Melaka,Agricultural,Urban,Freehold,23108,0,35,Good,1037000,155600,2000,1194600
CASE-2026-TR-01451,Penang,Industrial,Suburban,Leasehold_99,18230,9496,28,Fair,4552000,682800,8000,5242800
CASE-2026-TR-01452,Perak,Residential,Suburban,Freehold,3703,2603,32,Good,697000,104600,8000,809600
CASE-2026-TR-01453,Penang,Residential,Suburban,Freehold,3757,3280,6,Excellent,1296000,194400,8000,1498400
CASE-2026-TR-01454,Johor,Industrial,Urban,Freehold,26559,19519,24,Good,7785000,1167800,8000,8960800
CASE-2026-TR-01455,Penang,Agricultural,Rural_Coastal,Malay_Reserve,27952,0,2,Poor,1147000,172000,2000,1321000
CASE-2026-TR-01456,Selangor,Agricultural,Urban,Leasehold_99,35753,0,15,Good,1983000,297400,2000,2282400
CASE-2026-TR-01457,Johor,Residential,Suburban,Freehold,2107,1659,9,Good,606000,90900,8000,704900
CASE-2026-TR-01458,Perak,Commercial,Suburban,Leasehold_99,4466,3985,17,Excellent,1560000,234000,8000,1802000
CASE-2026-TR-01459,Penang,Industrial,Suburban,Leasehold_99,29452,16775,20,Fair,7053000,1058000,8000,8119000
CASE-2026-TR-01460,Terengganu,Residential,Suburban,Malay_Reserve,2340,1735,4,Poor,445000,66800,8000,519800
CASE-2026-TR-01461,Selangor,Industrial,Urban,Malay_Reserve,19820,11661,11,Good,6216000,932400,8000,7156400
CASE-2026-TR-01462,Pahang,Agricultural,Urban,Malay_Reserve,35778,0,22,Excellent,1177000,176600,2000,1355600
CASE-2026-TR-01463,Perak,Residential,Suburban,Leasehold_99,5876,3914,32,Poor,835000,125200,8000,968200
CASE-2026-TR-01464,Johor,Commercial,Urban,Freehold,7671,6946,18,Good,3209000,481400,8000,3698400
CASE-2026-TR-01465,Penang,Commercial,Urban,Leasehold_99,2869,3796,9,Good,1677000,251600,8000,1936600
CASE-2026-TR-01466,Penang,Residential,Suburban,Freehold,1886,1739,3,Good,611000,91600,8000,710600
CASE-2026-TR-01467,Selangor,Agricultural,Suburban,Freehold,46029,415,20,Good,2641000,396200,8000,3045200
CASE-2026-TR-01468,Pahang,Agricultural,Suburban,Freehold,59711,0,28,Excellent,2068000,310200,2000,2380200
CASE-2026-TR-01469,Penang,Residential,Suburban,Leasehold_99,6116,4380,28,Fair,1436000,215400,8000,1659400
CASE-2026-TR-01470,Sabah,Residential,Suburban,Freehold,3467,2384,4,Poor,702000,105300,8000,815300
CASE-2026-TR-01471,Terengganu,Residential,Urban,Freehold,2355,1939,13,Good,548000,82200,8000,638200
CASE-2026-TR-01472,Johor,Residential,Rural_Coastal,Freehold,1359,834,1,Fair,327000,49000,8000,384000
CASE-2026-TR-01473,Johor,Residential,Urban,Leasehold_99,6759,6266,7,Good,2125000,318800,8000,2451800
CASE-2026-TR-01474,Perak,Agricultural,Urban,Freehold,53092,645,36,Excellent,2044000,306600,8000,2358600
CASE-2026-TR-01475,Penang,Residential,Urban,Malay_Reserve,6494,3901,25,Good,1685000,252800,8000,1945800
CASE-2026-TR-01476,Sabah,Commercial,Rural_Coastal,Freehold,1899,2340,19,Poor,605000,90800,8000,703800
CASE-2026-TR-01477,Penang,Residential,Suburban,Leasehold_99,4439,3833,21,Good,1233000,185000,8000,1426000
CASE-2026-TR-01478,Pahang,Commercial,Urban,Freehold,4435,5828,8,Fair,1821000,273200,8000,2102200
CASE-2026-TR-01479,Penang,Industrial,Suburban,Freehold,20494,13617,8,Excellent,7903000,1185400,8000,9096400
CASE-2026-TR-01480,Selangor,Agricultural,Suburban,Freehold,32046,0,29,Fair,1772000,265800,2000,2039800
CASE-2026-TR-01481,Perak,Agricultural,Suburban,Freehold,55832,0,32,Fair,1862000,279300,2000,2143300
CASE-2026-TR-01482,Selangor,Residential,Suburban,Leasehold_99,2223,1989,16,Excellent,702000,105300,8000,815300
CASE-2026-TR-01483,Penang,Commercial,Suburban,Freehold,4512,5589,19,Poor,1961000,294200,8000,2263200
CASE-2026-TR-01484,Terengganu,Agricultural,Suburban,Freehold,27822,1072,28,Poor,904000,135600,8000,1047600
CASE-2026-TR-01485,Penang,Commercial,Urban,Freehold,7653,7319,9,Good,4269000,640400,8000,4917400
CASE-2026-TR-01486,Sabah,Residential,Urban,Freehold,1460,1315,19,Excellent,401000,60200,8000,469200
CASE-2026-TR-01487,Pahang,Residential,Suburban,Leasehold_99,7188,5858,6,Fair,1696000,254400,8000,1958400
CASE-2026-TR-01488,Selangor,Residential,Suburban,Freehold,1741,969,7,Excellent,515000,77200,8000,600200
CASE-2026-TR-01489,Selangor,Residential,Suburban,Freehold,5850,5400,23,Good,1711000,256600,8000,1975600
CASE-2026-TR-01490,Penang,Industrial,Urban,Freehold,6792,3650,25,Good,2037000,305600,8000,2350600
CASE-2026-TR-01491,Selangor,Residential,Rural_Coastal,Freehold,2213,1721,18,Good,549000,82400,8000,639400
CASE-2026-TR-01492,Melaka,Residential,Suburban,Freehold,2323,2073,7,Good,692000,103800,8000,803800
CASE-2026-TR-01493,Sabah,Residential,Urban,Leasehold_99,3767,2912,11,Fair,891000,133600,8000,1032600
CASE-2026-TR-01494,Pahang,Residential,Rural_Coastal,Freehold,1681,1043,10,Good,334000,50100,8000,392100
CASE-2026-TR-01495,Penang,Residential,Suburban,Freehold,3450,2879,32,Poor,811000,121600,8000,940600
CASE-2026-TR-01496,Selangor,Residential,Urban,Malay_Reserve,3829,2281,17,Excellent,1122000,168300,8000,1298300
CASE-2026-TR-01497,Selangor,Residential,Urban,Leasehold_99,6968,5796,15,Good,2441000,366200,8000,2815200
CASE-2026-TR-01498,Johor,Residential,Suburban,Leasehold_99,5513,4534,8,Good,1490000,223500,8000,1721500
CASE-2026-TR-01499,Perak,Agricultural,Urban,Freehold,36784,0,38,Poor,1439000,215800,2000,1656800
CASE-2026-TR-01500,Penang,Residential,Suburban,Leasehold_99,4459,2748,28,Good,947000,142000,8000,1097000
CASE-2026-TR-01501,Selangor,Industrial,Suburban,Freehold,21789,12989,11,Excellent,7426000,1113900,8000,8547900
CASE-2026-TR-01502,Sabah,Commercial,Urban,Freehold,5531,3908,18,Excellent,1925000,288800,8000,2221800
CASE-2026-TR-01503,Perak,Residential,Suburban,Freehold,5228,3125,11,Fair,1004000,150600,8000,1162600
CASE-2026-TR-01504,Johor,Residential,Rural_Coastal,Leasehold_99,7223,4736,20,Poor,1245000,186800,8000,1439800
CASE-2026-TR-01505,Perak,Residential,Rural_Coastal,Freehold,5235,4038,20,Excellent,1045000,156800,8000,1209800
CASE-2026-TR-01506,Johor,Residential,Suburban,Freehold,1984,1421,6,Poor,461000,69200,8000,538200
CASE-2026-TR-01507,Perak,Agricultural,Urban,Leasehold_99,29318,0,37,Good,1056000,158400,2000,1216400
CASE-2026-TR-01508,Pahang,Industrial,Urban,Leasehold_99,28834,12829,5,Good,6803000,1020400,8000,7831400
CASE-2026-TR-01509,Penang,Commercial,Urban,Leasehold_99,5870,5791,20,Good,2881000,432200,8000,3321200
CASE-2026-TR-01510,Johor,Commercial,Suburban,Leasehold_99,9124,12542,26,Good,3589000,538400,8000,4135400
CASE-2026-TR-01511,Selangor,Residential,Suburban,Freehold,4819,4031,9,Good,1601000,240200,8000,1849200
CASE-2026-TR-01512,Terengganu,Commercial,Urban,Freehold,8847,7546,15,Poor,2650000,397500,8000,3055500
CASE-2026-TR-01513,Penang,Residential,Suburban,Freehold,3312,2283,18,Poor,807000,121000,8000,936000
CASE-2026-TR-01514,Selangor,Agricultural,Urban,Freehold,25162,0,23,Good,1612000,241800,2000,1855800
CASE-2026-TR-01515,Selangor,Industrial,Rural_Coastal,Freehold,15995,10004,25,Good,4143000,621400,8000,4772400
CASE-2026-TR-01516,Selangor,Residential,Rural_Coastal,Freehold,1493,1319,3,Good,444000,66600,8000,518600
CASE-2026-TR-01517,Penang,Residential,Urban,Leasehold_99,6909,5789,7,Excellent,2539000,380800,8000,2927800
CASE-2026-TR-01518,Sabah,Agricultural,Urban,Freehold,16120,507,9,Good,724000,108600,8000,840600
CASE-2026-TR-01519,Johor,Agricultural,Rural_Coastal,Freehold,32872,433,4,Good,1227000,184000,8000,1419000
CASE-2026-TR-01520,Pahang,Residential,Suburban,Leasehold_99,5068,3593,19,Fair,977000,146600,8000,1131600
CASE-2026-TR-01521,Penang,Agricultural,Urban,Freehold,28002,778,11,Good,1845000,276800,8000,2129800
CASE-2026-TR-01522,Penang,Commercial,Urban,Leasehold_99,10959,10950,10,Good,5986000,897900,8000,6891900
CASE-2026-TR-01523,Selangor,Residential,Rural_Coastal,Leasehold_99,4106,2639,7,Excellent,1107000,166000,8000,1281000
CASE-2026-TR-01524,Selangor,Commercial,Urban,Freehold,4665,5525,19,Excellent,2626000,393900,8000,3027900
CASE-2026-TR-01525,Penang,Commercial,Suburban,Leasehold_99,5113,6118,20,Excellent,2447000,367000,8000,2822000
CASE-2026-TR-01526,Sabah,Residential,Suburban,Leasehold_99,5625,4433,9,Good,1282000,192300,8000,1482300
CASE-2026-TR-01527,Sarawak,Residential,Rural_Coastal,Leasehold_99,6881,5382,20,Excellent,1520000,228000,8000,1756000
CASE-2026-TR-01528,Sarawak,Residential,Urban,Leasehold_99,7115,4590,17,Excellent,1750000,262500,8000,2020500
CASE-2026-TR-01529,Selangor,Industrial,Urban,Freehold,21171,9724,1,Fair,7420000,1113000,8000,8541000
CASE-2026-TR-01530,Sarawak,Commercial,Urban,Leasehold_99,11499,14782,20,Excellent,5715000,857200,8000,6580200
CASE-2026-TR-01531,Selangor,Residential,Rural_Coastal,Leasehold_99,1775,1653,12,Excellent,596000,89400,8000,693400
CASE-2026-TR-01532,Pahang,Agricultural,Rural_Coastal,Freehold,20239,1230,2,Excellent,719000,107800,8000,834800
CASE-2026-TR-01533,Penang,Residential,Rural_Coastal,Malay_Reserve,6080,3485,31,Good,1169000,175400,8000,1352400
CASE-2026-TR-01534,Melaka,Agricultural,Rural_Coastal,Leasehold_99,32968,0,8,Excellent,1006000,150900,2000,1158900
CASE-2026-TR-01535,Selangor,Commercial,Suburban,Malay_Reserve,4788,6081,18,Fair,2170000,325500,8000,2503500
CASE-2026-TR-01536,Sabah,Residential,Suburban,Malay_Reserve,1413,1178,19,Fair,281000,42200,8000,331200
CASE-2026-TR-01537,Selangor,Commercial,Urban,Freehold,7585,10575,10,Good,5044000,756600,8000,5808600
CASE-2026-TR-01538,Melaka,Residential,Urban,Leasehold_99,5581,4165,13,Poor,1265000,189800,8000,1462800
CASE-2026-TR-01539,Johor,Agricultural,Urban,Leasehold_99,60099,0,33,Excellent,2708000,406200,2000,3116200
CASE-2026-TR-01540,Johor,Residential,Urban,Leasehold_99,4432,3739,23,Fair,1109000,166400,8000,1283400
CASE-2026-TR-01541,Johor,Commercial,Suburban,Freehold,6253,8501,6,Good,3125000,468800,8000,3601800
CASE-2026-TR-01542,Selangor,Commercial,Urban,Freehold,2909,3278,25,Good,1481000,222200,8000,1711200
CASE-2026-TR-01543,Penang,Commercial,Suburban,Freehold,10965,10295,10,Excellent,5342000,801300,8000,6151300
CASE-2026-TR-01544,Pahang,Commercial,Urban,Leasehold_99,8663,9481,24,Good,3250000,487500,8000,3745500
CASE-2026-TR-01545,Johor,Commercial,Suburban,Freehold,9271,11957,18,Fair,4148000,622200,8000,4778200
CASE-2026-TR-01546,Penang,Residential,Suburban,Leasehold_99,6208,4478,19,Good,1623000,243400,8000,1874400
CASE-2026-TR-01547,Selangor,Agricultural,Rural_Coastal,Freehold,28083,895,17,Good,1483000,222400,8000,1713400
CASE-2026-TR-01548,Melaka,Residential,Urban,Leasehold_99,7252,4676,8,Excellent,1787000,268000,8000,2063000
CASE-2026-TR-01549,Penang,Agricultural,Suburban,Freehold,63536,0,15,Good,3152000,472800,2000,3626800
CASE-2026-TR-01550,Pahang,Agricultural,Urban,Freehold,45615,0,24,Fair,1755000,263200,2000,2020200
CASE-2026-TR-01551,Sarawak,Commercial,Suburban,Malay_Reserve,8595,7757,24,Excellent,3118000,467700,8000,3593700
CASE-2026-TR-01552,Selangor,Commercial,Urban,Leasehold_99,9203,7226,22,Good,4128000,619200,8000,4755200
CASE-2026-TR-01553,Penang,Residential,Urban,Freehold,7083,5081,19,Good,2386000,357900,8000,2751900
CASE-2026-TR-01554,Selangor,Residential,Suburban,Leasehold_99,3293,2783,10,Excellent,1153000,173000,8000,1334000
CASE-2026-TR-01555,Terengganu,Agricultural,Urban,Freehold,28613,1331,33,Good,1143000,171400,8000,1322400
CASE-2026-TR-01556,Johor,Agricultural,Urban,Leasehold_99,61849,0,13,Fair,3146000,471900,2000,3619900
CASE-2026-TR-01557,Perak,Residential,Suburban,Leasehold_99,3533,2256,16,Good,714000,107100,8000,829100
CASE-2026-TR-01558,Terengganu,Residential,Suburban,Freehold,4934,4466,17,Good,1139000,170800,8000,1317800
CASE-2026-TR-01559,Melaka,Residential,Suburban,Freehold,6218,5338,26,Fair,1438000,215700,8000,1661700
CASE-2026-TR-01560,Selangor,Residential,Rural_Coastal,Freehold,2805,1826,25,Fair,640000,96000,8000,744000
CASE-2026-TR-01561,Penang,Agricultural,Urban,Freehold,64409,0,31,Good,3859000,578800,2000,4439800
CASE-2026-TR-01562,Selangor,Commercial,Suburban,Freehold,5444,5978,11,Excellent,2975000,446200,8000,3429200
CASE-2026-TR-01563,Sabah,Residential,Urban,Leasehold_99,7205,4955,16,Good,1792000,268800,8000,2068800
CASE-2026-TR-01564,Sabah,Residential,Urban,Leasehold_99,4193,2917,24,Good,901000,135200,8000,1044200
CASE-2026-TR-01565,Penang,Residential,Suburban,Freehold,7063,4729,1,Good,2233000,335000,8000,2576000
CASE-2026-TR-01566,Penang,Agricultural,Suburban,Freehold,64842,0,23,Good,3061000,459200,2000,3522200
CASE-2026-TR-01567,Johor,Residential,Suburban,Freehold,4988,4547,4,Excellent,1708000,256200,8000,1972200
CASE-2026-TR-01568,Penang,Agricultural,Suburban,Freehold,59656,507,38,Excellent,2950000,442500,8000,3400500
CASE-2026-TR-01569,Terengganu,Residential,Urban,Leasehold_99,2759,1528,29,Fair,445000,66800,8000,519800
CASE-2026-TR-01570,Penang,Residential,Urban,Malay_Reserve,1781,1228,33,Excellent,468000,70200,8000,546200
CASE-2026-TR-01571,Johor,Residential,Urban,Freehold,2181,1308,9,Poor,517000,77600,8000,602600
CASE-2026-TR-01572,Johor,Residential,Urban,Freehold,4547,2763,1,Poor,1144000,171600,8000,1323600
CASE-2026-TR-01573,Penang,Residential,Suburban,Freehold,2585,1693,7,Good,749000,112400,8000,869400
CASE-2026-TR-01574,Penang,Commercial,Suburban,Leasehold_99,5624,7398,25,Good,2545000,381800,8000,2934800
CASE-2026-TR-01575,Penang,Residential,Rural_Coastal,Freehold,6364,4152,18,Excellent,1618000,242700,8000,1868700
CASE-2026-TR-01576,Johor,Commercial,Urban,Freehold,9477,8502,18,Excellent,4746000,711900,8000,5465900
CASE-2026-TR-01577,Perak,Residential,Rural_Coastal,Leasehold_99,7348,4641,3,Fair,1395000,209200,8000,1612200
CASE-2026-TR-01578,Selangor,Agricultural,Suburban,Freehold,38849,0,20,Fair,1979000,296800,2000,2277800
CASE-2026-TR-01579,Melaka,Commercial,Urban,Freehold,2165,2930,13,Fair,943000,141400,8000,1092400
CASE-2026-TR-01580,Selangor,Agricultural,Suburban,Leasehold_99,25128,0,12,Good,1245000,186800,2000,1433800
CASE-2026-TR-01581,Johor,Residential,Suburban,Malay_Reserve,4712,4410,30,Excellent,1292000,193800,8000,1493800
CASE-2026-TR-01582,Sabah,Industrial,Suburban,Freehold,16610,6645,2,Poor,3083000,462400,8000,3553400
CASE-2026-TR-01583,Selangor,Residential,Suburban,Freehold,7156,5677,25,Poor,1731000,259600,8000,1998600
CASE-2026-TR-01584,Sarawak,Industrial,Suburban,Leasehold_99,30110,20684,2,Excellent,8963000,1344400,8000,10315400
CASE-2026-TR-01585,Johor,Agricultural,Suburban,Freehold,38170,1477,38,Fair,1806000,270900,8000,2084900
CASE-2026-TR-01586,Sarawak,Residential,Urban,Freehold,4602,2732,29,Fair,913000,137000,8000,1058000
CASE-2026-TR-01587,Sabah,Commercial,Urban,Freehold,9471,13231,26,Good,4157000,623600,8000,4788600
CASE-2026-TR-01588,Perak,Industrial,Urban,Freehold,8489,4467,28,Excellent,1860000,279000,8000,2147000
CASE-2026-TR-01589,Selangor,Residential,Suburban,Freehold,3545,2313,12,Good,1059000,158800,8000,1225800
CASE-2026-TR-01590,Terengganu,Residential,Rural_Coastal,Leasehold_99,6734,5433,25,Excellent,1307000,196000,8000,1511000
CASE-2026-TR-01591,Selangor,Agricultural,Rural_Coastal,Malay_Reserve,58108,1313,17,Good,2606000,390900,8000,3004900
CASE-2026-TR-01592,Penang,Industrial,Rural_Coastal,Freehold,15628,7825,20,Good,3810000,571500,8000,4389500
CASE-2026-TR-01593,Johor,Commercial,Urban,Freehold,8697,8961,10,Excellent,4285000,642800,8000,4935800
CASE-2026-TR-01594,Penang,Agricultural,Rural_Coastal,Freehold,40532,717,16,Excellent,1884000,282600,8000,2174600
CASE-2026-TR-01595,Selangor,Commercial,Urban,Freehold,1732,1673,13,Excellent,987000,148000,8000,1143000
CASE-2026-TR-01596,Sarawak,Residential,Suburban,Malay_Reserve,6718,4854,10,Excellent,1598000,239700,8000,1845700
CASE-2026-TR-01597,Sabah,Residential,Rural_Coastal,Leasehold_99,4153,3695,30,Good,885000,132800,8000,1025800
CASE-2026-TR-01598,Penang,Residential,Suburban,Freehold,2374,1359,13,Excellent,722000,108300,8000,838300
CASE-2026-TR-01599,Melaka,Residential,Urban,Freehold,2908,2339,27,Fair,675000,101200,8000,784200
CASE-2026-TR-01600,Penang,Agricultural,Urban,Freehold,36230,1382,16,Fair,2248000,337200,8000,2593200
CASE-2026-TR-01601,Penang,Commercial,Urban,Leasehold_99,9149,12229,15,Good,5054000,758100,8000,5820100
CASE-2026-TR-01602,Johor,Residential,Urban,Freehold,7056,6338,2,Poor,2046000,306900,8000,2360900
CASE-2026-TR-01603,Pahang,Industrial,Urban,Freehold,14296,6942,11,Good,3427000,514000,8000,3949000
CASE-2026-TR-01604,Pahang,Agricultural,Rural_Coastal,Freehold,18796,0,16,Good,546000,81900,2000,629900
CASE-2026-TR-01605,Selangor,Industrial,Suburban,Leasehold_99,19963,9046,7,Good,5949000,892400,8000,6849400
CASE-2026-TR-01606,Selangor,Commercial,Suburban,Leasehold_99,4471,5428,10,Excellent,2607000,391000,8000,3006000
CASE-2026-TR-01607,Sarawak,Residential,Urban,Freehold,5958,4922,28,Good,1484000,222600,8000,1714600
CASE-2026-TR-01608,Pahang,Residential,Urban,Leasehold_99,5438,4619,9,Good,1574000,236100,8000,1818100
CASE-2026-TR-01609,Penang,Commercial,Urban,Leasehold_99,7822,9209,26,Good,3807000,571000,8000,4386000
CASE-2026-TR-01610,Penang,Residential,Suburban,Leasehold_99,7320,5583,24,Good,1956000,293400,8000,2257400
CASE-2026-TR-01611,Pahang,Commercial,Suburban,Leasehold_99,10577,14754,2,Fair,4539000,680800,8000,5227800
CASE-2026-TR-01612,Pahang,Residential,Suburban,Malay_Reserve,6963,4736,33,Good,1244000,186600,8000,1438600
CASE-2026-TR-01613,Melaka,Residential,Urban,Freehold,3647,3293,23,Excellent,952000,142800,8000,1102800
CASE-2026-TR-01614,Melaka,Residential,Rural_Coastal,Freehold,5764,4335,30,Good,1146000,171900,8000,1325900
CASE-2026-TR-01615,Melaka,Industrial,Rural_Coastal,Malay_Reserve,30723,15381,8,Excellent,6861000,1029200,8000,7898200
CASE-2026-TR-01616,Selangor,Agricultural,Suburban,Freehold,23299,788,21,Fair,1358000,203700,8000,1569700
CASE-2026-TR-01617,Selangor,Commercial,Urban,Freehold,10138,9545,17,Fair,5076000,761400,8000,5845400
CASE-2026-TR-01618,Johor,Residential,Rural_Coastal,Freehold,1649,1555,20,Good,422000,63300,8000,493300
CASE-2026-TR-01619,Perak,Residential,Urban,Freehold,3173,1766,2,Fair,674000,101100,8000,783100
CASE-2026-TR-01620,Selangor,Residential,Urban,Freehold,2640,1545,30,Fair,730000,109500,8000,847500
CASE-2026-TR-01621,Penang,Residential,Urban,Leasehold_99,4043,3635,2,Excellent,1491000,223600,8000,1722600
CASE-2026-TR-01622,Johor,Agricultural,Urban,Malay_Reserve,53176,1093,29,Excellent,2496000,374400,8000,2878400
CASE-2026-TR-01623,Perak,Residential,Suburban,Freehold,3998,3587,13,Good,1030000,154500,8000,1192500
CASE-2026-TR-01624,Melaka,Agricultural,Suburban,Malay_Reserve,38136,0,0,Fair,1338000,200700,2000,1540700
CASE-2026-TR-01625,Sarawak,Residential,Suburban,Freehold,3497,2652,9,Excellent,979000,146800,8000,1133800
CASE-2026-TR-01626,Penang,Agricultural,Suburban,Leasehold_99,45743,892,21,Good,2019000,302800,8000,2329800
CASE-2026-TR-01627,Penang,Commercial,Urban,Freehold,7799,10578,6,Good,4932000,739800,8000,5679800
CASE-2026-TR-01628,Melaka,Agricultural,Suburban,Freehold,42946,1369,23,Excellent,1778000,266700,8000,2052700
CASE-2026-TR-01629,Johor,Residential,Urban,Freehold,6650,3839,8,Fair,1637000,245600,8000,1890600
CASE-2026-TR-01630,Johor,Residential,Urban,Leasehold_99,7117,3960,3,Fair,1833000,275000,8000,2116000
CASE-2026-TR-01631,Penang,Residential,Suburban,Malay_Reserve,2087,1466,27,Good,461000,69200,8000,538200
CASE-2026-TR-01632,Selangor,Residential,Suburban,Freehold,1883,1258,16,Fair,545000,81800,8000,634800
CASE-2026-TR-01633,Selangor,Commercial,Urban,Leasehold_99,6428,5466,7,Good,3080000,462000,8000,3550000
CASE-2026-TR-01634,Johor,Residential,Suburban,Freehold,7129,6557,22,Excellent,2055000,308200,8000,2371200
CASE-2026-TR-01635,Penang,Industrial,Suburban,Malay_Reserve,24917,13796,6,Poor,6486000,972900,8000,7466900
CASE-2026-TR-01636,Terengganu,Residential,Suburban,Leasehold_99,2650,1958,15,Excellent,618000,92700,8000,718700
CASE-2026-TR-01637,Johor,Commercial,Suburban,Freehold,5637,4161,5,Good,2362000,354300,8000,2724300
CASE-2026-TR-01638,Pahang,Residential,Urban,Freehold,5137,3875,34,Fair,1083000,162400,8000,1253400
CASE-2026-TR-01639,Sabah,Commercial,Rural_Coastal,Freehold,9155,6677,14,Good,2776000,416400,8000,3200400
CASE-2026-TR-01640,Sarawak,Agricultural,Suburban,Leasehold_99,54992,0,21,Excellent,1822000,273300,2000,2097300
CASE-2026-TR-01641,Selangor,Residential,Suburban,Leasehold_99,6090,3455,17,Poor,1521000,228200,8000,1757200
CASE-2026-TR-01642,Penang,Agricultural,Rural_Coastal,Leasehold_99,42604,0,5,Poor,1617000,242600,2000,1861600
CASE-2026-TR-01643,Melaka,Residential,Rural_Coastal,Freehold,3627,2497,33,Good,623000,93400,8000,724400
CASE-2026-TR-01644,Selangor,Commercial,Suburban,Leasehold_99,2406,3284,21,Good,1254000,188100,8000,1450100
CASE-2026-TR-01645,Johor,Agricultural,Suburban,Leasehold_99,39419,0,1,Good,1575000,236200,2000,1813200
CASE-2026-TR-01646,Johor,Residential,Rural_Coastal,Leasehold_99,7298,6102,28,Good,1584000,237600,8000,1829600
CASE-2026-TR-01647,Sarawak,Residential,Urban,Leasehold_99,2595,2352,31,Good,655000,98200,8000,761200
CASE-2026-TR-01648,Selangor,Residential,Suburban,Freehold,2551,1428,3,Fair,715000,107200,8000,830200
CASE-2026-TR-01649,Selangor,Industrial,Suburban,Leasehold_99,33846,19085,12,Good,10731000,1609600,8000,12348600
CASE-2026-TR-01650,Melaka,Residential,Urban,Leasehold_99,2705,2385,4,Excellent,901000,135200,8000,1044200
CASE-2026-TR-01651,Selangor,Commercial,Urban,Leasehold_99,10121,10566,2,Excellent,5659000,848800,8000,6515800
CASE-2026-TR-01652,Selangor,Residential,Urban,Freehold,2930,2393,1,Excellent,1057000,158600,8000,1223600
CASE-2026-TR-01653,Selangor,Agricultural,Suburban,Freehold,37987,793,39,Fair,2207000,331000,8000,2546000
CASE-2026-TR-01654,Penang,Residential,Rural_Coastal,Freehold,7257,5176,32,Good,1562000,234300,8000,1804300
CASE-2026-TR-01655,Perak,Agricultural,Suburban,Freehold,30525,424,11,Good,1089000,163400,8000,1260400
CASE-2026-TR-01656,Sabah,Commercial,Suburban,Malay_Reserve,11306,12169,2,Excellent,5202000,780300,8000,5990300
CASE-2026-TR-01657,Selangor,Agricultural,Rural_Coastal,Freehold,36164,0,9,Excellent,1629000,244400,2000,1875400
CASE-2026-TR-01658,Johor,Commercial,Suburban,Leasehold_99,2208,2362,7,Good,1051000,157600,8000,1216600
CASE-2026-TR-01659,Johor,Residential,Urban,Malay_Reserve,6014,4868,10,Poor,1467000,220000,8000,1695000
CASE-2026-TR-01660,Penang,Agricultural,Urban,Freehold,36657,0,5,Good,2103000,315400,2000,2420400
CASE-2026-TR-01661,Sarawak,Residential,Suburban,Freehold,1456,964,28,Good,294000,44100,8000,346100
CASE-2026-TR-01662,Melaka,Commercial,Suburban,Leasehold_99,11467,15655,19,Poor,4190000,628500,8000,4826500
CASE-2026-TR-01663,Perak,Commercial,Suburban,Freehold,10220,10950,12,Fair,3439000,515800,8000,3962800
CASE-2026-TR-01664,Selangor,Commercial,Urban,Leasehold_99,7024,5301,16,Excellent,3487000,523000,8000,4018000
CASE-2026-TR-01665,Sabah,Agricultural,Suburban,Leasehold_99,35008,0,27,Excellent,1200000,180000,2000,1382000
CASE-2026-TR-01666,Pahang,Commercial,Suburban,Freehold,9900,9535,3,Good,4084000,612600,8000,4704600
CASE-2026-TR-01667,Penang,Residential,Rural_Coastal,Freehold,4238,2921,6,Good,1058000,158700,8000,1224700
CASE-2026-TR-01668,Penang,Agricultural,Suburban,Leasehold_99,15154,886,14,Good,778000,116700,8000,902700
CASE-2026-TR-01669,Johor,Residential,Urban,Leasehold_99,1439,1359,20,Fair,372000,55800,8000,435800
CASE-2026-TR-01670,Melaka,Industrial,Rural_Coastal,Leasehold_99,17385,10673,12,Good,3807000,571000,8000,4386000
CASE-2026-TR-01671,Johor,Commercial,Suburban,Leasehold_99,5136,6696,8,Good,2563000,384400,8000,2955400
CASE-2026-TR-01672,Selangor,Commercial,Rural_Coastal,Freehold,9843,13111,27,Excellent,4658000,698700,8000,5364700
CASE-2026-TR-01673,Melaka,Agricultural,Suburban,Leasehold_99,46983,0,23,Good,1676000,251400,2000,1929400
CASE-2026-TR-01674,Selangor,Residential,Urban,Leasehold_99,7309,4777,21,Excellent,2262000,339300,8000,2609300
CASE-2026-TR-01675,Sarawak,Agricultural,Urban,Freehold,49550,1023,13,Good,2187000,328000,8000,2523000
CASE-2026-TR-01676,Sarawak,Residential,Suburban,Leasehold_99,4410,3520,5,Fair,1127000,169000,8000,1304000
CASE-2026-TR-01677,Perak,Commercial,Suburban,Freehold,4410,4548,21,Excellent,1792000,268800,8000,2068800
CASE-2026-TR-01678,Selangor,Residential,Rural_Coastal,Leasehold_99,2593,1529,14,Excellent,637000,95600,8000,740600
CASE-2026-TR-01679,Melaka,Residential,Rural_Coastal,Leasehold_99,1657,1097,34,Excellent,314000,47100,8000,369100
CASE-2026-TR-01680,Sarawak,Residential,Urban,Leasehold_99,7242,5541,6,Good,1798000,269700,8000,2075700
CASE-2026-TR-01681,Sabah,Industrial,Suburban,Freehold,6562,2846,7,Good,1451000,217600,8000,1676600
CASE-2026-TR-01682,Pahang,Residential,Urban,Freehold,7283,4069,33,Fair,1411000,211600,8000,1630600
CASE-2026-TR-01683,Penang,Residential,Suburban,Freehold,7084,6255,13,Fair,2115000,317200,8000,2440200
CASE-2026-TR-01684,Johor,Residential,Suburban,Freehold,2057,1201,19,Excellent,482000,72300,8000,562300
CASE-2026-TR-01685,Melaka,Industrial,Urban,Freehold,13691,5625,25,Good,3317000,497600,8000,3822600
CASE-2026-TR-01686,Selangor,Commercial,Urban,Freehold,7047,5095,27,Good,3360000,504000,8000,3872000
CASE-2026-TR-01687,Pahang,Agricultural,Urban,Malay_Reserve,58426,429,9,Good,2114000,317100,8000,2439100
CASE-2026-TR-01688,Penang,Industrial,Suburban,Malay_Reserve,22946,16857,19,Good,6696000,1004400,8000,7708400
CASE-2026-TR-01689,Penang,Agricultural,Urban,Leasehold_99,22799,508,38,Fair,1275000,191200,8000,1474200
CASE-2026-TR-01690,Perak,Commercial,Suburban,Leasehold_99,7853,10456,9,Good,3227000,484000,8000,3719000
CASE-2026-TR-01691,Selangor,Agricultural,Urban,Leasehold_99,37661,1347,23,Fair,2092000,313800,8000,2413800
CASE-2026-TR-01692,Johor,Residential,Rural_Coastal,Leasehold_99,3761,2631,33,Excellent,749000,112400,8000,869400
CASE-2026-TR-01693,Terengganu,Residential,Rural_Coastal,Freehold,3123,2778,16,Good,710000,106500,8000,824500
CASE-2026-TR-01694,Penang,Agricultural,Urban,Leasehold_99,19698,0,26,Good,995000,149200,2000,1146200
CASE-2026-TR-01695,Melaka,Industrial,Suburban,Leasehold_99,16952,7686,2,Good,4327000,649000,8000,4984000
CASE-2026-TR-01696,Johor,Residential,Rural_Coastal,Leasehold_99,5401,2979,13,Good,1165000,174800,8000,1347800
CASE-2026-TR-01697,Johor,Commercial,Urban,Malay_Reserve,6386,5834,6,Good,2699000,404800,8000,3111800
CASE-2026-TR-01698,Penang,Residential,Suburban,Freehold,5518,3681,5,Good,1576000,236400,8000,1820400
CASE-2026-TR-01699,Selangor,Commercial,Suburban,Freehold,10668,11554,12,Good,5447000,817000,8000,6272000
CASE-2026-TR-01700,Pahang,Agricultural,Rural_Coastal,Freehold,40262,0,2,Fair,1116000,167400,2000,1285400
CASE-2026-TR-01701,Penang,Residential,Urban,Leasehold_99,7457,5777,11,Fair,2229000,334400,8000,2571400
CASE-2026-TR-01702,Terengganu,Residential,Suburban,Freehold,6179,5038,22,Fair,1210000,181500,8000,1399500
CASE-2026-TR-01703,Selangor,Commercial,Suburban,Leasehold_99,4866,6063,3,Excellent,2826000,423900,8000,3257900
CASE-2026-TR-01704,Penang,Agricultural,Suburban,Leasehold_99,26956,0,25,Fair,1330000,199500,2000,1531500
CASE-2026-TR-01705,Perak,Agricultural,Urban,Freehold,44230,0,16,Poor,1608000,241200,2000,1851200
CASE-2026-TR-01706,Terengganu,Residential,Suburban,Malay_Reserve,5955,4503,15,Fair,1210000,181500,8000,1399500
CASE-2026-TR-01707,Selangor,Residential,Urban,Freehold,5991,4497,27,Good,1831000,274600,8000,2113600
CASE-2026-TR-01708,Johor,Commercial,Urban,Leasehold_99,5568,7308,10,Fair,2539000,380800,8000,2927800
CASE-2026-TR-01709,Selangor,Agricultural,Urban,Freehold,57077,0,9,Good,3886000,582900,2000,4470900
CASE-2026-TR-01710,Perak,Commercial,Suburban,Leasehold_99,8244,9145,7,Good,3241000,486200,8000,3735200
CASE-2026-TR-01711,Johor,Commercial,Rural_Coastal,Freehold,9747,10111,11,Fair,3676000,551400,8000,4235400
CASE-2026-TR-01712,Sabah,Industrial,Urban,Freehold,10590,4895,19,Excellent,2753000,413000,8000,3174000
CASE-2026-TR-01713,Perak,Residential,Urban,Leasehold_99,3857,2686,9,Good,917000,137600,8000,1062600
CASE-2026-TR-01714,Johor,Residential,Suburban,Leasehold_99,4384,3100,32,Excellent,1060000,159000,8000,1227000
CASE-2026-TR-01715,Penang,Residential,Urban,Leasehold_99,1520,1278,34,Excellent,431000,64600,8000,503600
CASE-2026-TR-01716,Selangor,Commercial,Rural_Coastal,Freehold,8945,9266,22,Excellent,3937000,590600,8000,4535600
CASE-2026-TR-01717,Perak,Agricultural,Urban,Leasehold_99,21918,879,11,Fair,857000,128600,8000,993600
CASE-2026-TR-01718,Penang,Residential,Rural_Coastal,Malay_Reserve,6502,3863,20,Fair,1359000,203800,8000,1570800
CASE-2026-TR-01719,Pahang,Residential,Urban,Freehold,4719,3369,8,Excellent,1332000,199800,8000,1539800
CASE-2026-TR-01720,Penang,Commercial,Suburban,Malay_Reserve,6181,4610,12,Good,2450000,367500,8000,2825500
CASE-2026-TR-01721,Sarawak,Residential,Suburban,Freehold,5502,3585,6,Good,1346000,201900,8000,1555900
CASE-2026-TR-01722,Johor,Agricultural,Suburban,Leasehold_99,40896,0,17,Good,1535000,230200,2000,1767200
CASE-2026-TR-01723,Selangor,Commercial,Urban,Freehold,5562,4278,23,Poor,2384000,357600,8000,2749600
CASE-2026-TR-01724,Johor,Residential,Urban,Freehold,2023,1688,7,Excellent,711000,106600,8000,825600
CASE-2026-TR-01725,Johor,Residential,Urban,Leasehold_99,4699,2965,2,Good,1282000,192300,8000,1482300
CASE-2026-TR-01726,Sabah,Residential,Suburban,Freehold,2612,2477,2,Good,727000,109000,8000,844000
CASE-2026-TR-01727,Johor,Residential,Suburban,Freehold,7104,4590,32,Good,1703000,255400,8000,1966400
CASE-2026-TR-01728,Pahang,Agricultural,Urban,Leasehold_99,62405,0,29,Good,2231000,334600,2000,2567600
CASE-2026-TR-01729,Selangor,Commercial,Urban,Leasehold_99,10797,10656,2,Fair,5518000,827700,8000,6353700
CASE-2026-TR-01730,Sarawak,Agricultural,Rural_Coastal,Malay_Reserve,17728,0,16,Poor,450000,67500,2000,519500
CASE-2026-TR-01731,Perak,Industrial,Suburban,Leasehold_99,12588,7196,20,Good,2731000,409600,8000,3148600
CASE-2026-TR-01732,Penang,Residential,Urban,Freehold,1938,1415,11,Excellent,659000,98800,8000,765800
CASE-2026-TR-01733,Melaka,Commercial,Suburban,Leasehold_99,3827,4134,20,Good,1476000,221400,8000,1705400
CASE-2026-TR-01734,Perak,Industrial,Rural_Coastal,Freehold,33152,20332,19,Fair,6225000,933800,8000,7166800
CASE-2026-TR-01735,Johor,Residential,Urban,Leasehold_99,4760,3123,7,Good,1335000,200200,8000,1543200
CASE-2026-TR-01736,Perak,Residential,Urban,Freehold,6138,5439,28,Excellent,1555000,233200,8000,1796200
CASE-2026-TR-01737,Penang,Residential,Suburban,Leasehold_99,1317,1137,12,Good,401000,60200,8000,469200
CASE-2026-TR-01738,Melaka,Agricultural,Urban,Leasehold_99,26308,1369,2,Excellent,1202000,180300,8000,1390300
CASE-2026-TR-01739,Perak,Industrial,Urban,Freehold,20868,15575,7,Fair,5639000,845800,8000,6492800
CASE-2026-TR-01740,Johor,Residential,Urban,Freehold,1904,1398,23,Good,522000,78300,8000,608300
CASE-2026-TR-01741,Johor,Residential,Urban,Freehold,4533,2753,33,Fair,992000,148800,8000,1148800
CASE-2026-TR-01742,Johor,Residential,Rural_Coastal,Freehold,4237,4005,4,Fair,1070000,160500,8000,1238500
CASE-2026-TR-01743,Sarawak,Commercial,Rural_Coastal,Freehold,10683,11501,17,Good,3782000,567300,8000,4357300
CASE-2026-TR-01744,Pahang,Residential,Suburban,Leasehold_99,7011,4924,21,Excellent,1518000,227700,8000,1753700
CASE-2026-TR-01745,Johor,Agricultural,Suburban,Freehold,43063,1121,38,Excellent,2080000,312000,8000,2400000
CASE-2026-TR-01746,Sarawak,Commercial,Rural_Coastal,Freehold,8627,11321,12,Excellent,3883000,582400,8000,4473400
CASE-2026-TR-01747,Penang,Commercial,Urban,Freehold,4016,5285,22,Poor,1876000,281400,8000,2165400
CASE-2026-TR-01748,Johor,Residential,Suburban,Freehold,6040,4111,11,Excellent,1676000,251400,8000,1935400
CASE-2026-TR-01749,Johor,Residential,Urban,Freehold,5352,3297,33,Good,1321000,198200,8000,1527200
CASE-2026-TR-01750,Selangor,Commercial,Suburban,Freehold,8050,8503,24,Good,3481000,522200,8000,4011200
CASE-2026-TR-01751,Selangor,Agricultural,Suburban,Leasehold_99,15840,1387,27,Good,886000,132900,8000,1026900
CASE-2026-TR-01752,Terengganu,Residential,Urban,Leasehold_99,5540,3943,31,Excellent,1091000,163600,8000,1262600
CASE-2026-TR-01753,Perak,Commercial,Urban,Freehold,4663,5810,8,Fair,1994000,299100,8000,2301100
CASE-2026-TR-01754,Pahang,Residential,Rural_Coastal,Leasehold_99,3650,2344,17,Fair,624000,93600,8000,725600
CASE-2026-TR-01755,Johor,Residential,Suburban,Freehold,2632,2315,12,Good,730000,109500,8000,847500
CASE-2026-TR-01756,Sabah,Residential,Suburban,Freehold,4219,3855,25,Good,996000,149400,8000,1153400
CASE-2026-TR-01757,Johor,Commercial,Urban,Leasehold_99,6234,5351,10,Good,2711000,406600,8000,3125600
CASE-2026-TR-01758,Pahang,Industrial,Rural_Coastal,Freehold,26576,11229,5,Good,5090000,763500,8000,5861500
CASE-2026-TR-01759,Melaka,Residential,Rural_Coastal,Freehold,7382,4753,18,Fair,1451000,217600,8000,1676600
CASE-2026-TR-01760,Penang,Residential,Suburban,Freehold,4001,2886,16,Good,1193000,179000,8000,1380000
CASE-2026-TR-01761,Terengganu,Industrial,Urban,Freehold,23201,16255,24,Good,5131000,769600,8000,5908600
CASE-2026-TR-01762,Terengganu,Industrial,Suburban,Freehold,23541,16081,29,Poor,4530000,679500,8000,5217500
CASE-2026-TR-01763,Penang,Industrial,Suburban,Freehold,34431,24066,27,Fair,8955000,1343200,8000,10306200
CASE-2026-TR-01764,Penang,Industrial,Urban,Leasehold_99,20856,9093,12,Good,5864000,879600,8000,6751600
CASE-2026-TR-01765,Johor,Residential,Suburban,Freehold,6539,5662,16,Fair,1769000,265400,8000,2042400
CASE-2026-TR-01766,Selangor,Residential,Suburban,Malay_Reserve,2949,1797,34,Good,687000,103000,8000,798000
CASE-2026-TR-01767,Johor,Agricultural,Suburban,Freehold,24290,0,12,Good,1155000,173200,2000,1330200
CASE-2026-TR-01768,Selangor,Commercial,Urban,Leasehold_99,6768,5241,12,Good,3338000,500700,8000,3846700
CASE-2026-TR-01769,Selangor,Agricultural,Urban,Freehold,57864,888,22,Good,3620000,543000,8000,4171000
CASE-2026-TR-01770,Penang,Residential,Suburban,Leasehold_99,3590,3104,25,Fair,918000,137700,8000,1063700
CASE-2026-TR-01771,Pahang,Residential,Urban,Leasehold_99,4055,2869,23,Good,861000,129200,8000,998200
CASE-2026-TR-01772,Johor,Residential,Urban,Freehold,5452,4533,21,Poor,1266000,189900,8000,1463900
CASE-2026-TR-01773,Johor,Agricultural,Suburban,Freehold,15601,0,20,Excellent,676000,101400,2000,779400
CASE-2026-TR-01774,Penang,Residential,Suburban,Freehold,5428,4617,24,Excellent,1629000,244400,8000,1881400
CASE-2026-TR-01775,Pahang,Residential,Suburban,Freehold,2718,1843,33,Good,527000,79000,8000,614000
CASE-2026-TR-01776,Melaka,Agricultural,Suburban,Freehold,18423,1435,20,Good,839000,125800,8000,972800
CASE-2026-TR-01777,Sarawak,Residential,Urban,Malay_Reserve,2386,1483,11,Fair,517000,77600,8000,602600
CASE-2026-TR-01778,Terengganu,Agricultural,Suburban,Freehold,54093,0,23,Fair,1763000,264400,2000,2029400
CASE-2026-TR-01779,Sabah,Agricultural,Suburban,Leasehold_99,60509,666,35,Fair,2042000,306300,8000,2356300
CASE-2026-TR-01780,Sarawak,Agricultural,Suburban,Leasehold_99,62836,509,0,Good,2232000,334800,8000,2574800
CASE-2026-TR-01781,Perak,Commercial,Rural_Coastal,Leasehold_99,7161,9139,23,Fair,2327000,349000,8000,2684000
CASE-2026-TR-01782,Selangor,Residential,Urban,Freehold,5387,4505,16,Good,1889000,283400,8000,2180400
CASE-2026-TR-01783,Terengganu,Agricultural,Rural_Coastal,Freehold,62373,0,33,Fair,1757000,263600,2000,2022600
CASE-2026-TR-01784,Penang,Residential,Urban,Freehold,5116,4679,31,Good,1431000,214600,8000,1653600
CASE-2026-TR-01785,Selangor,Commercial,Rural_Coastal,Freehold,10259,13250,4,Good,5308000,796200,8000,6112200
CASE-2026-TR-01786,Selangor,Residential,Urban,Freehold,3111,2112,1,Excellent,1121000,168200,8000,1297200
CASE-2026-TR-01787,Selangor,Residential,Suburban,Leasehold_99,4111,3587,6,Fair,1230000,184500,8000,1422500
CASE-2026-TR-01788,Melaka,Industrial,Urban,Freehold,24502,11358,25,Good,6355000,953200,8000,7316200
CASE-2026-TR-01789,Perak,Residential,Suburban,Freehold,4946,3446,7,Excellent,1204000,180600,8000,1392600
CASE-2026-TR-01790,Selangor,Residential,Rural_Coastal,Freehold,1984,1387,24,Good,521000,78200,8000,607200
CASE-2026-TR-01791,Sabah,Residential,Suburban,Freehold,2120,1532,3,Fair,532000,79800,8000,619800
CASE-2026-TR-01792,Perak,Commercial,Suburban,Leasehold_99,11836,16270,13,Excellent,5235000,785200,8000,6028200
CASE-2026-TR-01793,Sabah,Residential,Urban,Freehold,2537,1831,9,Good,667000,100000,8000,775000
CASE-2026-TR-01794,Selangor,Residential,Urban,Freehold,4482,3539,21,Fair,1362000,204300,8000,1574300
CASE-2026-TR-01795,Selangor,Commercial,Urban,Leasehold_99,4425,5056,23,Good,2281000,342200,8000,2631200
CASE-2026-TR-01796,Melaka,Agricultural,Rural_Coastal,Leasehold_99,43962,0,34,Fair,1327000,199000,2000,1528000
CASE-2026-TR-01797,Selangor,Commercial,Suburban,Freehold,4648,3317,6,Excellent,2341000,351200,8000,2700200
CASE-2026-TR-01798,Pahang,Agricultural,Rural_Coastal,Freehold,26735,988,38,Good,805000,120800,8000,933800
CASE-2026-TR-01799,Sarawak,Commercial,Urban,Leasehold_99,11800,10735,1,Good,5044000,756600,8000,5808600
CASE-2026-TR-01800,Selangor,Industrial,Suburban,Freehold,6609,4169,19,Excellent,2041000,306200,8000,2355200
CASE-2026-TR-01801,Sarawak,Agricultural,Suburban,Freehold,63001,1190,21,Good,2475000,371200,8000,2854200
CASE-2026-TR-01802,Penang,Residential,Urban,Leasehold_99,4665,3004,32,Good,1170000,175500,8000,1353500
CASE-2026-TR-01803,Selangor,Commercial,Suburban,Leasehold_99,11985,10227,11,Excellent,5669000,850400,8000,6527400
CASE-2026-TR-01804,Pahang,Residential,Rural_Coastal,Leasehold_99,4040,2313,2,Good,804000,120600,8000,932600
CASE-2026-TR-01805,Sabah,Residential,Suburban,Freehold,7282,5491,30,Good,1547000,232000,8000,1787000
CASE-2026-TR-01806,Johor,Residential,Urban,Leasehold_99,4722,3833,10,Good,1440000,216000,8000,1664000
CASE-2026-TR-01807,Johor,Residential,Urban,Freehold,2287,2112,33,Poor,547000,82000,8000,637000
CASE-2026-TR-01808,Selangor,Agricultural,Suburban,Leasehold_99,45124,0,14,Excellent,2240000,336000,2000,2578000
CASE-2026-TR-01809,Perak,Residential,Suburban,Leasehold_99,4516,3185,11,Excellent,989000,148400,8000,1145400
CASE-2026-TR-01810,Melaka,Agricultural,Suburban,Leasehold_99,41888,0,24,Good,1478000,221700,2000,1701700
CASE-2026-TR-01811,Selangor,Residential,Urban,Malay_Reserve,4182,3350,3,Excellent,1370000,205500,8000,1583500
CASE-2026-TR-01812,Pahang,Industrial,Suburban,Freehold,33548,17209,13,Fair,7057000,1058600,8000,8123600
CASE-2026-TR-01813,Selangor,Commercial,Suburban,Malay_Reserve,9095,7684,15,Excellent,4350000,652500,8000,5010500
CASE-2026-TR-01814,Selangor,Residential,Suburban,Leasehold_99,4566,3487,26,Good,1235000,185200,8000,1428200
CASE-2026-TR-01815,Sarawak,Residential,Urban,Freehold,6959,3939,1,Good,1776000,266400,8000,2050400
CASE-2026-TR-01816,Melaka,Residential,Urban,Leasehold_99,6342,4918,32,Fair,1309000,196400,8000,1513400
CASE-2026-TR-01817,Johor,Industrial,Rural_Coastal,Malay_Reserve,28451,15802,17,Excellent,6822000,1023300,8000,7853300
CASE-2026-TR-01818,Sarawak,Residential,Suburban,Freehold,1851,1673,12,Good,507000,76000,8000,591000
CASE-2026-TR-01819,Penang,Industrial,Urban,Leasehold_99,30209,13814,20,Fair,9002000,1350300,8000,10360300
CASE-2026-TR-01820,Perak,Residential,Suburban,Malay_Reserve,2421,1565,11,Good,494000,74100,8000,576100
CASE-2026-TR-01821,Selangor,Commercial,Urban,Freehold,8402,6248,6,Poor,3968000,595200,8000,4571200
CASE-2026-TR-01822,Penang,Agricultural,Suburban,Leasehold_99,21771,0,20,Excellent,976000,146400,2000,1124400
CASE-2026-TR-01823,Johor,Residential,Rural_Coastal,Leasehold_99,1507,1288,7,Good,384000,57600,8000,449600
CASE-2026-TR-01824,Johor,Industrial,Urban,Freehold,10970,6918,28,Good,2956000,443400,8000,3407400
CASE-2026-TR-01825,Perak,Agricultural,Suburban,Freehold,48055,0,22,Good,1559000,233800,2000,1794800
CASE-2026-TR-01826,Melaka,Residential,Rural_Coastal,Leasehold_99,1370,957,4,Fair,332000,49800,8000,389800
CASE-2026-TR-01827,Selangor,Commercial,Suburban,Malay_Reserve,9708,12235,18,Fair,4366000,654900,8000,5028900
CASE-2026-TR-01828,Penang,Residential,Urban,Malay_Reserve,6132,4186,27,Good,1594000,239100,8000,1841100
CASE-2026-TR-01829,Selangor,Commercial,Suburban,Freehold,8572,11879,1,Good,5674000,851100,8000,6533100
CASE-2026-TR-01830,Selangor,Residential,Rural_Coastal,Freehold,3489,2359,30,Good,829000,124400,8000,961400
CASE-2026-TR-01831,Sabah,Residential,Suburban,Leasehold_99,5880,3351,3,Good,1230000,184500,8000,1422500
CASE-2026-TR-01832,Sarawak,Commercial,Urban,Leasehold_99,1587,2116,16,Excellent,740000,111000,8000,859000
CASE-2026-TR-01833,Sabah,Agricultural,Suburban,Freehold,33535,0,23,Excellent,1212000,181800,2000,1395800
CASE-2026-TR-01834,Pahang,Residential,Suburban,Freehold,1568,1059,34,Good,279000,41800,8000,328800
CASE-2026-TR-01835,Penang,Residential,Urban,Malay_Reserve,1950,1219,28,Good,524000,78600,8000,610600
CASE-2026-TR-01836,Penang,Residential,Urban,Freehold,4805,3986,21,Good,1573000,236000,8000,1817000
CASE-2026-TR-01837,Johor,Residential,Suburban,Leasehold_99,6058,5587,12,Fair,1641000,246200,8000,1895200
CASE-2026-TR-01838,Penang,Agricultural,Suburban,Freehold,19323,746,21,Good,1088000,163200,8000,1259200
CASE-2026-TR-01839,Johor,Agricultural,Rural_Coastal,Freehold,40960,0,37,Excellent,1581000,237200,2000,1820200
CASE-2026-TR-01840,Johor,Residential,Urban,Freehold,6241,4998,26,Good,1687000,253000,8000,1948000
CASE-2026-TR-01841,Selangor,Agricultural,Urban,Freehold,27707,0,17,Good,1619000,242800,2000,1863800
CASE-2026-TR-01842,Sarawak,Agricultural,Suburban,Freehold,30933,0,38,Poor,1050000,157500,2000,1209500
CASE-2026-TR-01843,Selangor,Commercial,Suburban,Malay_Reserve,9260,7542,18,Good,3856000,578400,8000,4442400
CASE-2026-TR-01844,Terengganu,Commercial,Urban,Leasehold_99,5992,7393,11,Fair,2284000,342600,8000,2634600
CASE-2026-TR-01845,Melaka,Residential,Urban,Leasehold_99,6926,6553,1,Poor,1816000,272400,8000,2096400
CASE-2026-TR-01846,Perak,Residential,Urban,Leasehold_99,5914,3866,2,Good,1496000,224400,8000,1728400
CASE-2026-TR-01847,Johor,Agricultural,Urban,Freehold,35379,1320,30,Fair,1996000,299400,8000,2303400
CASE-2026-TR-01848,Selangor,Industrial,Urban,Malay_Reserve,27486,15265,8,Fair,7984000,1197600,8000,9189600
CASE-2026-TR-01849,Terengganu,Commercial,Rural_Coastal,Freehold,9228,9689,27,Good,2864000,429600,8000,3301600
CASE-2026-TR-01850,Perak,Agricultural,Rural_Coastal,Freehold,58739,904,2,Good,1706000,255900,8000,1969900
CASE-2026-TR-01851,Selangor,Commercial,Rural_Coastal,Freehold,8959,11111,6,Fair,4522000,678300,8000,5208300
CASE-2026-TR-01852,Selangor,Residential,Urban,Leasehold_99,3433,2969,25,Excellent,1053000,158000,8000,1219000
CASE-2026-TR-01853,Perak,Industrial,Suburban,Leasehold_99,22026,11217,13,Good,4628000,694200,8000,5330200
CASE-2026-TR-01854,Penang,Residential,Urban,Malay_Reserve,7297,5913,8,Poor,1924000,288600,8000,2220600
CASE-2026-TR-01855,Perak,Industrial,Suburban,Freehold,25075,15126,25,Excellent,5277000,791600,8000,6076600
CASE-2026-TR-01856,Melaka,Residential,Urban,Malay_Reserve,4401,2866,4,Good,1139000,170800,8000,1317800
CASE-2026-TR-01857,Penang,Residential,Urban,Freehold,4238,2604,29,Excellent,1213000,182000,8000,1403000
CASE-2026-TR-01858,Pahang,Agricultural,Suburban,Leasehold_99,60593,0,2,Good,1953000,293000,2000,2248000
CASE-2026-TR-01859,Pahang,Residential,Urban,Leasehold_99,2107,1952,23,Good,523000,78400,8000,609400
CASE-2026-TR-01860,Melaka,Commercial,Rural_Coastal,Freehold,5363,3969,1,Good,1924000,288600,8000,2220600
CASE-2026-TR-01861,Sarawak,Residential,Suburban,Leasehold_99,3955,3703,24,Good,928000,139200,8000,1075200
CASE-2026-TR-01862,Selangor,Residential,Suburban,Malay_Reserve,2912,2660,34,Good,729000,109400,8000,846400
CASE-2026-TR-01863,Penang,Agricultural,Rural_Coastal,Freehold,27209,0,9,Fair,1247000,187000,2000,1436000
CASE-2026-TR-01864,Penang,Residential,Suburban,Leasehold_99,6863,4086,23,Good,1763000,264400,8000,2035400
CASE-2026-TR-01865,Selangor,Industrial,Urban,Freehold,8286,5576,10,Good,3075000,461200,8000,3544200
CASE-2026-TR-01866,Pahang,Commercial,Suburban,Freehold,11406,10814,13,Excellent,4430000,664500,8000,5102500
CASE-2026-TR-01867,Johor,Commercial,Suburban,Leasehold_99,1512,1432,10,Excellent,710000,106500,8000,824500
CASE-2026-TR-01868,Selangor,Residential,Suburban,Leasehold_99,4165,2655,7,Fair,1154000,173100,8000,1335100
CASE-2026-TR-01869,Selangor,Commercial,Suburban,Freehold,9266,8033,6,Fair,4402000,660300,8000,5070300
CASE-2026-TR-01870,Sabah,Agricultural,Suburban,Freehold,34465,0,23,Good,1168000,175200,2000,1345200
CASE-2026-TR-01871,Selangor,Residential,Urban,Freehold,4712,3321,33,Excellent,1505000,225800,8000,1738800
CASE-2026-TR-01872,Penang,Commercial,Rural_Coastal,Leasehold_99,7021,6295,11,Excellent,2906000,435900,8000,3349900
CASE-2026-TR-01873,Melaka,Residential,Rural_Coastal,Freehold,3360,2015,23,Excellent,709000,106400,8000,823400
CASE-2026-TR-01874,Terengganu,Residential,Urban,Freehold,7111,6321,14,Excellent,2107000,316000,8000,2431000
CASE-2026-TR-01875,Pahang,Residential,Suburban,Freehold,4803,4343,17,Excellent,1237000,185600,8000,1430600
CASE-2026-TR-01876,Selangor,Commercial,Rural_Coastal,Freehold,5637,7837,19,Good,2825000,423800,8000,3256800
CASE-2026-TR-01877,Sabah,Residential,Urban,Freehold,6314,3598,33,Fair,1163000,174400,8000,1345400
CASE-2026-TR-01878,Johor,Residential,Suburban,Freehold,6849,6359,21,Good,1904000,285600,8000,2197600
CASE-2026-TR-01879,Pahang,Residential,Urban,Leasehold_99,4783,3836,31,Good,1091000,163600,8000,1262600
CASE-2026-TR-01880,Penang,Residential,Suburban,Freehold,3427,2495,15,Fair,873000,131000,8000,1012000
CASE-2026-TR-01881,Sarawak,Agricultural,Suburban,Malay_Reserve,16581,0,25,Good,560000,84000,2000,646000
CASE-2026-TR-01882,Selangor,Residential,Urban,Leasehold_99,3140,1900,16,Good,1005000,150800,8000,1163800
CASE-2026-TR-01883,Selangor,Industrial,Suburban,Freehold,17067,10393,28,Good,5137000,770600,8000,5915600
CASE-2026-TR-01884,Selangor,Industrial,Urban,Leasehold_99,23750,12689,8,Good,7853000,1178000,8000,9039000
CASE-2026-TR-01885,Pahang,Residential,Suburban,Malay_Reserve,3105,2730,29,Fair,585000,87800,8000,680800
CASE-2026-TR-01886,Johor,Residential,Rural_Coastal,Freehold,4731,3974,8,Good,1227000,184000,8000,1419000
CASE-2026-TR-01887,Penang,Industrial,Urban,Leasehold_99,19461,11552,17,Good,5993000,899000,8000,6900000
CASE-2026-TR-01888,Selangor,Agricultural,Urban,Leasehold_99,62882,1054,29,Good,3840000,576000,8000,4424000
CASE-2026-TR-01889,Selangor,Residential,Suburban,Freehold,7168,4611,31,Good,1760000,264000,8000,2032000
CASE-2026-TR-01890,Selangor,Agricultural,Urban,Leasehold_99,50095,1208,32,Fair,2752000,412800,8000,3172800
CASE-2026-TR-01891,Selangor,Commercial,Urban,Freehold,7191,7271,8,Fair,3487000,523000,8000,4018000
CASE-2026-TR-01892,Melaka,Agricultural,Suburban,Freehold,49708,0,7,Good,2042000,306300,2000,2350300
CASE-2026-TR-01893,Melaka,Residential,Suburban,Freehold,6897,5067,4,Fair,1686000,252900,8000,1946900
CASE-2026-TR-01894,Perak,Industrial,Rural_Coastal,Freehold,16134,9564,19,Fair,3020000,453000,8000,3481000
CASE-2026-TR-01895,Johor,Agricultural,Urban,Freehold,28679,0,12,Poor,1398000,209700,2000,1609700
CASE-2026-TR-01896,Johor,Residential,Suburban,Malay_Reserve,3122,2659,2,Excellent,991000,148600,8000,1147600
CASE-2026-TR-01897,Pahang,Residential,Suburban,Leasehold_99,2667,2039,7,Poor,568000,85200,8000,661200
CASE-2026-TR-01898,Pahang,Commercial,Urban,Freehold,8755,8623,1,Fair,3603000,540400,8000,4151400
CASE-2026-TR-01899,Penang,Commercial,Urban,Leasehold_99,4900,4812,25,Good,2232000,334800,8000,2574800
CASE-2026-TR-01900,Penang,Residential,Urban,Freehold,3715,2327,28,Excellent,1107000,166000,8000,1281000
CASE-2026-TR-01901,Penang,Residential,Suburban,Leasehold_99,4149,2958,11,Excellent,1176000,176400,8000,1360400
CASE-2026-TR-01902,Penang,Agricultural,Suburban,Malay_Reserve,38926,682,28,Good,1679000,251800,8000,1938800
CASE-2026-TR-01903,Pahang,Commercial,Urban,Freehold,8788,11315,5,Good,4070000,610500,8000,4688500
CASE-2026-TR-01904,Penang,Industrial,Rural_Coastal,Freehold,30604,21837,14,Good,9398000,1409700,8000,10815700
CASE-2026-TR-01905,Selangor,Residential,Rural_Coastal,Freehold,5099,3959,3,Excellent,1626000,243900,8000,1877900
CASE-2026-TR-01906,Penang,Agricultural,Urban,Malay_Reserve,41863,0,16,Good,2331000,349600,2000,2682600
CASE-2026-TR-01907,Johor,Commercial,Rural_Coastal,Freehold,4811,5413,7,Excellent,2199000,329800,8000,2536800
CASE-2026-TR-01908,Selangor,Industrial,Suburban,Leasehold_99,20622,8804,21,Excellent,5730000,859500,8000,6597500
CASE-2026-TR-01909,Sabah,Residential,Urban,Leasehold_99,3795,3380,9,Good,1066000,159900,8000,1233900
CASE-2026-TR-01910,Selangor,Residential,Suburban,Freehold,4950,4192,8,Fair,1536000,230400,8000,1774400
CASE-2026-TR-01911,Pahang,Residential,Suburban,Leasehold_99,3146,1736,18,Fair,495000,74200,8000,577200
CASE-2026-TR-01912,Penang,Agricultural,Suburban,Leasehold_99,24607,1046,23,Excellent,1212000,181800,8000,1401800
CASE-2026-TR-01913,Penang,Residential,Suburban,Leasehold_99,6477,5040,1,Good,1941000,291200,8000,2240200
CASE-2026-TR-01914,Johor,Commercial,Urban,Freehold,1702,1303,27,Good,683000,102400,8000,793400
CASE-2026-TR-01915,Selangor,Industrial,Suburban,Freehold,22001,9807,28,Good,6081000,912200,8000,7001200
CASE-2026-TR-01916,Johor,Commercial,Urban,Freehold,10035,14015,1,Good,6090000,913500,8000,7011500
CASE-2026-TR-01917,Johor,Agricultural,Urban,Freehold,28052,991,7,Excellent,1415000,212200,8000,1635200
CASE-2026-TR-01918,Sabah,Residential,Suburban,Leasehold_99,6286,4354,6,Good,1399000,209800,8000,1616800
CASE-2026-TR-01919,Selangor,Residential,Urban,Freehold,2671,1532,26,Fair,803000,120400,8000,931400
CASE-2026-TR-01920,Terengganu,Agricultural,Urban,Freehold,50276,0,36,Poor,1771000,265600,2000,2038600
CASE-2026-TR-01921,Penang,Residential,Urban,Freehold,6906,6463,11,Excellent,2455000,368200,8000,2831200
CASE-2026-TR-01922,Sarawak,Commercial,Urban,Malay_Reserve,7542,9522,18,Fair,2680000,402000,8000,3090000
CASE-2026-TR-01923,Selangor,Industrial,Rural_Coastal,Freehold,11068,6799,7,Good,3420000,513000,8000,3941000
CASE-2026-TR-01924,Penang,Agricultural,Urban,Freehold,56271,0,1,Good,3478000,521700,2000,4001700
CASE-2026-TR-01925,Terengganu,Residential,Urban,Freehold,5328,3803,22,Good,1292000,193800,8000,1493800
CASE-2026-TR-01926,Perak,Industrial,Suburban,Leasehold_99,17227,8182,18,Excellent,3615000,542200,8000,4165200
CASE-2026-TR-01927,Perak,Residential,Urban,Freehold,4039,2942,3,Excellent,1128000,169200,8000,1305200
CASE-2026-TR-01928,Selangor,Residential,Urban,Leasehold_99,5918,4668,7,Good,2073000,311000,8000,2392000
CASE-2026-TR-01929,Pahang,Agricultural,Urban,Leasehold_99,58534,0,25,Good,2069000,310400,2000,2381400
CASE-2026-TR-01930,Johor,Industrial,Suburban,Leasehold_99,30332,17248,29,Good,7665000,1149800,8000,8822800
CASE-2026-TR-01931,Penang,Residential,Urban,Freehold,3964,2538,24,Excellent,1169000,175400,8000,1352400
CASE-2026-TR-01932,Penang,Agricultural,Urban,Freehold,51389,0,11,Fair,3344000,501600,2000,3847600
CASE-2026-TR-01933,Penang,Commercial,Rural_Coastal,Freehold,3741,3158,11,Excellent,1689000,253400,8000,1950400
CASE-2026-TR-01934,Sarawak,Agricultural,Urban,Freehold,36340,0,2,Excellent,1524000,228600,2000,1754600
CASE-2026-TR-01935,Pahang,Commercial,Urban,Freehold,9191,9129,9,Good,3893000,584000,8000,4485000
CASE-2026-TR-01936,Johor,Residential,Suburban,Leasehold_99,3727,3423,31,Good,894000,134100,8000,1036100
CASE-2026-TR-01937,Penang,Residential,Urban,Leasehold_99,1421,856,33,Good,348000,52200,8000,408200
CASE-2026-TR-01938,Terengganu,Commercial,Urban,Leasehold_99,11654,9073,18,Good,4005000,600800,8000,4613800
CASE-2026-TR-01939,Penang,Commercial,Rural_Coastal,Freehold,7953,9378,24,Fair,3136000,470400,8000,3614400
CASE-2026-TR-01940,Penang,Agricultural,Urban,Freehold,60023,0,16,Excellent,3726000,558900,2000,4286900
CASE-2026-TR-01941,Melaka,Residential,Urban,Freehold,3081,1752,2,Poor,717000,107600,8000,832600
CASE-2026-TR-01942,Melaka,Residential,Rural_Coastal,Leasehold_99,3941,2214,31,Poor,583000,87400,8000,678400
CASE-2026-TR-01943,Selangor,Residential,Suburban,Freehold,3361,2624,22,Good,997000,149600,8000,1154600
CASE-2026-TR-01944,Penang,Residential,Suburban,Freehold,6616,4508,12,Excellent,1940000,291000,8000,2239000
CASE-2026-TR-01945,Selangor,Industrial,Rural_Coastal,Freehold,14868,8371,21,Good,4072000,610800,8000,4690800
CASE-2026-TR-01946,Sarawak,Residential,Urban,Freehold,7275,5939,31,Good,1544000,231600,8000,1783600
CASE-2026-TR-01947,Johor,Commercial,Suburban,Freehold,11300,10897,13,Good,4935000,740200,8000,5683200
CASE-2026-TR-01948,Pahang,Agricultural,Rural_Coastal,Freehold,19978,1148,32,Excellent,711000,106600,8000,825600
CASE-2026-TR-01949,Johor,Residential,Urban,Malay_Reserve,2001,1352,2,Fair,491000,73600,8000,572600
CASE-2026-TR-01950,Penang,Residential,Urban,Freehold,1365,950,24,Good,400000,60000,8000,468000
CASE-2026-TR-01951,Terengganu,Commercial,Urban,Leasehold_99,9254,8580,10,Good,3386000,507900,8000,3901900
CASE-2026-TR-01952,Pahang,Commercial,Urban,Leasehold_99,8299,6229,27,Excellent,3052000,457800,8000,3517800
CASE-2026-TR-01953,Selangor,Agricultural,Suburban,Malay_Reserve,56284,450,20,Excellent,2815000,422200,8000,3245200
CASE-2026-TR-01954,Selangor,Commercial,Suburban,Freehold,6097,6521,5,Excellent,3231000,484600,8000,3723600
CASE-2026-TR-01955,Penang,Industrial,Suburban,Freehold,16549,8713,5,Good,5225000,783800,8000,6016800
CASE-2026-TR-01956,Johor,Residential,Suburban,Leasehold_99,1352,845,4,Fair,306000,45900,8000,359900
CASE-2026-TR-01957,Sarawak,Residential,Urban,Leasehold_99,4622,3079,7,Poor,1029000,154400,8000,1191400
CASE-2026-TR-01958,Terengganu,Residential,Suburban,Freehold,7333,5312,19,Fair,1428000,214200,8000,1650200
CASE-2026-TR-01959,Selangor,Residential,Urban,Leasehold_99,5564,3078,2,Good,1660000,249000,8000,1917000
CASE-2026-TR-01960,Penang,Industrial,Rural_Coastal,Freehold,6610,4324,18,Excellent,1967000,295000,8000,2270000
CASE-2026-TR-01961,Johor,Commercial,Rural_Coastal,Freehold,10214,9013,16,Fair,3569000,535400,8000,4112400
CASE-2026-TR-01962,Pahang,Residential,Urban,Leasehold_99,3042,1883,15,Good,664000,99600,8000,771600
CASE-2026-TR-01963,Selangor,Residential,Suburban,Freehold,5528,4874,12,Good,1737000,260600,8000,2005600
CASE-2026-TR-01964,Johor,Agricultural,Urban,Leasehold_99,62894,0,11,Fair,2929000,439400,2000,3370400
CASE-2026-TR-01965,Pahang,Residential,Urban,Freehold,1540,903,29,Excellent,311000,46600,8000,365600
CASE-2026-TR-01966,Penang,Industrial,Urban,Leasehold_99,34556,20998,20,Good,10350000,1552500,8000,11910500
CASE-2026-TR-01967,Perak,Commercial,Rural_Coastal,Leasehold_99,9177,8727,10,Good,2958000,443700,8000,3409700
CASE-2026-TR-01968,Penang,Residential,Suburban,Malay_Reserve,3839,2319,7,Good,989000,148400,8000,1145400
CASE-2026-TR-01969,Sarawak,Agricultural,Suburban,Leasehold_99,53775,0,12,Excellent,1901000,285200,2000,2188200
CASE-2026-TR-01970,Penang,Industrial,Urban,Leasehold_99,7709,3952,18,Good,2183000,327400,8000,2518400
CASE-2026-TR-01971,Sabah,Residential,Rural_Coastal,Leasehold_99,6807,4947,26,Good,1249000,187400,8000,1444400
CASE-2026-TR-01972,Penang,Residential,Suburban,Freehold,5220,4557,17,Good,1564000,234600,8000,1806600
CASE-2026-TR-01973,Johor,Agricultural,Urban,Freehold,26651,0,31,Good,1435000,215200,2000,1652200
CASE-2026-TR-01974,Melaka,Residential,Suburban,Freehold,6389,3597,14,Excellent,1525000,228800,8000,1761800
CASE-2026-TR-01975,Penang,Residential,Urban,Malay_Reserve,4332,2950,23,Fair,1065000,159800,8000,1232800
CASE-2026-TR-01976,Johor,Residential,Urban,Freehold,5563,4807,24,Good,1562000,234300,8000,1804300
CASE-2026-TR-01977,Pahang,Commercial,Urban,Leasehold_99,4713,3499,1,Fair,1622000,243300,8000,1873300
CASE-2026-TR-01978,Terengganu,Residential,Urban,Freehold,1468,986,7,Fair,342000,51300,8000,401300
CASE-2026-TR-01979,Pahang,Residential,Rural_Coastal,Freehold,6108,5737,8,Fair,1385000,207800,8000,1600800
CASE-2026-TR-01980,Selangor,Residential,Rural_Coastal,Freehold,4603,3709,1,Good,1479000,221800,8000,1708800
CASE-2026-TR-01981,Selangor,Commercial,Urban,Leasehold_99,3506,2953,4,Good,1956000,293400,8000,2257400
CASE-2026-TR-01982,Selangor,Residential,Suburban,Freehold,6843,4312,29,Good,1858000,278700,8000,2144700
CASE-2026-TR-01983,Pahang,Residential,Suburban,Malay_Reserve,4377,2481,1,Fair,927000,139000,8000,1074000
CASE-2026-TR-01984,Melaka,Agricultural,Suburban,Freehold,51152,0,29,Poor,2131000,319600,2000,2452600
CASE-2026-TR-01985,Pahang,Commercial,Suburban,Freehold,7914,5884,7,Good,2741000,411200,8000,3160200
CASE-2026-TR-01986,Sarawak,Commercial,Suburban,Leasehold_99,2074,2461,27,Poor,596000,89400,8000,693400
CASE-2026-TR-01987,Johor,Commercial,Rural_Coastal,Leasehold_99,2464,3060,23,Poor,829000,124400,8000,961400
CASE-2026-TR-01988,Terengganu,Commercial,Urban,Leasehold_99,9642,7532,19,Excellent,3291000,493600,8000,3792600
CASE-2026-TR-01989,Selangor,Commercial,Suburban,Malay_Reserve,7877,10540,6,Good,4442000,666300,8000,5116300
CASE-2026-TR-01990,Penang,Agricultural,Suburban,Leasehold_99,18498,1212,22,Good,1051000,157600,8000,1216600
CASE-2026-TR-01991,Selangor,Industrial,Urban,Freehold,21839,15855,28,Fair,7244000,1086600,8000,8338600
CASE-2026-TR-01992,Penang,Residential,Suburban,Freehold,5352,3030,23,Excellent,1349000,202400,8000,1559400
CASE-2026-TR-01993,Penang,Agricultural,Rural_Coastal,Freehold,56001,1200,13,Good,2430000,364500,8000,2802500
CASE-2026-TR-01994,Terengganu,Agricultural,Urban,Freehold,34282,0,6,Fair,1212000,181800,2000,1395800
CASE-2026-TR-01995,Johor,Residential,Suburban,Freehold,2971,2658,2,Fair,868000,130200,8000,1006200
CASE-2026-TR-01996,Selangor,Residential,Rural_Coastal,Leasehold_99,2191,1851,31,Fair,460000,69000,8000,537000
CASE-2026-TR-01997,Perak,Commercial,Rural_Coastal,Freehold,6559,5946,25,Excellent,2098000,314700,8000,2420700
CASE-2026-TR-01998,Selangor,Commercial,Urban,Malay_Reserve,3930,4973,8,Good,2155000,323200,8000,2486200
CASE-2026-TR-01999,Terengganu,Residential,Suburban,Leasehold_99,7353,6833,31,Fair,1393000,209000,8000,1610000
CASE-2026-TR-02000,Melaka,Commercial,Rural_Coastal,Freehold,10057,9532,10,Excellent,4221000,633200,8000,4862200
CASE-2026-TR-02001,Selangor,Residential,Suburban,Leasehold_99,1570,1029,19,Good,404000,60600,8000,472600
CASE-2026-TR-02002,Penang,Agricultural,Rural_Coastal,Freehold,53938,975,24,Good,2452000,367800,8000,2827800
CASE-2026-TR-02003,Perak,Industrial,Suburban,Leasehold_99,7958,5042,22,Good,1721000,258200,8000,1987200
CASE-2026-TR-02004,Melaka,Commercial,Urban,Freehold,9200,9540,26,Fair,3653000,548000,8000,4209000
CASE-2026-TR-02005,Johor,Residential,Urban,Freehold,4898,2700,31,Good,1213000,182000,8000,1403000
CASE-2026-TR-02006,Johor,Residential,Suburban,Freehold,2688,1785,32,Good,547000,82000,8000,637000
CASE-2026-TR-02007,Sabah,Commercial,Suburban,Freehold,2107,2656,1,Fair,866000,129900,8000,1003900
CASE-2026-TR-02008,Selangor,Industrial,Rural_Coastal,Freehold,28168,11888,8,Good,7313000,1097000,8000,8418000
CASE-2026-TR-02009,Selangor,Agricultural,Rural_Coastal,Freehold,43724,0,7,Fair,1945000,291800,2000,2238800
CASE-2026-TR-02010,Penang,Residential,Urban,Freehold,3320,2255,11,Fair,996000,149400,8000,1153400
CASE-2026-TR-02011,Penang,Residential,Urban,Freehold,6550,4692,18,Good,1998000,299700,8000,2305700
CASE-2026-TR-02012,Johor,Industrial,Urban,Freehold,24250,12204,20,Good,6579000,986800,8000,7573800
CASE-2026-TR-02013,Terengganu,Commercial,Urban,Freehold,3918,2805,8,Excellent,1450000,217500,8000,1675500
CASE-2026-TR-02014,Perak,Agricultural,Suburban,Freehold,25233,1440,39,Good,931000,139600,8000,1078600
CASE-2026-TR-02015,Pahang,Residential,Suburban,Freehold,5039,3264,4,Fair,1046000,156900,8000,1210900
CASE-2026-TR-02016,Johor,Residential,Suburban,Malay_Reserve,1697,1482,12,Good,457000,68600,8000,533600
CASE-2026-TR-02017,Selangor,Industrial,Urban,Leasehold_99,5844,3673,8,Good,2053000,308000,8000,2369000
CASE-2026-TR-02018,Terengganu,Residential,Urban,Freehold,4096,2782,8,Good,961000,144200,8000,1113200
CASE-2026-TR-02019,Selangor,Commercial,Urban,Malay_Reserve,8939,6723,2,Good,4670000,700500,8000,5378500
CASE-2026-TR-02020,Melaka,Commercial,Urban,Freehold,7913,10422,6,Excellent,4364000,654600,8000,5026600
CASE-2026-TR-02021,Sarawak,Residential,Urban,Freehold,2819,2232,4,Excellent,887000,133000,8000,1028000
CASE-2026-TR-02022,Johor,Residential,Suburban,Freehold,4701,3176,23,Fair,1101000,165200,8000,1274200
CASE-2026-TR-02023,Penang,Agricultural,Urban,Leasehold_99,48355,0,15,Fair,2622000,393300,2000,3017300
CASE-2026-TR-02024,Melaka,Industrial,Suburban,Freehold,22515,12417,12,Excellent,5885000,882800,8000,6775800
CASE-2026-TR-02025,Sabah,Residential,Urban,Leasehold_99,4636,3768,16,Fair,1058000,158700,8000,1224700
CASE-2026-TR-02026,Sarawak,Residential,Suburban,Leasehold_99,7137,4303,7,Excellent,1751000,262600,8000,2021600
CASE-2026-TR-02027,Selangor,Residential,Suburban,Leasehold_99,4625,2874,21,Excellent,1350000,202500,8000,1560500
CASE-2026-TR-02028,Selangor,Residential,Rural_Coastal,Malay_Reserve,3658,2859,15,Good,927000,139000,8000,1074000
CASE-2026-TR-02029,Johor,Agricultural,Suburban,Freehold,27811,0,22,Excellent,1280000,192000,2000,1474000
CASE-2026-TR-02030,Melaka,Commercial,Suburban,Leasehold_99,6872,6551,20,Excellent,2921000,438200,8000,3367200
CASE-2026-TR-02031,Johor,Residential,Suburban,Leasehold_99,6933,5678,31,Fair,1420000,213000,8000,1641000
CASE-2026-TR-02032,Selangor,Agricultural,Suburban,Freehold,47265,0,32,Fair,2526000,378900,2000,2906900
CASE-2026-TR-02033,Selangor,Residential,Suburban,Malay_Reserve,6730,4790,15,Poor,1641000,246200,8000,1895200
CASE-2026-TR-02034,Sarawak,Residential,Suburban,Leasehold_99,7350,4490,14,Good,1589000,238400,8000,1835400
CASE-2026-TR-02035,Johor,Residential,Urban,Leasehold_99,3890,2873,28,Good,1013000,152000,8000,1173000
CASE-2026-TR-02036,Selangor,Industrial,Rural_Coastal,Leasehold_99,16746,8718,15,Good,4536000,680400,8000,5224400
CASE-2026-TR-02037,Selangor,Industrial,Urban,Freehold,14985,8908,20,Good,5041000,756200,8000,5805200
CASE-2026-TR-02038,Selangor,Agricultural,Urban,Leasehold_99,22420,0,31,Good,1340000,201000,2000,1543000
CASE-2026-TR-02039,Selangor,Agricultural,Suburban,Freehold,40421,0,8,Fair,2146000,321900,2000,2469900
CASE-2026-TR-02040,Penang,Agricultural,Rural_Coastal,Freehold,27438,0,3,Fair,1173000,176000,2000,1351000
CASE-2026-TR-02041,Melaka,Residential,Suburban,Freehold,4148,2488,5,Good,904000,135600,8000,1047600
CASE-2026-TR-02042,Johor,Commercial,Urban,Leasehold_99,9808,12684,22,Good,4595000,689200,8000,5292200
CASE-2026-TR-02043,Terengganu,Commercial,Rural_Coastal,Freehold,11993,16629,3,Good,5233000,785000,8000,6026000
CASE-2026-TR-02044,Johor,Residential,Rural_Coastal,Freehold,5113,4653,13,Good,1364000,204600,8000,1576600
CASE-2026-TR-02045,Selangor,Agricultural,Suburban,Malay_Reserve,60289,1485,29,Excellent,3008000,451200,8000,3467200
CASE-2026-TR-02046,Sarawak,Industrial,Suburban,Freehold,8297,4103,27,Good,1781000,267200,8000,2056200
CASE-2026-TR-02047,Selangor,Residential,Urban,Leasehold_99,1937,1630,24,Fair,592000,88800,8000,688800
CASE-2026-TR-02048,Pahang,Agricultural,Urban,Leasehold_99,45796,0,0,Good,1596000,239400,2000,1837400
CASE-2026-TR-02049,Sabah,Commercial,Rural_Coastal,Freehold,2993,3909,26,Fair,919000,137800,8000,1064800
CASE-2026-TR-02050,Sabah,Commercial,Rural_Coastal,Freehold,5278,4229,16,Good,1626000,243900,8000,1877900
CASE-2026-TR-02051,Selangor,Residential,Suburban,Leasehold_99,5469,3133,18,Good,1360000,204000,8000,1572000
CASE-2026-TR-02052,Perak,Agricultural,Urban,Freehold,51580,822,14,Good,1983000,297400,8000,2288400
CASE-2026-TR-02053,Sabah,Commercial,Suburban,Leasehold_99,3890,5147,27,Fair,1271000,190600,8000,1469600
CASE-2026-TR-02054,Johor,Agricultural,Urban,Freehold,33181,0,29,Good,1733000,260000,2000,1995000
CASE-2026-TR-02055,Selangor,Commercial,Suburban,Freehold,6875,9264,15,Excellent,4194000,629100,8000,4831100
CASE-2026-TR-02056,Sabah,Residential,Suburban,Freehold,3211,3041,17,Good,771000,115600,8000,894600
CASE-2026-TR-02057,Pahang,Residential,Rural_Coastal,Freehold,2825,2157,34,Fair,462000,69300,8000,539300
CASE-2026-TR-02058,Johor,Residential,Urban,Freehold,6868,4907,13,Poor,1745000,261800,8000,2014800
CASE-2026-TR-02059,Johor,Residential,Rural_Coastal,Leasehold_99,5903,4301,20,Good,1247000,187000,8000,1442000
CASE-2026-TR-02060,Sabah,Agricultural,Urban,Leasehold_99,36168,0,3,Excellent,1389000,208400,2000,1599400
CASE-2026-TR-02061,Penang,Residential,Rural_Coastal,Leasehold_99,3004,1927,14,Good,736000,110400,8000,854400
CASE-2026-TR-02062,Terengganu,Residential,Suburban,Freehold,3959,2217,1,Fair,785000,117800,8000,910800
CASE-2026-TR-02063,Johor,Residential,Rural_Coastal,Leasehold_99,2930,2445,14,Good,706000,105900,8000,819900
CASE-2026-TR-02064,Pahang,Agricultural,Rural_Coastal,Freehold,26707,0,15,Good,780000,117000,2000,899000
CASE-2026-TR-02065,Penang,Residential,Urban,Leasehold_99,5143,2853,20,Good,1315000,197200,8000,1520200
CASE-2026-TR-02066,Johor,Agricultural,Suburban,Freehold,34509,0,10,Excellent,1537000,230600,2000,1769600
CASE-2026-TR-02067,Perak,Residential,Suburban,Freehold,1813,1717,5,Fair,455000,68200,8000,531200
CASE-2026-TR-02068,Penang,Residential,Suburban,Freehold,2192,1483,12,Excellent,667000,100000,8000,775000
CASE-2026-TR-02069,Sabah,Industrial,Rural_Coastal,Freehold,19494,11092,23,Excellent,3952000,592800,8000,4552800
CASE-2026-TR-02070,Pahang,Agricultural,Suburban,Freehold,36604,1336,27,Excellent,1434000,215100,8000,1657100
CASE-2026-TR-02071,Selangor,Commercial,Suburban,Freehold,10833,13366,4,Excellent,6089000,913400,8000,7010400
CASE-2026-TR-02072,Melaka,Residential,Rural_Coastal,Freehold,6941,5153,5,Good,1783000,267400,8000,2058400
CASE-2026-TR-02073,Perak,Residential,Urban,Malay_Reserve,3289,2442,6,Excellent,867000,130000,8000,1005000
CASE-2026-TR-02074,Selangor,Commercial,Urban,Freehold,4768,5998,4,Excellent,3068000,460200,8000,3536200
CASE-2026-TR-02075,Perak,Agricultural,Urban,Leasehold_99,58945,1406,37,Good,2123000,318400,8000,2449400
CASE-2026-TR-02076,Selangor,Residential,Suburban,Malay_Reserve,5845,5248,8,Good,1905000,285800,8000,2198800
CASE-2026-TR-02077,Johor,Residential,Suburban,Leasehold_99,5223,2897,25,Good,1035000,155200,8000,1198200
CASE-2026-TR-02078,Melaka,Residential,Urban,Freehold,1851,1121,32,Excellent,410000,61500,8000,479500
CASE-2026-TR-02079,Selangor,Industrial,Suburban,Malay_Reserve,13316,9703,24,Good,4024000,603600,8000,4635600
CASE-2026-TR-02080,Melaka,Residential,Suburban,Malay_Reserve,2104,1183,11,Excellent,486000,72900,8000,566900
CASE-2026-TR-02081,Pahang,Residential,Urban,Freehold,3430,1977,29,Good,676000,101400,8000,785400
CASE-2026-TR-02082,Pahang,Residential,Suburban,Freehold,1592,1511,4,Good,466000,69900,8000,543900
CASE-2026-TR-02083,Melaka,Residential,Suburban,Freehold,6162,4152,19,Good,1342000,201300,8000,1551300
CASE-2026-TR-02084,Selangor,Industrial,Urban,Freehold,4610,2554,3,Good,1739000,260800,8000,2007800
CASE-2026-TR-02085,Perak,Agricultural,Urban,Freehold,20817,0,16,Good,807000,121000,2000,930000
CASE-2026-TR-02086,Selangor,Residential,Suburban,Leasehold_99,3267,2693,19,Fair,904000,135600,8000,1047600
CASE-2026-TR-02087,Melaka,Residential,Urban,Leasehold_99,6277,4265,2,Poor,1431000,214600,8000,1653600
CASE-2026-TR-02088,Selangor,Agricultural,Rural_Coastal,Freehold,49867,913,3,Excellent,2236000,335400,8000,2579400
CASE-2026-TR-02089,Selangor,Residential,Suburban,Freehold,6624,6116,21,Good,2093000,314000,8000,2415000
CASE-2026-TR-02090,Terengganu,Agricultural,Suburban,Freehold,17842,0,12,Excellent,611000,91600,2000,704600
CASE-2026-TR-02091,Selangor,Residential,Urban,Leasehold_99,4769,3125,29,Good,1296000,194400,8000,1498400
CASE-2026-TR-02092,Sarawak,Agricultural,Rural_Coastal,Leasehold_99,16517,1150,9,Excellent,645000,96800,8000,749800
CASE-2026-TR-02093,Selangor,Commercial,Urban,Freehold,6613,6655,19,Fair,3351000,502600,8000,3861600
CASE-2026-TR-02094,Johor,Residential,Suburban,Freehold,6743,4784,9,Good,1864000,279600,8000,2151600
CASE-2026-TR-02095,Sarawak,Residential,Urban,Leasehold_99,2135,1847,22,Good,519000,77800,8000,604800
CASE-2026-TR-02096,Sarawak,Agricultural,Urban,Malay_Reserve,64605,0,10,Fair,2392000,358800,2000,2752800
CASE-2026-TR-02097,Selangor,Industrial,Suburban,Freehold,25197,16254,2,Good,9495000,1424200,8000,10927200
CASE-2026-TR-02098,Selangor,Commercial,Suburban,Leasehold_99,4902,6176,19,Good,2485000,372800,8000,2865800
CASE-2026-TR-02099,Sabah,Residential,Suburban,Freehold,5826,3803,15,Excellent,1301000,195200,8000,1504200
CASE-2026-TR-02100,Johor,Agricultural,Urban,Freehold,48783,0,20,Fair,2548000,382200,2000,2932200
CASE-2026-TR-02101,Selangor,Residential,Suburban,Leasehold_99,2768,1571,5,Good,847000,127000,8000,982000
CASE-2026-TR-02102,Perak,Residential,Urban,Freehold,1884,1412,30,Good,401000,60200,8000,469200
CASE-2026-TR-02103,Pahang,Industrial,Suburban,Malay_Reserve,14910,6135,7,Good,2786000,417900,8000,3211900
CASE-2026-TR-02104,Melaka,Commercial,Suburban,Freehold,7960,5696,6,Excellent,3242000,486300,8000,3736300
CASE-2026-TR-02105,Penang,Industrial,Suburban,Freehold,11069,7641,23,Good,3394000,509100,8000,3911100
CASE-2026-TR-02106,Selangor,Commercial,Suburban,Freehold,10162,8173,16,Good,4622000,693300,8000,5323300
CASE-2026-TR-02107,Johor,Agricultural,Urban,Freehold,28669,0,24,Fair,1560000,234000,2000,1796000
CASE-2026-TR-02108,Selangor,Commercial,Suburban,Freehold,6914,5369,6,Good,3282000,492300,8000,3782300
CASE-2026-TR-02109,Terengganu,Commercial,Urban,Freehold,9713,7383,5,Fair,3426000,513900,8000,3947900
CASE-2026-TR-02110,Selangor,Residential,Suburban,Freehold,6321,4568,7,Fair,1815000,272200,8000,2095200
CASE-2026-TR-02111,Penang,Agricultural,Rural_Coastal,Freehold,20599,0,34,Good,920000,138000,2000,1060000
CASE-2026-TR-02112,Pahang,Residential,Urban,Freehold,4828,2891,23,Good,1017000,152600,8000,1177600
CASE-2026-TR-02113,Selangor,Commercial,Rural_Coastal,Freehold,6566,6817,16,Good,3011000,451600,8000,3470600
CASE-2026-TR-02114,Penang,Residential,Urban,Leasehold_99,3217,2671,30,Poor,752000,112800,8000,872800
CASE-2026-TR-02115,Johor,Residential,Urban,Freehold,4181,3518,27,Excellent,1252000,187800,8000,1447800
CASE-2026-TR-02116,Selangor,Residential,Suburban,Leasehold_99,1300,1089,5,Good,423000,63400,8000,494400
CASE-2026-TR-02117,Selangor,Agricultural,Urban,Leasehold_99,21449,1484,39,Poor,1443000,216400,8000,1667400
CASE-2026-TR-02118,Penang,Residential,Urban,Freehold,5063,3694,1,Good,1760000,264000,8000,2032000
CASE-2026-TR-02119,Terengganu,Commercial,Urban,Leasehold_99,8871,10484,3,Poor,3389000,508400,8000,3905400
CASE-2026-TR-02120,Penang,Residential,Rural_Coastal,Freehold,4862,3193,17,Fair,1119000,167800,8000,1294800
CASE-2026-TR-02121,Pahang,Residential,Suburban,Freehold,3490,2187,3,Good,883000,132400,8000,1023400
CASE-2026-TR-02122,Selangor,Residential,Urban,Malay_Reserve,6856,4047,32,Excellent,1733000,260000,8000,2001000
CASE-2026-TR-02123,Selangor,Agricultural,Suburban,Freehold,17930,486,27,Excellent,1051000,157600,8000,1216600
CASE-2026-TR-02124,Selangor,Agricultural,Suburban,Leasehold_99,42931,0,27,Fair,2202000,330300,2000,2534300
CASE-2026-TR-02125,Penang,Agricultural,Suburban,Freehold,38280,0,19,Good,2003000,300400,2000,2305400
CASE-2026-TR-02126,Pahang,Residential,Urban,Freehold,6707,5494,27,Good,1536000,230400,8000,1774400
CASE-2026-TR-02127,Penang,Residential,Suburban,Leasehold_99,5110,4735,31,Good,1290000,193500,8000,1491500
CASE-2026-TR-02128,Selangor,Commercial,Rural_Coastal,Freehold,9789,10707,12,Fair,4226000,633900,8000,4867900
CASE-2026-TR-02129,Selangor,Commercial,Rural_Coastal,Leasehold_99,6611,7447,17,Good,2868000,430200,8000,3306200
CASE-2026-TR-02130,Johor,Commercial,Suburban,Freehold,6482,8472,7,Good,3392000,508800,8000,3908800
CASE-2026-TR-02131,Pahang,Residential,Urban,Freehold,4778,3966,25,Fair,1084000,162600,8000,1254600
CASE-2026-TR-02132,Penang,Residential,Urban,Leasehold_99,6102,4629,25,Good,1677000,251600,8000,1936600
CASE-2026-TR-02133,Terengganu,Residential,Suburban,Leasehold_99,6525,5970,10,Good,1784000,267600,8000,2059600
CASE-2026-TR-02134,Melaka,Residential,Rural_Coastal,Leasehold_99,3333,3007,6,Fair,737000,110600,8000,855600
CASE-2026-TR-02135,Selangor,Commercial,Suburban,Leasehold_99,7414,5617,2,Good,3438000,515700,8000,3961700
CASE-2026-TR-02136,Melaka,Residential,Urban,Leasehold_99,1586,1349,4,Good,466000,69900,8000,543900
CASE-2026-TR-02137,Sarawak,Industrial,Rural_Coastal,Freehold,33405,15851,9,Fair,6445000,966800,8000,7419800
CASE-2026-TR-02138,Sabah,Residential,Urban,Freehold,3728,2745,4,Fair,912000,136800,8000,1056800
CASE-2026-TR-02139,Johor,Commercial,Urban,Freehold,6972,6020,20,Fair,2975000,446200,8000,3429200
CASE-2026-TR-02140,Penang,Agricultural,Urban,Leasehold_99,36143,530,29,Excellent,1983000,297400,8000,2288400
CASE-2026-TR-02141,Perak,Residential,Rural_Coastal,Freehold,5824,4255,18,Fair,1019000,152800,8000,1179800
CASE-2026-TR-02142,Johor,Commercial,Suburban,Leasehold_99,11058,10306,13,Good,4570000,685500,8000,5263500
CASE-2026-TR-02143,Johor,Agricultural,Rural_Coastal,Freehold,58362,1456,10,Fair,2472000,370800,8000,2850800
CASE-2026-TR-02144,Pahang,Residential,Urban,Freehold,5481,4224,6,Excellent,1672000,250800,8000,1930800
CASE-2026-TR-02145,Penang,Industrial,Suburban,Leasehold_99,18120,12011,25,Excellent,4960000,744000,8000,5712000
CASE-2026-TR-02146,Johor,Agricultural,Rural_Coastal,Malay_Reserve,42712,948,11,Poor,1530000,229500,8000,1767500
CASE-2026-TR-02147,Johor,Industrial,Urban,Freehold,22306,10612,22,Good,6201000,930200,8000,7139200
CASE-2026-TR-02148,Selangor,Residential,Urban,Freehold,4141,3928,11,Fair,1480000,222000,8000,1710000
CASE-2026-TR-02149,Penang,Residential,Rural_Coastal,Freehold,1841,1628,19,Excellent,578000,86700,8000,672700
CASE-2026-TR-02150,Melaka,Residential,Urban,Freehold,4528,3333,34,Good,1026000,153900,8000,1187900
CASE-2026-TR-02151,Penang,Commercial,Suburban,Leasehold_99,8463,9293,2,Poor,3772000,565800,8000,4345800
CASE-2026-TR-02152,Selangor,Residential,Urban,Freehold,6818,6447,17,Good,2275000,341200,8000,2624200
CASE-2026-TR-02153,Melaka,Commercial,Urban,Freehold,3119,3990,16,Fair,1322000,198300,8000,1528300
CASE-2026-TR-02154,Perak,Residential,Rural_Coastal,Freehold,1466,958,4,Excellent,340000,51000,8000,399000
CASE-2026-TR-02155,Pahang,Residential,Rural_Coastal,Leasehold_99,6471,4279,21,Good,1181000,177200,8000,1366200
CASE-2026-TR-02156,Johor,Commercial,Rural_Coastal,Leasehold_99,5032,4961,19,Good,1766000,264900,8000,2038900
CASE-2026-TR-02157,Johor,Commercial,Urban,Freehold,6220,6203,7,Good,3133000,470000,8000,3611000
CASE-2026-TR-02158,Melaka,Residential,Urban,Leasehold_99,2416,2252,3,Excellent,873000,131000,8000,1012000
CASE-2026-TR-02159,Selangor,Residential,Urban,Freehold,7036,6241,5,Excellent,2832000,424800,8000,3264800
CASE-2026-TR-02160,Selangor,Residential,Urban,Leasehold_99,1655,1437,21,Excellent,509000,76400,8000,593400
CASE-2026-TR-02161,Selangor,Residential,Suburban,Malay_Reserve,4924,4185,16,Poor,1276000,191400,8000,1475400
CASE-2026-TR-02162,Selangor,Industrial,Urban,Freehold,31963,20799,15,Fair,11154000,1673100,8000,12835100
CASE-2026-TR-02163,Penang,Residential,Urban,Leasehold_99,2513,2234,22,Fair,712000,106800,8000,826800
CASE-2026-TR-02164,Selangor,Commercial,Rural_Coastal,Freehold,3313,4463,24,Good,1652000,247800,8000,1907800
CASE-2026-TR-02165,Penang,Commercial,Suburban,Freehold,3305,3931,17,Good,1656000,248400,8000,1912400
CASE-2026-TR-02166,Perak,Agricultural,Urban,Leasehold_99,36989,675,17,Excellent,1387000,208000,8000,1603000
CASE-2026-TR-02167,Sarawak,Agricultural,Suburban,Freehold,21285,0,2,Fair,813000,122000,2000,937000
CASE-2026-TR-02168,Johor,Commercial,Urban,Freehold,2566,3439,13,Good,1395000,209200,8000,1612200
CASE-2026-TR-02169,Selangor,Residential,Rural_Coastal,Freehold,7369,6239,15,Fair,1960000,294000,8000,2262000
CASE-2026-TR-02170,Perak,Residential,Suburban,Leasehold_99,1874,1405,28,Fair,334000,50100,8000,392100
CASE-2026-TR-02171,Penang,Agricultural,Suburban,Leasehold_99,56641,1168,23,Good,2823000,423400,8000,3254400
CASE-2026-TR-02172,Penang,Commercial,Urban,Malay_Reserve,6977,6715,1,Excellent,3997000,599600,8000,4604600
CASE-2026-TR-02173,Sarawak,Agricultural,Rural_Coastal,Leasehold_99,45652,846,12,Fair,1489000,223400,8000,1720400
CASE-2026-TR-02174,Penang,Residential,Suburban,Leasehold_99,1723,1201,11,Excellent,514000,77100,8000,599100
CASE-2026-TR-02175,Johor,Commercial,Rural_Coastal,Malay_Reserve,2997,3060,10,Good,1218000,182700,8000,1408700
CASE-2026-TR-02176,Penang,Commercial,Urban,Leasehold_99,9334,9517,7,Poor,4028000,604200,8000,4640200
CASE-2026-TR-02177,Terengganu,Residential,Urban,Freehold,3845,2210,3,Fair,849000,127400,8000,984400
CASE-2026-TR-02178,Selangor,Residential,Suburban,Freehold,5887,3811,27,Fair,1432000,214800,8000,1654800
CASE-2026-TR-02179,Sabah,Residential,Rural_Coastal,Leasehold_99,2665,1752,10,Good,558000,83700,8000,649700
CASE-2026-TR-02180,Selangor,Residential,Rural_Coastal,Freehold,4802,2936,30,Excellent,1200000,180000,8000,1388000
CASE-2026-TR-02181,Selangor,Industrial,Urban,Malay_Reserve,31095,14506,2,Fair,9209000,1381400,8000,10598400
CASE-2026-TR-02182,Perak,Agricultural,Suburban,Freehold,63256,0,13,Excellent,2161000,324200,2000,2487200
CASE-2026-TR-02183,Penang,Residential,Rural_Coastal,Freehold,7004,4221,3,Fair,1661000,249200,8000,1918200
CASE-2026-TR-02184,Selangor,Agricultural,Suburban,Leasehold_99,62377,554,18,Fair,3102000,465300,8000,3575300
CASE-2026-TR-02185,Penang,Commercial,Suburban,Freehold,6360,8728,1,Good,3706000,555900,8000,4269900
CASE-2026-TR-02186,Sarawak,Residential,Suburban,Freehold,2952,2239,29,Good,634000,95100,8000,737100
CASE-2026-TR-02187,Johor,Agricultural,Suburban,Freehold,64618,1052,11,Excellent,3011000,451600,8000,3470600
CASE-2026-TR-02188,Perak,Residential,Rural_Coastal,Freehold,6158,5137,24,Poor,977000,146600,8000,1131600
CASE-2026-TR-02189,Selangor,Residential,Urban,Freehold,1548,984,16,Good,507000,76000,8000,591000
CASE-2026-TR-02190,Selangor,Agricultural,Suburban,Freehold,26016,0,27,Good,1491000,223600,2000,1716600
CASE-2026-TR-02191,Penang,Agricultural,Urban,Freehold,34205,819,15,Fair,2002000,300300,8000,2310300
CASE-2026-TR-02192,Penang,Residential,Urban,Freehold,3664,3280,20,Excellent,1155000,173200,8000,1336200
CASE-2026-TR-02193,Selangor,Residential,Rural_Coastal,Malay_Reserve,5538,3417,33,Fair,1063000,159400,8000,1230400
CASE-2026-TR-02194,Penang,Agricultural,Rural_Coastal,Freehold,34309,0,12,Poor,1446000,216900,2000,1664900
CASE-2026-TR-02195,Pahang,Residential,Urban,Freehold,1503,856,23,Fair,312000,46800,8000,366800
CASE-2026-TR-02196,Selangor,Agricultural,Urban,Malay_Reserve,63968,1480,17,Good,3655000,548200,8000,4211200
CASE-2026-TR-02197,Sabah,Residential,Suburban,Freehold,7132,5391,12,Good,1751000,262600,8000,2021600
CASE-2026-TR-02198,Johor,Agricultural,Rural_Coastal,Freehold,44101,977,12,Excellent,1745000,261800,8000,2014800
CASE-2026-TR-02199,Pahang,Residential,Suburban,Freehold,1366,1139,18,Poor,247000,37000,8000,292000
CASE-2026-TR-02200,Penang,Commercial,Urban,Malay_Reserve,7554,9535,1,Good,4273000,641000,8000,4922000
CASE-2026-TR-02201,Selangor,Industrial,Suburban,Freehold,11742,6404,21,Good,3314000,497100,8000,3819100
CASE-2026-TR-02202,Sarawak,Commercial,Urban,Leasehold_99,9628,7288,5,Good,3729000,559400,8000,4296400
CASE-2026-TR-02203,Penang,Industrial,Suburban,Freehold,18265,9799,12,Fair,5357000,803600,8000,6168600
CASE-2026-TR-02204,Penang,Commercial,Suburban,Malay_Reserve,9556,11764,25,Excellent,4313000,647000,8000,4968000
CASE-2026-TR-02205,Terengganu,Industrial,Urban,Freehold,26868,17702,8,Good,7129000,1069400,8000,8206400
CASE-2026-TR-02206,Johor,Industrial,Suburban,Leasehold_99,14000,9302,25,Excellent,3182000,477300,8000,3667300
CASE-2026-TR-02207,Penang,Residential,Rural_Coastal,Leasehold_99,6664,4969,14,Fair,1407000,211000,8000,1626000
CASE-2026-TR-02208,Selangor,Residential,Rural_Coastal,Malay_Reserve,3517,2211,33,Excellent,740000,111000,8000,859000
CASE-2026-TR-02209,Johor,Residential,Urban,Freehold,3060,2772,26,Excellent,873000,131000,8000,1012000
CASE-2026-TR-02210,Perak,Residential,Rural_Coastal,Leasehold_99,4722,3060,19,Good,904000,135600,8000,1047600
CASE-2026-TR-02211,Sabah,Residential,Suburban,Freehold,5266,4989,25,Excellent,1284000,192600,8000,1484600
CASE-2026-TR-02212,Penang,Commercial,Rural_Coastal,Leasehold_99,3768,2771,18,Poor,1275000,191200,8000,1474200
CASE-2026-TR-02213,Penang,Residential,Urban,Leasehold_99,4287,2449,24,Poor,1023000,153400,8000,1184400
CASE-2026-TR-02214,Melaka,Residential,Suburban,Leasehold_99,2516,2186,24,Good,589000,88400,8000,685400
CASE-2026-TR-02215,Perak,Agricultural,Urban,Malay_Reserve,51397,403,10,Good,1787000,268000,8000,2063000
CASE-2026-TR-02216,Perak,Residential,Rural_Coastal,Leasehold_99,5369,3340,18,Poor,772000,115800,8000,895800
CASE-2026-TR-02217,Johor,Agricultural,Suburban,Freehold,23424,0,9,Good,1010000,151500,2000,1163500
CASE-2026-TR-02218,Penang,Residential,Suburban,Malay_Reserve,3573,3384,26,Fair,909000,136400,8000,1053400
CASE-2026-TR-02219,Terengganu,Residential,Suburban,Freehold,4888,4384,29,Excellent,1096000,164400,8000,1268400
CASE-2026-TR-02220,Penang,Agricultural,Suburban,Malay_Reserve,24252,898,27,Fair,1088000,163200,8000,1259200
CASE-2026-TR-02221,Penang,Commercial,Urban,Leasehold_99,8646,11373,26,Excellent,4752000,712800,8000,5472800
CASE-2026-TR-02222,Selangor,Residential,Urban,Leasehold_99,3622,2296,32,Fair,997000,149600,8000,1154600
CASE-2026-TR-02223,Selangor,Industrial,Suburban,Leasehold_99,27449,20503,23,Good,8615000,1292200,8000,9915200
CASE-2026-TR-02224,Selangor,Residential,Rural_Coastal,Leasehold_99,2106,1948,31,Fair,501000,75200,8000,584200
CASE-2026-TR-02225,Melaka,Residential,Urban,Freehold,3714,2675,25,Fair,917000,137600,8000,1062600
CASE-2026-TR-02226,Johor,Commercial,Rural_Coastal,Leasehold_99,8841,6262,17,Fair,2599000,389800,8000,2996800
CASE-2026-TR-02227,Selangor,Commercial,Rural_Coastal,Freehold,6650,6658,3,Good,2932000,439800,8000,3379800
CASE-2026-TR-02228,Melaka,Residential,Suburban,Leasehold_99,6792,4932,33,Good,1296000,194400,8000,1498400
CASE-2026-TR-02229,Sarawak,Industrial,Suburban,Freehold,11473,5318,3,Excellent,3121000,468200,8000,3597200
CASE-2026-TR-02230,Johor,Residential,Rural_Coastal,Leasehold_99,2584,1500,13,Poor,464000,69600,8000,541600
CASE-2026-TR-02231,Johor,Agricultural,Suburban,Leasehold_99,42684,0,2,Good,1700000,255000,2000,1957000
CASE-2026-TR-02232,Pahang,Residential,Urban,Freehold,1433,842,30,Good,275000,41200,8000,324200
CASE-2026-TR-02233,Penang,Residential,Urban,Leasehold_99,4027,3802,23,Excellent,1278000,191700,8000,1477700
CASE-2026-TR-02234,Penang,Commercial,Suburban,Leasehold_99,11914,8506,13,Good,4699000,704800,8000,5411800
CASE-2026-TR-02235,Johor,Agricultural,Rural_Coastal,Freehold,25943,0,9,Poor,1013000,152000,2000,1167000
CASE-2026-TR-02236,Pahang,Residential,Rural_Coastal,Leasehold_99,1829,1116,3,Excellent,424000,63600,8000,495600
CASE-2026-TR-02237,Johor,Commercial,Urban,Freehold,1632,1461,27,Good,637000,95600,8000,740600
CASE-2026-TR-02238,Terengganu,Residential,Suburban,Freehold,2565,1877,13,Poor,478000,71700,8000,557700
CASE-2026-TR-02239,Johor,Agricultural,Suburban,Leasehold_99,17393,0,32,Fair,675000,101200,2000,778200
CASE-2026-TR-02240,Penang,Residential,Urban,Malay_Reserve,5065,3803,11,Fair,1355000,203200,8000,1566200
CASE-2026-TR-02241,Selangor,Commercial,Urban,Leasehold_99,8998,9721,23,Fair,4197000,629600,8000,4834600
CASE-2026-TR-02242,Penang,Residential,Urban,Freehold,4926,3621,23,Good,1602000,240300,8000,1850300
CASE-2026-TR-02243,Selangor,Industrial,Suburban,Freehold,10263,4460,2,Good,3080000,462000,8000,3550000
CASE-2026-TR-02244,Selangor,Agricultural,Urban,Malay_Reserve,34390,1222,4,Excellent,2096000,314400,8000,2418400
CASE-2026-TR-02245,Johor,Residential,Rural_Coastal,Freehold,5342,4899,18,Fair,1372000,205800,8000,1585800
CASE-2026-TR-02246,Johor,Commercial,Urban,Malay_Reserve,4495,5770,14,Good,2031000,304600,8000,2343600
CASE-2026-TR-02247,Perak,Residential,Suburban,Freehold,7453,5507,4,Good,1953000,293000,8000,2254000
CASE-2026-TR-02248,Penang,Residential,Suburban,Leasehold_99,4805,4041,28,Excellent,1276000,191400,8000,1475400
CASE-2026-TR-02249,Melaka,Residential,Suburban,Freehold,1331,737,16,Good,303000,45400,8000,356400
CASE-2026-TR-02250,Johor,Residential,Urban,Freehold,4959,3439,4,Excellent,1399000,209800,8000,1616800
CASE-2026-TR-02251,Melaka,Residential,Suburban,Freehold,4446,4057,28,Fair,920000,138000,8000,1066000
CASE-2026-TR-02252,Johor,Residential,Rural_Coastal,Freehold,4682,3036,27,Good,941000,141200,8000,1090200
CASE-2026-TR-02253,Selangor,Residential,Rural_Coastal,Freehold,4796,3003,10,Excellent,1290000,193500,8000,1491500
CASE-2026-TR-02254,Selangor,Commercial,Rural_Coastal,Freehold,5478,7091,16,Good,2580000,387000,8000,2975000
CASE-2026-TR-02255,Selangor,Agricultural,Urban,Leasehold_99,31576,0,12,Excellent,1728000,259200,2000,1989200
CASE-2026-TR-02256,Selangor,Residential,Urban,Leasehold_99,7310,5619,23,Good,2411000,361600,8000,2780600
CASE-2026-TR-02257,Terengganu,Commercial,Suburban,Freehold,4541,5249,23,Good,1653000,248000,8000,1909000
CASE-2026-TR-02258,Sabah,Residential,Urban,Leasehold_99,5412,5015,22,Excellent,1545000,231800,8000,1784800
CASE-2026-TR-02259,Perak,Commercial,Urban,Malay_Reserve,5538,6349,24,Excellent,2008000,301200,8000,2317200
CASE-2026-TR-02260,Sarawak,Commercial,Rural_Coastal,Leasehold_99,1756,2420,17,Good,693000,104000,8000,805000
CASE-2026-TR-02261,Selangor,Residential,Suburban,Leasehold_99,4413,3151,6,Poor,1180000,177000,8000,1365000
CASE-2026-TR-02262,Pahang,Agricultural,Rural_Coastal,Freehold,31221,0,30,Good,899000,134800,2000,1035800
CASE-2026-TR-02263,Selangor,Commercial,Urban,Freehold,4547,5971,3,Good,2854000,428100,8000,3290100
CASE-2026-TR-02264,Selangor,Residential,Rural_Coastal,Leasehold_99,3819,2995,34,Good,811000,121600,8000,940600
CASE-2026-TR-02265,Terengganu,Commercial,Urban,Freehold,5348,4669,7,Good,1953000,293000,8000,2254000
CASE-2026-TR-02266,Selangor,Residential,Urban,Freehold,6117,4085,29,Fair,1759000,263800,8000,2030800
CASE-2026-TR-02267,Pahang,Commercial,Urban,Freehold,9922,11089,6,Good,4627000,694000,8000,5329000
CASE-2026-TR-02268,Selangor,Agricultural,Suburban,Malay_Reserve,62686,0,14,Excellent,2961000,444200,2000,3407200
CASE-2026-TR-02269,Selangor,Industrial,Urban,Leasehold_99,19794,7942,10,Good,6145000,921800,8000,7074800
CASE-2026-TR-02270,Selangor,Residential,Suburban,Freehold,5983,4525,28,Poor,1501000,225200,8000,1734200
CASE-2026-TR-02271,Sarawak,Residential,Suburban,Leasehold_99,4532,2781,2,Excellent,1112000,166800,8000,1286800
CASE-2026-TR-02272,Melaka,Residential,Urban,Freehold,5613,4801,15,Excellent,1618000,242700,8000,1868700
CASE-2026-TR-02273,Selangor,Residential,Suburban,Leasehold_99,6512,4476,4,Excellent,2033000,305000,8000,2346000
CASE-2026-TR-02274,Terengganu,Residential,Suburban,Freehold,6160,4503,31,Poor,1011000,151600,8000,1170600
CASE-2026-TR-02275,Johor,Residential,Suburban,Leasehold_99,3869,3364,31,Good,908000,136200,8000,1052200
CASE-2026-TR-02276,Penang,Residential,Rural_Coastal,Freehold,3712,2257,30,Fair,746000,111900,8000,865900
CASE-2026-TR-02277,Penang,Agricultural,Urban,Malay_Reserve,64158,1429,20,Fair,3061000,459200,8000,3528200
CASE-2026-TR-02278,Selangor,Commercial,Urban,Malay_Reserve,10753,10227,26,Excellent,5356000,803400,8000,6167400
CASE-2026-TR-02279,Selangor,Residential,Suburban,Leasehold_99,5559,3127,24,Good,1415000,212200,8000,1635200
CASE-2026-TR-02280,Penang,Residential,Suburban,Leasehold_99,3719,2188,24,Fair,884000,132600,8000,1024600
CASE-2026-TR-02281,Selangor,Agricultural,Urban,Freehold,19502,686,23,Fair,1230000,184500,8000,1422500
CASE-2026-TR-02282,Johor,Residential,Urban,Freehold,6284,4453,8,Excellent,1903000,285400,8000,2196400
CASE-2026-TR-02283,Sabah,Residential,Rural_Coastal,Malay_Reserve,2801,2334,12,Good,615000,92200,8000,715200
CASE-2026-TR-02284,Penang,Residential,Rural_Coastal,Freehold,4989,2877,20,Good,1133000,170000,8000,1311000
CASE-2026-TR-02285,Penang,Residential,Urban,Freehold,3279,2393,16,Good,1083000,162400,8000,1253400
CASE-2026-TR-02286,Sarawak,Agricultural,Urban,Freehold,33612,1282,19,Excellent,1549000,232400,8000,1789400
CASE-2026-TR-02287,Selangor,Residential,Urban,Malay_Reserve,4912,4231,5,Good,1738000,260700,8000,2006700
CASE-2026-TR-02288,Pahang,Residential,Suburban,Malay_Reserve,3376,2075,6,Good,747000,112000,8000,867000
CASE-2026-TR-02289,Johor,Residential,Suburban,Malay_Reserve,3580,2194,8,Excellent,887000,133000,8000,1028000
CASE-2026-TR-02290,Selangor,Residential,Urban,Freehold,5542,3279,25,Fair,1622000,243300,8000,1873300
CASE-2026-TR-02291,Selangor,Commercial,Urban,Freehold,2900,2296,24,Good,1394000,209100,8000,1611100
CASE-2026-TR-02292,Melaka,Residential,Suburban,Freehold,1413,884,19,Poor,272000,40800,8000,320800
CASE-2026-TR-02293,Selangor,Commercial,Urban,Freehold,2433,2552,17,Poor,1206000,180900,8000,1394900
CASE-2026-TR-02294,Selangor,Industrial,Rural_Coastal,Leasehold_99,21444,15836,20,Excellent,6166000,924900,8000,7098900
CASE-2026-TR-02295,Melaka,Residential,Suburban,Leasehold_99,1368,890,27,Poor,235000,35200,8000,278200
CASE-2026-TR-02296,Selangor,Residential,Suburban,Leasehold_99,2539,1965,12,Fair,708000,106200,8000,822200
CASE-2026-TR-02297,Johor,Residential,Suburban,Leasehold_99,6331,5987,15,Good,1760000,264000,8000,2032000
CASE-2026-TR-02298,Penang,Residential,Rural_Coastal,Freehold,7039,5450,30,Poor,1460000,219000,8000,1687000
CASE-2026-TR-02299,Penang,Agricultural,Suburban,Freehold,30577,0,13,Excellent,1478000,221700,2000,1701700
CASE-2026-TR-02300,Selangor,Agricultural,Suburban,Leasehold_99,58825,1186,37,Good,3126000,468900,8000,3602900
CASE-2026-TR-02301,Selangor,Commercial,Suburban,Freehold,7969,9389,8,Excellent,4795000,719200,8000,5522200
CASE-2026-TR-02302,Johor,Commercial,Urban,Leasehold_99,11713,14312,27,Good,4665000,699800,8000,5372800
CASE-2026-TR-02303,Pahang,Commercial,Suburban,Freehold,3391,4264,19,Fair,1406000,210900,8000,1624900
CASE-2026-TR-02304,Selangor,Industrial,Suburban,Freehold,27051,18156,27,Good,7783000,1167400,8000,8958400
CASE-2026-TR-02305,Johor,Commercial,Urban,Freehold,9213,8181,3,Fair,4463000,669400,8000,5140400
CASE-2026-TR-02306,Selangor,Residential,Urban,Malay_Reserve,3145,1833,19,Excellent,899000,134800,8000,1041800
CASE-2026-TR-02307,Johor,Agricultural,Urban,Malay_Reserve,40497,0,20,Fair,1739000,260800,2000,2001800
CASE-2026-TR-02308,Perak,Agricultural,Urban,Freehold,38625,449,29,Good,1524000,228600,8000,1760600
CASE-2026-TR-02309,Terengganu,Residential,Urban,Freehold,5408,4748,34,Good,1173000,176000,8000,1357000
CASE-2026-TR-02310,Melaka,Residential,Urban,Leasehold_99,2915,1681,32,Fair,601000,90200,8000,699200
CASE-2026-TR-02311,Penang,Residential,Urban,Leasehold_99,4808,3003,3,Excellent,1517000,227600,8000,1752600
CASE-2026-TR-02312,Pahang,Industrial,Suburban,Freehold,5530,2336,23,Good,1135000,170200,8000,1313200
CASE-2026-TR-02313,Pahang,Industrial,Urban,Freehold,6140,4550,24,Excellent,1707000,256000,8000,1971000
CASE-2026-TR-02314,Melaka,Residential,Urban,Freehold,4156,3861,28,Good,1119000,167800,8000,1294800
CASE-2026-TR-02315,Penang,Residential,Suburban,Freehold,4386,2849,3,Good,1248000,187200,8000,1443200
CASE-2026-TR-02316,Pahang,Residential,Urban,Freehold,2529,1849,20,Good,605000,90800,8000,703800
CASE-2026-TR-02317,Selangor,Agricultural,Suburban,Freehold,31566,635,16,Good,1633000,245000,8000,1886000
CASE-2026-TR-02318,Pahang,Agricultural,Suburban,Freehold,31963,0,3,Good,1232000,184800,2000,1418800
CASE-2026-TR-02319,Melaka,Agricultural,Rural_Coastal,Freehold,43069,0,33,Excellent,1450000,217500,2000,1669500
CASE-2026-TR-02320,Perak,Residential,Suburban,Freehold,6354,4987,17,Good,1621000,243200,8000,1872200
CASE-2026-TR-02321,Melaka,Commercial,Suburban,Malay_Reserve,8913,8275,17,Fair,2959000,443800,8000,3410800
CASE-2026-TR-02322,Selangor,Commercial,Urban,Freehold,9802,10583,22,Poor,4695000,704200,8000,5407200
CASE-2026-TR-02323,Penang,Residential,Suburban,Freehold,6991,6550,9,Good,2441000,366200,8000,2815200
CASE-2026-TR-02324,Selangor,Residential,Urban,Freehold,6314,3750,31,Fair,1690000,253500,8000,1951500
CASE-2026-TR-02325,Sarawak,Commercial,Urban,Malay_Reserve,4376,5936,11,Good,1874000,281100,8000,2163100
CASE-2026-TR-02326,Melaka,Residential,Suburban,Freehold,6720,5719,32,Good,1637000,245600,8000,1890600
CASE-2026-TR-02327,Penang,Residential,Urban,Freehold,3175,2388,4,Excellent,1075000,161200,8000,1244200
CASE-2026-TR-02328,Johor,Residential,Urban,Freehold,4807,4114,25,Poor,1261000,189200,8000,1458200
CASE-2026-TR-02329,Johor,Commercial,Urban,Leasehold_99,4110,3801,23,Good,1631000,244600,8000,1883600
CASE-2026-TR-02330,Sabah,Agricultural,Urban,Leasehold_99,20237,0,32,Fair,791000,118600,2000,911600
CASE-2026-TR-02331,Melaka,Residential,Suburban,Freehold,5366,4120,32,Excellent,1243000,186400,8000,1437400
CASE-2026-TR-02332,Sarawak,Agricultural,Suburban,Malay_Reserve,33464,518,3,Excellent,1178000,176700,8000,1362700
CASE-2026-TR-02333,Perak,Industrial,Suburban,Freehold,30178,17500,9,Good,7553000,1133000,8000,8694000
CASE-2026-TR-02334,Penang,Agricultural,Urban,Freehold,21187,0,28,Excellent,1327000,199000,2000,1528000
CASE-2026-TR-02335,Perak,Industrial,Suburban,Freehold,26652,15468,12,Good,6178000,926700,8000,7112700
CASE-2026-TR-02336,Selangor,Residential,Urban,Leasehold_99,3123,1789,18,Good,861000,129200,8000,998200
CASE-2026-TR-02337,Terengganu,Industrial,Urban,Leasehold_99,15881,10451,26,Excellent,3813000,572000,8000,4393000
CASE-2026-TR-02338,Selangor,Commercial,Suburban,Freehold,8600,6895,3,Excellent,4738000,710700,8000,5456700
CASE-2026-TR-02339,Sarawak,Industrial,Suburban,Freehold,11053,8167,23,Excellent,2671000,400600,8000,3079600
CASE-2026-TR-02340,Selangor,Residential,Urban,Freehold,1784,1214,21,Excellent,524000,78600,8000,610600
CASE-2026-TR-02341,Sabah,Residential,Urban,Leasehold_99,4417,3400,23,Poor,912000,136800,8000,1056800
CASE-2026-TR-02342,Perak,Residential,Suburban,Freehold,3190,2040,32,Excellent,626000,93900,8000,727900
CASE-2026-TR-02343,Selangor,Commercial,Rural_Coastal,Leasehold_99,9699,7748,7,Good,4071000,610600,8000,4689600
CASE-2026-TR-02344,Sabah,Agricultural,Urban,Freehold,36181,1237,25,Excellent,1501000,225200,8000,1734200
CASE-2026-TR-02345,Pahang,Residential,Urban,Leasehold_99,6712,5498,22,Good,1512000,226800,8000,1746800
CASE-2026-TR-02346,Pahang,Agricultural,Urban,Leasehold_99,59974,0,24,Fair,2288000,343200,2000,2633200
CASE-2026-TR-02347,Johor,Residential,Urban,Freehold,7163,4975,29,Fair,1763000,264400,8000,2035400
CASE-2026-TR-02348,Penang,Commercial,Urban,Leasehold_99,10137,7976,26,Excellent,4270000,640500,8000,4918500
CASE-2026-TR-02349,Penang,Commercial,Suburban,Leasehold_99,6247,5200,19,Good,2672000,400800,8000,3080800
CASE-2026-TR-02350,Selangor,Agricultural,Urban,Leasehold_99,57018,0,10,Fair,3344000,501600,2000,3847600
CASE-2026-TR-02351,Selangor,Residential,Suburban,Leasehold_99,2617,2053,19,Good,751000,112600,8000,871600
CASE-2026-TR-02352,Sarawak,Residential,Urban,Leasehold_99,4442,2973,21,Fair,900000,135000,8000,1043000
CASE-2026-TR-02353,Selangor,Industrial,Suburban,Freehold,15953,9299,29,Good,4509000,676400,8000,5193400
CASE-2026-TR-02354,Perak,Residential,Rural_Coastal,Leasehold_99,6897,5975,1,Fair,1414000,212100,8000,1634100
CASE-2026-TR-02355,Pahang,Residential,Urban,Freehold,6263,5259,8,Good,1654000,248100,8000,1910100
CASE-2026-TR-02356,Johor,Residential,Urban,Freehold,4854,4357,12,Good,1427000,214000,8000,1649000
CASE-2026-TR-02357,Pahang,Commercial,Suburban,Malay_Reserve,10164,9307,14,Good,3437000,515600,8000,3960600
CASE-2026-TR-02358,Sabah,Commercial,Suburban,Freehold,4366,3416,21,Good,1439000,215800,8000,1662800
CASE-2026-TR-02359,Selangor,Residential,Suburban,Freehold,4351,2982,21,Good,1207000,181000,8000,1396000
CASE-2026-TR-02360,Pahang,Residential,Suburban,Freehold,1404,1239,15,Good,331000,49600,8000,388600
CASE-2026-TR-02361,Selangor,Residential,Rural_Coastal,Leasehold_99,6522,4579,16,Excellent,1645000,246800,8000,1899800
CASE-2026-TR-02362,Penang,Residential,Urban,Freehold,1635,1536,32,Fair,486000,72900,8000,566900
CASE-2026-TR-02363,Pahang,Agricultural,Rural_Coastal,Freehold,53119,0,3,Good,1609000,241400,2000,1852400
CASE-2026-TR-02364,Melaka,Industrial,Suburban,Freehold,29354,13901,22,Fair,5753000,863000,8000,6624000
CASE-2026-TR-02365,Penang,Commercial,Rural_Coastal,Freehold,11098,14610,13,Fair,5139000,770800,8000,5917800
CASE-2026-TR-02366,Selangor,Agricultural,Urban,Leasehold_99,39800,0,0,Fair,2175000,326200,2000,2503200
CASE-2026-TR-02367,Terengganu,Residential,Suburban,Leasehold_99,6808,6231,9,Excellent,1996000,299400,8000,2303400
CASE-2026-TR-02368,Selangor,Commercial,Rural_Coastal,Freehold,11669,11689,3,Good,5639000,845800,8000,6492800
CASE-2026-TR-02369,Johor,Residential,Suburban,Freehold,7475,6744,28,Fair,1787000,268000,8000,2063000
CASE-2026-TR-02370,Selangor,Residential,Suburban,Freehold,5320,4414,28,Excellent,1657000,248600,8000,1913600
CASE-2026-TR-02371,Selangor,Residential,Urban,Freehold,5768,4143,26,Excellent,1758000,263700,8000,2029700
CASE-2026-TR-02372,Terengganu,Industrial,Urban,Leasehold_99,5137,2729,1,Good,1263000,189400,8000,1460400
CASE-2026-TR-02373,Perak,Residential,Suburban,Freehold,4046,2703,33,Good,755000,113200,8000,876200
CASE-2026-TR-02374,Penang,Residential,Urban,Freehold,6793,4658,17,Excellent,2258000,338700,8000,2604700
CASE-2026-TR-02375,Perak,Commercial,Suburban,Freehold,3013,2478,25,Good,909000,136400,8000,1053400
CASE-2026-TR-02376,Sarawak,Commercial,Rural_Coastal,Freehold,11676,9075,13,Good,3788000,568200,8000,4364200
CASE-2026-TR-02377,Melaka,Residential,Urban,Malay_Reserve,5843,4419,11,Good,1525000,228800,8000,1761800
CASE-2026-TR-02378,Penang,Residential,Suburban,Freehold,5997,5236,12,Good,1918000,287700,8000,2213700
CASE-2026-TR-02379,Johor,Residential,Rural_Coastal,Freehold,5980,4127,4,Fair,1504000,225600,8000,1737600
CASE-2026-TR-02380,Johor,Residential,Urban,Malay_Reserve,7245,4038,18,Good,1682000,252300,8000,1942300
CASE-2026-TR-02381,Penang,Residential,Urban,Malay_Reserve,6215,4891,29,Good,1667000,250000,8000,1925000
CASE-2026-TR-02382,Penang,Agricultural,Suburban,Leasehold_99,18682,981,25,Good,932000,139800,8000,1079800
CASE-2026-TR-02383,Sabah,Industrial,Urban,Freehold,18884,9131,14,Good,5123000,768400,8000,5899400
CASE-2026-TR-02384,Johor,Residential,Urban,Freehold,2897,1884,32,Good,716000,107400,8000,831400
CASE-2026-TR-02385,Terengganu,Agricultural,Urban,Malay_Reserve,16415,0,16,Excellent,541000,81200,2000,624200
CASE-2026-TR-02386,Selangor,Agricultural,Urban,Leasehold_99,41961,0,32,Fair,2373000,356000,2000,2731000
CASE-2026-TR-02387,Terengganu,Agricultural,Suburban,Freehold,19007,979,15,Good,666000,99900,8000,773900
CASE-2026-TR-02388,Johor,Agricultural,Rural_Coastal,Freehold,58631,1289,30,Poor,2171000,325600,8000,2504600
CASE-2026-TR-02389,Johor,Agricultural,Urban,Leasehold_99,61845,0,26,Fair,2712000,406800,2000,3120800
CASE-2026-TR-02390,Johor,Residential,Urban,Freehold,5895,3699,5,Good,1943000,291400,8000,2242400
CASE-2026-TR-02391,Pahang,Industrial,Urban,Freehold,34138,19962,4,Good,8667000,1300000,8000,9975000
CASE-2026-TR-02392,Selangor,Commercial,Suburban,Leasehold_99,5630,7685,1,Good,3274000,491100,8000,3773100
CASE-2026-TR-02393,Sabah,Industrial,Suburban,Freehold,6070,3580,13,Fair,1346000,201900,8000,1555900
CASE-2026-TR-02394,Selangor,Agricultural,Suburban,Freehold,34594,0,31,Excellent,1633000,245000,2000,1880000
CASE-2026-TR-02395,Selangor,Agricultural,Urban,Leasehold_99,37482,1487,17,Good,2238000,335700,8000,2581700
CASE-2026-TR-02396,Johor,Commercial,Suburban,Leasehold_99,11168,10426,23,Excellent,4195000,629200,8000,4832200
CASE-2026-TR-02397,Penang,Residential,Rural_Coastal,Leasehold_99,5260,3923,26,Good,1252000,187800,8000,1447800
CASE-2026-TR-02398,Sarawak,Commercial,Rural_Coastal,Leasehold_99,6221,6228,11,Excellent,2320000,348000,8000,2676000
CASE-2026-TR-02399,Johor,Commercial,Rural_Coastal,Freehold,5950,6713,8,Poor,2244000,336600,8000,2588600
CASE-2026-TR-02400,Melaka,Industrial,Urban,Freehold,15895,6725,19,Good,3715000,557200,8000,4280200
CASE-2026-TR-02401,Terengganu,Agricultural,Suburban,Freehold,17268,1339,26,Good,657000,98600,8000,763600
CASE-2026-TR-02402,Penang,Agricultural,Urban,Freehold,29900,1255,16,Excellent,1847000,277000,8000,2132000
CASE-2026-TR-02403,Terengganu,Commercial,Suburban,Leasehold_99,1622,2020,27,Excellent,597000,89600,8000,694600
CASE-2026-TR-02404,Johor,Residential,Urban,Freehold,2171,1313,16,Fair,528000,79200,8000,615200
CASE-2026-TR-02405,Penang,Agricultural,Suburban,Malay_Reserve,59046,0,24,Good,2645000,396800,2000,3043800
CASE-2026-TR-02406,Perak,Commercial,Urban,Freehold,3212,3516,19,Excellent,1334000,200100,8000,1542100
CASE-2026-TR-02407,Selangor,Residential,Suburban,Freehold,3269,2746,32,Excellent,975000,146200,8000,1129200
CASE-2026-TR-02408,Terengganu,Commercial,Rural_Coastal,Leasehold_99,11922,13270,4,Good,4544000,681600,8000,5233600
CASE-2026-TR-02409,Sabah,Residential,Rural_Coastal,Freehold,1845,1339,14,Good,410000,61500,8000,479500
CASE-2026-TR-02410,Selangor,Commercial,Suburban,Freehold,6668,8927,27,Excellent,3696000,554400,8000,4258400
CASE-2026-TR-02411,Melaka,Commercial,Urban,Leasehold_99,2644,3136,24,Excellent,1239000,185800,8000,1432800
CASE-2026-TR-02412,Penang,Agricultural,Rural_Coastal,Freehold,61742,999,9,Excellent,3006000,450900,8000,3464900
CASE-2026-TR-02413,Johor,Residential,Suburban,Malay_Reserve,2855,2650,15,Excellent,849000,127400,8000,984400
CASE-2026-TR-02414,Sarawak,Residential,Suburban,Leasehold_99,4333,3491,28,Excellent,979000,146800,8000,1133800
CASE-2026-TR-02415,Pahang,Agricultural,Urban,Freehold,29134,794,7,Good,1192000,178800,8000,1378800
CASE-2026-TR-02416,Melaka,Industrial,Rural_Coastal,Malay_Reserve,16673,8060,28,Good,2917000,437600,8000,3362600
CASE-2026-TR-02417,Penang,Residential,Suburban,Freehold,4721,4130,30,Fair,1192000,178800,8000,1378800
CASE-2026-TR-02418,Pahang,Commercial,Urban,Leasehold_99,8946,8657,26,Excellent,2997000,449600,8000,3454600
CASE-2026-TR-02419,Melaka,Agricultural,Urban,Leasehold_99,56080,420,28,Good,2496000,374400,8000,2878400
CASE-2026-TR-02420,Melaka,Residential,Rural_Coastal,Leasehold_99,4535,2979,24,Good,845000,126800,8000,979800
CASE-2026-TR-02421,Sabah,Commercial,Rural_Coastal,Freehold,2235,2481,15,Fair,756000,113400,8000,877400
CASE-2026-TR-02422,Penang,Industrial,Rural_Coastal,Freehold,10349,4377,11,Good,2557000,383600,8000,2948600
CASE-2026-TR-02423,Sabah,Agricultural,Urban,Freehold,30380,0,28,Good,1123000,168400,2000,1293400
CASE-2026-TR-02424,Johor,Agricultural,Rural_Coastal,Leasehold_99,23969,0,27,Good,842000,126300,2000,970300
CASE-2026-TR-02425,Perak,Residential,Suburban,Freehold,6627,3984,25,Good,1100000,165000,8000,1273000
CASE-2026-TR-02426,Johor,Industrial,Suburban,Freehold,11165,5613,9,Good,3302000,495300,8000,3805300
CASE-2026-TR-02427,Selangor,Residential,Urban,Leasehold_99,7318,4770,18,Good,2114000,317100,8000,2439100
CASE-2026-TR-02428,Selangor,Residential,Rural_Coastal,Freehold,5752,3887,5,Excellent,1582000,237300,8000,1827300
CASE-2026-TR-02429,Selangor,Agricultural,Suburban,Leasehold_99,63312,890,14,Poor,3230000,484500,8000,3722500
CASE-2026-TR-02430,Sabah,Industrial,Urban,Freehold,34455,16857,25,Good,7971000,1195600,8000,9174600
CASE-2026-TR-02431,Pahang,Agricultural,Urban,Malay_Reserve,18741,1107,13,Good,643000,96400,8000,747400
CASE-2026-TR-02432,Pahang,Agricultural,Urban,Leasehold_99,59501,0,20,Good,1909000,286400,2000,2197400
CASE-2026-TR-02433,Pahang,Agricultural,Suburban,Malay_Reserve,64007,706,37,Fair,1830000,274500,8000,2112500
CASE-2026-TR-02434,Melaka,Residential,Suburban,Malay_Reserve,1417,939,32,Good,256000,38400,8000,302400
CASE-2026-TR-02435,Perak,Industrial,Urban,Leasehold_99,26246,19677,16,Fair,6415000,962200,8000,7385200
CASE-2026-TR-02436,Terengganu,Agricultural,Suburban,Freehold,56392,0,30,Excellent,1789000,268400,2000,2059400
CASE-2026-TR-02437,Selangor,Industrial,Rural_Coastal,Freehold,6469,4697,18,Fair,1692000,253800,8000,1953800
CASE-2026-TR-02438,Pahang,Residential,Urban,Freehold,2707,2287,24,Good,652000,97800,8000,757800
CASE-2026-TR-02439,Penang,Residential,Urban,Leasehold_99,6162,4523,2,Excellent,2272000,340800,8000,2620800
CASE-2026-TR-02440,Sarawak,Residential,Suburban,Leasehold_99,6598,5476,31,Fair,1243000,186400,8000,1437400
CASE-2026-TR-02441,Selangor,Residential,Rural_Coastal,Freehold,3907,2587,13,Good,1006000,150900,8000,1164900
CASE-2026-TR-02442,Perak,Residential,Suburban,Leasehold_99,5365,4389,3,Fair,1281000,192200,8000,1481200
CASE-2026-TR-02443,Johor,Commercial,Suburban,Freehold,8745,10052,9,Good,4238000,635700,8000,4881700
CASE-2026-TR-02444,Penang,Residential,Urban,Freehold,2920,2558,30,Good,842000,126300,8000,976300
CASE-2026-TR-02445,Terengganu,Agricultural,Urban,Leasehold_99,30448,0,12,Good,978000,146700,2000,1126700
CASE-2026-TR-02446,Sabah,Commercial,Urban,Leasehold_99,8938,9753,27,Fair,3076000,461400,8000,3545400
CASE-2026-TR-02447,Johor,Residential,Suburban,Freehold,3308,2911,17,Good,849000,127400,8000,984400
CASE-2026-TR-02448,Selangor,Commercial,Rural_Coastal,Freehold,7390,7972,1,Excellent,3938000,590700,8000,4536700
CASE-2026-TR-02449,Penang,Residential,Urban,Leasehold_99,4754,2976,9,Good,1539000,230800,8000,1777800
CASE-2026-TR-02450,Penang,Agricultural,Urban,Leasehold_99,24166,0,1,Excellent,1311000,196600,2000,1509600
CASE-2026-TR-02451,Penang,Residential,Rural_Coastal,Leasehold_99,4430,2586,24,Fair,872000,130800,8000,1010800
CASE-2026-TR-02452,Selangor,Industrial,Urban,Freehold,15488,7436,5,Fair,5084000,762600,8000,5854600
CASE-2026-TR-02453,Penang,Residential,Suburban,Leasehold_99,6116,3384,26,Excellent,1469000,220400,8000,1697400
CASE-2026-TR-02454,Selangor,Commercial,Rural_Coastal,Freehold,4854,5331,10,Fair,2148000,322200,8000,2478200
CASE-2026-TR-02455,Selangor,Residential,Suburban,Freehold,4892,4195,25,Good,1383000,207400,8000,1598400
CASE-2026-TR-02456,Selangor,Residential,Urban,Freehold,4458,3332,26,Fair,1240000,186000,8000,1434000
CASE-2026-TR-02457,Terengganu,Commercial,Rural_Coastal,Leasehold_99,9046,8289,7,Excellent,3279000,491800,8000,3778800
CASE-2026-TR-02458,Johor,Agricultural,Rural_Coastal,Freehold,23221,0,38,Excellent,832000,124800,2000,958800
CASE-2026-TR-02459,Sarawak,Industrial,Urban,Freehold,5778,4154,7,Fair,1550000,232500,8000,1790500
CASE-2026-TR-02460,Johor,Commercial,Urban,Leasehold_99,1621,1993,27,Fair,696000,104400,8000,808400
CASE-2026-TR-02461,Perak,Residential,Suburban,Freehold,7286,5103,13,Fair,1690000,253500,8000,1951500
CASE-2026-TR-02462,Johor,Residential,Suburban,Leasehold_99,4179,2731,17,Fair,949000,142400,8000,1099400
CASE-2026-TR-02463,Sabah,Residential,Suburban,Freehold,2481,1552,15,Excellent,550000,82500,8000,640500
CASE-2026-TR-02464,Selangor,Commercial,Urban,Malay_Reserve,6958,9576,27,Good,3510000,526500,8000,4044500
CASE-2026-TR-02465,Penang,Residential,Urban,Freehold,3013,2465,12,Good,1045000,156800,8000,1209800
CASE-2026-TR-02466,Terengganu,Residential,Rural_Coastal,Freehold,7424,6036,1,Good,1842000,276300,8000,2126300
CASE-2026-TR-02467,Selangor,Commercial,Urban,Leasehold_99,6301,8564,11,Excellent,4008000,601200,8000,4617200
CASE-2026-TR-02468,Terengganu,Commercial,Rural_Coastal,Freehold,3000,2137,24,Excellent,804000,120600,8000,932600
CASE-2026-TR-02469,Sarawak,Agricultural,Urban,Malay_Reserve,51424,0,18,Good,1876000,281400,2000,2159400
CASE-2026-TR-02470,Selangor,Agricultural,Suburban,Malay_Reserve,20915,647,33,Fair,995000,149200,8000,1152200
CASE-2026-TR-02471,Selangor,Residential,Rural_Coastal,Freehold,3670,2560,13,Good,999000,149800,8000,1156800
CASE-2026-TR-02472,Sarawak,Agricultural,Suburban,Leasehold_99,23216,0,26,Excellent,822000,123300,2000,947300
CASE-2026-TR-02473,Sarawak,Agricultural,Rural_Coastal,Freehold,20196,1315,8,Excellent,795000,119200,8000,922200
CASE-2026-TR-02474,Sarawak,Agricultural,Suburban,Malay_Reserve,53684,862,6,Excellent,1986000,297900,8000,2291900
CASE-2026-TR-02475,Penang,Residential,Suburban,Freehold,4657,2569,19,Good,1234000,185100,8000,1427100
CASE-2026-TR-02476,Johor,Residential,Urban,Leasehold_99,5622,5080,4,Excellent,1972000,295800,8000,2275800
CASE-2026-TR-02477,Melaka,Residential,Suburban,Leasehold_99,3900,3628,5,Good,1219000,182800,8000,1409800
CASE-2026-TR-02478,Selangor,Commercial,Urban,Freehold,11144,9514,2,Good,6675000,1001200,8000,7684200
CASE-2026-TR-02479,Sarawak,Residential,Urban,Freehold,5644,4741,3,Good,1672000,250800,8000,1930800
CASE-2026-TR-02480,Sarawak,Industrial,Rural_Coastal,Freehold,12650,8286,17,Excellent,3096000,464400,8000,3568400
CASE-2026-TR-02481,Melaka,Commercial,Rural_Coastal,Freehold,3753,4945,27,Good,1377000,206600,8000,1591600
CASE-2026-TR-02482,Selangor,Residential,Suburban,Malay_Reserve,7042,4961,12,Good,1878000,281700,8000,2167700
CASE-2026-TR-02483,Selangor,Residential,Suburban,Freehold,2634,1651,9,Poor,660000,99000,8000,767000
CASE-2026-TR-02484,Johor,Agricultural,Rural_Coastal,Freehold,61957,0,20,Excellent,2207000,331000,2000,2540000
CASE-2026-TR-02485,Pahang,Residential,Suburban,Leasehold_99,2429,1384,23,Excellent,456000,68400,8000,532400
CASE-2026-TR-02486,Perak,Residential,Urban,Freehold,2272,1932,20,Good,537000,80600,8000,625600
CASE-2026-TR-02487,Pahang,Residential,Urban,Leasehold_99,3888,2842,1,Good,1005000,150800,8000,1163800
CASE-2026-TR-02488,Selangor,Agricultural,Suburban,Freehold,27667,437,32,Good,1457000,218600,8000,1683600
CASE-2026-TR-02489,Perak,Residential,Rural_Coastal,Leasehold_99,5322,3277,12,Fair,902000,135300,8000,1045300
CASE-2026-TR-02490,Johor,Residential,Urban,Freehold,1665,1016,17,Excellent,476000,71400,8000,555400
CASE-2026-TR-02491,Sarawak,Residential,Rural_Coastal,Leasehold_99,1381,1019,8,Good,308000,46200,8000,362200
CASE-2026-TR-02492,Selangor,Industrial,Suburban,Freehold,23968,11748,24,Fair,6843000,1026400,8000,7877400
CASE-2026-TR-02493,Penang,Residential,Urban,Freehold,3892,3429,9,Fair,1207000,181000,8000,1396000
CASE-2026-TR-02494,Melaka,Residential,Suburban,Leasehold_99,5058,2821,13,Excellent,1189000,178400,8000,1375400
CASE-2026-TR-02495,Johor,Agricultural,Suburban,Freehold,56135,505,17,Fair,2544000,381600,8000,2933600
CASE-2026-TR-02496,Sabah,Agricultural,Suburban,Freehold,17978,0,20,Excellent,626000,93900,2000,721900
CASE-2026-TR-02497,Melaka,Agricultural,Rural_Coastal,Leasehold_99,53394,960,36,Good,1893000,284000,8000,2185000
CASE-2026-TR-02498,Melaka,Residential,Suburban,Freehold,5142,4222,3,Good,1452000,217800,8000,1677800
CASE-2026-TR-02499,Penang,Commercial,Urban,Leasehold_99,5712,5309,22,Good,2433000,365000,8000,2806000
CASE-2026-TR-02500,Penang,Agricultural,Urban,Freehold,50579,683,37,Fair,2917000,437600,8000,3362600
CASE-2026-TR-02501,Perak,Residential,Suburban,Freehold,2683,2184,15,Excellent,702000,105300,8000,815300
CASE-2026-TR-02502,Penang,Residential,Suburban,Leasehold_99,6712,4647,20,Excellent,1672000,250800,8000,1930800
CASE-2026-TR-02503,Sarawak,Residential,Urban,Leasehold_99,1549,1111,10,Good,412000,61800,8000,481800
CASE-2026-TR-02504,Penang,Residential,Suburban,Freehold,5630,4568,34,Fair,1328000,199200,8000,1535200
CASE-2026-TR-02505,Selangor,Industrial,Suburban,Malay_Reserve,24071,17227,19,Fair,6688000,1003200,8000,7699200
CASE-2026-TR-02506,Melaka,Residential,Suburban,Leasehold_99,2351,1848,17,Poor,490000,73500,8000,571500
CASE-2026-TR-02507,Sabah,Residential,Urban,Malay_Reserve,5221,3653,6,Good,1430000,214500,8000,1652500
CASE-2026-TR-02508,Johor,Industrial,Suburban,Freehold,34634,20583,6,Excellent,10813000,1622000,8000,12443000
CASE-2026-TR-02509,Pahang,Industrial,Rural_Coastal,Leasehold_99,29205,15993,21,Fair,4897000,734600,8000,5639600
CASE-2026-TR-02510,Perak,Residential,Suburban,Freehold,1621,1128,34,Good,302000,45300,8000,355300
CASE-2026-TR-02511,Selangor,Residential,Urban,Freehold,3751,2540,20,Poor,1041000,156200,8000,1205200
CASE-2026-TR-02512,Johor,Residential,Suburban,Freehold,6395,5135,11,Excellent,2049000,307400,8000,2364400
CASE-2026-TR-02513,Penang,Commercial,Rural_Coastal,Malay_Reserve,2092,1703,13,Good,755000,113200,8000,876200
CASE-2026-TR-02514,Pahang,Residential,Urban,Freehold,6851,3912,14,Good,1534000,230100,8000,1772100
CASE-2026-TR-02515,Selangor,Commercial,Rural_Coastal,Freehold,3673,3555,21,Excellent,1620000,243000,8000,1871000
CASE-2026-TR-02516,Selangor,Agricultural,Urban,Freehold,24914,0,30,Excellent,1573000,236000,2000,1811000
CASE-2026-TR-02517,Selangor,Residential,Suburban,Freehold,5911,4883,18,Excellent,1833000,275000,8000,2116000
CASE-2026-TR-02518,Terengganu,Agricultural,Urban,Freehold,58548,0,9,Good,2273000,341000,2000,2616000
CASE-2026-TR-02519,Pahang,Residential,Suburban,Freehold,3605,2089,22,Fair,686000,102900,8000,796900
CASE-2026-TR-02520,Johor,Industrial,Rural_Coastal,Leasehold_99,22650,14241,28,Excellent,5316000,797400,8000,6121400
CASE-2026-TR-02521,Sarawak,Agricultural,Urban,Freehold,57667,0,32,Good,2348000,352200,2000,2702200
CASE-2026-TR-02522,Sabah,Agricultural,Suburban,Freehold,47146,682,22,Good,1740000,261000,8000,2009000
CASE-2026-TR-02523,Selangor,Residential,Urban,Freehold,2847,2412,21,Excellent,911000,136600,8000,1055600
CASE-2026-TR-02524,Selangor,Residential,Urban,Freehold,2881,2491,5,Good,1027000,154000,8000,1189000
CASE-2026-TR-02525,Selangor,Residential,Suburban,Freehold,4724,3997,12,Good,1378000,206700,8000,1592700
CASE-2026-TR-02526,Johor,Agricultural,Rural_Coastal,Freehold,60741,972,20,Excellent,2259000,338800,8000,2605800
CASE-2026-TR-02527,Penang,Commercial,Suburban,Freehold,8322,6367,19,Excellent,3611000,541600,8000,4160600
CASE-2026-TR-02528,Pahang,Commercial,Urban,Malay_Reserve,2557,2321,10,Fair,815000,122200,8000,945200
CASE-2026-TR-02529,Johor,Agricultural,Suburban,Leasehold_99,61436,0,15,Excellent,2543000,381400,2000,2926400
CASE-2026-TR-02530,Penang,Residential,Rural_Coastal,Freehold,4112,2519,31,Good,889000,133400,8000,1030400
CASE-2026-TR-02531,Selangor,Agricultural,Urban,Freehold,19578,766,22,Excellent,1374000,206100,8000,1588100
CASE-2026-TR-02532,Melaka,Agricultural,Suburban,Freehold,57772,954,2,Good,2359000,353800,8000,2720800
CASE-2026-TR-02533,Penang,Residential,Urban,Freehold,6034,3704,3,Excellent,2068000,310200,8000,2386200
CASE-2026-TR-02534,Perak,Residential,Suburban,Malay_Reserve,5458,3430,10,Good,1069000,160400,8000,1237400
CASE-2026-TR-02535,Selangor,Agricultural,Urban,Freehold,57217,816,2,Good,3609000,541400,8000,4158400
CASE-2026-TR-02536,Melaka,Residential,Rural_Coastal,Leasehold_99,2795,1588,34,Good,474000,71100,8000,553100
CASE-2026-TR-02537,Sabah,Agricultural,Urban,Freehold,33297,0,12,Excellent,1443000,216400,2000,1661400
CASE-2026-TR-02538,Penang,Agricultural,Suburban,Freehold,25957,863,16,Excellent,1395000,209200,8000,1612200
CASE-2026-TR-02539,Melaka,Residential,Rural_Coastal,Leasehold_99,5766,4718,21,Good,1326000,198900,8000,1532900
CASE-2026-TR-02540,Johor,Residential,Rural_Coastal,Freehold,4221,3940,30,Fair,865000,129800,8000,1002800
CASE-2026-TR-02541,Melaka,Residential,Urban,Freehold,1994,1591,15,Fair,547000,82000,8000,637000
CASE-2026-TR-02542,Johor,Commercial,Suburban,Freehold,10052,12511,20,Good,4686000,702900,8000,5396900
CASE-2026-TR-02543,Sabah,Residential,Urban,Freehold,6389,4521,10,Poor,1396000,209400,8000,1613400
CASE-2026-TR-02544,Perak,Agricultural,Urban,Freehold,39085,0,23,Good,1482000,222300,2000,1706300
CASE-2026-TR-02545,Penang,Agricultural,Rural_Coastal,Malay_Reserve,30833,0,35,Fair,1109000,166400,2000,1277400
CASE-2026-TR-02546,Terengganu,Residential,Urban,Freehold,1485,1050,10,Good,342000,51300,8000,401300
CASE-2026-TR-02547,Sabah,Industrial,Suburban,Leasehold_99,9937,4407,3,Good,2302000,345300,8000,2655300
CASE-2026-TR-02548,Johor,Industrial,Urban,Freehold,27580,18065,10,Fair,8947000,1342000,8000,10297000
CASE-2026-TR-02549,Selangor,Residential,Suburban,Freehold,1545,1043,15,Fair,403000,60400,8000,471400
CASE-2026-TR-02550,Johor,Agricultural,Urban,Malay_Reserve,31077,0,14,Good,1273000,191000,2000,1466000
CASE-2026-TR-02551,Penang,Agricultural,Urban,Leasehold_99,52853,0,23,Excellent,2746000,411900,2000,3159900
CASE-2026-TR-02552,Sarawak,Commercial,Rural_Coastal,Freehold,4497,4874,4,Good,1817000,272600,8000,2097600
CASE-2026-TR-02553,Selangor,Residential,Suburban,Freehold,3734,3302,32,Poor,880000,132000,8000,1020000
CASE-2026-TR-02554,Selangor,Agricultural,Suburban,Leasehold_99,40335,0,17,Good,2117000,317600,2000,2436600
CASE-2026-TR-02555,Perak,Residential,Suburban,Freehold,1810,1649,25,Good,450000,67500,8000,525500
CASE-2026-TR-02556,Penang,Industrial,Suburban,Freehold,15598,9049,11,Excellent,4962000,744300,8000,5714300
CASE-2026-TR-02557,Pahang,Residential,Suburban,Freehold,5149,2967,27,Fair,848000,127200,8000,983200
CASE-2026-TR-02558,Melaka,Commercial,Rural_Coastal,Freehold,8732,10918,23,Excellent,3460000,519000,8000,3987000
CASE-2026-TR-02559,Perak,Industrial,Rural_Coastal,Leasehold_99,10069,4891,17,Good,1822000,273300,8000,2103300
CASE-2026-TR-02560,Selangor,Industrial,Suburban,Leasehold_99,16129,11825,10,Fair,4826000,723900,8000,5557900
CASE-2026-TR-02561,Penang,Residential,Suburban,Freehold,7446,4095,2,Good,2109000,316400,8000,2433400
CASE-2026-TR-02562,Johor,Residential,Rural_Coastal,Leasehold_99,6065,5546,5,Fair,1636000,245400,8000,1889400
CASE-2026-TR-02563,Melaka,Residential,Urban,Leasehold_99,1617,1057,7,Poor,363000,54400,8000,425400
CASE-2026-TR-02564,Selangor,Residential,Suburban,Leasehold_99,5392,4738,28,Good,1459000,218800,8000,1685800
CASE-2026-TR-02565,Johor,Residential,Rural_Coastal,Leasehold_99,4164,2933,32,Excellent,844000,126600,8000,978600
CASE-2026-TR-02566,Perak,Residential,Suburban,Freehold,5496,5174,7,Excellent,1596000,239400,8000,1843400
CASE-2026-TR-02567,Penang,Agricultural,Urban,Freehold,36443,960,8,Good,2203000,330400,8000,2541400
CASE-2026-TR-02568,Pahang,Commercial,Urban,Leasehold_99,11085,10729,9,Good,4053000,608000,8000,4669000
CASE-2026-TR-02569,Selangor,Agricultural,Rural_Coastal,Freehold,26430,0,27,Good,1225000,183800,2000,1410800
CASE-2026-TR-02570,Penang,Residential,Urban,Leasehold_99,4315,2769,6,Good,1334000,200100,8000,1542100
CASE-2026-TR-02571,Johor,Commercial,Suburban,Malay_Reserve,1697,1906,19,Fair,657000,98600,8000,763600
CASE-2026-TR-02572,Penang,Agricultural,Urban,Leasehold_99,15134,978,12,Good,903000,135400,8000,1046400
CASE-2026-TR-02573,Selangor,Residential,Urban,Leasehold_99,6727,6174,15,Excellent,2388000,358200,8000,2754200
CASE-2026-TR-02574,Penang,Residential,Urban,Freehold,7002,5530,29,Fair,2082000,312300,8000,2402300
CASE-2026-TR-02575,Pahang,Industrial,Suburban,Freehold,34926,17068,5,Good,7196000,1079400,8000,8283400
CASE-2026-TR-02576,Selangor,Commercial,Suburban,Freehold,6863,7040,6,Poor,3481000,522200,8000,4011200
CASE-2026-TR-02577,Penang,Residential,Suburban,Freehold,5170,4757,5,Good,1710000,256500,8000,1974500
CASE-2026-TR-02578,Penang,Agricultural,Suburban,Leasehold_99,26390,0,38,Good,1272000,190800,2000,1464800
CASE-2026-TR-02579,Johor,Agricultural,Urban,Freehold,58455,1326,35,Fair,3291000,493600,8000,3792600
CASE-2026-TR-02580,Sabah,Residential,Urban,Freehold,3114,2877,34,Good,721000,108200,8000,837200
CASE-2026-TR-02581,Perak,Commercial,Urban,Freehold,6090,6169,1,Good,2645000,396800,8000,3049800
CASE-2026-TR-02582,Selangor,Agricultural,Rural_Coastal,Leasehold_99,42679,1035,11,Good,1911000,286600,8000,2205600
CASE-2026-TR-02583,Penang,Commercial,Urban,Leasehold_99,6754,8594,25,Excellent,3658000,548700,8000,4214700
CASE-2026-TR-02584,Selangor,Commercial,Suburban,Malay_Reserve,10676,13834,20,Good,4992000,748800,8000,5748800
CASE-2026-TR-02585,Sabah,Residential,Urban,Freehold,4706,2599,8,Excellent,1209000,181400,8000,1398400
CASE-2026-TR-02586,Pahang,Residential,Urban,Leasehold_99,7256,6508,27,Good,1708000,256200,8000,1972200
CASE-2026-TR-02587,Pahang,Agricultural,Rural_Coastal,Freehold,58162,550,33,Good,1726000,258900,8000,1992900
CASE-2026-TR-02588,Sabah,Residential,Urban,Leasehold_99,4265,3640,11,Good,1133000,170000,8000,1311000
CASE-2026-TR-02589,Perak,Residential,Suburban,Freehold,6396,4046,5,Good,1357000,203600,8000,1568600
CASE-2026-TR-02590,Pahang,Residential,Suburban,Freehold,4874,2725,11,Good,1011000,151600,8000,1170600
CASE-2026-TR-02591,Melaka,Residential,Rural_Coastal,Leasehold_99,2144,2034,29,Fair,427000,64000,8000,499000
CASE-2026-TR-02592,Penang,Residential,Suburban,Leasehold_99,2807,2510,29,Excellent,845000,126800,8000,979800
CASE-2026-TR-02593,Sarawak,Agricultural,Urban,Freehold,43829,0,17,Excellent,1953000,293000,2000,2248000
CASE-2026-TR-02594,Perak,Agricultural,Suburban,Malay_Reserve,63720,0,20,Poor,1835000,275200,2000,2112200
CASE-2026-TR-02595,Johor,Commercial,Urban,Leasehold_99,8357,6845,14,Good,3659000,548800,8000,4215800
CASE-2026-TR-02596,Pahang,Residential,Urban,Leasehold_99,3769,3354,15,Excellent,1038000,155700,8000,1201700
CASE-2026-TR-02597,Johor,Residential,Suburban,Malay_Reserve,2687,1934,9,Excellent,719000,107800,8000,834800
CASE-2026-TR-02598,Johor,Residential,Urban,Freehold,1416,1195,27,Poor,358000,53700,8000,419700
CASE-2026-TR-02599,Pahang,Residential,Suburban,Leasehold_99,4379,3444,17,Good,875000,131200,8000,1014200
CASE-2026-TR-02600,Johor,Commercial,Suburban,Leasehold_99,1812,1693,13,Good,809000,121400,8000,938400
CASE-2026-TR-02601,Selangor,Residential,Rural_Coastal,Freehold,4224,3824,31,Fair,1033000,155000,8000,1196000
CASE-2026-TR-02602,Penang,Residential,Urban,Freehold,4667,4088,13,Fair,1505000,225800,8000,1738800
CASE-2026-TR-02603,Selangor,Residential,Rural_Coastal,Leasehold_99,2112,1902,3,Excellent,710000,106500,8000,824500
CASE-2026-TR-02604,Pahang,Industrial,Suburban,Freehold,28023,18163,19,Good,6082000,912300,8000,7002300
CASE-2026-TR-02605,Melaka,Commercial,Urban,Freehold,11717,13330,1,Fair,5786000,867900,8000,6661900
CASE-2026-TR-02606,Selangor,Residential,Suburban,Freehold,3800,2482,22,Fair,942000,141300,8000,1091300
CASE-2026-TR-02607,Penang,Residential,Urban,Freehold,4615,4196,2,Good,1772000,265800,8000,2045800
CASE-2026-TR-02608,Pahang,Commercial,Rural_Coastal,Leasehold_99,4912,4279,18,Good,1506000,225900,8000,1739900
CASE-2026-TR-02609,Johor,Commercial,Rural_Coastal,Leasehold_99,11794,12316,22,Good,4212000,631800,8000,4851800
CASE-2026-TR-02610,Melaka,Residential,Urban,Freehold,5953,4536,30,Good,1409000,211400,8000,1628400
CASE-2026-TR-02611,Penang,Residential,Suburban,Freehold,2894,2402,2,Excellent,1039000,155800,8000,1202800
CASE-2026-TR-02612,Penang,Residential,Suburban,Freehold,2572,2016,23,Good,744000,111600,8000,863600
CASE-2026-TR-02613,Johor,Residential,Urban,Leasehold_99,3443,2209,29,Fair,803000,120400,8000,931400
CASE-2026-TR-02614,Johor,Industrial,Suburban,Freehold,26897,17470,24,Fair,6765000,1014800,8000,7787800
CASE-2026-TR-02615,Selangor,Residential,Suburban,Leasehold_99,6005,5415,21,Excellent,1866000,279900,8000,2153900
CASE-2026-TR-02616,Terengganu,Agricultural,Suburban,Freehold,43687,0,3,Excellent,1593000,239000,2000,1834000
CASE-2026-TR-02617,Penang,Residential,Suburban,Freehold,2776,2365,3,Fair,841000,126200,8000,975200
CASE-2026-TR-02618,Perak,Residential,Rural_Coastal,Leasehold_99,1400,1019,23,Fair,221000,33200,8000,262200
CASE-2026-TR-02619,Sabah,Industrial,Urban,Leasehold_99,14467,7261,8,Fair,3254000,488100,8000,3750100
CASE-2026-TR-02620,Selangor,Commercial,Urban,Freehold,2865,2084,5,Fair,1480000,222000,8000,1710000
CASE-2026-TR-02621,Sarawak,Commercial,Urban,Freehold,3067,3935,6,Good,1429000,214400,8000,1651400
CASE-2026-TR-02622,Johor,Residential,Suburban,Freehold,3019,1671,18,Poor,603000,90400,8000,701400
CASE-2026-TR-02623,Melaka,Agricultural,Suburban,Freehold,27749,0,5,Good,1109000,166400,2000,1277400
CASE-2026-TR-02624,Johor,Commercial,Rural_Coastal,Freehold,8072,8325,26,Fair,2824000,423600,8000,3255600
CASE-2026-TR-02625,Penang,Agricultural,Urban,Freehold,55068,0,31,Good,3188000,478200,2000,3668200
CASE-2026-TR-02626,Penang,Residential,Rural_Coastal,Leasehold_99,3098,2902,16,Excellent,951000,142600,8000,1101600
CASE-2026-TR-02627,Selangor,Residential,Suburban,Leasehold_99,7035,6475,23,Poor,1608000,241200,8000,1857200
CASE-2026-TR-02628,Perak,Residential,Suburban,Leasehold_99,4277,2440,1,Excellent,1060000,159000,8000,1227000
CASE-2026-TR-02629,Pahang,Residential,Suburban,Malay_Reserve,7457,6066,9,Good,1812000,271800,8000,2091800
CASE-2026-TR-02630,Sabah,Commercial,Suburban,Leasehold_99,9854,13362,15,Good,4238000,635700,8000,4881700
CASE-2026-TR-02631,Terengganu,Residential,Suburban,Freehold,2268,2106,29,Excellent,510000,76500,8000,594500
CASE-2026-TR-02632,Johor,Commercial,Suburban,Freehold,8909,6484,23,Fair,3397000,509600,8000,3914600
CASE-2026-TR-02633,Sarawak,Residential,Suburban,Freehold,3877,3155,20,Good,993000,149000,8000,1150000
CASE-2026-TR-02634,Johor,Agricultural,Urban,Freehold,63364,0,39,Good,3107000,466000,2000,3575000
CASE-2026-TR-02635,Penang,Agricultural,Suburban,Freehold,19477,0,24,Good,979000,146800,2000,1127800
CASE-2026-TR-02636,Selangor,Industrial,Urban,Freehold,8342,4304,24,Excellent,2877000,431600,8000,3316600
CASE-2026-TR-02637,Johor,Commercial,Urban,Leasehold_99,6014,6730,21,Good,2806000,420900,8000,3234900
CASE-2026-TR-02638,Selangor,Residential,Rural_Coastal,Leasehold_99,4935,3323,1,Excellent,1566000,234900,8000,1808900
CASE-2026-TR-02639,Penang,Residential,Urban,Leasehold_99,5397,5113,24,Fair,1518000,227700,8000,1753700
CASE-2026-TR-02640,Selangor,Industrial,Suburban,Leasehold_99,10612,6025,5,Good,3300000,495000,8000,3803000
CASE-2026-TR-02641,Selangor,Residential,Rural_Coastal,Freehold,5105,4543,2,Fair,1428000,214200,8000,1650200
CASE-2026-TR-02642,Sabah,Agricultural,Urban,Malay_Reserve,58619,514,37,Excellent,2085000,312800,8000,2405800
CASE-2026-TR-02643,Perak,Residential,Urban,Freehold,6204,5801,30,Fair,1374000,206100,8000,1588100
CASE-2026-TR-02644,Sabah,Agricultural,Rural_Coastal,Freehold,19167,0,6,Good,538000,80700,2000,620700
CASE-2026-TR-02645,Melaka,Residential,Urban,Leasehold_99,2314,1703,5,Fair,593000,89000,8000,690000
CASE-2026-TR-02646,Selangor,Agricultural,Rural_Coastal,Freehold,28672,0,1,Excellent,1367000,205000,2000,1574000
CASE-2026-TR-02647,Selangor,Commercial,Suburban,Freehold,8551,7313,4,Excellent,4463000,669400,8000,5140400
CASE-2026-TR-02648,Melaka,Residential,Suburban,Leasehold_99,1381,1034,34,Poor,246000,36900,8000,290900
CASE-2026-TR-02649,Johor,Residential,Rural_Coastal,Freehold,2389,1531,17,Excellent,526000,78900,8000,612900
CASE-2026-TR-02650,Johor,Residential,Urban,Leasehold_99,2094,1219,4,Good,597000,89600,8000,694600
CASE-2026-TR-02651,Perak,Agricultural,Urban,Leasehold_99,61517,0,32,Fair,2015000,302200,2000,2319200
CASE-2026-TR-02652,Perak,Residential,Urban,Leasehold_99,7030,4811,22,Good,1463000,219400,8000,1690400
CASE-2026-TR-02653,Johor,Commercial,Suburban,Leasehold_99,9891,8506,7,Fair,3688000,553200,8000,4249200
CASE-2026-TR-02654,Penang,Industrial,Rural_Coastal,Leasehold_99,10326,4888,4,Fair,2459000,368800,8000,2835800
CASE-2026-TR-02655,Johor,Residential,Rural_Coastal,Freehold,4071,3759,20,Good,1062000,159300,8000,1229300
CASE-2026-TR-02656,Selangor,Industrial,Rural_Coastal,Freehold,11230,7268,20,Good,3398000,509700,8000,3915700
CASE-2026-TR-02657,Penang,Commercial,Rural_Coastal,Leasehold_99,3773,2907,18,Fair,1252000,187800,8000,1447800
CASE-2026-TR-02658,Sabah,Residential,Suburban,Leasehold_99,6750,4599,19,Poor,1172000,175800,8000,1355800
CASE-2026-TR-02659,Johor,Commercial,Suburban,Malay_Reserve,10215,9571,18,Fair,3732000,559800,8000,4299800
CASE-2026-TR-02660,Selangor,Residential,Urban,Freehold,2863,2299,8,Fair,996000,149400,8000,1153400
CASE-2026-TR-02661,Pahang,Residential,Urban,Leasehold_99,6407,5561,1,Excellent,1976000,296400,8000,2280400
CASE-2026-TR-02662,Selangor,Residential,Suburban,Malay_Reserve,3757,2194,27,Good,837000,125600,8000,970600
CASE-2026-TR-02663,Pahang,Agricultural,Suburban,Malay_Reserve,44860,0,27,Good,1315000,197200,2000,1514200
CASE-2026-TR-02664,Selangor,Residential,Suburban,Leasehold_99,5952,5169,32,Good,1536000,230400,8000,1774400
CASE-2026-TR-02665,Johor,Residential,Urban,Leasehold_99,3832,3048,3,Good,1250000,187500,8000,1445500
CASE-2026-TR-02666,Johor,Residential,Suburban,Freehold,3140,2499,11,Good,897000,134600,8000,1039600
CASE-2026-TR-02667,Terengganu,Commercial,Urban,Freehold,6840,7482,20,Good,2668000,400200,8000,3076200
CASE-2026-TR-02668,Pahang,Commercial,Urban,Freehold,9946,9128,16,Excellent,3806000,570900,8000,4384900
CASE-2026-TR-02669,Sabah,Commercial,Suburban,Leasehold_99,2480,1928,18,Good,813000,122000,8000,943000
CASE-2026-TR-02670,Terengganu,Industrial,Rural_Coastal,Freehold,26427,14355,22,Good,4918000,737700,8000,5663700
CASE-2026-TR-02671,Johor,Commercial,Suburban,Leasehold_99,1837,2136,13,Fair,751000,112600,8000,871600
CASE-2026-TR-02672,Selangor,Commercial,Urban,Freehold,2836,2912,14,Good,1586000,237900,8000,1831900
CASE-2026-TR-02673,Pahang,Residential,Suburban,Freehold,3518,2852,9,Good,880000,132000,8000,1020000
CASE-2026-TR-02674,Penang,Residential,Urban,Leasehold_99,1984,1862,21,Good,617000,92600,8000,717600
CASE-2026-TR-02675,Sarawak,Commercial,Suburban,Freehold,8027,8651,16,Good,3105000,465800,8000,3578800
CASE-2026-TR-02676,Melaka,Residential,Suburban,Freehold,2691,1567,1,Good,705000,105800,8000,818800
CASE-2026-TR-02677,Selangor,Residential,Suburban,Freehold,7183,6579,9,Good,2495000,374200,8000,2877200
CASE-2026-TR-02678,Melaka,Residential,Urban,Freehold,6745,5798,29,Excellent,1821000,273200,8000,2102200
CASE-2026-TR-02679,Selangor,Agricultural,Urban,Freehold,30097,964,36,Good,2102000,315300,8000,2425300
CASE-2026-TR-02680,Selangor,Residential,Rural_Coastal,Freehold,5500,4159,26,Excellent,1517000,227600,8000,1752600
CASE-2026-TR-02681,Terengganu,Commercial,Urban,Freehold,9210,12021,7,Good,3935000,590200,8000,4533200
CASE-2026-TR-02682,Sabah,Residential,Urban,Freehold,4667,3918,28,Poor,926000,138900,8000,1072900
CASE-2026-TR-02683,Sarawak,Residential,Urban,Leasehold_99,2013,1662,4,Excellent,640000,96000,8000,744000
CASE-2026-TR-02684,Johor,Residential,Suburban,Freehold,3833,2730,33,Good,842000,126300,8000,976300
CASE-2026-TR-02685,Selangor,Agricultural,Urban,Leasehold_99,46289,1190,12,Good,2696000,404400,8000,3108400
CASE-2026-TR-02686,Melaka,Agricultural,Rural_Coastal,Leasehold_99,56455,879,0,Good,1809000,271400,8000,2088400
CASE-2026-TR-02687,Terengganu,Commercial,Urban,Freehold,7078,9841,11,Good,3111000,466600,8000,3585600
CASE-2026-TR-02688,Perak,Residential,Rural_Coastal,Freehold,5506,4439,34,Poor,853000,128000,8000,989000
CASE-2026-TR-02689,Selangor,Residential,Urban,Leasehold_99,4052,2571,18,Good,1263000,189400,8000,1460400
CASE-2026-TR-02690,Selangor,Residential,Rural_Coastal,Freehold,5479,3262,4,Fair,1346000,201900,8000,1555900
CASE-2026-TR-02691,Sabah,Residential,Rural_Coastal,Freehold,6205,3523,32,Good,1073000,161000,8000,1242000
CASE-2026-TR-02692,Selangor,Industrial,Suburban,Freehold,15115,9247,24,Excellent,4468000,670200,8000,5146200
CASE-2026-TR-02693,Penang,Agricultural,Suburban,Freehold,39107,0,0,Excellent,2050000,307500,2000,2359500
CASE-2026-TR-02694,Selangor,Residential,Urban,Freehold,1964,1724,22,Poor,614000,92100,8000,714100
CASE-2026-TR-02695,Penang,Residential,Suburban,Freehold,6681,5712,15,Good,2108000,316200,8000,2432200
CASE-2026-TR-02696,Terengganu,Commercial,Suburban,Freehold,3294,4432,11,Excellent,1516000,227400,8000,1751400
CASE-2026-TR-02697,Penang,Commercial,Urban,Leasehold_99,9371,9098,10,Fair,4564000,684600,8000,5256600
CASE-2026-TR-02698,Penang,Commercial,Rural_Coastal,Freehold,5614,7538,13,Fair,2652000,397800,8000,3057800
CASE-2026-TR-02699,Penang,Agricultural,Suburban,Leasehold_99,63945,1100,36,Good,2965000,444800,8000,3417800
CASE-2026-TR-02700,Johor,Residential,Suburban,Leasehold_99,5520,4734,11,Good,1604000,240600,8000,1852600
CASE-2026-TR-02701,Selangor,Residential,Urban,Malay_Reserve,3052,2465,16,Fair,900000,135000,8000,1043000
CASE-2026-TR-02702,Penang,Agricultural,Urban,Malay_Reserve,45961,0,39,Poor,2493000,374000,2000,2869000
CASE-2026-TR-02703,Selangor,Residential,Suburban,Leasehold_99,2302,2151,7,Good,755000,113200,8000,876200
CASE-2026-TR-02704,Pahang,Residential,Suburban,Freehold,2656,2153,31,Good,547000,82000,8000,637000
CASE-2026-TR-02705,Selangor,Residential,Rural_Coastal,Freehold,7116,6054,19,Good,2068000,310200,8000,2386200
CASE-2026-TR-02706,Johor,Agricultural,Suburban,Freehold,33320,487,27,Good,1467000,220000,8000,1695000
CASE-2026-TR-02707,Melaka,Residential,Suburban,Freehold,6330,5966,23,Good,1583000,237400,8000,1828400
CASE-2026-TR-02708,Melaka,Commercial,Rural_Coastal,Leasehold_99,6996,6730,1,Good,2501000,375200,8000,2884200
CASE-2026-TR-02709,Sabah,Residential,Urban,Freehold,3919,3042,2,Good,1132000,169800,8000,1309800
CASE-2026-TR-02710,Selangor,Residential,Suburban,Leasehold_99,1441,1317,4,Good,469000,70400,8000,547400
CASE-2026-TR-02711,Melaka,Residential,Rural_Coastal,Leasehold_99,5894,3392,29,Good,1026000,153900,8000,1187900
CASE-2026-TR-02712,Johor,Industrial,Suburban,Freehold,16601,9886,6,Poor,4177000,626600,8000,4811600
CASE-2026-TR-02713,Selangor,Agricultural,Suburban,Freehold,37659,689,16,Excellent,2176000,326400,8000,2510400
CASE-2026-TR-02714,Penang,Commercial,Urban,Leasehold_99,4949,4417,18,Good,2335000,350200,8000,2693200
CASE-2026-TR-02715,Selangor,Residential,Rural_Coastal,Freehold,4235,2361,9,Poor,880000,132000,8000,1020000
CASE-2026-TR-02716,Johor,Commercial,Rural_Coastal,Leasehold_99,9153,12286,4,Good,4519000,677800,8000,5204800
CASE-2026-TR-02717,Penang,Agricultural,Rural_Coastal,Freehold,41248,0,27,Good,1818000,272700,2000,2092700
CASE-2026-TR-02718,Johor,Residential,Urban,Leasehold_99,4402,2907,28,Fair,1035000,155200,8000,1198200
CASE-2026-TR-02719,Penang,Residential,Urban,Freehold,6758,5627,25,Fair,1929000,289400,8000,2226400
CASE-2026-TR-02720,Selangor,Residential,Rural_Coastal,Leasehold_99,6551,4327,15,Fair,1468000,220200,8000,1696200
CASE-2026-TR-02721,Johor,Industrial,Urban,Freehold,27414,19236,18,Excellent,8462000,1269300,8000,9739300
CASE-2026-TR-02722,Johor,Agricultural,Urban,Freehold,23679,0,17,Excellent,1147000,172000,2000,1321000
CASE-2026-TR-02723,Sabah,Residential,Suburban,Leasehold_99,6598,5269,21,Excellent,1490000,223500,8000,1721500
CASE-2026-TR-02724,Selangor,Agricultural,Suburban,Leasehold_99,17216,1493,9,Good,957000,143600,8000,1108600
CASE-2026-TR-02725,Penang,Residential,Urban,Leasehold_99,6714,5060,21,Fair,1840000,276000,8000,2124000
CASE-2026-TR-02726,Selangor,Residential,Urban,Freehold,2266,1779,14,Poor,676000,101400,8000,785400
CASE-2026-TR-02727,Melaka,Industrial,Suburban,Freehold,19953,9177,29,Fair,4499000,674800,8000,5181800
CASE-2026-TR-02728,Sarawak,Commercial,Rural_Coastal,Freehold,6689,6487,10,Excellent,2762000,414300,8000,3184300
CASE-2026-TR-02729,Penang,Agricultural,Urban,Freehold,27464,0,25,Good,1556000,233400,2000,1791400
CASE-2026-TR-02730,Penang,Residential,Urban,Leasehold_99,5181,4248,9,Excellent,1903000,285400,8000,2196400
CASE-2026-TR-02731,Perak,Residential,Suburban,Freehold,7156,4164,26,Fair,1309000,196400,8000,1513400
CASE-2026-TR-02732,Selangor,Agricultural,Urban,Freehold,41534,0,22,Excellent,2328000,349200,2000,2679200
CASE-2026-TR-02733,Selangor,Commercial,Rural_Coastal,Leasehold_99,10717,12719,12,Poor,3834000,575100,8000,4417100
CASE-2026-TR-02734,Johor,Residential,Rural_Coastal,Malay_Reserve,6404,4812,30,Good,1321000,198200,8000,1527200
CASE-2026-TR-02735,Pahang,Residential,Suburban,Malay_Reserve,3336,2811,5,Good,823000,123400,8000,954400
CASE-2026-TR-02736,Johor,Commercial,Urban,Leasehold_99,5667,6280,10,Excellent,2637000,395600,8000,3040600
CASE-2026-TR-02737,Sarawak,Agricultural,Suburban,Leasehold_99,29532,0,38,Fair,1068000,160200,2000,1230200
CASE-2026-TR-02738,Pahang,Residential,Urban,Freehold,4147,3357,2,Good,1197000,179600,8000,1384600
CASE-2026-TR-02739,Selangor,Industrial,Rural_Coastal,Leasehold_99,14768,6292,1,Good,4189000,628400,8000,4825400
CASE-2026-TR-02740,Selangor,Commercial,Urban,Freehold,8246,7742,6,Good,4345000,651800,8000,5004800
CASE-2026-TR-02741,Penang,Industrial,Urban,Leasehold_99,10849,4421,26,Fair,3135000,470200,8000,3613200
CASE-2026-TR-02742,Pahang,Industrial,Suburban,Freehold,30474,20664,24,Fair,6233000,935000,8000,7176000
CASE-2026-TR-02743,Sarawak,Industrial,Rural_Coastal,Leasehold_99,29556,12091,1,Excellent,6095000,914200,8000,7017200
CASE-2026-TR-02744,Melaka,Agricultural,Urban,Malay_Reserve,52782,0,1,Poor,2202000,330300,2000,2534300
CASE-2026-TR-02745,Pahang,Residential,Rural_Coastal,Freehold,2910,1933,29,Good,522000,78300,8000,608300
CASE-2026-TR-02746,Penang,Agricultural,Urban,Leasehold_99,54449,1469,6,Good,3051000,457600,8000,3516600
CASE-2026-TR-02747,Sarawak,Residential,Urban,Malay_Reserve,3585,2415,12,Fair,745000,111800,8000,864800
CASE-2026-TR-02748,Melaka,Agricultural,Rural_Coastal,Freehold,19149,0,37,Excellent,666000,99900,2000,767900
CASE-2026-TR-02749,Penang,Residential,Rural_Coastal,Freehold,4827,4383,14,Good,1359000,203800,8000,1570800
CASE-2026-TR-02750,Melaka,Agricultural,Suburban,Freehold,38376,1285,8,Good,1702000,255300,8000,1965300
CASE-2026-TR-02751,Selangor,Agricultural,Rural_Coastal,Freehold,45759,0,28,Excellent,2005000,300800,2000,2307800
CASE-2026-TR-02752,Pahang,Commercial,Rural_Coastal,Leasehold_99,4881,6597,18,Fair,1662000,249300,8000,1919300
CASE-2026-TR-02753,Perak,Residential,Suburban,Freehold,3121,2533,29,Fair,570000,85500,8000,663500
CASE-2026-TR-02754,Pahang,Residential,Rural_Coastal,Freehold,1834,1484,16,Fair,351000,52600,8000,411600
CASE-2026-TR-02755,Johor,Agricultural,Suburban,Leasehold_99,63806,913,23,Fair,2812000,421800,8000,3241800
CASE-2026-TR-02756,Sabah,Agricultural,Suburban,Freehold,35838,0,18,Good,1329000,199400,2000,1530400
CASE-2026-TR-02757,Johor,Industrial,Suburban,Freehold,15058,8031,6,Good,4289000,643400,8000,4940400
CASE-2026-TR-02758,Sabah,Residential,Urban,Freehold,2639,2294,12,Fair,619000,92800,8000,719800
CASE-2026-TR-02759,Sabah,Residential,Rural_Coastal,Malay_Reserve,2570,2179,22,Poor,444000,66600,8000,518600
CASE-2026-TR-02760,Selangor,Residential,Suburban,Freehold,3024,2738,27,Poor,792000,118800,8000,918800
CASE-2026-TR-02761,Pahang,Residential,Urban,Freehold,4705,3088,28,Good,935000,140200,8000,1083200
CASE-2026-TR-02762,Pahang,Commercial,Urban,Freehold,10923,8366,6,Excellent,4298000,644700,8000,4950700
CASE-2026-TR-02763,Perak,Residential,Urban,Freehold,1457,991,23,Fair,308000,46200,8000,362200
CASE-2026-TR-02764,Perak,Residential,Suburban,Malay_Reserve,4210,2868,30,Excellent,779000,116800,8000,903800
CASE-2026-TR-02765,Melaka,Agricultural,Urban,Freehold,24776,1319,3,Good,1280000,192000,8000,1480000
CASE-2026-TR-02766,Pahang,Residential,Urban,Freehold,1742,1359,3,Good,483000,72400,8000,563400
CASE-2026-TR-02767,Melaka,Residential,Suburban,Leasehold_99,6607,5554,11,Good,1754000,263100,8000,2025100
CASE-2026-TR-02768,Johor,Residential,Urban,Freehold,5445,4480,10,Fair,1622000,243300,8000,1873300
CASE-2026-TR-02769,Melaka,Residential,Suburban,Freehold,3555,2034,20,Fair,725000,108800,8000,841800
CASE-2026-TR-02770,Penang,Commercial,Urban,Leasehold_99,11371,13162,2,Excellent,7038000,1055700,8000,8101700
CASE-2026-TR-02771,Selangor,Residential,Rural_Coastal,Leasehold_99,5165,4351,17,Good,1414000,212100,8000,1634100
CASE-2026-TR-02772,Selangor,Agricultural,Suburban,Freehold,35058,0,20,Excellent,1807000,271000,2000,2080000
CASE-2026-TR-02773,Selangor,Agricultural,Urban,Freehold,47948,540,7,Good,2957000,443600,8000,3408600
CASE-2026-TR-02774,Penang,Commercial,Suburban,Freehold,11798,9156,25,Fair,4723000,708400,8000,5439400
CASE-2026-TR-02775,Penang,Residential,Urban,Malay_Reserve,2030,1585,20,Good,592000,88800,8000,688800
CASE-2026-TR-02776,Sabah,Residential,Suburban,Malay_Reserve,4435,2458,32,Good,734000,110100,8000,852100
CASE-2026-TR-02777,Johor,Commercial,Urban,Leasehold_99,9601,10870,12,Excellent,4582000,687300,8000,5277300
CASE-2026-TR-02778,Selangor,Commercial,Suburban,Freehold,4303,3320,26,Excellent,1980000,297000,8000,2285000
CASE-2026-TR-02779,Penang,Residential,Suburban,Leasehold_99,6502,5135,6,Good,1825000,273800,8000,2106800
CASE-2026-TR-02780,Sarawak,Residential,Rural_Coastal,Freehold,6468,5692,27,Excellent,1457000,218600,8000,1683600
CASE-2026-TR-02781,Selangor,Residential,Urban,Freehold,2273,1555,11,Good,727000,109000,8000,844000
CASE-2026-TR-02782,Johor,Commercial,Rural_Coastal,Leasehold_99,3523,3636,15,Good,1294000,194100,8000,1496100
CASE-2026-TR-02783,Selangor,Residential,Suburban,Freehold,5145,4184,23,Excellent,1649000,247400,8000,1904400
CASE-2026-TR-02784,Penang,Residential,Urban,Leasehold_99,4968,4367,33,Good,1455000,218200,8000,1681200
CASE-2026-TR-02785,Johor,Residential,Urban,Leasehold_99,4314,3594,18,Fair,1195000,179200,8000,1382200
CASE-2026-TR-02786,Pahang,Agricultural,Urban,Freehold,37554,0,15,Excellent,1545000,231800,2000,1778800
CASE-2026-TR-02787,Pahang,Industrial,Rural_Coastal,Freehold,4765,2539,26,Good,853000,128000,8000,989000
CASE-2026-TR-02788,Johor,Residential,Rural_Coastal,Leasehold_99,4991,4502,18,Excellent,1374000,206100,8000,1588100
CASE-2026-TR-02789,Perak,Residential,Urban,Freehold,3645,2894,3,Good,1048000,157200,8000,1213200
CASE-2026-TR-02790,Sarawak,Residential,Urban,Freehold,5836,5412,14,Good,1690000,253500,8000,1951500
CASE-2026-TR-02791,Selangor,Commercial,Rural_Coastal,Freehold,3605,4929,4,Good,2061000,309200,8000,2378200
CASE-2026-TR-02792,Penang,Residential,Suburban,Freehold,1534,1145,11,Poor,396000,59400,8000,463400
CASE-2026-TR-02793,Penang,Industrial,Suburban,Leasehold_99,32430,18025,29,Good,8115000,1217200,8000,9340200
CASE-2026-TR-02794,Selangor,Commercial,Rural_Coastal,Malay_Reserve,5114,4639,4,Poor,1908000,286200,8000,2202200
CASE-2026-TR-02795,Selangor,Residential,Urban,Freehold,6547,4371,8,Fair,2126000,318900,8000,2452900
CASE-2026-TR-02796,Selangor,Commercial,Rural_Coastal,Freehold,11879,13659,21,Excellent,5246000,786900,8000,6040900
CASE-2026-TR-02797,Perak,Residential,Urban,Leasehold_99,2536,2207,8,Good,694000,104100,8000,806100
CASE-2026-TR-02798,Pahang,Residential,Urban,Leasehold_99,4305,3301,10,Fair,930000,139500,8000,1077500
CASE-2026-TR-02799,Selangor,Industrial,Urban,Freehold,27244,17288,10,Poor,8303000,1245400,8000,9556400
CASE-2026-TR-02800,Melaka,Commercial,Suburban,Freehold,5951,4827,12,Good,2266000,339900,8000,2613900
CASE-2026-TR-02801,Pahang,Agricultural,Rural_Coastal,Freehold,33403,0,7,Good,911000,136600,2000,1049600
CASE-2026-TR-02802,Selangor,Residential,Urban,Leasehold_99,3375,2932,6,Good,1186000,177900,8000,1371900
CASE-2026-TR-02803,Penang,Residential,Urban,Freehold,6571,4721,30,Good,1802000,270300,8000,2080300
CASE-2026-TR-02804,Terengganu,Industrial,Suburban,Leasehold_99,10237,4644,10,Fair,1917000,287600,8000,2212600
CASE-2026-TR-02805,Penang,Residential,Urban,Freehold,7305,4513,7,Good,2357000,353600,8000,2718600
CASE-2026-TR-02806,Sabah,Residential,Urban,Freehold,1359,905,14,Fair,321000,48200,8000,377200
CASE-2026-TR-02807,Selangor,Residential,Urban,Freehold,7497,7058,3,Excellent,2807000,421000,8000,3236000
CASE-2026-TR-02808,Selangor,Residential,Suburban,Leasehold_99,4426,3562,7,Fair,1348000,202200,8000,1558200
CASE-2026-TR-02809,Johor,Residential,Urban,Leasehold_99,2477,2165,34,Good,615000,92200,8000,715200
CASE-2026-TR-02810,Selangor,Residential,Suburban,Freehold,6871,5281,33,Excellent,1940000,291000,8000,2239000
CASE-2026-TR-02811,Johor,Residential,Rural_Coastal,Freehold,1480,1100,28,Fair,296000,44400,8000,348400
CASE-2026-TR-02812,Selangor,Industrial,Suburban,Freehold,21730,12238,5,Good,7131000,1069600,8000,8208600
CASE-2026-TR-02813,Pahang,Agricultural,Urban,Leasehold_99,46468,899,4,Fair,1754000,263100,8000,2025100
CASE-2026-TR-02814,Selangor,Agricultural,Urban,Freehold,37844,0,34,Good,2364000,354600,2000,2720600
CASE-2026-TR-02815,Perak,Residential,Suburban,Leasehold_99,2447,1420,11,Good,492000,73800,8000,573800
CASE-2026-TR-02816,Johor,Agricultural,Rural_Coastal,Malay_Reserve,64874,1495,35,Good,2339000,350800,8000,2697800
CASE-2026-TR-02817,Johor,Industrial,Suburban,Leasehold_99,30692,13718,23,Excellent,7703000,1155400,8000,8866400
CASE-2026-TR-02818,Perak,Residential,Suburban,Freehold,5647,3279,14,Fair,1121000,168200,8000,1297200
CASE-2026-TR-02819,Selangor,Commercial,Suburban,Leasehold_99,5995,4686,23,Excellent,2582000,387300,8000,2977300
CASE-2026-TR-02820,Melaka,Residential,Rural_Coastal,Freehold,6722,4841,16,Good,1492000,223800,8000,1723800
CASE-2026-TR-02821,Selangor,Residential,Suburban,Freehold,7202,4025,29,Good,1913000,287000,8000,2208000
CASE-2026-TR-02822,Selangor,Residential,Suburban,Leasehold_99,1889,1284,12,Excellent,586000,87900,8000,681900
CASE-2026-TR-02823,Johor,Residential,Urban,Freehold,1770,1375,12,Good,518000,77700,8000,603700
CASE-2026-TR-02824,Sarawak,Agricultural,Rural_Coastal,Freehold,36742,682,28,Excellent,1176000,176400,8000,1360400
CASE-2026-TR-02825,Terengganu,Agricultural,Suburban,Freehold,63467,442,26,Good,2018000,302700,8000,2328700
CASE-2026-TR-02826,Melaka,Industrial,Rural_Coastal,Leasehold_99,20921,11521,1,Good,5023000,753400,8000,5784400
CASE-2026-TR-02827,Terengganu,Residential,Suburban,Freehold,5506,4746,19,Poor,1040000,156000,8000,1204000
CASE-2026-TR-02828,Johor,Commercial,Urban,Freehold,5846,6396,23,Good,2530000,379500,8000,2917500
CASE-2026-TR-02829,Sarawak,Agricultural,Suburban,Freehold,37726,0,12,Fair,1367000,205000,2000,1574000
CASE-2026-TR-02830,Penang,Industrial,Urban,Malay_Reserve,23432,15901,6,Fair,7455000,1118200,8000,8581200
CASE-2026-TR-02831,Selangor,Residential,Rural_Coastal,Freehold,3556,2339,28,Excellent,870000,130500,8000,1008500
CASE-2026-TR-02832,Melaka,Agricultural,Urban,Malay_Reserve,45523,1281,5,Good,1847000,277000,8000,2132000
CASE-2026-TR-02833,Penang,Agricultural,Urban,Freehold,16011,1159,36,Poor,886000,132900,8000,1026900
CASE-2026-TR-02834,Terengganu,Residential,Urban,Freehold,3762,2772,19,Good,829000,124400,8000,961400
CASE-2026-TR-02835,Johor,Residential,Urban,Freehold,4659,4414,33,Good,1273000,191000,8000,1472000
CASE-2026-TR-02836,Sabah,Residential,Rural_Coastal,Freehold,1588,1279,29,Good,307000,46000,8000,361000
CASE-2026-TR-02837,Johor,Commercial,Urban,Freehold,2653,3573,21,Excellent,1466000,219900,8000,1693900
CASE-2026-TR-02838,Selangor,Agricultural,Rural_Coastal,Freehold,21663,0,5,Excellent,957000,143600,2000,1102600
CASE-2026-TR-02839,Selangor,Commercial,Rural_Coastal,Freehold,4641,5156,27,Excellent,2214000,332100,8000,2554100
CASE-2026-TR-02840,Penang,Residential,Urban,Leasehold_99,5064,2907,9,Good,1333000,200000,8000,1541000
CASE-2026-TR-02841,Penang,Residential,Urban,Leasehold_99,1408,916,1,Good,484000,72600,8000,564600
CASE-2026-TR-02842,Selangor,Commercial,Suburban,Freehold,4946,4044,12,Good,2324000,348600,8000,2680600
CASE-2026-TR-02843,Terengganu,Agricultural,Rural_Coastal,Freehold,53731,0,3,Good,1574000,236100,2000,1812100
CASE-2026-TR-02844,Penang,Commercial,Suburban,Freehold,11618,13042,23,Good,5332000,799800,8000,6139800
CASE-2026-TR-02845,Penang,Commercial,Urban,Leasehold_99,10892,8927,18,Fair,4410000,661500,8000,5079500
CASE-2026-TR-02846,Selangor,Agricultural,Urban,Leasehold_99,43508,614,33,Good,2828000,424200,8000,3260200
CASE-2026-TR-02847,Perak,Agricultural,Suburban,Freehold,23359,0,17,Fair,773000,116000,2000,891000
CASE-2026-TR-02848,Selangor,Commercial,Suburban,Malay_Reserve,2716,2822,24,Excellent,1307000,196000,8000,1511000
CASE-2026-TR-02849,Penang,Residential,Urban,Freehold,4318,3362,5,Excellent,1624000,243600,8000,1875600
CASE-2026-TR-02850,Pahang,Agricultural,Suburban,Freehold,55129,0,38,Fair,2002000,300300,2000,2304300
CASE-2026-TR-02851,Johor,Industrial,Suburban,Leasehold_99,21989,16333,28,Fair,5133000,770000,8000,5911000
CASE-2026-TR-02852,Johor,Commercial,Urban,Malay_Reserve,5617,4205,22,Excellent,2176000,326400,8000,2510400
CASE-2026-TR-02853,Johor,Residential,Urban,Freehold,5471,4793,28,Excellent,1512000,226800,8000,1746800
CASE-2026-TR-02854,Sarawak,Residential,Urban,Freehold,1431,1168,24,Poor,305000,45800,8000,358800
CASE-2026-TR-02855,Sarawak,Agricultural,Urban,Leasehold_99,30360,0,6,Fair,1203000,180400,2000,1385400
CASE-2026-TR-02856,Sarawak,Residential,Urban,Freehold,6269,3802,13,Fair,1369000,205400,8000,1582400
CASE-2026-TR-02857,Penang,Agricultural,Suburban,Leasehold_99,42355,0,35,Good,2223000,333400,2000,2558400
CASE-2026-TR-02858,Selangor,Commercial,Suburban,Freehold,8980,10396,26,Good,4043000,606400,8000,4657400
CASE-2026-TR-02859,Penang,Residential,Urban,Freehold,1579,1064,8,Excellent,509000,76400,8000,593400
CASE-2026-TR-02860,Penang,Residential,Suburban,Leasehold_99,6012,5071,31,Fair,1572000,235800,8000,1815800
CASE-2026-TR-02861,Selangor,Residential,Suburban,Malay_Reserve,3678,2717,34,Good,903000,135400,8000,1046400
CASE-2026-TR-02862,Penang,Residential,Urban,Freehold,3839,2740,7,Good,1267000,190000,8000,1465000
CASE-2026-TR-02863,Selangor,Industrial,Urban,Freehold,30047,17581,11,Fair,10382000,1557300,8000,11947300
CASE-2026-TR-02864,Johor,Commercial,Rural_Coastal,Freehold,3300,4293,20,Excellent,1416000,212400,8000,1636400
CASE-2026-TR-02865,Selangor,Residential,Urban,Freehold,6648,5011,2,Good,2513000,377000,8000,2898000
CASE-2026-TR-02866,Penang,Residential,Suburban,Freehold,5049,4672,14,Excellent,1722000,258300,8000,1988300
CASE-2026-TR-02867,Melaka,Residential,Rural_Coastal,Leasehold_99,6056,4883,24,Good,1261000,189200,8000,1458200
CASE-2026-TR-02868,Penang,Residential,Urban,Freehold,3597,3241,11,Excellent,1221000,183200,8000,1412200
CASE-2026-TR-02869,Penang,Residential,Urban,Freehold,2988,2642,27,Good,857000,128600,8000,993600
CASE-2026-TR-02870,Sarawak,Commercial,Suburban,Freehold,7638,8916,23,Fair,2843000,426400,8000,3277400
CASE-2026-TR-02871,Selangor,Residential,Urban,Freehold,7444,5894,7,Fair,2390000,358500,8000,2756500
CASE-2026-TR-02872,Selangor,Residential,Suburban,Leasehold_99,4878,3987,7,Good,1574000,236100,8000,1818100
CASE-2026-TR-02873,Terengganu,Residential,Urban,Freehold,4688,4216,16,Fair,1171000,175600,8000,1354600
CASE-2026-TR-02874,Selangor,Residential,Urban,Leasehold_99,4047,2374,3,Excellent,1291000,193600,8000,1492600
CASE-2026-TR-02875,Sarawak,Industrial,Rural_Coastal,Freehold,29275,19322,12,Good,6623000,993400,8000,7624400
CASE-2026-TR-02876,Selangor,Residential,Suburban,Freehold,3292,2936,19,Good,1036000,155400,8000,1199400
CASE-2026-TR-02877,Perak,Residential,Urban,Leasehold_99,6615,4866,10,Excellent,1662000,249300,8000,1919300
CASE-2026-TR-02878,Johor,Commercial,Urban,Leasehold_99,1887,1681,15,Good,812000,121800,8000,941800
CASE-2026-TR-02879,Pahang,Commercial,Urban,Freehold,10572,14117,6,Excellent,5709000,856400,8000,6573400
CASE-2026-TR-02880,Melaka,Agricultural,Rural_Coastal,Freehold,20887,0,0,Excellent,648000,97200,2000,747200
CASE-2026-TR-02881,Perak,Residential,Suburban,Freehold,6967,5171,31,Fair,1224000,183600,8000,1415600
CASE-2026-TR-02882,Melaka,Residential,Suburban,Freehold,7284,5595,30,Good,1657000,248600,8000,1913600
CASE-2026-TR-02883,Melaka,Residential,Suburban,Leasehold_99,2644,2316,19,Excellent,677000,101600,8000,786600
CASE-2026-TR-02884,Selangor,Agricultural,Urban,Leasehold_99,16884,0,26,Excellent,1012000,151800,2000,1165800
CASE-2026-TR-02885,Selangor,Commercial,Suburban,Leasehold_99,7281,7649,12,Excellent,3452000,517800,8000,3977800
CASE-2026-TR-02886,Selangor,Commercial,Suburban,Malay_Reserve,5906,4602,24,Good,2448000,367200,8000,2823200
CASE-2026-TR-02887,Penang,Commercial,Urban,Malay_Reserve,4135,4176,21,Poor,1650000,247500,8000,1905500
CASE-2026-TR-02888,Penang,Residential,Suburban,Leasehold_99,5009,2922,10,Fair,1194000,179100,8000,1381100
CASE-2026-TR-02889,Johor,Residential,Rural_Coastal,Malay_Reserve,7282,6432,7,Good,1702000,255300,8000,1965300
CASE-2026-TR-02890,Penang,Agricultural,Urban,Leasehold_99,21644,0,20,Fair,1120000,168000,2000,1290000
CASE-2026-TR-02891,Selangor,Residential,Urban,Freehold,3335,2770,22,Fair,1107000,166000,8000,1281000
CASE-2026-TR-02892,Sabah,Commercial,Rural_Coastal,Leasehold_99,10496,9811,18,Poor,2943000,441400,8000,3392400
CASE-2026-TR-02893,Melaka,Residential,Suburban,Freehold,4310,3156,21,Good,981000,147200,8000,1136200
CASE-2026-TR-02894,Sarawak,Commercial,Rural_Coastal,Malay_Reserve,10821,15101,1,Good,4891000,733600,8000,5632600
CASE-2026-TR-02895,Penang,Agricultural,Urban,Leasehold_99,57145,0,31,Excellent,3070000,460500,2000,3532500
CASE-2026-TR-02896,Selangor,Commercial,Suburban,Freehold,10770,12732,26,Excellent,5396000,809400,8000,6213400
CASE-2026-TR-02897,Johor,Residential,Urban,Freehold,4161,3773,26,Good,1233000,185000,8000,1426000
CASE-2026-TR-02898,Johor,Agricultural,Urban,Leasehold_99,35326,1417,6,Good,1855000,278200,8000,2141200
CASE-2026-TR-02899,Pahang,Residential,Urban,Freehold,5379,4074,33,Excellent,1274000,191100,8000,1473100
CASE-2026-TR-02900,Selangor,Agricultural,Urban,Leasehold_99,17890,0,10,Fair,1043000,156400,2000,1201400
CASE-2026-TR-02901,Selangor,Industrial,Urban,Freehold,12142,7741,23,Excellent,4190000,628500,8000,4826500
CASE-2026-TR-02902,Penang,Residential,Urban,Freehold,6611,4159,24,Good,1943000,291400,8000,2242400
CASE-2026-TR-02903,Pahang,Agricultural,Urban,Freehold,19667,0,27,Excellent,714000,107100,2000,823100
CASE-2026-TR-02904,Pahang,Agricultural,Suburban,Freehold,26741,0,26,Fair,824000,123600,2000,949600
CASE-2026-TR-02905,Selangor,Residential,Rural_Coastal,Leasehold_99,2692,1707,27,Excellent,681000,102200,8000,791200
CASE-2026-TR-02906,Selangor,Residential,Suburban,Freehold,1421,1027,16,Fair,426000,63900,8000,497900
CASE-2026-TR-02907,Sabah,Agricultural,Urban,Leasehold_99,59622,900,4,Good,2442000,366300,8000,2816300
CASE-2026-TR-02908,Penang,Residential,Urban,Leasehold_99,5074,3394,3,Fair,1515000,227200,8000,1750200
CASE-2026-TR-02909,Perak,Industrial,Rural_Coastal,Freehold,4594,2044,23,Excellent,804000,120600,8000,932600
CASE-2026-TR-02910,Sarawak,Commercial,Suburban,Leasehold_99,8079,9400,1,Excellent,3929000,589400,8000,4526400
CASE-2026-TR-02911,Penang,Residential,Suburban,Freehold,3256,2804,25,Poor,806000,120900,8000,934900
CASE-2026-TR-02912,Sarawak,Residential,Urban,Freehold,4084,2765,26,Good,877000,131600,8000,1016600
CASE-2026-TR-02913,Selangor,Agricultural,Rural_Coastal,Freehold,61698,0,7,Good,3025000,453800,2000,3480800
CASE-2026-TR-02914,Penang,Residential,Urban,Freehold,6718,5507,8,Good,2547000,382000,8000,2937000
CASE-2026-TR-02915,Penang,Agricultural,Suburban,Leasehold_99,30223,741,33,Fair,1437000,215600,8000,1660600
CASE-2026-TR-02916,Terengganu,Residential,Rural_Coastal,Freehold,2341,1544,2,Excellent,512000,76800,8000,596800
CASE-2026-TR-02917,Pahang,Agricultural,Urban,Leasehold_99,27251,565,14,Good,1008000,151200,8000,1167200
CASE-2026-TR-02918,Selangor,Agricultural,Rural_Coastal,Freehold,34868,1259,5,Excellent,1754000,263100,8000,2025100
CASE-2026-TR-02919,Johor,Residential,Urban,Freehold,3969,3644,24,Excellent,1209000,181400,8000,1398400
CASE-2026-TR-02920,Penang,Residential,Rural_Coastal,Freehold,1675,1486,27,Good,406000,60900,8000,474900
CASE-2026-TR-02921,Perak,Commercial,Urban,Freehold,6421,7525,17,Good,2703000,405400,8000,3116400
CASE-2026-TR-02922,Sabah,Residential,Suburban,Freehold,4152,2628,9,Poor,806000,120900,8000,934900
CASE-2026-TR-02923,Sabah,Residential,Urban,Leasehold_99,2948,1785,25,Good,616000,92400,8000,716400
CASE-2026-TR-02924,Selangor,Agricultural,Urban,Leasehold_99,45888,0,0,Fair,2595000,389200,2000,2986200
CASE-2026-TR-02925,Sarawak,Residential,Urban,Leasehold_99,3981,3197,16,Excellent,1106000,165900,8000,1279900
CASE-2026-TR-02926,Johor,Agricultural,Suburban,Malay_Reserve,54357,413,21,Good,2125000,318800,8000,2451800
CASE-2026-TR-02927,Selangor,Residential,Suburban,Leasehold_99,7343,6744,5,Good,2721000,408200,8000,3137200
CASE-2026-TR-02928,Melaka,Agricultural,Rural_Coastal,Leasehold_99,28682,477,5,Poor,896000,134400,8000,1038400
CASE-2026-TR-02929,Johor,Commercial,Suburban,Freehold,10032,7548,8,Fair,4277000,641600,8000,4926600
CASE-2026-TR-02930,Pahang,Residential,Suburban,Freehold,7013,5583,18,Good,1580000,237000,8000,1825000
CASE-2026-TR-02931,Melaka,Agricultural,Rural_Coastal,Freehold,47979,703,25,Good,1742000,261300,8000,2011300
CASE-2026-TR-02932,Johor,Residential,Urban,Malay_Reserve,3130,2788,31,Excellent,782000,117300,8000,907300
CASE-2026-TR-02933,Terengganu,Residential,Suburban,Freehold,5563,3469,34,Excellent,1039000,155800,8000,1202800
CASE-2026-TR-02934,Penang,Residential,Urban,Freehold,4770,3628,32,Good,1207000,181000,8000,1396000
CASE-2026-TR-02935,Melaka,Residential,Rural_Coastal,Freehold,4928,4504,22,Good,1124000,168600,8000,1300600
CASE-2026-TR-02936,Sabah,Residential,Urban,Freehold,6857,3928,29,Good,1387000,208000,8000,1603000
CASE-2026-TR-02937,Penang,Residential,Urban,Freehold,5429,3954,14,Excellent,1794000,269100,8000,2071100
CASE-2026-TR-02938,Selangor,Residential,Suburban,Freehold,2746,2204,5,Good,920000,138000,8000,1066000
CASE-2026-TR-02939,Pahang,Commercial,Rural_Coastal,Leasehold_99,2161,2854,25,Good,749000,112400,8000,869400
CASE-2026-TR-02940,Johor,Residential,Suburban,Freehold,2417,2025,27,Good,632000,94800,8000,734800
CASE-2026-TR-02941,Melaka,Residential,Suburban,Freehold,6934,4060,31,Good,1323000,198400,8000,1529400
CASE-2026-TR-02942,Penang,Commercial,Urban,Freehold,7362,9729,3,Fair,4076000,611400,8000,4695400
CASE-2026-TR-02943,Penang,Residential,Suburban,Freehold,2357,1521,1,Fair,672000,100800,8000,780800
CASE-2026-TR-02944,Penang,Industrial,Rural_Coastal,Freehold,23015,12886,23,Fair,5528000,829200,8000,6365200
CASE-2026-TR-02945,Penang,Commercial,Rural_Coastal,Malay_Reserve,8230,6044,17,Excellent,3032000,454800,8000,3494800
CASE-2026-TR-02946,Selangor,Residential,Urban,Leasehold_99,5425,3389,6,Excellent,1793000,269000,8000,2070000
CASE-2026-TR-02947,Melaka,Residential,Urban,Leasehold_99,3427,3155,8,Excellent,1106000,165900,8000,1279900
CASE-2026-TR-02948,Selangor,Residential,Urban,Malay_Reserve,2985,2129,33,Good,762000,114300,8000,884300
CASE-2026-TR-02949,Pahang,Commercial,Urban,Leasehold_99,9046,8180,17,Fair,2945000,441800,8000,3394800
CASE-2026-TR-02950,Melaka,Residential,Urban,Malay_Reserve,3853,3395,5,Good,1104000,165600,8000,1277600
CASE-2026-TR-02951,Penang,Agricultural,Suburban,Leasehold_99,57443,1122,37,Good,2634000,395100,8000,3037100
CASE-2026-TR-02952,Penang,Residential,Urban,Leasehold_99,3399,2281,15,Poor,910000,136500,8000,1054500
CASE-2026-TR-02953,Perak,Residential,Urban,Malay_Reserve,3867,2521,25,Good,757000,113600,8000,878600
CASE-2026-TR-02954,Perak,Residential,Suburban,Malay_Reserve,4916,2840,7,Good,963000,144400,8000,1115400
CASE-2026-TR-02955,Johor,Residential,Urban,Leasehold_99,2678,1914,13,Fair,706000,105900,8000,819900
CASE-2026-TR-02956,Selangor,Agricultural,Suburban,Freehold,38318,642,6,Good,2050000,307500,8000,2365500
CASE-2026-TR-02957,Sarawak,Residential,Urban,Malay_Reserve,3925,3056,29,Excellent,859000,128800,8000,995800
CASE-2026-TR-02958,Penang,Residential,Suburban,Freehold,6896,5888,30,Excellent,2086000,312900,8000,2406900
CASE-2026-TR-02959,Sabah,Agricultural,Urban,Leasehold_99,57057,0,26,Poor,2263000,339400,2000,2604400
CASE-2026-TR-02960,Sarawak,Residential,Suburban,Freehold,1483,926,21,Good,341000,51200,8000,400200
CASE-2026-TR-02961,Sarawak,Agricultural,Urban,Leasehold_99,31733,498,36,Excellent,1258000,188700,8000,1454700
CASE-2026-TR-02962,Selangor,Residential,Urban,Malay_Reserve,5540,4432,5,Good,1843000,276400,8000,2127400
CASE-2026-TR-02963,Melaka,Agricultural,Suburban,Freehold,31900,0,18,Fair,1292000,193800,2000,1487800
CASE-2026-TR-02964,Sarawak,Residential,Urban,Leasehold_99,2165,1450,1,Fair,586000,87900,8000,681900
CASE-2026-TR-02965,Terengganu,Residential,Urban,Freehold,2821,2114,14,Excellent,704000,105600,8000,817600
CASE-2026-TR-02966,Penang,Residential,Suburban,Leasehold_99,4562,3073,13,Good,1152000,172800,8000,1332800
CASE-2026-TR-02967,Pahang,Agricultural,Suburban,Freehold,25795,0,24,Excellent,913000,137000,2000,1052000
CASE-2026-TR-02968,Selangor,Agricultural,Urban,Leasehold_99,23545,1285,18,Poor,1476000,221400,8000,1705400
CASE-2026-TR-02969,Johor,Residential,Suburban,Freehold,5473,3966,10,Excellent,1698000,254700,8000,1960700
CASE-2026-TR-02970,Selangor,Residential,Suburban,Freehold,1767,1175,30,Good,463000,69400,8000,540400
CASE-2026-TR-02971,Selangor,Commercial,Suburban,Freehold,11749,12934,11,Excellent,6949000,1042400,8000,7999400
CASE-2026-TR-02972,Selangor,Industrial,Suburban,Freehold,13322,8689,8,Good,4474000,671100,8000,5153100
CASE-2026-TR-02973,Penang,Commercial,Urban,Freehold,3543,2644,18,Good,1664000,249600,8000,1921600
CASE-2026-TR-02974,Sarawak,Agricultural,Suburban,Freehold,42806,0,34,Excellent,1727000,259000,2000,1988000
CASE-2026-TR-02975,Terengganu,Commercial,Suburban,Malay_Reserve,8363,11226,27,Excellent,3058000,458700,8000,3524700
CASE-2026-TR-02976,Johor,Residential,Urban,Leasehold_99,1803,1469,10,Good,502000,75300,8000,585300
CASE-2026-TR-02977,Selangor,Residential,Rural_Coastal,Leasehold_99,4142,2330,15,Good,975000,146200,8000,1129200
CASE-2026-TR-02978,Johor,Residential,Rural_Coastal,Leasehold_99,5432,4824,28,Good,1195000,179200,8000,1382200
CASE-2026-TR-02979,Selangor,Industrial,Suburban,Leasehold_99,10206,5519,6,Excellent,3280000,492000,8000,3780000
CASE-2026-TR-02980,Selangor,Residential,Urban,Freehold,3487,2437,24,Good,1081000,162200,8000,1251200
CASE-2026-TR-02981,Penang,Residential,Urban,Freehold,7378,5611,30,Good,2153000,323000,8000,2484000
CASE-2026-TR-02982,Sabah,Residential,Suburban,Malay_Reserve,2356,2029,34,Excellent,441000,66200,8000,515200
CASE-2026-TR-02983,Penang,Residential,Urban,Freehold,2923,2563,9,Fair,936000,140400,8000,1084400
CASE-2026-TR-02984,Johor,Commercial,Rural_Coastal,Freehold,9423,11608,26,Good,4090000,613500,8000,4711500
CASE-2026-TR-02985,Pahang,Commercial,Urban,Freehold,4361,4679,23,Poor,1398000,209700,8000,1615700
CASE-2026-TR-02986,Perak,Agricultural,Urban,Freehold,40545,0,11,Fair,1613000,242000,2000,1857000
CASE-2026-TR-02987,Pahang,Agricultural,Suburban,Leasehold_99,63148,0,9,Excellent,2115000,317200,2000,2434200
CASE-2026-TR-02988,Selangor,Residential,Urban,Freehold,6208,3436,14,Excellent,2011000,301600,8000,2320600
CASE-2026-TR-02989,Sarawak,Agricultural,Rural_Coastal,Leasehold_99,63793,0,10,Poor,1925000,288800,2000,2215800
CASE-2026-TR-02990,Selangor,Agricultural,Urban,Leasehold_99,62428,0,32,Good,3452000,517800,2000,3971800
CASE-2026-TR-02991,Perak,Residential,Rural_Coastal,Leasehold_99,4719,3807,5,Fair,1004000,150600,8000,1162600
CASE-2026-TR-02992,Selangor,Agricultural,Suburban,Leasehold_99,15201,1464,0,Good,913000,137000,8000,1058000
CASE-2026-TR-02993,Penang,Commercial,Urban,Freehold,10343,12765,12,Poor,5326000,798900,8000,6132900
CASE-2026-TR-02994,Penang,Residential,Suburban,Freehold,6385,4248,22,Poor,1558000,233700,8000,1799700
CASE-2026-TR-02995,Johor,Residential,Rural_Coastal,Freehold,1832,1541,18,Excellent,489000,73400,8000,570400
CASE-2026-TR-02996,Johor,Residential,Urban,Leasehold_99,6649,3944,26,Excellent,1613000,242000,8000,1863000
CASE-2026-TR-02997,Sarawak,Residential,Suburban,Leasehold_99,4483,3313,4,Good,1111000,166600,8000,1285600
CASE-2026-TR-02998,Johor,Agricultural,Suburban,Malay_Reserve,55253,0,27,Fair,2034000,305100,2000,2341100
CASE-2026-TR-02999,Penang,Residential,Urban,Leasehold_99,4679,3150,23,Fair,1181000,177200,8000,1366200
CASE-2026-TR-03000,Johor,Commercial,Suburban,Leasehold_99,9188,7353,24,Excellent,3419000,512800,8000,3939800
CASE-2026-TR-03001,Penang,Residential,Rural_Coastal,Freehold,5701,3993,23,Fair,1273000,191000,8000,1472000
CASE-2026-TR-03002,Johor,Residential,Rural_Coastal,Leasehold_99,3983,3061,6,Excellent,1122000,168300,8000,1298300
CASE-2026-TR-03003,Terengganu,Agricultural,Urban,Freehold,27712,0,39,Poor,1063000,159400,2000,1224400
CASE-2026-TR-03004,Selangor,Agricultural,Suburban,Freehold,38041,0,30,Fair,1986000,297900,2000,2285900
CASE-2026-TR-03005,Melaka,Residential,Suburban,Leasehold_99,3774,2968,4,Fair,938000,140700,8000,1086700
CASE-2026-TR-03006,Johor,Residential,Suburban,Leasehold_99,6478,4094,15,Good,1594000,239100,8000,1841100
CASE-2026-TR-03007,Melaka,Agricultural,Rural_Coastal,Freehold,28771,0,8,Poor,988000,148200,2000,1138200
CASE-2026-TR-03008,Selangor,Agricultural,Suburban,Freehold,43843,659,5,Good,2536000,380400,8000,2924400
CASE-2026-TR-03009,Pahang,Agricultural,Suburban,Malay_Reserve,50031,0,34,Good,1519000,227800,2000,1748800
CASE-2026-TR-03010,Selangor,Commercial,Urban,Freehold,6188,8160,20,Good,3466000,519900,8000,3993900
CASE-2026-TR-03011,Sabah,Agricultural,Suburban,Leasehold_99,63409,0,7,Fair,2083000,312400,2000,2397400
CASE-2026-TR-03012,Sarawak,Commercial,Urban,Freehold,5175,6567,6,Excellent,2694000,404100,8000,3106100
CASE-2026-TR-03013,Selangor,Commercial,Urban,Freehold,11997,11449,10,Excellent,6574000,986100,8000,7568100
CASE-2026-TR-03014,Pahang,Industrial,Urban,Leasehold_99,28538,12166,11,Good,6038000,905700,8000,6951700
CASE-2026-TR-03015,Selangor,Commercial,Urban,Freehold,6094,8024,8,Good,3827000,574000,8000,4409000
CASE-2026-TR-03016,Penang,Agricultural,Urban,Leasehold_99,37458,0,10,Good,2126000,318900,2000,2446900
CASE-2026-TR-03017,Perak,Agricultural,Rural_Coastal,Leasehold_99,46325,1143,28,Good,1268000,190200,8000,1466200
CASE-2026-TR-03018,Terengganu,Agricultural,Rural_Coastal,Freehold,32243,609,21,Good,955000,143200,8000,1106200
CASE-2026-TR-03019,Sarawak,Commercial,Urban,Leasehold_99,3355,4194,24,Excellent,1452000,217800,8000,1677800
CASE-2026-TR-03020,Perak,Residential,Suburban,Leasehold_99,5685,4318,17,Excellent,1311000,196600,8000,1515600
CASE-2026-TR-03021,Selangor,Residential,Suburban,Leasehold_99,6463,4964,15,Good,1940000,291000,8000,2239000
CASE-2026-TR-03022,Penang,Residential,Suburban,Malay_Reserve,5152,3911,18,Fair,1235000,185200,8000,1428200
CASE-2026-TR-03023,Penang,Residential,Urban,Freehold,4881,3363,4,Good,1469000,220400,8000,1697400
CASE-2026-TR-03024,Melaka,Residential,Rural_Coastal,Leasehold_99,2325,1986,3,Fair,580000,87000,8000,675000
CASE-2026-TR-03025,Johor,Residential,Rural_Coastal,Leasehold_99,5736,3480,22,Good,1149000,172400,8000,1329400
CASE-2026-TR-03026,Perak,Agricultural,Rural_Coastal,Freehold,32965,1483,30,Fair,1060000,159000,8000,1227000
CASE-2026-TR-03027,Perak,Residential,Suburban,Leasehold_99,3726,2635,12,Excellent,879000,131800,8000,1018800
CASE-2026-TR-03028,Pahang,Commercial,Urban,Freehold,10016,8038,26,Poor,3168000,475200,8000,3651200
CASE-2026-TR-03029,Penang,Residential,Rural_Coastal,Leasehold_99,3502,2859,11,Good,894000,134100,8000,1036100
CASE-2026-TR-03030,Sarawak,Agricultural,Urban,Leasehold_99,62002,0,35,Good,2392000,358800,2000,2752800
CASE-2026-TR-03031,Pahang,Residential,Suburban,Leasehold_99,4462,2947,27,Good,861000,129200,8000,998200
CASE-2026-TR-03032,Penang,Residential,Suburban,Freehold,1367,1127,15,Good,379000,56800,8000,443800
CASE-2026-TR-03033,Selangor,Commercial,Suburban,Malay_Reserve,2763,3248,1,Excellent,1488000,223200,8000,1719200
CASE-2026-TR-03034,Selangor,Residential,Suburban,Freehold,3037,2005,13,Good,860000,129000,8000,997000
CASE-2026-TR-03035,Selangor,Residential,Rural_Coastal,Leasehold_99,4569,3506,12,Good,1212000,181800,8000,1401800
CASE-2026-TR-03036,Sarawak,Residential,Rural_Coastal,Leasehold_99,4928,2782,17,Good,942000,141300,8000,1091300
CASE-2026-TR-03037,Selangor,Residential,Urban,Freehold,2889,2493,34,Excellent,980000,147000,8000,1135000
CASE-2026-TR-03038,Perak,Residential,Suburban,Freehold,4886,4066,4,Excellent,1406000,210900,8000,1624900
CASE-2026-TR-03039,Penang,Residential,Urban,Leasehold_99,7218,5867,2,Good,2617000,392600,8000,3017600
CASE-2026-TR-03040,Penang,Commercial,Suburban,Freehold,8508,7952,13,Excellent,4143000,621400,8000,4772400
CASE-2026-TR-03041,Selangor,Residential,Urban,Leasehold_99,3283,2884,10,Excellent,1178000,176700,8000,1362700
CASE-2026-TR-03042,Selangor,Residential,Suburban,Leasehold_99,1307,937,5,Poor,377000,56600,8000,441600
CASE-2026-TR-03043,Melaka,Agricultural,Suburban,Leasehold_99,37070,0,39,Excellent,1327000,199000,2000,1528000
CASE-2026-TR-03044,Selangor,Residential,Suburban,Leasehold_99,6577,6154,10,Fair,2025000,303800,8000,2336800
CASE-2026-TR-03045,Selangor,Agricultural,Suburban,Leasehold_99,25086,638,7,Good,1407000,211000,8000,1626000
CASE-2026-TR-03046,Penang,Industrial,Suburban,Leasehold_99,12459,8827,27,Excellent,3785000,567800,8000,4360800
CASE-2026-TR-03047,Selangor,Commercial,Rural_Coastal,Freehold,5705,7247,21,Good,2779000,416800,8000,3203800
CASE-2026-TR-03048,Penang,Commercial,Urban,Leasehold_99,2773,2397,25,Good,1355000,203200,8000,1566200
CASE-2026-TR-03049,Johor,Commercial,Rural_Coastal,Freehold,3286,4296,27,Good,1272000,190800,8000,1470800
CASE-2026-TR-03050,Melaka,Residential,Suburban,Freehold,3690,2965,11,Fair,932000,139800,8000,1079800
CASE-2026-TR-03051,Penang,Residential,Suburban,Freehold,6948,4779,26,Fair,1911000,286600,8000,2205600
CASE-2026-TR-03052,Selangor,Industrial,Urban,Malay_Reserve,34940,17442,16,Good,10628000,1594200,8000,12230200
CASE-2026-TR-03053,Johor,Industrial,Urban,Malay_Reserve,27978,12632,20,Poor,6045000,906800,8000,6959800
CASE-2026-TR-03054,Penang,Residential,Suburban,Leasehold_99,6050,5081,34,Good,1581000,237200,8000,1826200
CASE-2026-TR-03055,Penang,Agricultural,Urban,Malay_Reserve,53813,0,39,Good,2456000,368400,2000,2826400
CASE-2026-TR-03056,Penang,Commercial,Suburban,Freehold,4370,5624,10,Good,2341000,351200,8000,2700200
CASE-2026-TR-03057,Penang,Residential,Suburban,Leasehold_99,6813,6212,19,Good,1865000,279800,8000,2152800
CASE-2026-TR-03058,Selangor,Commercial,Suburban,Leasehold_99,6177,6883,25,Good,2763000,414400,8000,3185400
CASE-2026-TR-03059,Pahang,Residential,Rural_Coastal,Leasehold_99,4919,4210,15,Good,1074000,161100,8000,1243100
CASE-2026-TR-03060,Penang,Residential,Rural_Coastal,Leasehold_99,4227,2685,9,Good,1061000,159200,8000,1228200
CASE-2026-TR-03061,Penang,Agricultural,Urban,Leasehold_99,43766,0,0,Excellent,2298000,344700,2000,2644700
CASE-2026-TR-03062,Melaka,Residential,Urban,Freehold,5902,4201,31,Poor,1243000,186400,8000,1437400
CASE-2026-TR-03063,Terengganu,Commercial,Rural_Coastal,Leasehold_99,5868,5246,22,Excellent,1724000,258600,8000,1990600
CASE-2026-TR-03064,Sabah,Residential,Rural_Coastal,Leasehold_99,7339,6139,9,Fair,1592000,238800,8000,1838800
CASE-2026-TR-03065,Perak,Agricultural,Rural_Coastal,Malay_Reserve,28256,905,37,Good,709000,106400,8000,823400
CASE-2026-TR-03066,Selangor,Agricultural,Suburban,Leasehold_99,64370,1103,3,Good,3505000,525800,8000,4038800
CASE-2026-TR-03067,Penang,Industrial,Rural_Coastal,Freehold,8221,5118,2,Good,2309000,346400,8000,2663400
CASE-2026-TR-03068,Johor,Commercial,Urban,Freehold,1817,2347,3,Good,1094000,164100,8000,1266100
CASE-2026-TR-03069,Penang,Agricultural,Urban,Leasehold_99,54555,0,20,Poor,2699000,404800,2000,3105800
CASE-2026-TR-03070,Selangor,Residential,Urban,Freehold,1920,1777,29,Fair,590000,88500,8000,686500
CASE-2026-TR-03071,Selangor,Agricultural,Rural_Coastal,Freehold,43188,1209,12,Excellent,2216000,332400,8000,2556400
CASE-2026-TR-03072,Perak,Industrial,Suburban,Freehold,34908,24485,21,Good,8526000,1278900,8000,9812900
CASE-2026-TR-03073,Selangor,Residential,Rural_Coastal,Freehold,6841,5443,24,Excellent,1836000,275400,8000,2119400
CASE-2026-TR-03074,Johor,Agricultural,Urban,Leasehold_99,25261,0,34,Poor,1188000,178200,2000,1368200
CASE-2026-TR-03075,Selangor,Agricultural,Suburban,Leasehold_99,20602,0,17,Excellent,1020000,153000,2000,1175000
CASE-2026-TR-03076,Selangor,Residential,Rural_Coastal,Leasehold_99,6798,3946,8,Good,1737000,260600,8000,2005600
CASE-2026-TR-03077,Johor,Agricultural,Urban,Leasehold_99,29923,0,7,Fair,1361000,204200,2000,1567200
CASE-2026-TR-03078,Sarawak,Commercial,Suburban,Freehold,9229,6951,12,Excellent,3541000,531200,8000,4080200
CASE-2026-TR-03079,Penang,Commercial,Suburban,Freehold,3658,2738,12,Fair,1611000,241600,8000,1860600
CASE-2026-TR-03080,Selangor,Residential,Suburban,Malay_Reserve,4308,4010,23,Good,1206000,180900,8000,1394900
CASE-2026-TR-03081,Selangor,Residential,Urban,Leasehold_99,4900,3019,29,Good,1379000,206800,8000,1593800
CASE-2026-TR-03082,Penang,Agricultural,Urban,Freehold,42493,1482,20,Poor,2350000,352500,8000,2710500
CASE-2026-TR-03083,Selangor,Commercial,Urban,Leasehold_99,7713,6820,22,Good,3628000,544200,8000,4180200
CASE-2026-TR-03084,Johor,Residential,Urban,Freehold,6711,4261,19,Poor,1586000,237900,8000,1831900
CASE-2026-TR-03085,Penang,Agricultural,Urban,Leasehold_99,50569,0,14,Poor,2851000,427600,2000,3280600
CASE-2026-TR-03086,Penang,Residential,Urban,Freehold,2411,1919,28,Fair,707000,106000,8000,821000
CASE-2026-TR-03087,Pahang,Agricultural,Suburban,Freehold,31149,0,0,Good,1069000,160400,2000,1231400
CASE-2026-TR-03088,Johor,Agricultural,Suburban,Leasehold_99,26660,0,24,Good,1154000,173100,2000,1329100
CASE-2026-TR-03089,Selangor,Residential,Rural_Coastal,Freehold,3260,2137,30,Excellent,764000,114600,8000,886600
CASE-2026-TR-03090,Selangor,Residential,Urban,Leasehold_99,1409,1316,28,Good,422000,63300,8000,493300
CASE-2026-TR-03091,Johor,Residential,Rural_Coastal,Leasehold_99,3150,2877,25,Fair,670000,100500,8000,778500
CASE-2026-TR-03092,Penang,Residential,Suburban,Malay_Reserve,2291,1468,2,Good,599000,89800,8000,696800
CASE-2026-TR-03093,Pahang,Agricultural,Suburban,Freehold,55487,0,25,Good,1927000,289000,2000,2218000
CASE-2026-TR-03094,Sarawak,Agricultural,Suburban,Freehold,25892,0,33,Poor,914000,137100,2000,1053100
CASE-2026-TR-03095,Melaka,Residential,Suburban,Freehold,6944,6555,17,Excellent,1939000,290800,8000,2237800
CASE-2026-TR-03096,Selangor,Residential,Rural_Coastal,Leasehold_99,3527,2472,17,Good,894000,134100,8000,1036100
CASE-2026-TR-03097,Penang,Commercial,Suburban,Freehold,10967,12586,17,Good,5704000,855600,8000,6567600
CASE-2026-TR-03098,Melaka,Industrial,Suburban,Freehold,33347,18223,22,Good,8190000,1228500,8000,9426500
CASE-2026-TR-03099,Johor,Commercial,Suburban,Leasehold_99,6801,4917,25,Excellent,2377000,356600,8000,2741600
CASE-2026-TR-03100,Selangor,Industrial,Suburban,Freehold,34534,15531,20,Fair,9712000,1456800,8000,11176800
CASE-2026-TR-03101,Sabah,Residential,Urban,Leasehold_99,5071,3571,25,Fair,1058000,158700,8000,1224700
CASE-2026-TR-03102,Sabah,Residential,Suburban,Malay_Reserve,6657,4066,28,Good,1241000,186200,8000,1435200
CASE-2026-TR-03103,Sarawak,Industrial,Urban,Freehold,21726,13914,13,Fair,6104000,915600,8000,7027600
CASE-2026-TR-03104,Penang,Industrial,Suburban,Leasehold_99,34597,17439,17,Good,9434000,1415100,8000,10857100
CASE-2026-TR-03105,Perak,Industrial,Suburban,Freehold,32682,18685,26,Excellent,7457000,1118600,8000,8583600
CASE-2026-TR-03106,Penang,Residential,Urban,Malay_Reserve,4125,3653,26,Good,1058000,158700,8000,1224700
CASE-2026-TR-03107,Penang,Residential,Suburban,Freehold,1947,1811,5,Excellent,687000,103000,8000,798000
CASE-2026-TR-03108,Johor,Commercial,Urban,Freehold,10712,11943,27,Good,4412000,661800,8000,5081800
CASE-2026-TR-03109,Perak,Commercial,Suburban,Malay_Reserve,6266,5260,23,Poor,1531000,229600,8000,1768600
CASE-2026-TR-03110,Selangor,Residential,Rural_Coastal,Freehold,3012,2334,22,Excellent,812000,121800,8000,941800
CASE-2026-TR-03111,Johor,Residential,Rural_Coastal,Leasehold_99,4376,3320,6,Good,1065000,159800,8000,1232800
CASE-2026-TR-03112,Selangor,Residential,Suburban,Freehold,5281,4523,4,Good,1867000,280000,8000,2155000
CASE-2026-TR-03113,Sarawak,Agricultural,Urban,Freehold,60628,0,14,Good,2570000,385500,2000,2957500
CASE-2026-TR-03114,Perak,Commercial,Rural_Coastal,Freehold,11878,9700,4,Good,3798000,569700,8000,4375700
CASE-2026-TR-03115,Selangor,Residential,Rural_Coastal,Leasehold_99,3306,2212,2,Good,922000,138300,8000,1068300
CASE-2026-TR-03116,Pahang,Commercial,Suburban,Freehold,3173,2814,24,Good,949000,142400,8000,1099400
CASE-2026-TR-03117,Penang,Agricultural,Urban,Leasehold_99,55703,1328,16,Good,3308000,496200,8000,3812200
CASE-2026-TR-03118,Terengganu,Residential,Suburban,Leasehold_99,3616,2183,12,Good,715000,107200,8000,830200
CASE-2026-TR-03119,Perak,Residential,Suburban,Freehold,4381,3888,6,Good,1134000,170100,8000,1312100
CASE-2026-TR-03120,Perak,Industrial,Suburban,Freehold,32647,22756,17,Excellent,7911000,1186600,8000,9105600
CASE-2026-TR-03121,Pahang,Commercial,Suburban,Freehold,8829,6244,1,Fair,2836000,425400,8000,3269400
CASE-2026-TR-03122,Johor,Commercial,Suburban,Freehold,3672,4915,5,Excellent,2258000,338700,8000,2604700
CASE-2026-TR-03123,Melaka,Residential,Urban,Malay_Reserve,3450,2764,31,Good,823000,123400,8000,954400
CASE-2026-TR-03124,Pahang,Commercial,Urban,Malay_Reserve,2260,2688,27,Good,781000,117200,8000,906200
CASE-2026-TR-03125,Johor,Residential,Urban,Leasehold_99,3088,2431,25,Good,743000,111400,8000,862400
CASE-2026-TR-03126,Penang,Commercial,Urban,Freehold,3280,3366,14,Good,1771000,265600,8000,2044600
CASE-2026-TR-03127,Johor,Commercial,Rural_Coastal,Malay_Reserve,3985,2804,25,Good,1097000,164600,8000,1269600
CASE-2026-TR-03128,Perak,Agricultural,Urban,Freehold,42108,1441,14,Good,1641000,246200,8000,1895200
CASE-2026-TR-03129,Melaka,Residential,Suburban,Freehold,6067,4506,13,Good,1497000,224600,8000,1729600
CASE-2026-TR-03130,Sarawak,Residential,Urban,Freehold,3052,1971,32,Fair,613000,92000,8000,713000
CASE-2026-TR-03131,Johor,Residential,Urban,Freehold,2484,1891,9,Fair,727000,109000,8000,844000
CASE-2026-TR-03132,Perak,Residential,Urban,Freehold,2709,2008,25,Good,570000,85500,8000,663500
CASE-2026-TR-03133,Johor,Residential,Urban,Freehold,6343,3650,9,Excellent,1819000,272800,8000,2099800
CASE-2026-TR-03134,Selangor,Commercial,Suburban,Malay_Reserve,9956,12760,15,Good,4711000,706600,8000,5425600
CASE-2026-TR-03135,Sabah,Residential,Urban,Leasehold_99,5793,4078,7,Excellent,1588000,238200,8000,1834200
CASE-2026-TR-03136,Selangor,Commercial,Urban,Leasehold_99,9698,7461,14,Poor,4189000,628400,8000,4825400
CASE-2026-TR-03137,Melaka,Agricultural,Suburban,Freehold,36990,0,32,Fair,1373000,206000,2000,1581000
CASE-2026-TR-03138,Sarawak,Agricultural,Rural_Coastal,Freehold,42287,0,2,Good,1280000,192000,2000,1474000
CASE-2026-TR-03139,Perak,Agricultural,Suburban,Leasehold_99,62972,0,36,Good,1726000,258900,2000,1986900
CASE-2026-TR-03140,Terengganu,Residential,Suburban,Freehold,2984,2566,4,Excellent,868000,130200,8000,1006200
CASE-2026-TR-03141,Penang,Residential,Rural_Coastal,Freehold,1846,1420,6,Excellent,578000,86700,8000,672700
CASE-2026-TR-03142,Pahang,Industrial,Urban,Leasehold_99,11001,5759,3,Poor,2485000,372800,8000,2865800
CASE-2026-TR-03143,Penang,Commercial,Suburban,Freehold,9379,9474,8,Good,4779000,716800,8000,5503800
CASE-2026-TR-03144,Selangor,Residential,Urban,Malay_Reserve,6476,4457,8,Good,2112000,316800,8000,2436800
CASE-2026-TR-03145,Sarawak,Residential,Rural_Coastal,Leasehold_99,4345,3506,34,Fair,722000,108300,8000,838300
CASE-2026-TR-03146,Johor,Residential,Rural_Coastal,Freehold,2439,2222,10,Good,677000,101600,8000,786600
CASE-2026-TR-03147,Penang,Commercial,Rural_Coastal,Freehold,3769,5197,17,Good,1996000,299400,8000,2303400
CASE-2026-TR-03148,Perak,Commercial,Suburban,Malay_Reserve,8539,8438,19,Fair,2569000,385400,8000,2962400
CASE-2026-TR-03149,Perak,Residential,Rural_Coastal,Leasehold_99,7134,4018,29,Fair,1132000,169800,8000,1309800
CASE-2026-TR-03150,Pahang,Residential,Rural_Coastal,Freehold,4027,3287,15,Fair,803000,120400,8000,931400
CASE-2026-TR-03151,Melaka,Residential,Urban,Freehold,4339,2403,5,Good,1152000,172800,8000,1332800
CASE-2026-TR-03152,Sarawak,Residential,Suburban,Leasehold_99,5933,5475,9,Good,1708000,256200,8000,1972200
CASE-2026-TR-03153,Perak,Agricultural,Suburban,Leasehold_99,36283,0,8,Excellent,1180000,177000,2000,1359000
CASE-2026-TR-03154,Selangor,Residential,Suburban,Freehold,4804,2753,9,Fair,1169000,175400,8000,1352400
CASE-2026-TR-03155,Terengganu,Residential,Urban,Leasehold_99,6563,4911,6,Excellent,1586000,237900,8000,1831900
CASE-2026-TR-03156,Penang,Residential,Rural_Coastal,Freehold,3522,2889,15,Fair,882000,132300,8000,1022300
CASE-2026-TR-03157,Melaka,Residential,Urban,Freehold,1855,1048,8,Good,456000,68400,8000,532400
CASE-2026-TR-03158,Selangor,Residential,Rural_Coastal,Freehold,7378,6005,27,Poor,1731000,259600,8000,1998600
CASE-2026-TR-03159,Selangor,Agricultural,Suburban,Freehold,25387,1100,8,Excellent,1417000,212600,8000,1637600
CASE-2026-TR-03160,Sabah,Residential,Suburban,Malay_Reserve,2789,2166,28,Good,537000,80600,8000,625600
CASE-2026-TR-03161,Penang,Residential,Rural_Coastal,Freehold,4872,2863,20,Fair,1166000,174900,8000,1348900
CASE-2026-TR-03162,Penang,Commercial,Urban,Freehold,7894,9944,11,Good,4417000,662600,8000,5087600
CASE-2026-TR-03163,Penang,Residential,Suburban,Freehold,2216,1598,30,Good,516000,77400,8000,601400
CASE-2026-TR-03164,Perak,Residential,Urban,Freehold,6141,5456,24,Fair,1332000,199800,8000,1539800
CASE-2026-TR-03165,Terengganu,Residential,Rural_Coastal,Leasehold_99,4100,2403,22,Good,665000,99800,8000,772800
CASE-2026-TR-03166,Sabah,Commercial,Urban,Leasehold_99,2247,1908,2,Excellent,920000,138000,8000,1066000
CASE-2026-TR-03167,Johor,Residential,Suburban,Freehold,3108,1996,26,Good,719000,107800,8000,834800
CASE-2026-TR-03168,Selangor,Residential,Urban,Leasehold_99,5854,4164,31,Good,1613000,242000,8000,1863000
CASE-2026-TR-03169,Sarawak,Commercial,Urban,Freehold,8954,10641,11,Fair,3763000,564400,8000,4335400
CASE-2026-TR-03170,Sarawak,Residential,Suburban,Freehold,1695,1167,15,Excellent,435000,65200,8000,508200
CASE-2026-TR-03171,Sarawak,Agricultural,Urban,Freehold,26997,460,10,Excellent,1200000,180000,8000,1388000
CASE-2026-TR-03172,Pahang,Residential,Suburban,Freehold,3165,1849,9,Excellent,726000,108900,8000,842900
CASE-2026-TR-03173,Pahang,Residential,Urban,Malay_Reserve,4881,3284,17,Fair,1011000,151600,8000,1170600
CASE-2026-TR-03174,Pahang,Commercial,Urban,Freehold,2632,2673,7,Good,1193000,179000,8000,1380000
CASE-2026-TR-03175,Johor,Industrial,Suburban,Freehold,28114,15506,12,Fair,6972000,1045800,8000,8025800
CASE-2026-TR-03176,Johor,Agricultural,Urban,Leasehold_99,56179,1270,0,Fair,2740000,411000,8000,3159000
CASE-2026-TR-03177,Selangor,Commercial,Urban,Malay_Reserve,9643,12606,27,Fair,4742000,711300,8000,5461300
CASE-2026-TR-03178,Selangor,Agricultural,Rural_Coastal,Freehold,56154,0,26,Good,2525000,378800,2000,2905800
CASE-2026-TR-03179,Sabah,Residential,Suburban,Malay_Reserve,1593,1113,12,Good,343000,51400,8000,402400
CASE-2026-TR-03180,Selangor,Residential,Urban,Leasehold_99,2999,2706,10,Good,1058000,158700,8000,1224700
CASE-2026-TR-03181,Melaka,Residential,Rural_Coastal,Freehold,1366,1090,17,Excellent,359000,53800,8000,420800
CASE-2026-TR-03182,Pahang,Industrial,Suburban,Freehold,31057,20388,18,Good,7421000,1113200,8000,8542200
CASE-2026-TR-03183,Perak,Residential,Rural_Coastal,Leasehold_99,5109,4486,8,Good,1273000,191000,8000,1472000
CASE-2026-TR-03184,Terengganu,Residential,Urban,Leasehold_99,1606,1269,10,Fair,373000,56000,8000,437000
CASE-2026-TR-03185,Penang,Industrial,Rural_Coastal,Leasehold_99,7148,3701,2,Excellent,2008000,301200,8000,2317200
CASE-2026-TR-03186,Selangor,Agricultural,Suburban,Leasehold_99,25716,0,20,Good,1429000,214400,2000,1645400
CASE-2026-TR-03187,Melaka,Residential,Urban,Malay_Reserve,5547,3629,7,Poor,1114000,167100,8000,1289100
CASE-2026-TR-03188,Selangor,Agricultural,Urban,Freehold,61265,0,27,Good,3723000,558400,2000,4283400
CASE-2026-TR-03189,Sarawak,Residential,Urban,Freehold,1372,879,14,Excellent,358000,53700,8000,419700
CASE-2026-TR-03190,Perak,Residential,Suburban,Freehold,1656,1201,6,Excellent,440000,66000,8000,514000
CASE-2026-TR-03191,Selangor,Commercial,Rural_Coastal,Leasehold_99,5777,4073,9,Fair,2155000,323200,8000,2486200
CASE-2026-TR-03192,Penang,Residential,Rural_Coastal,Freehold,3885,2959,14,Good,1024000,153600,8000,1185600
CASE-2026-TR-03193,Melaka,Residential,Suburban,Freehold,2455,1850,25,Fair,518000,77700,8000,603700
CASE-2026-TR-03194,Perak,Residential,Suburban,Freehold,5274,4511,9,Good,1302000,195300,8000,1505300
CASE-2026-TR-03195,Penang,Residential,Rural_Coastal,Leasehold_99,3335,2874,22,Good,828000,124200,8000,960200
CASE-2026-TR-03196,Penang,Residential,Suburban,Leasehold_99,6436,3699,21,Good,1548000,232200,8000,1788200
CASE-2026-TR-03197,Sarawak,Commercial,Rural_Coastal,Freehold,6574,7665,15,Good,2412000,361800,8000,2781800
CASE-2026-TR-03198,Johor,Agricultural,Urban,Freehold,20269,1380,28,Excellent,1087000,163000,8000,1258000
CASE-2026-TR-03199,Pahang,Industrial,Urban,Malay_Reserve,8683,6212,19,Excellent,2108000,316200,8000,2432200
CASE-2026-TR-03200,Selangor,Residential,Rural_Coastal,Freehold,7139,4774,19,Excellent,1755000,263200,8000,2026200
CASE-2026-TR-03201,Johor,Residential,Suburban,Freehold,1672,1525,28,Fair,387000,58000,8000,453000
CASE-2026-TR-03202,Selangor,Residential,Rural_Coastal,Leasehold_99,2055,1527,5,Good,546000,81900,8000,635900
CASE-2026-TR-03203,Sabah,Residential,Urban,Freehold,3371,2564,3,Good,908000,136200,8000,1052200
CASE-2026-TR-03204,Johor,Industrial,Urban,Freehold,25007,16861,2,Good,7732000,1159800,8000,8899800
CASE-2026-TR-03205,Selangor,Commercial,Urban,Malay_Reserve,7584,5538,20,Good,3536000,530400,8000,4074400
CASE-2026-TR-03206,Melaka,Residential,Urban,Leasehold_99,3212,1795,10,Excellent,832000,124800,8000,964800
CASE-2026-TR-03207,Penang,Residential,Rural_Coastal,Freehold,6482,4917,21,Good,1674000,251100,8000,1933100
CASE-2026-TR-03208,Melaka,Residential,Rural_Coastal,Freehold,3141,2849,1,Good,875000,131200,8000,1014200
CASE-2026-TR-03209,Penang,Agricultural,Suburban,Freehold,19355,0,11,Good,918000,137700,2000,1057700
CASE-2026-TR-03210,Perak,Residential,Urban,Freehold,7486,6059,23,Excellent,1954000,293100,8000,2255100
CASE-2026-TR-03211,Selangor,Residential,Urban,Malay_Reserve,3898,2849,29,Fair,1062000,159300,8000,1229300
CASE-2026-TR-03212,Selangor,Residential,Suburban,Freehold,6641,4974,28,Fair,1695000,254200,8000,1957200
CASE-2026-TR-03213,Johor,Agricultural,Rural_Coastal,Leasehold_99,36980,974,6,Good,1452000,217800,8000,1677800
CASE-2026-TR-03214,Sarawak,Residential,Urban,Leasehold_99,7090,5619,2,Excellent,2160000,324000,8000,2492000
CASE-2026-TR-03215,Selangor,Residential,Suburban,Malay_Reserve,7109,3952,33,Excellent,1616000,242400,8000,1866400
CASE-2026-TR-03216,Perak,Residential,Rural_Coastal,Freehold,4958,3411,4,Excellent,1151000,172600,8000,1331600
CASE-2026-TR-03217,Sabah,Residential,Suburban,Freehold,2138,1982,20,Good,522000,78300,8000,608300
CASE-2026-TR-03218,Johor,Commercial,Urban,Leasehold_99,2447,3295,23,Good,1104000,165600,8000,1277600
CASE-2026-TR-03219,Selangor,Residential,Suburban,Freehold,4924,2857,32,Good,1120000,168000,8000,1296000
CASE-2026-TR-03220,Sarawak,Residential,Urban,Freehold,3935,2894,6,Good,1164000,174600,8000,1346600
CASE-2026-TR-03221,Johor,Commercial,Urban,Freehold,4518,4337,2,Poor,1982000,297300,8000,2287300
CASE-2026-TR-03222,Johor,Agricultural,Suburban,Freehold,48595,0,32,Good,2150000,322500,2000,2474500
CASE-2026-TR-03223,Selangor,Residential,Urban,Leasehold_99,2315,1663,12,Fair,677000,101600,8000,786600
CASE-2026-TR-03224,Selangor,Commercial,Rural_Coastal,Leasehold_99,10881,7617,1,Good,4718000,707700,8000,5433700
CASE-2026-TR-03225,Penang,Agricultural,Suburban,Freehold,44712,996,28,Fair,2392000,358800,8000,2758800
CASE-2026-TR-03226,Selangor,Residential,Rural_Coastal,Freehold,3777,2244,27,Good,847000,127000,8000,982000
CASE-2026-TR-03227,Penang,Agricultural,Suburban,Freehold,40586,0,29,Good,2134000,320100,2000,2456100
CASE-2026-TR-03228,Johor,Residential,Urban,Leasehold_99,7343,4391,9,Excellent,2116000,317400,8000,2441400
CASE-2026-TR-03229,Pahang,Commercial,Urban,Freehold,9743,7771,27,Good,3340000,501000,8000,3849000
CASE-2026-TR-03230,Terengganu,Residential,Urban,Malay_Reserve,5686,4610,22,Fair,1128000,169200,8000,1305200
CASE-2026-TR-03231,Terengganu,Residential,Suburban,Leasehold_99,6131,5770,9,Excellent,1707000,256000,8000,1971000
CASE-2026-TR-03232,Johor,Commercial,Rural_Coastal,Freehold,5271,6101,6,Excellent,2531000,379600,8000,2918600
CASE-2026-TR-03233,Penang,Agricultural,Suburban,Freehold,24701,0,20,Excellent,1312000,196800,2000,1510800
CASE-2026-TR-03234,Johor,Residential,Urban,Freehold,2033,1598,2,Fair,595000,89200,8000,692200
CASE-2026-TR-03235,Johor,Agricultural,Rural_Coastal,Freehold,51283,668,20,Good,2068000,310200,8000,2386200
CASE-2026-TR-03236,Perak,Agricultural,Urban,Freehold,22611,980,12,Good,890000,133500,8000,1031500
CASE-2026-TR-03237,Perak,Commercial,Suburban,Malay_Reserve,11775,14209,18,Good,4366000,654900,8000,5028900
CASE-2026-TR-03238,Selangor,Commercial,Suburban,Freehold,5950,7557,22,Excellent,3289000,493400,8000,3790400
CASE-2026-TR-03239,Penang,Residential,Urban,Leasehold_99,3780,2921,31,Fair,919000,137800,8000,1064800
CASE-2026-TR-03240,Terengganu,Residential,Suburban,Freehold,7316,5562,23,Excellent,1645000,246800,8000,1899800
CASE-2026-TR-03241,Selangor,Agricultural,Suburban,Freehold,15571,0,27,Good,817000,122600,2000,941600
CASE-2026-TR-03242,Melaka,Industrial,Suburban,Leasehold_99,9126,4668,19,Excellent,2124000,318600,8000,2450600
CASE-2026-TR-03243,Johor,Agricultural,Suburban,Freehold,21938,805,17,Good,1056000,158400,8000,1222400
CASE-2026-TR-03244,Pahang,Residential,Suburban,Freehold,6900,5584,20,Good,1422000,213300,8000,1643300
CASE-2026-TR-03245,Sarawak,Agricultural,Suburban,Freehold,60240,0,21,Excellent,2191000,328600,2000,2521600
CASE-2026-TR-03246,Melaka,Residential,Urban,Freehold,4963,4169,15,Fair,1254000,188100,8000,1450100
CASE-2026-TR-03247,Johor,Agricultural,Suburban,Freehold,50483,0,22,Good,2249000,337400,2000,2588400
CASE-2026-TR-03248,Penang,Residential,Rural_Coastal,Freehold,6815,5511,20,Good,1693000,254000,8000,1955000
CASE-2026-TR-03249,Johor,Residential,Urban,Freehold,7094,5514,33,Excellent,2011000,301600,8000,2320600
CASE-2026-TR-03250,Sarawak,Residential,Urban,Leasehold_99,6406,4733,31,Good,1448000,217200,8000,1673200
CASE-2026-TR-03251,Sarawak,Residential,Urban,Malay_Reserve,3637,2011,23,Excellent,792000,118800,8000,918800
CASE-2026-TR-03252,Perak,Industrial,Urban,Leasehold_99,23433,17341,29,Good,5234000,785100,8000,6027100
CASE-2026-TR-03253,Johor,Residential,Rural_Coastal,Freehold,4201,3069,1,Good,1099000,164800,8000,1271800
CASE-2026-TR-03254,Sarawak,Residential,Suburban,Freehold,5541,4284,6,Fair,1399000,209800,8000,1616800
CASE-2026-TR-03255,Selangor,Residential,Suburban,Freehold,6340,3505,23,Excellent,1959000,293800,8000,2260800
CASE-2026-TR-03256,Selangor,Commercial,Suburban,Freehold,10383,9882,12,Good,5170000,775500,8000,5953500
CASE-2026-TR-03257,Johor,Residential,Urban,Leasehold_99,6486,5836,26,Good,1810000,271500,8000,2089500
CASE-2026-TR-03258,Terengganu,Commercial,Rural_Coastal,Freehold,11724,10169,1,Excellent,4142000,621300,8000,4771300
CASE-2026-TR-03259,Johor,Residential,Urban,Freehold,2041,1772,3,Good,651000,97600,8000,756600
CASE-2026-TR-03260,Penang,Commercial,Rural_Coastal,Leasehold_99,4981,4911,10,Fair,2079000,311800,8000,2398800
CASE-2026-TR-03261,Melaka,Residential,Urban,Freehold,1707,1344,15,Good,465000,69800,8000,542800
CASE-2026-TR-03262,Sabah,Industrial,Suburban,Malay_Reserve,29644,12879,6,Good,6127000,919000,8000,7054000
CASE-2026-TR-03263,Penang,Residential,Urban,Leasehold_99,5526,4645,19,Good,1723000,258400,8000,1989400
CASE-2026-TR-03264,Perak,Residential,Suburban,Freehold,2548,1756,18,Good,562000,84300,8000,654300
CASE-2026-TR-03265,Selangor,Residential,Urban,Freehold,4342,3032,13,Excellent,1441000,216200,8000,1665200
CASE-2026-TR-03266,Penang,Agricultural,Urban,Leasehold_99,37418,0,4,Good,1979000,296800,2000,2277800
CASE-2026-TR-03267,Penang,Residential,Urban,Freehold,2611,2117,19,Good,816000,122400,8000,946400
CASE-2026-TR-03268,Perak,Agricultural,Rural_Coastal,Freehold,15346,516,10,Good,494000,74100,8000,576100
CASE-2026-TR-03269,Selangor,Residential,Urban,Freehold,3799,3104,11,Good,1439000,215800,8000,1662800
CASE-2026-TR-03270,Selangor,Commercial,Suburban,Freehold,2479,2013,27,Good,1122000,168300,8000,1298300
CASE-2026-TR-03271,Pahang,Commercial,Urban,Freehold,3586,3323,12,Excellent,1485000,222800,8000,1715800
CASE-2026-TR-03272,Selangor,Residential,Urban,Leasehold_99,1756,1376,12,Good,580000,87000,8000,675000
CASE-2026-TR-03273,Terengganu,Commercial,Urban,Malay_Reserve,10874,11657,3,Good,4324000,648600,8000,4980600
CASE-2026-TR-03274,Melaka,Residential,Urban,Leasehold_99,1538,1035,18,Excellent,367000,55000,8000,430000
CASE-2026-TR-03275,Perak,Commercial,Urban,Freehold,9279,10312,9,Good,4038000,605700,8000,4651700
CASE-2026-TR-03276,Sarawak,Commercial,Urban,Freehold,5286,4966,27,Poor,1808000,271200,8000,2087200
CASE-2026-TR-03277,Johor,Commercial,Suburban,Malay_Reserve,1693,1308,15,Fair,576000,86400,8000,670400
CASE-2026-TR-03278,Selangor,Residential,Urban,Leasehold_99,5203,4640,13,Good,1615000,242200,8000,1865200
CASE-2026-TR-03279,Penang,Industrial,Urban,Malay_Reserve,34961,22833,23,Excellent,10422000,1563300,8000,11993300
CASE-2026-TR-03280,Selangor,Residential,Urban,Leasehold_99,4618,3148,1,Good,1506000,225900,8000,1739900
CASE-2026-TR-03281,Perak,Residential,Suburban,Malay_Reserve,7083,6687,22,Excellent,1715000,257200,8000,1980200
CASE-2026-TR-03282,Terengganu,Residential,Suburban,Leasehold_99,3353,2776,7,Fair,753000,113000,8000,874000
CASE-2026-TR-03283,Pahang,Commercial,Suburban,Leasehold_99,10643,7708,20,Good,3172000,475800,8000,3655800
CASE-2026-TR-03284,Johor,Agricultural,Urban,Freehold,41745,601,5,Fair,2190000,328500,8000,2526500
CASE-2026-TR-03285,Terengganu,Residential,Urban,Leasehold_99,5964,5410,23,Good,1454000,218100,8000,1680100
CASE-2026-TR-03286,Sabah,Commercial,Rural_Coastal,Leasehold_99,2261,2231,23,Excellent,732000,109800,8000,849800
CASE-2026-TR-03287,Penang,Residential,Urban,Freehold,4587,3170,11,Good,1320000,198000,8000,1526000
CASE-2026-TR-03288,Terengganu,Residential,Suburban,Freehold,2524,1740,10,Good,542000,81300,8000,631300
CASE-2026-TR-03289,Selangor,Industrial,Suburban,Freehold,5450,3186,23,Fair,1693000,254000,8000,1955000
CASE-2026-TR-03290,Johor,Residential,Rural_Coastal,Freehold,6498,5488,10,Good,1746000,261900,8000,2015900
CASE-2026-TR-03291,Perak,Industrial,Suburban,Malay_Reserve,34632,16544,18,Good,6904000,1035600,8000,7947600
CASE-2026-TR-03292,Selangor,Residential,Suburban,Freehold,3812,3177,30,Fair,966000,144900,8000,1118900
CASE-2026-TR-03293,Sabah,Residential,Urban,Freehold,5612,5027,29,Excellent,1310000,196500,8000,1514500
CASE-2026-TR-03294,Johor,Commercial,Suburban,Freehold,8132,6803,22,Excellent,3189000,478400,8000,3675400
CASE-2026-TR-03295,Selangor,Residential,Urban,Leasehold_99,6245,5918,33,Excellent,1813000,272000,8000,2093000
CASE-2026-TR-03296,Selangor,Commercial,Urban,Leasehold_99,7556,6527,17,Fair,3458000,518700,8000,3984700
CASE-2026-TR-03297,Penang,Commercial,Suburban,Freehold,8473,7772,10,Good,3983000,597400,8000,4588400
CASE-2026-TR-03298,Johor,Residential,Suburban,Freehold,3680,2372,26,Excellent,880000,132000,8000,1020000
CASE-2026-TR-03299,Selangor,Commercial,Urban,Leasehold_99,9026,11171,23,Poor,4218000,632700,8000,4858700
CASE-2026-TR-03300,Selangor,Commercial,Suburban,Freehold,6647,5702,22,Good,3127000,469000,8000,3604000
CASE-2026-TR-03301,Sabah,Agricultural,Rural_Coastal,Freehold,47891,0,13,Fair,1349000,202400,2000,1553400
CASE-2026-TR-03302,Selangor,Residential,Suburban,Freehold,1354,841,7,Good,411000,61600,8000,480600
CASE-2026-TR-03303,Selangor,Commercial,Suburban,Freehold,8322,10546,19,Fair,4440000,666000,8000,5114000
CASE-2026-TR-03304,Pahang,Agricultural,Suburban,Freehold,64410,0,5,Excellent,2315000,347200,2000,2664200
CASE-2026-TR-03305,Selangor,Residential,Urban,Leasehold_99,7151,6634,28,Fair,2169000,325400,8000,2502400
CASE-2026-TR-03306,Penang,Residential,Suburban,Freehold,3002,2771,10,Excellent,1072000,160800,8000,1240800
CASE-2026-TR-03307,Penang,Residential,Suburban,Freehold,2855,1598,30,Good,731000,109600,8000,848600
CASE-2026-TR-03308,Melaka,Industrial,Suburban,Leasehold_99,8382,3934,15,Good,1878000,281700,8000,2167700
CASE-2026-TR-03309,Selangor,Commercial,Urban,Leasehold_99,1551,1779,1,Good,879000,131800,8000,1018800
CASE-2026-TR-03310,Johor,Industrial,Urban,Leasehold_99,9561,5556,9,Poor,2829000,424400,8000,3261400
CASE-2026-TR-03311,Sabah,Agricultural,Rural_Coastal,Freehold,22611,0,14,Excellent,671000,100600,2000,773600
CASE-2026-TR-03312,Pahang,Agricultural,Suburban,Freehold,39792,1248,35,Good,1376000,206400,8000,1590400
CASE-2026-TR-03313,Sabah,Commercial,Suburban,Freehold,5695,6017,2,Fair,2204000,330600,8000,2542600
CASE-2026-TR-03314,Sarawak,Agricultural,Urban,Leasehold_99,63572,0,27,Good,2293000,344000,2000,2639000
CASE-2026-TR-03315,Sarawak,Residential,Urban,Malay_Reserve,4167,2879,31,Good,904000,135600,8000,1047600
CASE-2026-TR-03316,Selangor,Commercial,Urban,Freehold,3790,4262,7,Excellent,2622000,393300,8000,3023300
CASE-2026-TR-03317,Johor,Industrial,Suburban,Freehold,23310,14344,26,Excellent,5932000,889800,8000,6829800
CASE-2026-TR-03318,Sarawak,Agricultural,Urban,Freehold,50691,588,21,Good,2114000,317100,8000,2439100
CASE-2026-TR-03319,Selangor,Residential,Suburban,Freehold,5847,4571,8,Excellent,2019000,302800,8000,2329800
CASE-2026-TR-03320,Melaka,Commercial,Urban,Leasehold_99,1889,2211,7,Good,934000,140100,8000,1082100
CASE-2026-TR-03321,Johor,Agricultural,Rural_Coastal,Freehold,56067,0,8,Poor,2140000,321000,2000,2463000
CASE-2026-TR-03322,Johor,Residential,Suburban,Freehold,4148,3547,29,Excellent,980000,147000,8000,1135000
CASE-2026-TR-03323,Perak,Commercial,Urban,Leasehold_99,8132,6232,7,Fair,2834000,425100,8000,3267100
CASE-2026-TR-03324,Melaka,Residential,Urban,Leasehold_99,4059,2490,25,Good,982000,147300,8000,1137300
CASE-2026-TR-03325,Johor,Residential,Urban,Freehold,7249,5063,3,Excellent,2326000,348900,8000,2682900
CASE-2026-TR-03326,Selangor,Residential,Suburban,Malay_Reserve,7284,4073,4,Fair,1767000,265000,8000,2040000
CASE-2026-TR-03327,Selangor,Residential,Suburban,Freehold,6347,5252,28,Good,1992000,298800,8000,2298800
CASE-2026-TR-03328,Selangor,Residential,Urban,Freehold,5879,4054,21,Good,1829000,274400,8000,2111400
CASE-2026-TR-03329,Selangor,Agricultural,Suburban,Leasehold_99,30510,1238,21,Fair,1616000,242400,8000,1866400
CASE-2026-TR-03330,Selangor,Industrial,Suburban,Freehold,21780,14229,20,Good,7338000,1100700,8000,8446700
CASE-2026-TR-03331,Pahang,Residential,Rural_Coastal,Leasehold_99,3568,3258,3,Fair,828000,124200,8000,960200
CASE-2026-TR-03332,Penang,Residential,Suburban,Freehold,1629,1267,4,Good,526000,78900,8000,612900
CASE-2026-TR-03333,Sarawak,Commercial,Suburban,Freehold,9965,12060,6,Good,4169000,625400,8000,4802400
CASE-2026-TR-03334,Sabah,Industrial,Urban,Freehold,32572,15155,1,Good,7629000,1144400,8000,8781400
CASE-2026-TR-03335,Penang,Residential,Urban,Malay_Reserve,1793,1269,16,Good,500000,75000,8000,583000
CASE-2026-TR-03336,Penang,Residential,Suburban,Freehold,6607,4114,14,Excellent,1844000,276600,8000,2128600
CASE-2026-TR-03337,Selangor,Agricultural,Urban,Leasehold_99,43454,0,5,Excellent,2591000,388600,2000,2981600
CASE-2026-TR-03338,Selangor,Agricultural,Urban,Freehold,21576,0,36,Excellent,1330000,199500,2000,1531500
CASE-2026-TR-03339,Penang,Industrial,Suburban,Freehold,10063,7298,1,Good,3458000,518700,8000,3984700
CASE-2026-TR-03340,Sarawak,Residential,Urban,Freehold,4247,3626,18,Excellent,1194000,179100,8000,1381100
CASE-2026-TR-03341,Selangor,Agricultural,Suburban,Leasehold_99,55160,0,15,Fair,2883000,432400,2000,3317400
CASE-2026-TR-03342,Selangor,Residential,Urban,Freehold,3371,2028,14,Fair,1037000,155600,8000,1200600
CASE-2026-TR-03343,Selangor,Residential,Urban,Freehold,6856,4513,30,Poor,1802000,270300,8000,2080300
CASE-2026-TR-03344,Perak,Residential,Urban,Leasehold_99,3113,2918,3,Good,920000,138000,8000,1066000
CASE-2026-TR-03345,Selangor,Residential,Suburban,Leasehold_99,3279,3054,2,Poor,977000,146600,8000,1131600
CASE-2026-TR-03346,Selangor,Agricultural,Rural_Coastal,Leasehold_99,63532,0,11,Excellent,2831000,424600,2000,3257600
CASE-2026-TR-03347,Selangor,Commercial,Suburban,Freehold,1733,2033,11,Good,946000,141900,8000,1095900
CASE-2026-TR-03348,Johor,Residential,Rural_Coastal,Freehold,1507,1306,25,Excellent,360000,54000,8000,422000
CASE-2026-TR-03349,Penang,Commercial,Rural_Coastal,Malay_Reserve,9530,7673,10,Fair,3450000,517500,8000,3975500
CASE-2026-TR-03350,Johor,Agricultural,Suburban,Leasehold_99,41442,904,13,Excellent,1902000,285300,8000,2195300
CASE-2026-TR-03351,Perak,Residential,Rural_Coastal,Freehold,1703,1592,12,Excellent,457000,68600,8000,533600
CASE-2026-TR-03352,Johor,Residential,Suburban,Freehold,4891,3721,5,Good,1478000,221700,8000,1707700
CASE-2026-TR-03353,Selangor,Residential,Rural_Coastal,Freehold,7245,4310,2,Excellent,2055000,308200,8000,2371200
CASE-2026-TR-03354,Selangor,Commercial,Suburban,Malay_Reserve,4316,5398,24,Fair,1880000,282000,8000,2170000
CASE-2026-TR-03355,Melaka,Agricultural,Urban,Leasehold_99,40918,0,39,Excellent,1729000,259400,2000,1990400
CASE-2026-TR-03356,Melaka,Residential,Suburban,Leasehold_99,6515,3874,30,Good,1229000,184400,8000,1421400
CASE-2026-TR-03357,Johor,Residential,Suburban,Freehold,6598,5611,4,Good,2009000,301400,8000,2318400
CASE-2026-TR-03358,Johor,Residential,Suburban,Freehold,7331,4492,27,Fair,1639000,245800,8000,1892800
CASE-2026-TR-03359,Selangor,Residential,Urban,Freehold,6019,4079,31,Fair,1668000,250200,8000,1926200
CASE-2026-TR-03360,Pahang,Residential,Urban,Freehold,3196,2070,12,Good,770000,115500,8000,893500
CASE-2026-TR-03361,Selangor,Residential,Urban,Leasehold_99,2657,2233,6,Poor,825000,123800,8000,956800
CASE-2026-TR-03362,Penang,Agricultural,Rural_Coastal,Leasehold_99,63978,0,1,Good,2666000,399900,2000,3067900
CASE-2026-TR-03363,Selangor,Residential,Urban,Leasehold_99,3083,2312,33,Good,842000,126300,8000,976300
CASE-2026-TR-03364,Sarawak,Residential,Urban,Leasehold_99,3565,1973,16,Excellent,789000,118400,8000,915400
CASE-2026-TR-03365,Penang,Residential,Urban,Freehold,2160,1482,5,Excellent,682000,102300,8000,792300
CASE-2026-TR-03366,Selangor,Commercial,Urban,Freehold,9726,11275,23,Excellent,5466000,819900,8000,6293900
CASE-2026-TR-03367,Melaka,Residential,Urban,Freehold,6608,5694,25,Excellent,1959000,293800,8000,2260800
CASE-2026-TR-03368,Terengganu,Commercial,Urban,Leasehold_99,7750,6178,10,Fair,2520000,378000,8000,2906000
CASE-2026-TR-03369,Pahang,Agricultural,Urban,Freehold,64394,627,16,Good,2893000,434000,8000,3335000
CASE-2026-TR-03370,Selangor,Agricultural,Suburban,Leasehold_99,30941,0,38,Excellent,1687000,253000,2000,1942000
CASE-2026-TR-03371,Johor,Residential,Urban,Leasehold_99,4741,2923,16,Good,1220000,183000,8000,1411000
CASE-2026-TR-03372,Perak,Residential,Rural_Coastal,Leasehold_99,4987,4538,30,Fair,844000,126600,8000,978600
CASE-2026-TR-03373,Penang,Industrial,Rural_Coastal,Freehold,25284,10136,18,Excellent,5716000,857400,8000,6581400
CASE-2026-TR-03374,Johor,Residential,Suburban,Freehold,6652,4280,22,Good,1619000,242800,8000,1869800
CASE-2026-TR-03375,Perak,Residential,Rural_Coastal,Freehold,4118,3249,7,Poor,794000,119100,8000,921100
CASE-2026-TR-03376,Johor,Residential,Urban,Freehold,6556,4304,8,Excellent,1836000,275400,8000,2119400
CASE-2026-TR-03377,Pahang,Residential,Urban,Freehold,7084,4785,18,Fair,1431000,214600,8000,1653600
CASE-2026-TR-03378,Selangor,Residential,Urban,Leasehold_99,6866,4755,23,Excellent,2141000,321200,8000,2470200
CASE-2026-TR-03379,Penang,Residential,Suburban,Leasehold_99,3079,1791,14,Good,843000,126400,8000,977400
CASE-2026-TR-03380,Sabah,Residential,Urban,Malay_Reserve,5602,4362,15,Fair,1267000,190000,8000,1465000
CASE-2026-TR-03381,Johor,Residential,Urban,Freehold,6157,5279,22,Fair,1681000,252200,8000,1941200
CASE-2026-TR-03382,Johor,Residential,Rural_Coastal,Freehold,4005,3626,30,Fair,852000,127800,8000,987800
CASE-2026-TR-03383,Selangor,Residential,Rural_Coastal,Freehold,2088,1613,12,Excellent,626000,93900,8000,727900
CASE-2026-TR-03384,Terengganu,Residential,Urban,Freehold,5413,3139,8,Excellent,1297000,194600,8000,1499600
CASE-2026-TR-03385,Pahang,Commercial,Urban,Freehold,7181,5900,20,Good,2599000,389800,8000,2996800
CASE-2026-TR-03386,Pahang,Residential,Suburban,Leasehold_99,5043,4069,23,Excellent,1196000,179400,8000,1383400
CASE-2026-TR-03387,Selangor,Residential,Suburban,Freehold,4568,3743,32,Excellent,1281000,192200,8000,1481200
CASE-2026-TR-03388,Johor,Industrial,Rural_Coastal,Freehold,27354,11952,26,Good,5376000,806400,8000,6190400
CASE-2026-TR-03389,Melaka,Residential,Urban,Leasehold_99,1883,1472,23,Excellent,520000,78000,8000,606000
CASE-2026-TR-03390,Johor,Commercial,Suburban,Freehold,9647,11409,2,Excellent,5607000,841000,8000,6456000
CASE-2026-TR-03391,Selangor,Residential,Suburban,Freehold,5001,4442,14,Fair,1551000,232600,8000,1791600
CASE-2026-TR-03392,Penang,Agricultural,Rural_Coastal,Freehold,32266,0,27,Fair,1344000,201600,2000,1547600
CASE-2026-TR-03393,Penang,Commercial,Rural_Coastal,Freehold,3570,2559,25,Good,1177000,176600,8000,1361600
CASE-2026-TR-03394,Selangor,Residential,Urban,Leasehold_99,7030,5460,25,Good,2209000,331400,8000,2548400
CASE-2026-TR-03395,Johor,Residential,Urban,Freehold,3818,3564,6,Fair,1214000,182100,8000,1404100
CASE-2026-TR-03396,Penang,Residential,Urban,Freehold,3734,2412,24,Fair,1021000,153200,8000,1182200
CASE-2026-TR-03397,Penang,Commercial,Urban,Freehold,6349,6071,5,Excellent,3459000,518800,8000,3985800
CASE-2026-TR-03398,Pahang,Commercial,Suburban,Freehold,4549,5988,24,Fair,1626000,243900,8000,1877900
CASE-2026-TR-03399,Melaka,Residential,Rural_Coastal,Leasehold_99,3697,2467,9,Excellent,921000,138200,8000,1067200
CASE-2026-TR-03400,Johor,Residential,Urban,Malay_Reserve,6392,4712,12,Good,1785000,267800,8000,2060800
CASE-2026-TR-03401,Sabah,Residential,Suburban,Freehold,2367,2098,17,Good,615000,92200,8000,715200
CASE-2026-TR-03402,Penang,Residential,Suburban,Leasehold_99,1688,929,14,Poor,368000,55200,8000,431200
CASE-2026-TR-03403,Johor,Commercial,Urban,Freehold,4485,3448,9,Good,1904000,285600,8000,2197600
CASE-2026-TR-03404,Penang,Agricultural,Rural_Coastal,Leasehold_99,43514,0,16,Excellent,1645000,246800,2000,1893800
CASE-2026-TR-03405,Selangor,Residential,Urban,Leasehold_99,2611,2476,12,Good,903000,135400,8000,1046400
CASE-2026-TR-03406,Selangor,Commercial,Rural_Coastal,Freehold,2558,2439,27,Fair,1003000,150400,8000,1161400
CASE-2026-TR-03407,Perak,Industrial,Urban,Leasehold_99,20943,9094,17,Excellent,4824000,723600,8000,5555600
CASE-2026-TR-03408,Sabah,Industrial,Urban,Freehold,8407,5228,12,Good,2358000,353700,8000,2719700
CASE-2026-TR-03409,Johor,Commercial,Suburban,Freehold,8856,7990,20,Good,3410000,511500,8000,3929500
CASE-2026-TR-03410,Melaka,Residential,Urban,Leasehold_99,7430,4858,21,Good,1989000,298400,8000,2295400
CASE-2026-TR-03411,Selangor,Residential,Suburban,Malay_Reserve,1955,1501,32,Good,482000,72300,8000,562300
CASE-2026-TR-03412,Selangor,Residential,Suburban,Freehold,3123,2431,25,Excellent,1032000,154800,8000,1194800
CASE-2026-TR-03413,Penang,Residential,Rural_Coastal,Freehold,7016,4205,12,Good,1721000,258200,8000,1987200
CASE-2026-TR-03414,Johor,Commercial,Suburban,Freehold,11759,10705,3,Good,5409000,811400,8000,6228400
CASE-2026-TR-03415,Penang,Residential,Rural_Coastal,Freehold,1761,1524,34,Fair,380000,57000,8000,445000
CASE-2026-TR-03416,Perak,Residential,Suburban,Freehold,3734,3194,10,Good,902000,135300,8000,1045300
CASE-2026-TR-03417,Penang,Residential,Urban,Freehold,1775,1218,32,Good,500000,75000,8000,583000
CASE-2026-TR-03418,Sarawak,Residential,Urban,Freehold,5470,4169,19,Excellent,1308000,196200,8000,1512200
CASE-2026-TR-03419,Sarawak,Commercial,Suburban,Freehold,10362,8481,27,Fair,3134000,470100,8000,3612100
CASE-2026-TR-03420,Selangor,Agricultural,Urban,Freehold,63938,0,4,Fair,4041000,606200,2000,4649200
CASE-2026-TR-03421,Penang,Residential,Urban,Malay_Reserve,2245,1680,15,Fair,632000,94800,8000,734800
CASE-2026-TR-03422,Sabah,Commercial,Suburban,Freehold,9334,10734,20,Good,3626000,543900,8000,4177900
CASE-2026-TR-03423,Melaka,Agricultural,Rural_Coastal,Leasehold_99,17832,1234,31,Good,650000,97500,8000,755500
CASE-2026-TR-03424,Selangor,Agricultural,Urban,Freehold,29940,0,38,Good,2081000,312200,2000,2395200
CASE-2026-TR-03425,Johor,Industrial,Rural_Coastal,Leasehold_99,34199,25644,16,Excellent,8886000,1332900,8000,10226900
CASE-2026-TR-03426,Selangor,Residential,Suburban,Leasehold_99,4818,3603,16,Fair,1288000,193200,8000,1489200
CASE-2026-TR-03427,Selangor,Residential,Urban,Leasehold_99,2727,1762,33,Good,728000,109200,8000,845200
CASE-2026-TR-03428,Selangor,Residential,Suburban,Freehold,4416,3509,28,Good,1240000,186000,8000,1434000
CASE-2026-TR-03429,Melaka,Residential,Urban,Freehold,3975,3648,18,Fair,1009000,151400,8000,1168400
CASE-2026-TR-03430,Selangor,Residential,Suburban,Leasehold_99,3875,2813,6,Good,1244000,186600,8000,1438600
CASE-2026-TR-03431,Johor,Residential,Rural_Coastal,Freehold,4244,3492,22,Poor,843000,126400,8000,977400
CASE-2026-TR-03432,Sarawak,Commercial,Rural_Coastal,Freehold,2163,1968,19,Good,651000,97600,8000,756600
CASE-2026-TR-03433,Penang,Commercial,Suburban,Leasehold_99,8315,8216,4,Good,3889000,583400,8000,4480400
CASE-2026-TR-03434,Johor,Agricultural,Suburban,Freehold,31157,1068,27,Excellent,1493000,224000,8000,1725000
CASE-2026-TR-03435,Penang,Agricultural,Urban,Freehold,63993,472,5,Excellent,3771000,565600,8000,4344600
CASE-2026-TR-03436,Penang,Residential,Rural_Coastal,Freehold,6309,4030,2,Good,1792000,268800,8000,2068800
CASE-2026-TR-03437,Johor,Commercial,Suburban,Leasehold_99,11127,10458,18,Good,4368000,655200,8000,5031200
CASE-2026-TR-03438,Johor,Residential,Urban,Leasehold_99,4678,3718,9,Fair,1327000,199000,8000,1534000
CASE-2026-TR-03439,Terengganu,Residential,Urban,Malay_Reserve,5446,3424,3,Good,1263000,189400,8000,1460400
CASE-2026-TR-03440,Penang,Residential,Urban,Freehold,2430,1890,3,Good,810000,121500,8000,939500
CASE-2026-TR-03441,Pahang,Agricultural,Urban,Freehold,64271,763,35,Excellent,2643000,396400,8000,3047400
CASE-2026-TR-03442,Pahang,Agricultural,Suburban,Freehold,41094,0,33,Good,1365000,204800,2000,1571800
CASE-2026-TR-03443,Selangor,Residential,Urban,Freehold,2189,1868,34,Excellent,675000,101200,8000,784200
CASE-2026-TR-03444,Sabah,Residential,Urban,Freehold,5314,3447,26,Poor,1021000,153200,8000,1182200
CASE-2026-TR-03445,Penang,Residential,Suburban,Leasehold_99,4781,3452,13,Excellent,1356000,203400,8000,1567400
CASE-2026-TR-03446,Sarawak,Residential,Urban,Leasehold_99,3028,2461,17,Good,789000,118400,8000,915400
CASE-2026-TR-03447,Perak,Residential,Suburban,Freehold,4788,2940,34,Good,820000,123000,8000,951000
CASE-2026-TR-03448,Penang,Residential,Urban,Leasehold_99,4291,2529,5,Fair,1203000,180400,8000,1391400
CASE-2026-TR-03449,Johor,Residential,Urban,Leasehold_99,6893,6198,6,Good,2136000,320400,8000,2464400
CASE-2026-TR-03450,Selangor,Agricultural,Urban,Malay_Reserve,36455,1043,33,Good,2002000,300300,8000,2310300
CASE-2026-TR-03451,Penang,Agricultural,Urban,Leasehold_99,50253,0,10,Fair,2713000,407000,2000,3122000
CASE-2026-TR-03452,Terengganu,Commercial,Suburban,Leasehold_99,7118,7818,10,Fair,2596000,389400,8000,2993400
CASE-2026-TR-03453,Terengganu,Residential,Urban,Freehold,5566,3340,9,Excellent,1266000,189900,8000,1463900
CASE-2026-TR-03454,Penang,Agricultural,Suburban,Freehold,59845,677,32,Good,3206000,480900,8000,3694900
CASE-2026-TR-03455,Johor,Agricultural,Urban,Freehold,22009,495,0,Excellent,1075000,161200,8000,1244200
CASE-2026-TR-03456,Selangor,Commercial,Rural_Coastal,Leasehold_99,2389,2652,17,Fair,923000,138400,8000,1069400
CASE-2026-TR-03457,Selangor,Commercial,Urban,Freehold,4349,4502,6,Good,2423000,363400,8000,2794400
CASE-2026-TR-03458,Sarawak,Agricultural,Suburban,Freehold,42111,836,18,Poor,1667000,250000,8000,1925000
CASE-2026-TR-03459,Penang,Commercial,Rural_Coastal,Leasehold_99,3131,3350,1,Excellent,1452000,217800,8000,1677800
CASE-2026-TR-03460,Selangor,Agricultural,Suburban,Freehold,30698,1335,19,Good,1773000,266000,8000,2047000
CASE-2026-TR-03461,Penang,Residential,Rural_Coastal,Malay_Reserve,6076,4578,26,Good,1213000,182000,8000,1403000
CASE-2026-TR-03462,Terengganu,Residential,Urban,Malay_Reserve,6652,4219,4,Good,1496000,224400,8000,1728400
CASE-2026-TR-03463,Johor,Industrial,Urban,Leasehold_99,22410,11837,1,Good,6397000,959600,8000,7364600
CASE-2026-TR-03464,Johor,Residential,Urban,Leasehold_99,6687,6138,9,Fair,1987000,298000,8000,2293000
CASE-2026-TR-03465,Melaka,Residential,Rural_Coastal,Freehold,2379,1499,22,Good,441000,66200,8000,515200
CASE-2026-TR-03466,Melaka,Industrial,Urban,Freehold,4479,3209,29,Good,1298000,194700,8000,1500700
CASE-2026-TR-03467,Perak,Commercial,Suburban,Leasehold_99,2338,2763,22,Excellent,872000,130800,8000,1010800
CASE-2026-TR-03468,Selangor,Residential,Urban,Leasehold_99,2258,2101,18,Excellent,749000,112400,8000,869400
CASE-2026-TR-03469,Melaka,Residential,Rural_Coastal,Leasehold_99,3753,2076,22,Good,679000,101800,8000,788800
CASE-2026-TR-03470,Selangor,Agricultural,Urban,Malay_Reserve,43646,1318,8,Excellent,2605000,390800,8000,3003800
CASE-2026-TR-03471,Perak,Commercial,Suburban,Leasehold_99,10489,9725,19,Good,3182000,477300,8000,3667300
CASE-2026-TR-03472,Melaka,Residential,Suburban,Freehold,2697,1593,7,Good,620000,93000,8000,721000
CASE-2026-TR-03473,Sabah,Agricultural,Suburban,Freehold,55242,0,25,Good,2002000,300300,2000,2304300
CASE-2026-TR-03474,Johor,Commercial,Urban,Freehold,7434,6332,8,Good,3477000,521600,8000,4006600
CASE-2026-TR-03475,Johor,Residential,Urban,Leasehold_99,6279,4523,15,Fair,1661000,249200,8000,1918200
CASE-2026-TR-03476,Pahang,Agricultural,Suburban,Malay_Reserve,50781,0,4,Excellent,1534000,230100,2000,1766100
CASE-2026-TR-03477,Selangor,Residential,Suburban,Freehold,3801,2615,10,Excellent,1080000,162000,8000,1250000
CASE-2026-TR-03478,Melaka,Agricultural,Urban,Leasehold_99,60275,0,35,Fair,2720000,408000,2000,3130000
CASE-2026-TR-03479,Johor,Residential,Suburban,Freehold,7365,5175,4,Good,2158000,323700,8000,2489700
CASE-2026-TR-03480,Melaka,Commercial,Rural_Coastal,Leasehold_99,5620,7712,22,Excellent,2225000,333800,8000,2566800
CASE-2026-TR-03481,Johor,Residential,Rural_Coastal,Freehold,2207,1858,22,Good,560000,84000,8000,652000
CASE-2026-TR-03482,Selangor,Commercial,Suburban,Freehold,10388,9496,16,Good,5188000,778200,8000,5974200
CASE-2026-TR-03483,Pahang,Agricultural,Urban,Leasehold_99,31403,772,2,Good,1273000,191000,8000,1472000
CASE-2026-TR-03484,Selangor,Agricultural,Urban,Freehold,60231,0,34,Excellent,3655000,548200,2000,4205200
CASE-2026-TR-03485,Selangor,Residential,Suburban,Freehold,6500,5838,22,Poor,1743000,261400,8000,2012400
CASE-2026-TR-03486,Johor,Industrial,Suburban,Freehold,4702,3087,2,Good,1421000,213200,8000,1642200
CASE-2026-TR-03487,Perak,Residential,Urban,Freehold,1742,1464,3,Good,516000,77400,8000,601400
CASE-2026-TR-03488,Selangor,Residential,Suburban,Freehold,4971,4306,16,Good,1661000,249200,8000,1918200
CASE-2026-TR-03489,Johor,Residential,Urban,Freehold,2193,1309,1,Fair,590000,88500,8000,686500
CASE-2026-TR-03490,Penang,Residential,Urban,Freehold,3632,3118,21,Poor,1027000,154000,8000,1189000
CASE-2026-TR-03491,Penang,Residential,Suburban,Freehold,6040,3762,22,Fair,1491000,223600,8000,1722600
CASE-2026-TR-03492,Melaka,Residential,Suburban,Leasehold_99,3886,3433,17,Good,971000,145600,8000,1124600
CASE-2026-TR-03493,Penang,Industrial,Rural_Coastal,Malay_Reserve,26444,10836,5,Good,5924000,888600,8000,6820600
CASE-2026-TR-03494,Perak,Commercial,Suburban,Freehold,7414,6095,4,Fair,2588000,388200,8000,2984200
CASE-2026-TR-03495,Perak,Agricultural,Suburban,Freehold,31714,0,4,Good,1007000,151000,2000,1160000
CASE-2026-TR-03496,Penang,Commercial,Suburban,Leasehold_99,7789,8374,13,Good,3700000,555000,8000,4263000
CASE-2026-TR-03497,Penang,Residential,Urban,Freehold,3833,2450,18,Excellent,1155000,173200,8000,1336200
CASE-2026-TR-03498,Sabah,Residential,Rural_Coastal,Freehold,7424,5562,8,Good,1768000,265200,8000,2041200
CASE-2026-TR-03499,Selangor,Industrial,Urban,Leasehold_99,9374,4072,17,Fair,2679000,401800,8000,3088800
CASE-2026-TR-03500,Melaka,Residential,Urban,Freehold,4521,2765,26,Good,1064000,159600,8000,1231600
CASE-2026-TR-03501,Selangor,Residential,Urban,Leasehold_99,2068,1370,10,Excellent,651000,97600,8000,756600
CASE-2026-TR-03502,Johor,Residential,Urban,Leasehold_99,5402,3501,12,Excellent,1601000,240200,8000,1849200
CASE-2026-TR-03503,Selangor,Industrial,Rural_Coastal,Malay_Reserve,25960,13864,23,Good,5681000,852200,8000,6541200
CASE-2026-TR-03504,Terengganu,Industrial,Rural_Coastal,Freehold,34518,18014,19,Excellent,7167000,1075000,8000,8250000
CASE-2026-TR-03505,Penang,Agricultural,Suburban,Leasehold_99,45238,0,5,Excellent,2155000,323200,2000,2480200
CASE-2026-TR-03506,Johor,Residential,Suburban,Freehold,5078,4356,12,Good,1382000,207300,8000,1597300
CASE-2026-TR-03507,Penang,Residential,Rural_Coastal,Leasehold_99,3645,2187,27,Excellent,785000,117800,8000,910800
CASE-2026-TR-03508,Penang,Commercial,Rural_Coastal,Freehold,9415,10227,16,Good,4093000,614000,8000,4715000
CASE-2026-TR-03509,Penang,Agricultural,Urban,Leasehold_99,37607,0,3,Fair,2030000,304500,2000,2336500
CASE-2026-TR-03510,Johor,Agricultural,Urban,Freehold,44216,877,21,Fair,2120000,318000,8000,2446000
CASE-2026-TR-03511,Selangor,Commercial,Urban,Leasehold_99,2777,2304,23,Good,1348000,202200,8000,1558200
CASE-2026-TR-03512,Pahang,Residential,Suburban,Freehold,4590,2665,24,Good,817000,122600,8000,947600
CASE-2026-TR-03513,Selangor,Commercial,Suburban,Malay_Reserve,7877,8374,11,Fair,3657000,548600,8000,4213600
CASE-2026-TR-03514,Johor,Residential,Urban,Freehold,2840,2647,13,Excellent,988000,148200,8000,1144200
CASE-2026-TR-03515,Melaka,Agricultural,Suburban,Leasehold_99,26489,732,7,Fair,1056000,158400,8000,1222400
CASE-2026-TR-03516,Melaka,Residential,Urban,Leasehold_99,3534,3146,24,Excellent,974000,146100,8000,1128100
CASE-2026-TR-03517,Penang,Industrial,Suburban,Freehold,23158,16251,4,Fair,7084000,1062600,8000,8154600
CASE-2026-TR-03518,Selangor,Industrial,Rural_Coastal,Freehold,4100,1753,28,Good,998000,149700,8000,1155700
CASE-2026-TR-03519,Melaka,Commercial,Urban,Leasehold_99,11554,8419,7,Good,4403000,660400,8000,5071400
CASE-2026-TR-03520,Penang,Residential,Suburban,Freehold,1579,1250,9,Good,457000,68600,8000,533600
CASE-2026-TR-03521,Penang,Industrial,Suburban,Leasehold_99,22458,9024,28,Poor,5126000,768900,8000,5902900
CASE-2026-TR-03522,Perak,Residential,Urban,Leasehold_99,4302,3257,30,Excellent,931000,139600,8000,1078600
CASE-2026-TR-03523,Perak,Industrial,Suburban,Freehold,18524,12138,2,Good,4958000,743700,8000,5709700
CASE-2026-TR-03524,Sarawak,Industrial,Suburban,Freehold,5853,4102,21,Good,1487000,223000,8000,1718000
CASE-2026-TR-03525,Johor,Commercial,Urban,Freehold,10568,12141,3,Good,5638000,845700,8000,6491700
CASE-2026-TR-03526,Pahang,Residential,Suburban,Freehold,1716,993,5,Poor,337000,50600,8000,395600
CASE-2026-TR-03527,Terengganu,Residential,Suburban,Leasehold_99,4935,3428,31,Excellent,957000,143600,8000,1108600
CASE-2026-TR-03528,Sarawak,Residential,Urban,Freehold,2111,1181,23,Excellent,478000,71700,8000,557700
CASE-2026-TR-03529,Johor,Agricultural,Urban,Freehold,24442,0,26,Good,1211000,181600,2000,1394600
CASE-2026-TR-03530,Selangor,Residential,Suburban,Freehold,4851,2971,4,Excellent,1582000,237300,8000,1827300
CASE-2026-TR-03531,Selangor,Commercial,Urban,Freehold,9048,12660,9,Excellent,5758000,863700,8000,6629700
CASE-2026-TR-03532,Pahang,Agricultural,Urban,Freehold,48757,830,22,Poor,1941000,291200,8000,2240200
CASE-2026-TR-03533,Selangor,Residential,Suburban,Leasehold_99,4301,2784,14,Good,1241000,186200,8000,1435200
CASE-2026-TR-03534,Penang,Residential,Suburban,Leasehold_99,4891,3610,29,Good,1103000,165400,8000,1276400
CASE-2026-TR-03535,Selangor,Residential,Rural_Coastal,Malay_Reserve,2090,1830,10,Poor,515000,77200,8000,600200
CASE-2026-TR-03536,Perak,Residential,Rural_Coastal,Malay_Reserve,4972,3395,5,Good,1020000,153000,8000,1181000
CASE-2026-TR-03537,Selangor,Agricultural,Suburban,Freehold,32519,0,33,Poor,1941000,291200,2000,2234200
CASE-2026-TR-03538,Sabah,Commercial,Suburban,Freehold,6402,7014,12,Fair,2348000,352200,8000,2708200
CASE-2026-TR-03539,Selangor,Agricultural,Suburban,Freehold,54693,833,38,Good,2986000,447900,8000,3441900
CASE-2026-TR-03540,Johor,Agricultural,Suburban,Freehold,26475,648,29,Fair,1269000,190400,8000,1467400
CASE-2026-TR-03541,Johor,Commercial,Rural_Coastal,Freehold,2855,2658,6,Good,1167000,175000,8000,1350000
CASE-2026-TR-03542,Penang,Residential,Suburban,Leasehold_99,4344,3781,18,Good,1184000,177600,8000,1369600
CASE-2026-TR-03543,Penang,Residential,Suburban,Freehold,7167,4153,7,Excellent,2078000,311700,8000,2397700
CASE-2026-TR-03544,Selangor,Industrial,Urban,Freehold,10033,4329,21,Excellent,3011000,451600,8000,3470600
CASE-2026-TR-03545,Penang,Residential,Suburban,Freehold,5567,3853,29,Good,1459000,218800,8000,1685800
CASE-2026-TR-03546,Penang,Agricultural,Urban,Leasehold_99,19165,1050,4,Excellent,1215000,182200,8000,1405200
CASE-2026-TR-03547,Melaka,Industrial,Urban,Freehold,24749,11218,24,Excellent,6416000,962400,8000,7386400
CASE-2026-TR-03548,Sabah,Agricultural,Urban,Freehold,55718,0,16,Good,2267000,340000,2000,2609000
CASE-2026-TR-03549,Sarawak,Agricultural,Suburban,Freehold,63647,1011,7,Good,2364000,354600,8000,2726600
CASE-2026-TR-03550,Sarawak,Agricultural,Rural_Coastal,Freehold,53294,0,30,Excellent,1730000,259500,2000,1991500
CASE-2026-TR-03551,Sarawak,Residential,Urban,Freehold,6901,4622,6,Good,1654000,248100,8000,1910100
CASE-2026-TR-03552,Penang,Industrial,Rural_Coastal,Freehold,30167,22387,9,Poor,7901000,1185200,8000,9094200
CASE-2026-TR-03553,Penang,Residential,Suburban,Leasehold_99,5827,3267,28,Excellent,1310000,196500,8000,1514500
CASE-2026-TR-03554,Perak,Industrial,Suburban,Freehold,5119,3464,14,Excellent,1299000,194800,8000,1501800
CASE-2026-TR-03555,Penang,Residential,Urban,Leasehold_99,4633,3302,33,Fair,1109000,166400,8000,1283400
CASE-2026-TR-03556,Selangor,Commercial,Urban,Leasehold_99,8020,5811,21,Fair,3668000,550200,8000,4226200
CASE-2026-TR-03557,Selangor,Industrial,Rural_Coastal,Freehold,5108,2505,3,Fair,1332000,199800,8000,1539800
CASE-2026-TR-03558,Johor,Residential,Urban,Leasehold_99,2756,1898,11,Good,834000,125100,8000,967100
CASE-2026-TR-03559,Penang,Residential,Urban,Freehold,3268,3044,23,Excellent,1155000,173200,8000,1336200
CASE-2026-TR-03560,Penang,Residential,Suburban,Malay_Reserve,5148,3373,2,Excellent,1597000,239600,8000,1844600
CASE-2026-TR-03561,Penang,Industrial,Suburban,Malay_Reserve,7692,4576,3,Good,2360000,354000,8000,2722000
CASE-2026-TR-03562,Pahang,Residential,Suburban,Leasehold_99,5078,3265,6,Excellent,1154000,173100,8000,1335100
CASE-2026-TR-03563,Terengganu,Residential,Urban,Freehold,3872,2300,21,Good,777000,116600,8000,901600
CASE-2026-TR-03564,Johor,Residential,Suburban,Leasehold_99,4214,2873,8,Excellent,1164000,174600,8000,1346600
CASE-2026-TR-03565,Selangor,Industrial,Suburban,Freehold,33141,22022,13,Excellent,11203000,1680400,8000,12891400
CASE-2026-TR-03566,Pahang,Industrial,Suburban,Freehold,17510,11440,1,Excellent,4764000,714600,8000,5486600
CASE-2026-TR-03567,Terengganu,Residential,Rural_Coastal,Leasehold_99,5023,4648,33,Excellent,939000,140800,8000,1087800
CASE-2026-TR-03568,Melaka,Commercial,Suburban,Freehold,9521,13219,2,Excellent,5119000,767800,8000,5894800
CASE-2026-TR-03569,Pahang,Agricultural,Suburban,Freehold,16009,0,13,Excellent,560000,84000,2000,646000
CASE-2026-TR-03570,Selangor,Residential,Suburban,Leasehold_99,6438,4094,34,Fair,1345000,201800,8000,1554800
CASE-2026-TR-03571,Perak,Residential,Urban,Leasehold_99,6601,5149,22,Good,1479000,221800,8000,1708800
CASE-2026-TR-03572,Penang,Residential,Suburban,Freehold,6764,3817,28,Excellent,1650000,247500,8000,1905500
CASE-2026-TR-03573,Pahang,Residential,Urban,Freehold,6615,5366,9,Fair,1560000,234000,8000,1802000
CASE-2026-TR-03574,Penang,Residential,Suburban,Malay_Reserve,7131,5520,19,Good,1982000,297300,8000,2287300
CASE-2026-TR-03575,Johor,Commercial,Urban,Leasehold_99,11751,9609,13,Excellent,5180000,777000,8000,5965000
CASE-2026-TR-03576,Sarawak,Residential,Suburban,Freehold,5591,4898,16,Good,1385000,207800,8000,1600800
CASE-2026-TR-03577,Penang,Commercial,Urban,Malay_Reserve,9975,7725,24,Good,3957000,593600,8000,4558600
CASE-2026-TR-03578,Sarawak,Commercial,Urban,Malay_Reserve,3921,2813,10,Good,1390000,208500,8000,1606500
CASE-2026-TR-03579,Johor,Commercial,Suburban,Freehold,8023,10949,7,Good,4182000,627300,8000,4817300
CASE-2026-TR-03580,Perak,Residential,Suburban,Freehold,5396,3992,29,Good,1063000,159400,8000,1230400
CASE-2026-TR-03581,Johor,Commercial,Rural_Coastal,Freehold,2621,2003,14,Excellent,924000,138600,8000,1070600
CASE-2026-TR-03582,Selangor,Agricultural,Urban,Leasehold_99,47910,0,29,Good,2699000,404800,2000,3105800
CASE-2026-TR-03583,Johor,Industrial,Urban,Freehold,30713,15527,28,Good,8437000,1265600,8000,9710600
CASE-2026-TR-03584,Selangor,Agricultural,Suburban,Leasehold_99,46782,0,11,Good,2222000,333300,2000,2557300
CASE-2026-TR-03585,Selangor,Residential,Suburban,Freehold,4198,3409,17,Good,1343000,201400,8000,1552400
CASE-2026-TR-03586,Selangor,Commercial,Suburban,Malay_Reserve,11914,16120,23,Excellent,6065000,909800,8000,6982800
CASE-2026-TR-03587,Selangor,Commercial,Rural_Coastal,Leasehold_99,7964,6712,24,Excellent,3151000,472600,8000,3631600
CASE-2026-TR-03588,Selangor,Residential,Suburban,Freehold,1755,1645,14,Fair,575000,86200,8000,669200
CASE-2026-TR-03589,Sabah,Residential,Urban,Freehold,2666,2300,17,Excellent,791000,118600,8000,917600
CASE-2026-TR-03590,Selangor,Commercial,Urban,Freehold,10297,10227,19,Good,5365000,804800,8000,6177800
CASE-2026-TR-03591,Penang,Commercial,Urban,Freehold,1500,1318,16,Good,712000,106800,8000,826800
CASE-2026-TR-03592,Selangor,Industrial,Rural_Coastal,Freehold,5709,3650,6,Fair,1559000,233800,8000,1800800
CASE-2026-TR-03593,Penang,Industrial,Suburban,Malay_Reserve,6993,2913,11,Good,1670000,250500,8000,1928500
CASE-2026-TR-03594,Johor,Industrial,Urban,Leasehold_99,5600,3135,13,Good,1619000,242800,8000,1869800
CASE-2026-TR-03595,Selangor,Agricultural,Urban,Malay_Reserve,28430,1136,0,Excellent,1646000,246900,8000,1900900
CASE-2026-TR-03596,Penang,Commercial,Suburban,Leasehold_99,9016,9712,12,Good,4234000,635100,8000,4877100
CASE-2026-TR-03597,Johor,Residential,Suburban,Freehold,3515,2394,16,Fair,846000,126900,8000,980900
CASE-2026-TR-03598,Melaka,Commercial,Rural_Coastal,Freehold,11479,10541,7,Fair,4123000,618400,8000,4749400
CASE-2026-TR-03599,Sarawak,Residential,Suburban,Freehold,5810,3212,4,Good,1302000,195300,8000,1505300
CASE-2026-TR-03600,Sabah,Industrial,Suburban,Freehold,5515,2268,29,Good,1063000,159400,8000,1230400
CASE-2026-TR-03601,Selangor,Agricultural,Suburban,Leasehold_99,51994,0,13,Good,2677000,401600,2000,3080600
CASE-2026-TR-03602,Terengganu,Residential,Suburban,Freehold,1918,1103,17,Fair,348000,52200,8000,408200
CASE-2026-TR-03603,Penang,Commercial,Urban,Freehold,2806,2426,6,Good,1427000,214000,8000,1649000
CASE-2026-TR-03604,Terengganu,Residential,Suburban,Leasehold_99,4730,3850,30,Good,956000,143400,8000,1107400
CASE-2026-TR-03605,Pahang,Agricultural,Suburban,Leasehold_99,56237,0,21,Fair,1792000,268800,2000,2062800
CASE-2026-TR-03606,Sarawak,Residential,Urban,Freehold,3531,2109,2,Fair,868000,130200,8000,1006200
CASE-2026-TR-03607,Penang,Residential,Suburban,Freehold,3127,2772,17,Excellent,995000,149200,8000,1152200
CASE-2026-TR-03608,Perak,Industrial,Rural_Coastal,Freehold,14453,6493,13,Fair,2522000,378300,8000,2908300
CASE-2026-TR-03609,Penang,Agricultural,Rural_Coastal,Leasehold_99,64839,0,11,Excellent,2584000,387600,2000,2973600
CASE-2026-TR-03610,Melaka,Residential,Rural_Coastal,Leasehold_99,3334,2248,16,Excellent,707000,106000,8000,821000
CASE-2026-TR-03611,Pahang,Commercial,Suburban,Freehold,4541,5956,24,Fair,1591000,238600,8000,1837600
CASE-2026-TR-03612,Pahang,Commercial,Suburban,Freehold,6961,8216,13,Good,2684000,402600,8000,3094600
CASE-2026-TR-03613,Melaka,Residential,Urban,Leasehold_99,2452,1427,9,Good,602000,90300,8000,700300
CASE-2026-TR-03614,Sarawak,Agricultural,Urban,Freehold,19353,0,34,Excellent,878000,131700,2000,1011700
CASE-2026-TR-03615,Selangor,Commercial,Suburban,Leasehold_99,4837,5203,17,Good,2308000,346200,8000,2662200
CASE-2026-TR-03616,Perak,Residential,Rural_Coastal,Freehold,4746,3666,30,Excellent,900000,135000,8000,1043000
CASE-2026-TR-03617,Selangor,Agricultural,Urban,Freehold,40083,627,9,Good,2705000,405800,8000,3118800
CASE-2026-TR-03618,Selangor,Agricultural,Urban,Freehold,44488,0,16,Good,2699000,404800,2000,3105800
CASE-2026-TR-03619,Penang,Agricultural,Urban,Malay_Reserve,35358,1381,29,Fair,1884000,282600,8000,2174600
CASE-2026-TR-03620,Penang,Industrial,Urban,Freehold,10788,5777,10,Fair,3393000,509000,8000,3910000
CASE-2026-TR-03621,Penang,Residential,Suburban,Freehold,2149,1450,25,Good,596000,89400,8000,693400
CASE-2026-TR-03622,Johor,Agricultural,Suburban,Freehold,26578,0,27,Good,1205000,180800,2000,1387800
CASE-2026-TR-03623,Sabah,Residential,Suburban,Freehold,4568,2899,10,Excellent,1171000,175600,8000,1354600
CASE-2026-TR-03624,Terengganu,Residential,Urban,Freehold,3954,3113,3,Fair,940000,141000,8000,1089000
CASE-2026-TR-03625,Penang,Residential,Urban,Leasehold_99,2285,1811,13,Good,719000,107800,8000,834800
CASE-2026-TR-03626,Perak,Agricultural,Suburban,Freehold,42088,0,35,Fair,1382000,207300,2000,1591300
CASE-2026-TR-03627,Johor,Industrial,Suburban,Freehold,6741,3403,13,Good,1823000,273400,8000,2104400
CASE-2026-TR-03628,Johor,Residential,Rural_Coastal,Malay_Reserve,1812,1273,1,Fair,388000,58200,8000,454200
CASE-2026-TR-03629,Selangor,Agricultural,Urban,Leasehold_99,28155,0,14,Poor,1576000,236400,2000,1814400
CASE-2026-TR-03630,Johor,Agricultural,Suburban,Freehold,63842,0,10,Fair,3123000,468400,2000,3593400
CASE-2026-TR-03631,Selangor,Agricultural,Suburban,Leasehold_99,57440,0,17,Good,3158000,473700,2000,3633700
CASE-2026-TR-03632,Pahang,Agricultural,Suburban,Freehold,44704,0,16,Good,1620000,243000,2000,1865000
CASE-2026-TR-03633,Sabah,Residential,Suburban,Freehold,4039,3578,22,Good,983000,147400,8000,1138400
CASE-2026-TR-03634,Terengganu,Residential,Urban,Freehold,6237,5117,16,Good,1625000,243800,8000,1876800
CASE-2026-TR-03635,Perak,Commercial,Urban,Freehold,2627,2375,5,Excellent,1035000,155200,8000,1198200
CASE-2026-TR-03636,Selangor,Agricultural,Suburban,Freehold,19867,0,31,Excellent,1018000,152700,2000,1172700
CASE-2026-TR-03637,Perak,Agricultural,Rural_Coastal,Freehold,27671,0,15,Fair,783000,117400,2000,902400
CASE-2026-TR-03638,Pahang,Agricultural,Suburban,Malay_Reserve,58524,716,16,Fair,1817000,272600,8000,2097600
CASE-2026-TR-03639,Penang,Residential,Urban,Freehold,6637,3757,21,Fair,1819000,272800,8000,2099800
CASE-2026-TR-03640,Perak,Agricultural,Suburban,Leasehold_99,37546,0,28,Good,1215000,182200,2000,1399200
CASE-2026-TR-03641,Terengganu,Residential,Urban,Leasehold_99,2010,1211,31,Fair,337000,50600,8000,395600
CASE-2026-TR-03642,Selangor,Industrial,Rural_Coastal,Freehold,14711,9787,6,Excellent,4611000,691600,8000,5310600
CASE-2026-TR-03643,Perak,Residential,Suburban,Freehold,6018,3430,23,Good,1023000,153400,8000,1184400
CASE-2026-TR-03644,Melaka,Commercial,Suburban,Freehold,8338,11192,16,Good,3705000,555800,8000,4268800
CASE-2026-TR-03645,Johor,Residential,Suburban,Leasehold_99,2652,2428,22,Excellent,723000,108400,8000,839400
CASE-2026-TR-03646,Terengganu,Residential,Urban,Freehold,2078,1670,34,Excellent,432000,64800,8000,504800
CASE-2026-TR-03647,Selangor,Residential,Urban,Leasehold_99,6869,4602,29,Good,1896000,284400,8000,2188400
CASE-2026-TR-03648,Sarawak,Commercial,Rural_Coastal,Leasehold_99,8362,8966,21,Good,2859000,428800,8000,3295800
CASE-2026-TR-03649,Sarawak,Industrial,Urban,Freehold,27027,14916,10,Good,7710000,1156500,8000,8874500
CASE-2026-TR-03650,Penang,Agricultural,Suburban,Freehold,48399,0,31,Good,2562000,384300,2000,2948300
CASE-2026-TR-03651,Selangor,Agricultural,Suburban,Leasehold_99,36121,0,37,Good,1880000,282000,2000,2164000
CASE-2026-TR-03652,Penang,Commercial,Suburban,Freehold,5425,4597,8,Good,2362000,354300,8000,2724300
CASE-2026-TR-03653,Perak,Residential,Urban,Malay_Reserve,2806,1743,25,Excellent,557000,83600,8000,648600
CASE-2026-TR-03654,Selangor,Agricultural,Suburban,Leasehold_99,35205,538,25,Good,1847000,277000,8000,2132000
CASE-2026-TR-03655,Selangor,Agricultural,Urban,Malay_Reserve,62323,1256,25,Fair,3554000,533100,8000,4095100
CASE-2026-TR-03656,Sabah,Industrial,Urban,Freehold,16326,9594,24,Good,4185000,627800,8000,4820800
CASE-2026-TR-03657,Johor,Industrial,Urban,Leasehold_99,19999,11587,3,Good,6053000,908000,8000,6969000
CASE-2026-TR-03658,Penang,Industrial,Rural_Coastal,Freehold,11996,8071,3,Good,3705000,555800,8000,4268800
CASE-2026-TR-03659,Selangor,Residential,Suburban,Freehold,3627,2928,14,Good,1162000,174300,8000,1344300
CASE-2026-TR-03660,Melaka,Residential,Urban,Freehold,6602,4670,26,Good,1641000,246200,8000,1895200
CASE-2026-TR-03661,Johor,Residential,Urban,Freehold,3970,2361,15,Good,981000,147200,8000,1136200
CASE-2026-TR-03662,Sabah,Commercial,Urban,Malay_Reserve,7336,6405,9,Good,2773000,416000,8000,3197000
CASE-2026-TR-03663,Sarawak,Commercial,Rural_Coastal,Freehold,7594,5768,23,Excellent,2446000,366900,8000,2820900
CASE-2026-TR-03664,Selangor,Agricultural,Suburban,Freehold,48526,0,4,Good,2495000,374200,2000,2871200
CASE-2026-TR-03665,Selangor,Residential,Urban,Leasehold_99,1575,867,32,Good,438000,65700,8000,511700
CASE-2026-TR-03666,Selangor,Residential,Suburban,Leasehold_99,6650,4603,18,Good,1902000,285300,8000,2195300
CASE-2026-TR-03667,Terengganu,Commercial,Suburban,Leasehold_99,4498,5339,6,Good,1965000,294800,8000,2267800
CASE-2026-TR-03668,Johor,Residential,Urban,Freehold,3001,2521,14,Poor,760000,114000,8000,882000
CASE-2026-TR-03669,Sabah,Agricultural,Suburban,Freehold,47522,427,37,Good,1746000,261900,8000,2015900
CASE-2026-TR-03670,Terengganu,Residential,Suburban,Freehold,1779,1225,24,Good,359000,53800,8000,420800
CASE-2026-TR-03671,Selangor,Agricultural,Suburban,Leasehold_99,50401,1071,9,Good,2499000,374800,8000,2881800
CASE-2026-TR-03672,Johor,Residential,Urban,Freehold,4033,3111,2,Poor,1048000,157200,8000,1213200
CASE-2026-TR-03673,Johor,Residential,Suburban,Freehold,2192,1650,30,Fair,488000,73200,8000,569200
CASE-2026-TR-03674,Selangor,Residential,Suburban,Malay_Reserve,3385,2967,21,Fair,871000,130600,8000,1009600
CASE-2026-TR-03675,Johor,Industrial,Urban,Freehold,13136,7142,9,Fair,3496000,524400,8000,4028400
CASE-2026-TR-03676,Selangor,Residential,Urban,Freehold,3829,3341,32,Excellent,1214000,182100,8000,1404100
CASE-2026-TR-03677,Johor,Residential,Rural_Coastal,Malay_Reserve,3839,2887,27,Good,749000,112400,8000,869400
CASE-2026-TR-03678,Terengganu,Residential,Suburban,Freehold,6426,4639,31,Excellent,1250000,187500,8000,1445500
CASE-2026-TR-03679,Terengganu,Agricultural,Suburban,Freehold,24437,1423,29,Good,855000,128200,8000,991200
CASE-2026-TR-03680,Terengganu,Residential,Urban,Freehold,4024,3680,29,Good,899000,134800,8000,1041800
CASE-2026-TR-03681,Selangor,Residential,Urban,Freehold,5315,4133,12,Fair,1629000,244400,8000,1881400
CASE-2026-TR-03682,Penang,Residential,Urban,Freehold,5369,4401,11,Good,1894000,284100,8000,2186100
CASE-2026-TR-03683,Penang,Residential,Urban,Freehold,6688,5316,34,Good,1777000,266600,8000,2051600
CASE-2026-TR-03684,Johor,Residential,Urban,Freehold,4143,2507,22,Good,976000,146400,8000,1130400
CASE-2026-TR-03685,Sabah,Agricultural,Urban,Freehold,24764,430,38,Good,1079000,161800,8000,1248800
CASE-2026-TR-03686,Selangor,Residential,Urban,Freehold,3656,3461,31,Good,1118000,167700,8000,1293700
CASE-2026-TR-03687,Penang,Residential,Rural_Coastal,Freehold,5659,3588,33,Fair,1113000,167000,8000,1288000
CASE-2026-TR-03688,Terengganu,Agricultural,Suburban,Leasehold_99,25544,750,12,Excellent,885000,132800,8000,1025800
CASE-2026-TR-03689,Sarawak,Agricultural,Urban,Freehold,26342,0,6,Good,1083000,162400,2000,1247400
CASE-2026-TR-03690,Penang,Industrial,Urban,Freehold,13252,9276,13,Fair,4584000,687600,8000,5279600
CASE-2026-TR-03691,Selangor,Residential,Urban,Leasehold_99,3087,2800,30,Good,909000,136400,8000,1053400
CASE-2026-TR-03692,Perak,Residential,Suburban,Freehold,4789,4311,4,Excellent,1427000,214000,8000,1649000
CASE-2026-TR-03693,Perak,Residential,Suburban,Leasehold_99,6068,5739,26,Fair,1173000,176000,8000,1357000
CASE-2026-TR-03694,Sabah,Residential,Suburban,Freehold,4679,4438,33,Excellent,1027000,154000,8000,1189000
CASE-2026-TR-03695,Terengganu,Agricultural,Suburban,Freehold,43822,0,27,Excellent,1390000,208500,2000,1600500
CASE-2026-TR-03696,Pahang,Residential,Rural_Coastal,Freehold,4125,3702,23,Good,819000,122800,8000,949800
CASE-2026-TR-03697,Selangor,Commercial,Suburban,Leasehold_99,3673,3871,23,Fair,1540000,231000,8000,1779000
CASE-2026-TR-03698,Selangor,Agricultural,Urban,Freehold,22807,400,3,Fair,1373000,206000,8000,1587000
CASE-2026-TR-03699,Sarawak,Commercial,Rural_Coastal,Leasehold_99,3094,3805,16,Excellent,1219000,182800,8000,1409800
CASE-2026-TR-03700,Melaka,Residential,Suburban,Freehold,5087,3919,8,Fair,1334000,200100,8000,1542100
CASE-2026-TR-03701,Selangor,Residential,Suburban,Freehold,2174,2005,23,Excellent,678000,101700,8000,787700
CASE-2026-TR-03702,Pahang,Agricultural,Urban,Freehold,33508,584,31,Excellent,1241000,186200,8000,1435200
CASE-2026-TR-03703,Pahang,Residential,Suburban,Freehold,3291,2828,12,Excellent,883000,132400,8000,1023400
CASE-2026-TR-03704,Pahang,Industrial,Urban,Freehold,31973,16290,10,Fair,7487000,1123000,8000,8618000
CASE-2026-TR-03705,Johor,Agricultural,Suburban,Freehold,42792,692,17,Fair,1953000,293000,8000,2254000
CASE-2026-TR-03706,Johor,Commercial,Rural_Coastal,Freehold,2235,2301,12,Fair,787000,118000,8000,913000
CASE-2026-TR-03707,Sarawak,Agricultural,Suburban,Malay_Reserve,47034,903,26,Good,1616000,242400,8000,1866400
CASE-2026-TR-03708,Pahang,Residential,Suburban,Leasehold_99,3523,2592,23,Good,779000,116800,8000,903800
CASE-2026-TR-03709,Penang,Residential,Urban,Freehold,3284,2680,29,Good,941000,141200,8000,1090200
CASE-2026-TR-03710,Penang,Commercial,Rural_Coastal,Leasehold_99,10319,9830,25,Fair,3415000,512200,8000,3935200
CASE-2026-TR-03711,Johor,Residential,Suburban,Leasehold_99,5662,3427,4,Good,1485000,222800,8000,1715800
CASE-2026-TR-03712,Terengganu,Residential,Rural_Coastal,Freehold,5683,4675,8,Excellent,1296000,194400,8000,1498400
CASE-2026-TR-03713,Selangor,Residential,Suburban,Freehold,2071,1890,19,Excellent,643000,96400,8000,747400
CASE-2026-TR-03714,Selangor,Residential,Suburban,Freehold,1753,979,32,Good,472000,70800,8000,550800
CASE-2026-TR-03715,Selangor,Agricultural,Suburban,Malay_Reserve,53983,0,18,Excellent,2578000,386700,2000,2966700
CASE-2026-TR-03716,Penang,Residential,Suburban,Leasehold_99,5644,3747,22,Excellent,1450000,217500,8000,1675500
CASE-2026-TR-03717,Penang,Commercial,Suburban,Leasehold_99,8596,7588,24,Fair,3402000,510300,8000,3920300
CASE-2026-TR-03718,Selangor,Industrial,Suburban,Freehold,24012,12166,23,Good,6956000,1043400,8000,8007400
CASE-2026-TR-03719,Perak,Industrial,Rural_Coastal,Leasehold_99,19025,8528,12,Good,3730000,559500,8000,4297500
CASE-2026-TR-03720,Penang,Residential,Urban,Freehold,5568,4134,3,Excellent,1987000,298000,8000,2293000
CASE-2026-TR-03721,Johor,Residential,Suburban,Leasehold_99,4819,2674,28,Fair,929000,139400,8000,1076400
CASE-2026-TR-03722,Johor,Commercial,Suburban,Leasehold_99,8939,10087,2,Good,4109000,616400,8000,4733400
CASE-2026-TR-03723,Penang,Residential,Suburban,Leasehold_99,5750,5283,26,Excellent,1581000,237200,8000,1826200
CASE-2026-TR-03724,Selangor,Residential,Suburban,Leasehold_99,6845,5250,30,Excellent,1836000,275400,8000,2119400
CASE-2026-TR-03725,Johor,Residential,Suburban,Freehold,2405,2141,23,Good,683000,102400,8000,793400
CASE-2026-TR-03726,Pahang,Residential,Urban,Freehold,4196,3254,8,Good,1111000,166600,8000,1285600
CASE-2026-TR-03727,Pahang,Residential,Suburban,Freehold,6588,5856,13,Excellent,1803000,270400,8000,2081400
CASE-2026-TR-03728,Selangor,Agricultural,Suburban,Leasehold_99,51843,0,19,Excellent,2760000,414000,2000,3176000
CASE-2026-TR-03729,Selangor,Residential,Urban,Freehold,4195,3887,31,Good,1254000,188100,8000,1450100
CASE-2026-TR-03730,Sabah,Commercial,Suburban,Freehold,5850,4699,2,Good,2170000,325500,8000,2503500
CASE-2026-TR-03731,Penang,Residential,Urban,Freehold,7219,5074,8,Good,2164000,324600,8000,2496600
CASE-2026-TR-03732,Selangor,Agricultural,Urban,Leasehold_99,64891,599,33,Fair,3619000,542800,8000,4169800
CASE-2026-TR-03733,Melaka,Residential,Urban,Freehold,3646,3195,20,Good,925000,138800,8000,1071800
CASE-2026-TR-03734,Melaka,Commercial,Urban,Freehold,1540,1117,6,Excellent,668000,100200,8000,776200
CASE-2026-TR-03735,Johor,Residential,Urban,Leasehold_99,6152,5025,12,Good,1792000,268800,8000,2068800
CASE-2026-TR-03736,Pahang,Residential,Suburban,Leasehold_99,3708,3388,34,Fair,630000,94500,8000,732500
CASE-2026-TR-03737,Selangor,Agricultural,Suburban,Freehold,47389,0,30,Fair,2518000,377700,2000,2897700
CASE-2026-TR-03738,Selangor,Residential,Urban,Freehold,4801,2954,30,Excellent,1404000,210600,8000,1622600
CASE-2026-TR-03739,Selangor,Residential,Rural_Coastal,Freehold,6571,4456,23,Good,1582000,237300,8000,1827300
CASE-2026-TR-03740,Johor,Commercial,Urban,Freehold,4530,4481,6,Excellent,2495000,374200,8000,2877200
CASE-2026-TR-03741,Johor,Residential,Urban,Freehold,2253,1910,18,Excellent,735000,110200,8000,853200
CASE-2026-TR-03742,Selangor,Residential,Suburban,Freehold,3909,3380,3,Fair,1347000,202000,8000,1557000
CASE-2026-TR-03743,Sarawak,Commercial,Urban,Freehold,9311,9593,7,Good,4257000,638600,8000,4903600
CASE-2026-TR-03744,Perak,Residential,Suburban,Freehold,6004,4635,25,Excellent,1405000,210800,8000,1623800
CASE-2026-TR-03745,Penang,Residential,Urban,Leasehold_99,1609,1115,24,Good,458000,68700,8000,534700
CASE-2026-TR-03746,Perak,Residential,Urban,Leasehold_99,2548,1981,21,Good,567000,85000,8000,660000
CASE-2026-TR-03747,Selangor,Industrial,Suburban,Freehold,21778,10570,22,Good,6140000,921000,8000,7069000
CASE-2026-TR-03748,Selangor,Residential,Rural_Coastal,Leasehold_99,2831,1829,18,Poor,591000,88600,8000,687600
CASE-2026-TR-03749,Johor,Agricultural,Suburban,Freehold,37902,0,33,Excellent,1626000,243900,2000,1871900
CASE-2026-TR-03750,Selangor,Commercial,Suburban,Malay_Reserve,2259,3060,3,Excellent,1415000,212200,8000,1635200
CASE-2026-TR-03751,Melaka,Residential,Urban,Freehold,3079,2807,10,Poor,739000,110800,8000,857800
CASE-2026-TR-03752,Penang,Commercial,Rural_Coastal,Leasehold_99,7860,7639,18,Good,3417000,512600,8000,3937600
CASE-2026-TR-03753,Melaka,Residential,Rural_Coastal,Freehold,4054,3833,28,Excellent,957000,143600,8000,1108600
CASE-2026-TR-03754,Sarawak,Agricultural,Suburban,Leasehold_99,28862,0,39,Good,1082000,162300,2000,1246300
CASE-2026-TR-03755,Pahang,Residential,Rural_Coastal,Leasehold_99,5976,3830,26,Excellent,1052000,157800,8000,1217800
CASE-2026-TR-03756,Penang,Residential,Rural_Coastal,Leasehold_99,3976,2509,25,Fair,788000,118200,8000,914200
CASE-2026-TR-03757,Selangor,Commercial,Rural_Coastal,Malay_Reserve,5838,6081,12,Fair,2179000,326800,8000,2513800
CASE-2026-TR-03758,Sabah,Residential,Suburban,Freehold,7168,4910,19,Poor,1343000,201400,8000,1552400
CASE-2026-TR-03759,Penang,Residential,Urban,Freehold,2099,1410,16,Good,630000,94500,8000,732500
CASE-2026-TR-03760,Johor,Commercial,Urban,Leasehold_99,6001,6381,23,Fair,2585000,387800,8000,2980800
CASE-2026-TR-03761,Penang,Agricultural,Urban,Freehold,34592,1018,0,Fair,2054000,308100,8000,2370100
CASE-2026-TR-03762,Johor,Agricultural,Suburban,Freehold,42837,893,25,Good,1797000,269600,8000,2074600
CASE-2026-TR-03763,Perak,Agricultural,Suburban,Malay_Reserve,58277,0,24,Good,1737000,260600,2000,1999600
CASE-2026-TR-03764,Selangor,Residential,Rural_Coastal,Leasehold_99,6923,4898,1,Excellent,2095000,314200,8000,2417200
CASE-2026-TR-03765,Pahang,Commercial,Suburban,Leasehold_99,6574,8734,26,Fair,2233000,335000,8000,2576000
CASE-2026-TR-03766,Sarawak,Commercial,Suburban,Leasehold_99,6326,8649,10,Excellent,3019000,452800,8000,3479800
CASE-2026-TR-03767,Johor,Residential,Urban,Leasehold_99,5842,3388,4,Good,1447000,217000,8000,1672000
CASE-2026-TR-03768,Perak,Residential,Urban,Freehold,1769,1221,14,Good,427000,64000,8000,499000
CASE-2026-TR-03769,Johor,Residential,Rural_Coastal,Freehold,1542,1267,25,Good,353000,53000,8000,414000
CASE-2026-TR-03770,Selangor,Commercial,Suburban,Freehold,6423,8905,23,Fair,3238000,485700,8000,3731700
CASE-2026-TR-03771,Johor,Residential,Urban,Leasehold_99,4332,4052,24,Good,1193000,179000,8000,1380000
CASE-2026-TR-03772,Penang,Commercial,Rural_Coastal,Leasehold_99,1716,2206,20,Good,679000,101800,8000,788800
CASE-2026-TR-03773,Selangor,Residential,Urban,Freehold,5939,3895,24,Excellent,1916000,287400,8000,2211400
CASE-2026-TR-03774,Selangor,Commercial,Suburban,Leasehold_99,9081,9096,6,Good,4312000,646800,8000,4966800
CASE-2026-TR-03775,Johor,Residential,Rural_Coastal,Leasehold_99,7149,5634,20,Fair,1609000,241400,8000,1858400
CASE-2026-TR-03776,Perak,Commercial,Urban,Freehold,1971,1869,13,Excellent,815000,122200,8000,945200
CASE-2026-TR-03777,Sabah,Residential,Urban,Freehold,5605,3866,26,Good,1303000,195400,8000,1506400
CASE-2026-TR-03778,Perak,Commercial,Rural_Coastal,Freehold,2692,3041,1,Good,1019000,152800,8000,1179800
CASE-2026-TR-03779,Perak,Residential,Rural_Coastal,Leasehold_99,3878,3210,31,Excellent,797000,119600,8000,924600
CASE-2026-TR-03780,Pahang,Residential,Suburban,Leasehold_99,1505,840,18,Poor,244000,36600,8000,288600
CASE-2026-TR-03781,Melaka,Residential,Rural_Coastal,Malay_Reserve,5674,3702,4,Fair,1192000,178800,8000,1378800
CASE-2026-TR-03782,Pahang,Agricultural,Rural_Coastal,Freehold,45955,0,4,Poor,1457000,218600,2000,1677600
CASE-2026-TR-03783,Sarawak,Residential,Urban,Freehold,6028,4969,31,Fair,1317000,197600,8000,1522600
CASE-2026-TR-03784,Penang,Commercial,Urban,Leasehold_99,5065,5858,25,Excellent,2427000,364000,8000,2799000
CASE-2026-TR-03785,Penang,Industrial,Suburban,Leasehold_99,33958,21660,29,Good,8605000,1290800,8000,9903800
CASE-2026-TR-03786,Selangor,Residential,Suburban,Freehold,5559,4037,27,Good,1545000,231800,8000,1784800
CASE-2026-TR-03787,Pahang,Agricultural,Suburban,Leasehold_99,56088,0,8,Good,1766000,264900,2000,2032900
CASE-2026-TR-03788,Melaka,Agricultural,Urban,Malay_Reserve,18356,1492,3,Good,902000,135300,8000,1045300
CASE-2026-TR-03789,Selangor,Agricultural,Rural_Coastal,Malay_Reserve,53065,1413,30,Excellent,2156000,323400,8000,2487400
CASE-2026-TR-03790,Johor,Residential,Suburban,Freehold,3454,2596,27,Poor,698000,104700,8000,810700
CASE-2026-TR-03791,Penang,Residential,Rural_Coastal,Freehold,3239,1981,23,Fair,734000,110100,8000,852100
CASE-2026-TR-03792,Sarawak,Agricultural,Suburban,Freehold,54332,810,23,Good,2121000,318200,8000,2447200
CASE-2026-TR-03793,Sabah,Commercial,Urban,Leasehold_99,7100,8924,9,Fair,2944000,441600,8000,3393600
CASE-2026-TR-03794,Selangor,Residential,Rural_Coastal,Freehold,1895,1214,15,Excellent,546000,81900,8000,635900
CASE-2026-TR-03795,Penang,Residential,Rural_Coastal,Freehold,6471,6003,14,Good,1928000,289200,8000,2225200
CASE-2026-TR-03796,Sarawak,Commercial,Suburban,Freehold,7724,8148,6,Good,3400000,510000,8000,3918000
CASE-2026-TR-03797,Perak,Residential,Urban,Leasehold_99,7156,6689,12,Fair,1639000,245800,8000,1892800
CASE-2026-TR-03798,Johor,Industrial,Urban,Freehold,20614,14237,3,Excellent,7697000,1154600,8000,8859600
CASE-2026-TR-03799,Terengganu,Residential,Suburban,Leasehold_99,4055,2643,17,Good,763000,114400,8000,885400
CASE-2026-TR-03800,Perak,Agricultural,Urban,Freehold,33468,806,3,Fair,1434000,215100,8000,1657100
CASE-2026-TR-03801,Pahang,Residential,Rural_Coastal,Freehold,2708,1963,27,Excellent,569000,85400,8000,662400
CASE-2026-TR-03802,Penang,Agricultural,Suburban,Freehold,32335,814,31,Good,1585000,237800,8000,1830800
CASE-2026-TR-03803,Selangor,Residential,Rural_Coastal,Freehold,1391,1219,12,Fair,391000,58600,8000,457600
CASE-2026-TR-03804,Pahang,Residential,Suburban,Freehold,6360,5364,8,Good,1741000,261200,8000,2010200
CASE-2026-TR-03805,Penang,Residential,Urban,Freehold,4188,2935,26,Good,1226000,183900,8000,1417900
CASE-2026-TR-03806,Penang,Industrial,Urban,Freehold,20108,13415,23,Poor,6069000,910400,8000,6987400
CASE-2026-TR-03807,Johor,Agricultural,Rural_Coastal,Leasehold_99,47503,865,25,Good,1786000,267900,8000,2061900
CASE-2026-TR-03808,Sabah,Commercial,Rural_Coastal,Freehold,6858,5732,19,Fair,1953000,293000,8000,2254000
CASE-2026-TR-03809,Sabah,Commercial,Suburban,Freehold,5149,6151,26,Good,2005000,300800,8000,2313800
CASE-2026-TR-03810,Johor,Residential,Suburban,Leasehold_99,4011,2673,3,Excellent,1153000,173000,8000,1334000
CASE-2026-TR-03811,Sarawak,Residential,Urban,Leasehold_99,2614,1943,33,Good,582000,87300,8000,677300
CASE-2026-TR-03812,Penang,Agricultural,Suburban,Leasehold_99,21520,0,2,Fair,1130000,169500,2000,1301500
CASE-2026-TR-03813,Penang,Residential,Rural_Coastal,Leasehold_99,7335,5611,3,Poor,1646000,246900,8000,1900900
CASE-2026-TR-03814,Terengganu,Commercial,Suburban,Freehold,7420,7590,22,Excellent,2583000,387400,8000,2978400
CASE-2026-TR-03815,Perak,Commercial,Suburban,Freehold,4314,4025,11,Good,1631000,244600,8000,1883600
CASE-2026-TR-03816,Perak,Agricultural,Suburban,Freehold,39553,0,33,Fair,1295000,194200,2000,1491200
CASE-2026-TR-03817,Melaka,Commercial,Urban,Freehold,6776,7316,3,Good,3313000,497000,8000,3818000
CASE-2026-TR-03818,Johor,Commercial,Suburban,Leasehold_99,3341,3059,22,Good,1228000,184200,8000,1420200
CASE-2026-TR-03819,Johor,Industrial,Suburban,Freehold,19030,8117,4,Fair,4432000,664800,8000,5104800
CASE-2026-TR-03820,Penang,Industrial,Rural_Coastal,Freehold,22614,13275,14,Good,5952000,892800,8000,6852800
CASE-2026-TR-03821,Johor,Residential,Suburban,Freehold,3210,2724,25,Fair,856000,128400,8000,992400
CASE-2026-TR-03822,Pahang,Commercial,Suburban,Freehold,3067,3464,4,Poor,1084000,162600,8000,1254600
CASE-2026-TR-03823,Melaka,Residential,Rural_Coastal,Freehold,3398,2900,14,Fair,777000,116600,8000,901600
CASE-2026-TR-03824,Selangor,Residential,Urban,Freehold,2607,1701,13,Good,784000,117600,8000,909600
CASE-2026-TR-03825,Perak,Residential,Urban,Freehold,5566,4339,9,Fair,1249000,187400,8000,1444400
CASE-2026-TR-03826,Selangor,Agricultural,Suburban,Freehold,53509,755,15,Good,2903000,435400,8000,3346400
CASE-2026-TR-03827,Sarawak,Residential,Rural_Coastal,Freehold,3037,2838,31,Fair,598000,89700,8000,695700
CASE-2026-TR-03828,Johor,Residential,Suburban,Leasehold_99,6438,4249,15,Excellent,1544000,231600,8000,1783600
CASE-2026-TR-03829,Perak,Agricultural,Rural_Coastal,Freehold,31887,0,28,Good,957000,143600,2000,1102600
CASE-2026-TR-03830,Penang,Commercial,Urban,Leasehold_99,7869,10881,19,Good,4286000,642900,8000,4936900
CASE-2026-TR-03831,Sarawak,Agricultural,Urban,Leasehold_99,60731,0,14,Good,2410000,361500,2000,2773500
CASE-2026-TR-03832,Selangor,Residential,Rural_Coastal,Malay_Reserve,2998,2115,33,Good,586000,87900,8000,681900
CASE-2026-TR-03833,Selangor,Residential,Urban,Malay_Reserve,4760,4320,10,Fair,1549000,232400,8000,1789400
CASE-2026-TR-03834,Sabah,Industrial,Rural_Coastal,Freehold,16832,10293,8,Good,3774000,566100,8000,4348100
CASE-2026-TR-03835,Melaka,Residential,Urban,Freehold,2531,1837,10,Fair,695000,104200,8000,807200
CASE-2026-TR-03836,Sarawak,Commercial,Suburban,Freehold,9420,11973,22,Excellent,3802000,570300,8000,4380300
CASE-2026-TR-03837,Johor,Residential,Suburban,Leasehold_99,5064,4162,22,Poor,1091000,163600,8000,1262600
CASE-2026-TR-03838,Johor,Residential,Urban,Freehold,4816,4189,23,Good,1525000,228800,8000,1761800
CASE-2026-TR-03839,Selangor,Commercial,Suburban,Freehold,1638,2146,22,Good,881000,132200,8000,1021200
CASE-2026-TR-03840,Selangor,Residential,Rural_Coastal,Freehold,1892,1521,27,Poor,429000,64400,8000,501400
CASE-2026-TR-03841,Pahang,Commercial,Rural_Coastal,Leasehold_99,9493,7997,14,Fair,2623000,393400,8000,3024400
CASE-2026-TR-03842,Selangor,Agricultural,Rural_Coastal,Freehold,31092,642,28,Good,1354000,203100,8000,1565100
CASE-2026-TR-03843,Pahang,Agricultural,Urban,Freehold,23687,814,14,Excellent,1013000,152000,8000,1173000
CASE-2026-TR-03844,Selangor,Agricultural,Urban,Leasehold_99,36474,0,7,Excellent,2080000,312000,2000,2394000
CASE-2026-TR-03845,Selangor,Commercial,Urban,Leasehold_99,5925,5339,25,Good,2824000,423600,8000,3255600
CASE-2026-TR-03846,Johor,Residential,Suburban,Leasehold_99,7133,4744,32,Good,1539000,230800,8000,1777800
CASE-2026-TR-03847,Pahang,Residential,Urban,Freehold,5643,4743,32,Good,1211000,181600,8000,1400600
CASE-2026-TR-03848,Penang,Agricultural,Suburban,Malay_Reserve,63984,1238,31,Poor,2981000,447200,8000,3436200
CASE-2026-TR-03849,Pahang,Residential,Urban,Leasehold_99,5561,4020,6,Good,1399000,209800,8000,1616800
CASE-2026-TR-03850,Sabah,Agricultural,Urban,Leasehold_99,24003,0,25,Good,913000,137000,2000,1052000
CASE-2026-TR-03851,Sarawak,Industrial,Urban,Leasehold_99,6790,3761,2,Good,1834000,275100,8000,2117100
CASE-2026-TR-03852,Penang,Commercial,Urban,Freehold,5633,6152,20,Fair,2602000,390300,8000,3000300
CASE-2026-TR-03853,Selangor,Residential,Urban,Leasehold_99,3009,2257,3,Excellent,1061000,159200,8000,1228200
CASE-2026-TR-03854,Penang,Commercial,Suburban,Leasehold_99,2802,2431,7,Good,1219000,182800,8000,1409800
CASE-2026-TR-03855,Melaka,Commercial,Urban,Freehold,2244,1621,15,Good,951000,142600,8000,1101600
CASE-2026-TR-03856,Penang,Commercial,Suburban,Leasehold_99,9768,10201,18,Excellent,5013000,752000,8000,5773000
CASE-2026-TR-03857,Penang,Residential,Urban,Malay_Reserve,5288,4745,31,Good,1468000,220200,8000,1696200
CASE-2026-TR-03858,Perak,Residential,Suburban,Leasehold_99,6132,4741,13,Good,1467000,220000,8000,1695000
CASE-2026-TR-03859,Selangor,Commercial,Urban,Freehold,1784,1378,16,Excellent,967000,145000,8000,1120000
CASE-2026-TR-03860,Johor,Industrial,Suburban,Leasehold_99,23715,16081,14,Excellent,7077000,1061600,8000,8146600
CASE-2026-TR-03861,Selangor,Residential,Urban,Freehold,6384,5721,30,Good,2107000,316000,8000,2431000
CASE-2026-TR-03862,Penang,Residential,Suburban,Freehold,4147,2856,16,Good,1119000,167800,8000,1294800
CASE-2026-TR-03863,Melaka,Industrial,Urban,Leasehold_99,30246,16142,21,Good,6877000,1031600,8000,7916600
CASE-2026-TR-03864,Pahang,Residential,Suburban,Leasehold_99,2920,2366,20,Good,635000,95200,8000,738200
CASE-2026-TR-03865,Penang,Residential,Suburban,Freehold,2648,1807,10,Excellent,813000,122000,8000,943000
CASE-2026-TR-03866,Penang,Agricultural,Suburban,Leasehold_99,19006,0,9,Good,937000,140600,2000,1079600
CASE-2026-TR-03867,Penang,Residential,Suburban,Freehold,3596,3383,14,Good,1177000,176600,8000,1361600
CASE-2026-TR-03868,Perak,Agricultural,Rural_Coastal,Freehold,64074,0,34,Good,1914000,287100,2000,2203100
CASE-2026-TR-03869,Terengganu,Commercial,Urban,Leasehold_99,4967,4704,26,Poor,1484000,222600,8000,1714600
CASE-2026-TR-03870,Selangor,Agricultural,Suburban,Freehold,30545,1318,28,Poor,1722000,258300,8000,1988300
CASE-2026-TR-03871,Pahang,Residential,Rural_Coastal,Freehold,4259,3371,8,Good,1091000,163600,8000,1262600
CASE-2026-TR-03872,Sabah,Agricultural,Suburban,Leasehold_99,61300,0,4,Good,2128000,319200,2000,2449200
CASE-2026-TR-03873,Selangor,Commercial,Urban,Freehold,8902,8706,4,Excellent,5341000,801200,8000,6150200
CASE-2026-TR-03874,Selangor,Residential,Suburban,Freehold,5276,3473,23,Fair,1483000,222400,8000,1713400
CASE-2026-TR-03875,Perak,Residential,Suburban,Leasehold_99,2103,1836,3,Excellent,607000,91000,8000,706000
CASE-2026-TR-03876,Johor,Residential,Suburban,Freehold,3365,2090,3,Good,889000,133400,8000,1030400
CASE-2026-TR-03877,Penang,Agricultural,Urban,Freehold,21140,0,3,Fair,1166000,174900,2000,1342900
CASE-2026-TR-03878,Johor,Residential,Suburban,Leasehold_99,7191,4061,12,Poor,1554000,233100,8000,1795100
CASE-2026-TR-03879,Selangor,Residential,Urban,Leasehold_99,7318,6356,23,Fair,2222000,333300,8000,2563300
CASE-2026-TR-03880,Selangor,Agricultural,Suburban,Freehold,30023,1387,15,Fair,1711000,256600,8000,1975600
CASE-2026-TR-03881,Melaka,Residential,Suburban,Freehold,3837,3408,19,Fair,948000,142200,8000,1098200
CASE-2026-TR-03882,Johor,Agricultural,Suburban,Freehold,33977,774,22,Excellent,1536000,230400,8000,1774400
CASE-2026-TR-03883,Sarawak,Agricultural,Suburban,Malay_Reserve,60090,0,4,Fair,2039000,305800,2000,2346800
CASE-2026-TR-03884,Pahang,Commercial,Suburban,Freehold,7137,8301,5,Good,2943000,441400,8000,3392400
CASE-2026-TR-03885,Perak,Residential,Suburban,Freehold,6645,5475,6,Excellent,2006000,300900,8000,2314900
CASE-2026-TR-03886,Penang,Residential,Urban,Malay_Reserve,1830,1316,18,Excellent,515000,77200,8000,600200
CASE-2026-TR-03887,Perak,Residential,Rural_Coastal,Freehold,4538,4166,2,Fair,1145000,171800,8000,1324800
CASE-2026-TR-03888,Selangor,Commercial,Urban,Freehold,9370,7772,18,Good,4710000,706500,8000,5424500
CASE-2026-TR-03889,Selangor,Agricultural,Urban,Leasehold_99,27248,0,20,Fair,1658000,248700,2000,1908700
CASE-2026-TR-03890,Sabah,Residential,Urban,Freehold,2789,1684,30,Poor,533000,80000,8000,621000
CASE-2026-TR-03891,Johor,Residential,Suburban,Freehold,4141,3044,33,Fair,898000,134700,8000,1040700
CASE-2026-TR-03892,Melaka,Residential,Urban,Leasehold_99,2154,1599,11,Good,588000,88200,8000,684200
CASE-2026-TR-03893,Melaka,Residential,Urban,Freehold,3896,2520,16,Good,1037000,155600,8000,1200600
CASE-2026-TR-03894,Selangor,Industrial,Urban,Malay_Reserve,28575,14353,24,Excellent,9396000,1409400,8000,10813400
CASE-2026-TR-03895,Selangor,Agricultural,Urban,Freehold,59382,0,7,Excellent,3567000,535000,2000,4104000
CASE-2026-TR-03896,Pahang,Industrial,Urban,Freehold,14104,10507,14,Fair,3556000,533400,8000,4097400
CASE-2026-TR-03897,Sarawak,Commercial,Urban,Freehold,4076,5392,3,Excellent,2431000,364600,8000,2803600
CASE-2026-TR-03898,Perak,Industrial,Urban,Leasehold_99,33285,14692,5,Fair,7569000,1135400,8000,8712400
CASE-2026-TR-03899,Penang,Commercial,Urban,Leasehold_99,4373,5379,12,Fair,2247000,337000,8000,2592000
CASE-2026-TR-03900,Johor,Residential,Urban,Freehold,1964,1625,16,Excellent,614000,92100,8000,714100
CASE-2026-TR-03901,Selangor,Residential,Rural_Coastal,Leasehold_99,2259,1406,24,Fair,471000,70600,8000,549600
CASE-2026-TR-03902,Sarawak,Agricultural,Urban,Freehold,42296,0,7,Fair,1723000,258400,2000,1983400
CASE-2026-TR-03903,Penang,Agricultural,Rural_Coastal,Leasehold_99,55106,0,26,Fair,2364000,354600,2000,2720600
CASE-2026-TR-03904,Selangor,Residential,Urban,Freehold,2177,1934,9,Good,793000,119000,8000,920000
CASE-2026-TR-03905,Selangor,Residential,Suburban,Leasehold_99,4460,3103,30,Good,1237000,185600,8000,1430600
CASE-2026-TR-03906,Selangor,Agricultural,Urban,Freehold,35309,0,15,Excellent,2238000,335700,2000,2575700
CASE-2026-TR-03907,Penang,Agricultural,Rural_Coastal,Leasehold_99,27597,951,17,Excellent,1131000,169600,8000,1308600
CASE-2026-TR-03908,Johor,Residential,Rural_Coastal,Freehold,2509,2158,32,Fair,505000,75800,8000,588800
CASE-2026-TR-03909,Melaka,Residential,Suburban,Leasehold_99,5583,4661,22,Fair,1287000,193000,8000,1488000
CASE-2026-TR-03910,Pahang,Industrial,Suburban,Freehold,32387,17359,20,Good,6775000,1016200,8000,7799200
CASE-2026-TR-03911,Johor,Industrial,Rural_Coastal,Freehold,21029,11708,9,Good,5376000,806400,8000,6190400
CASE-2026-TR-03912,Johor,Agricultural,Urban,Freehold,30936,0,23,Fair,1627000,244000,2000,1873000
CASE-2026-TR-03913,Melaka,Commercial,Urban,Leasehold_99,8118,11087,10,Good,3821000,573200,8000,4402200
CASE-2026-TR-03914,Selangor,Residential,Suburban,Freehold,2023,1871,14,Fair,640000,96000,8000,744000
CASE-2026-TR-03915,Penang,Agricultural,Urban,Leasehold_99,21910,691,6,Good,1224000,183600,8000,1415600
CASE-2026-TR-03916,Selangor,Residential,Rural_Coastal,Freehold,1936,1315,6,Good,528000,79200,8000,615200
CASE-2026-TR-03917,Selangor,Residential,Rural_Coastal,Leasehold_99,5514,3043,1,Good,1461000,219200,8000,1688200
CASE-2026-TR-03918,Perak,Residential,Urban,Leasehold_99,7014,4063,9,Excellent,1723000,258400,8000,1989400
CASE-2026-TR-03919,Johor,Commercial,Suburban,Malay_Reserve,5499,4278,4,Good,2006000,300900,8000,2314900
CASE-2026-TR-03920,Johor,Commercial,Suburban,Freehold,9947,7376,16,Fair,3536000,530400,8000,4074400
CASE-2026-TR-03921,Selangor,Residential,Urban,Leasehold_99,2447,2060,19,Good,758000,113700,8000,879700
CASE-2026-TR-03922,Penang,Residential,Urban,Leasehold_99,4781,3896,17,Good,1397000,209600,8000,1614600
CASE-2026-TR-03923,Penang,Industrial,Suburban,Leasehold_99,4941,3314,23,Excellent,1475000,221200,8000,1704200
CASE-2026-TR-03924,Sabah,Residential,Suburban,Malay_Reserve,4257,2901,11,Good,980000,147000,8000,1135000
CASE-2026-TR-03925,Selangor,Residential,Urban,Freehold,5528,3817,26,Good,1672000,250800,8000,1930800
CASE-2026-TR-03926,Johor,Commercial,Urban,Leasehold_99,3618,3876,6,Good,1672000,250800,8000,1930800
CASE-2026-TR-03927,Terengganu,Residential,Urban,Leasehold_99,6321,4873,8,Poor,1266000,189900,8000,1463900
CASE-2026-TR-03928,Selangor,Residential,Suburban,Malay_Reserve,1516,1304,21,Excellent,471000,70600,8000,549600
CASE-2026-TR-03929,Johor,Residential,Urban,Freehold,5626,4791,4,Good,1816000,272400,8000,2096400
CASE-2026-TR-03930,Selangor,Residential,Urban,Leasehold_99,3161,1996,34,Good,856000,128400,8000,992400
CASE-2026-TR-03931,Johor,Industrial,Urban,Freehold,32878,23786,4,Excellent,11323000,1698400,8000,13029400
CASE-2026-TR-03932,Pahang,Commercial,Urban,Leasehold_99,11469,9269,10,Poor,3683000,552400,8000,4243400
CASE-2026-TR-03933,Sabah,Residential,Urban,Freehold,3415,3011,15,Good,967000,145000,8000,1120000
CASE-2026-TR-03934,Melaka,Residential,Urban,Freehold,5796,4575,14,Good,1587000,238000,8000,1833000
CASE-2026-TR-03935,Johor,Residential,Urban,Leasehold_99,1969,1178,15,Fair,473000,71000,8000,552000
CASE-2026-TR-03936,Melaka,Residential,Suburban,Leasehold_99,7490,5997,2,Excellent,2331000,349600,8000,2688600
CASE-2026-TR-03937,Penang,Commercial,Urban,Freehold,7586,8936,18,Good,4158000,623700,8000,4789700
CASE-2026-TR-03938,Selangor,Residential,Suburban,Leasehold_99,1334,1210,4,Excellent,487000,73000,8000,568000
CASE-2026-TR-03939,Pahang,Residential,Urban,Leasehold_99,4358,3321,31,Good,928000,139200,8000,1075200
CASE-2026-TR-03940,Pahang,Agricultural,Suburban,Malay_Reserve,31665,1029,15,Excellent,1047000,157000,8000,1212000
CASE-2026-TR-03941,Sabah,Residential,Suburban,Malay_Reserve,2136,1841,7,Excellent,570000,85500,8000,663500
CASE-2026-TR-03942,Pahang,Residential,Rural_Coastal,Malay_Reserve,1520,1377,5,Excellent,408000,61200,8000,477200
CASE-2026-TR-03943,Pahang,Agricultural,Rural_Coastal,Freehold,50048,424,38,Fair,1437000,215600,8000,1660600
CASE-2026-TR-03944,Perak,Commercial,Suburban,Freehold,2176,2911,10,Excellent,969000,145400,8000,1122400
CASE-2026-TR-03945,Selangor,Commercial,Suburban,Freehold,4651,4912,7,Excellent,2869000,430400,8000,3307400
CASE-2026-TR-03946,Johor,Residential,Urban,Freehold,2469,1593,24,Excellent,666000,99900,8000,773900
CASE-2026-TR-03947,Selangor,Agricultural,Rural_Coastal,Leasehold_99,15403,0,17,Excellent,636000,95400,2000,733400
CASE-2026-TR-03948,Sarawak,Agricultural,Suburban,Freehold,63442,665,1,Fair,2418000,362700,8000,2788700
CASE-2026-TR-03949,Penang,Residential,Suburban,Leasehold_99,4394,3692,3,Good,1416000,212400,8000,1636400
CASE-2026-TR-03950,Melaka,Residential,Rural_Coastal,Freehold,4883,3484,2,Fair,1147000,172000,8000,1327000
CASE-2026-TR-03951,Penang,Residential,Urban,Freehold,3877,3136,19,Poor,1071000,160600,8000,1239600
CASE-2026-TR-03952,Selangor,Residential,Suburban,Malay_Reserve,1499,1370,26,Poor,347000,52000,8000,407000
CASE-2026-TR-03953,Sabah,Commercial,Suburban,Freehold,2089,1942,23,Poor,655000,98200,8000,761200
CASE-2026-TR-03954,Penang,Residential,Urban,Freehold,1601,954,5,Good,528000,79200,8000,615200
CASE-2026-TR-03955,Selangor,Agricultural,Urban,Freehold,64941,0,31,Good,3943000,591400,2000,4536400
CASE-2026-TR-03956,Pahang,Agricultural,Suburban,Freehold,15231,827,5,Good,589000,88400,8000,685400
CASE-2026-TR-03957,Johor,Agricultural,Urban,Freehold,37232,680,6,Good,1939000,290800,8000,2237800
CASE-2026-TR-03958,Penang,Commercial,Urban,Leasehold_99,3592,3065,23,Good,1578000,236700,8000,1822700
CASE-2026-TR-03959,Melaka,Industrial,Rural_Coastal,Leasehold_99,11012,8179,17,Excellent,2653000,398000,8000,3059000
CASE-2026-TR-03960,Johor,Commercial,Suburban,Malay_Reserve,7716,9853,22,Good,3430000,514500,8000,3952500
CASE-2026-TR-03961,Penang,Residential,Urban,Malay_Reserve,3220,3039,24,Good,918000,137700,8000,1063700
CASE-2026-TR-03962,Selangor,Agricultural,Urban,Freehold,51029,551,13,Excellent,3204000,480600,8000,3692600
CASE-2026-TR-03963,Pahang,Residential,Urban,Leasehold_99,3559,2924,3,Fair,858000,128700,8000,994700
CASE-2026-TR-03964,Selangor,Industrial,Urban,Freehold,20186,13310,20,Fair,6792000,1018800,8000,7818800
CASE-2026-TR-03965,Johor,Residential,Suburban,Leasehold_99,4388,2956,2,Good,1184000,177600,8000,1369600
CASE-2026-TR-03966,Johor,Agricultural,Urban,Freehold,63423,1451,22,Good,3195000,479200,8000,3682200
CASE-2026-TR-03967,Selangor,Agricultural,Urban,Freehold,22653,422,24,Good,1513000,227000,8000,1748000
CASE-2026-TR-03968,Perak,Agricultural,Rural_Coastal,Malay_Reserve,48373,0,18,Fair,1261000,189200,2000,1452200
CASE-2026-TR-03969,Sabah,Commercial,Urban,Freehold,2175,2908,27,Fair,822000,123300,8000,953300
CASE-2026-TR-03970,Selangor,Residential,Urban,Freehold,4884,3031,10,Good,1468000,220200,8000,1696200
CASE-2026-TR-03971,Johor,Commercial,Urban,Freehold,7666,10710,27,Good,3665000,549800,8000,4222800
CASE-2026-TR-03972,Perak,Commercial,Rural_Coastal,Freehold,7154,8937,12,Good,2728000,409200,8000,3145200
CASE-2026-TR-03973,Penang,Residential,Suburban,Freehold,3458,3159,6,Excellent,1120000,168000,8000,1296000
CASE-2026-TR-03974,Sabah,Residential,Rural_Coastal,Malay_Reserve,7468,6167,2,Fair,1622000,243300,8000,1873300
CASE-2026-TR-03975,Perak,Industrial,Rural_Coastal,Freehold,23503,12357,3,Good,5087000,763000,8000,5858000
CASE-2026-TR-03976,Sabah,Residential,Suburban,Freehold,3847,3186,18,Fair,874000,131100,8000,1013100
CASE-2026-TR-03977,Terengganu,Agricultural,Rural_Coastal,Leasehold_99,45496,0,26,Good,1113000,167000,2000,1282000
CASE-2026-TR-03978,Penang,Residential,Suburban,Freehold,3313,2321,28,Excellent,880000,132000,8000,1020000
CASE-2026-TR-03979,Melaka,Agricultural,Suburban,Leasehold_99,45714,0,30,Fair,1893000,284000,2000,2179000
CASE-2026-TR-03980,Pahang,Agricultural,Urban,Freehold,31449,795,6,Good,1226000,183900,8000,1417900
CASE-2026-TR-03981,Johor,Agricultural,Urban,Malay_Reserve,28533,0,37,Poor,1226000,183900,2000,1411900
CASE-2026-TR-03982,Johor,Residential,Suburban,Freehold,6555,4587,34,Good,1547000,232000,8000,1787000
CASE-2026-TR-03983,Penang,Residential,Rural_Coastal,Freehold,5322,3445,3,Good,1389000,208400,8000,1605400
CASE-2026-TR-03984,Penang,Agricultural,Urban,Leasehold_99,26381,1302,7,Fair,1428000,214200,8000,1650200
CASE-2026-TR-03985,Johor,Agricultural,Suburban,Leasehold_99,55047,0,15,Excellent,2172000,325800,2000,2499800
CASE-2026-TR-03986,Melaka,Residential,Rural_Coastal,Freehold,3438,2408,10,Good,730000,109500,8000,847500
CASE-2026-TR-03987,Penang,Residential,Urban,Freehold,2312,1890,17,Excellent,801000,120200,8000,929200
CASE-2026-TR-03988,Johor,Commercial,Suburban,Freehold,5977,7426,19,Excellent,2838000,425700,8000,3271700
CASE-2026-TR-03989,Penang,Residential,Rural_Coastal,Leasehold_99,7310,5045,20,Excellent,1789000,268400,8000,2065400
CASE-2026-TR-03990,Johor,Residential,Rural_Coastal,Leasehold_99,6231,4325,33,Fair,1133000,170000,8000,1311000
CASE-2026-TR-03991,Pahang,Commercial,Suburban,Leasehold_99,7731,10577,24,Good,2700000,405000,8000,3113000
CASE-2026-TR-03992,Penang,Agricultural,Suburban,Leasehold_99,26691,0,13,Good,1213000,182000,2000,1397000
CASE-2026-TR-03993,Selangor,Agricultural,Suburban,Malay_Reserve,56253,609,1,Fair,2790000,418500,8000,3216500
CASE-2026-TR-03994,Johor,Residential,Rural_Coastal,Freehold,1827,1731,30,Excellent,432000,64800,8000,504800
CASE-2026-TR-03995,Penang,Residential,Urban,Freehold,7379,6356,29,Good,2213000,332000,8000,2553000
CASE-2026-TR-03996,Penang,Industrial,Urban,Leasehold_99,26337,19570,10,Good,9212000,1381800,8000,10601800
CASE-2026-TR-03997,Selangor,Residential,Rural_Coastal,Freehold,5027,3274,10,Excellent,1398000,209700,8000,1615700
CASE-2026-TR-03998,Selangor,Residential,Urban,Freehold,6521,3783,13,Excellent,2306000,345900,8000,2659900
CASE-2026-TR-03999,Melaka,Residential,Rural_Coastal,Freehold,4544,3442,9,Good,1073000,161000,8000,1242000
CASE-2026-TR-04000,Pahang,Residential,Urban,Freehold,2901,2304,4,Excellent,812000,121800,8000,941800
CASE-2026-TR-04001,Selangor,Residential,Suburban,Freehold,2651,2330,22,Fair,806000,120900,8000,934900
CASE-2026-TR-04002,Pahang,Agricultural,Urban,Leasehold_99,61643,0,10,Fair,2314000,347100,2000,2663100
CASE-2026-TR-04003,Penang,Industrial,Urban,Leasehold_99,34633,23098,19,Good,11430000,1714500,8000,13152500
CASE-2026-TR-04004,Selangor,Commercial,Suburban,Leasehold_99,8692,8518,16,Excellent,4182000,627300,8000,4817300
CASE-2026-TR-04005,Selangor,Commercial,Suburban,Freehold,9226,11677,22,Poor,3958000,593700,8000,4559700
CASE-2026-TR-04006,Perak,Residential,Suburban,Freehold,1845,1561,6,Good,487000,73000,8000,568000
CASE-2026-TR-04007,Selangor,Residential,Rural_Coastal,Freehold,2144,1850,18,Excellent,607000,91000,8000,706000
CASE-2026-TR-04008,Penang,Agricultural,Urban,Leasehold_99,30410,0,39,Excellent,1550000,232500,2000,1784500
CASE-2026-TR-04009,Johor,Residential,Urban,Freehold,5794,5021,19,Good,1748000,262200,8000,2018200
CASE-2026-TR-04010,Melaka,Commercial,Urban,Freehold,11137,14179,15,Excellent,6072000,910800,8000,6990800
CASE-2026-TR-04011,Perak,Residential,Suburban,Freehold,7127,6506,25,Excellent,1764000,264600,8000,2036600
CASE-2026-TR-04012,Penang,Commercial,Suburban,Freehold,8177,8969,22,Excellent,4040000,606000,8000,4654000
CASE-2026-TR-04013,Selangor,Agricultural,Urban,Malay_Reserve,47898,799,8,Good,2604000,390600,8000,3002600
CASE-2026-TR-04014,Perak,Industrial,Urban,Freehold,27226,12515,11,Good,5949000,892400,8000,6849400
CASE-2026-TR-04015,Perak,Residential,Suburban,Leasehold_99,5282,3476,34,Fair,880000,132000,8000,1020000
CASE-2026-TR-04016,Selangor,Residential,Suburban,Freehold,4695,2587,18,Good,1280000,192000,8000,1480000
CASE-2026-TR-04017,Johor,Commercial,Suburban,Malay_Reserve,9748,8681,14,Excellent,3909000,586400,8000,4503400
CASE-2026-TR-04018,Terengganu,Residential,Urban,Leasehold_99,2067,1566,33,Good,386000,57900,8000,451900
CASE-2026-TR-04019,Melaka,Commercial,Urban,Freehold,11316,11942,9,Excellent,5537000,830600,8000,6375600
CASE-2026-TR-04020,Selangor,Residential,Rural_Coastal,Leasehold_99,7152,6631,5,Excellent,2367000,355000,8000,2730000
CASE-2026-TR-04021,Selangor,Commercial,Suburban,Freehold,9091,10708,2,Excellent,5780000,867000,8000,6655000
CASE-2026-TR-04022,Melaka,Residential,Suburban,Freehold,4193,2464,28,Good,876000,131400,8000,1015400
CASE-2026-TR-04023,Selangor,Residential,Suburban,Malay_Reserve,3018,2105,22,Good,796000,119400,8000,923400
CASE-2026-TR-04024,Selangor,Residential,Rural_Coastal,Freehold,3756,3516,27,Excellent,1110000,166500,8000,1284500
CASE-2026-TR-04025,Johor,Commercial,Urban,Malay_Reserve,2045,1767,24,Good,745000,111800,8000,864800
CASE-2026-TR-04026,Selangor,Residential,Suburban,Freehold,4586,3974,24,Good,1440000,216000,8000,1664000
CASE-2026-TR-04027,Johor,Residential,Rural_Coastal,Leasehold_99,1583,1280,11,Excellent,435000,65200,8000,508200
CASE-2026-TR-04028,Selangor,Agricultural,Suburban,Freehold,54499,406,14,Poor,2730000,409500,8000,3147500
CASE-2026-TR-04029,Johor,Residential,Rural_Coastal,Freehold,3609,3013,14,Good,929000,139400,8000,1076400
CASE-2026-TR-04030,Selangor,Residential,Suburban,Leasehold_99,6863,5344,34,Good,1824000,273600,8000,2105600
CASE-2026-TR-04031,Selangor,Industrial,Suburban,Freehold,32236,22205,18,Poor,9329000,1399400,8000,10736400
CASE-2026-TR-04032,Pahang,Residential,Rural_Coastal,Freehold,5578,4060,2,Poor,1080000,162000,8000,1250000
CASE-2026-TR-04033,Melaka,Residential,Rural_Coastal,Freehold,7453,5166,20,Good,1640000,246000,8000,1894000
CASE-2026-TR-04034,Sarawak,Industrial,Suburban,Freehold,11920,8528,20,Good,3164000,474600,8000,3646600
CASE-2026-TR-04035,Penang,Residential,Urban,Freehold,3831,2812,16,Fair,1174000,176100,8000,1358100
CASE-2026-TR-04036,Penang,Commercial,Rural_Coastal,Freehold,2962,2514,1,Fair,1236000,185400,8000,1429400
CASE-2026-TR-04037,Selangor,Residential,Urban,Freehold,3962,2600,23,Fair,1122000,168300,8000,1298300
CASE-2026-TR-04038,Melaka,Commercial,Urban,Leasehold_99,8092,10474,5,Excellent,4379000,656800,8000,5043800
CASE-2026-TR-04039,Penang,Residential,Urban,Malay_Reserve,7164,4219,20,Good,1768000,265200,8000,2041200
CASE-2026-TR-04040,Sabah,Commercial,Urban,Freehold,8511,8310,6,Excellent,3872000,580800,8000,4460800
CASE-2026-TR-04041,Penang,Agricultural,Suburban,Freehold,32844,1198,2,Fair,1684000,252600,8000,1944600
CASE-2026-TR-04042,Sabah,Residential,Suburban,Leasehold_99,4536,2914,28,Good,862000,129300,8000,999300
CASE-2026-TR-04043,Johor,Agricultural,Urban,Freehold,56725,0,31,Excellent,2851000,427600,2000,3280600
CASE-2026-TR-04044,Penang,Residential,Rural_Coastal,Leasehold_99,3919,2360,2,Excellent,976000,146400,8000,1130400
CASE-2026-TR-04045,Sabah,Commercial,Urban,Leasehold_99,10454,9243,6,Fair,3862000,579300,8000,4449300
CASE-2026-TR-04046,Johor,Residential,Rural_Coastal,Freehold,5391,5031,28,Fair,1154000,173100,8000,1335100
CASE-2026-TR-04047,Johor,Residential,Suburban,Freehold,4003,2458,18,Excellent,998000,149700,8000,1155700
CASE-2026-TR-04048,Johor,Residential,Urban,Freehold,6669,3673,18,Poor,1490000,223500,8000,1721500
CASE-2026-TR-04049,Penang,Commercial,Rural_Coastal,Malay_Reserve,2984,3335,15,Good,1146000,171900,8000,1325900
CASE-2026-TR-04050,Sabah,Residential,Urban,Leasehold_99,2377,1722,31,Fair,449000,67400,8000,524400
CASE-2026-TR-04051,Johor,Residential,Rural_Coastal,Freehold,2762,2384,21,Poor,546000,81900,8000,635900
CASE-2026-TR-04052,Melaka,Residential,Rural_Coastal,Malay_Reserve,3317,2709,22,Fair,641000,96200,8000,745200
CASE-2026-TR-04053,Pahang,Residential,Suburban,Leasehold_99,3864,3056,12,Good,853000,128000,8000,989000
CASE-2026-TR-04054,Pahang,Industrial,Urban,Malay_Reserve,32189,13199,13,Fair,6772000,1015800,8000,7795800
CASE-2026-TR-04055,Perak,Agricultural,Urban,Freehold,22644,1001,11,Excellent,918000,137700,8000,1063700
CASE-2026-TR-04056,Johor,Commercial,Rural_Coastal,Leasehold_99,4072,5114,23,Good,1708000,256200,8000,1972200
CASE-2026-TR-04057,Selangor,Residential,Urban,Leasehold_99,5252,3927,7,Poor,1592000,238800,8000,1838800
CASE-2026-TR-04058,Johor,Residential,Suburban,Malay_Reserve,6389,5643,18,Poor,1373000,206000,8000,1587000
CASE-2026-TR-04059,Johor,Agricultural,Suburban,Freehold,64352,0,20,Good,2881000,432200,2000,3315200
CASE-2026-TR-04060,Sarawak,Residential,Suburban,Malay_Reserve,2490,1603,33,Good,432000,64800,8000,504800
CASE-2026-TR-04061,Johor,Residential,Rural_Coastal,Freehold,6514,4345,20,Good,1438000,215700,8000,1661700
CASE-2026-TR-04062,Selangor,Agricultural,Rural_Coastal,Freehold,59460,0,39,Fair,2583000,387400,2000,2972400
CASE-2026-TR-04063,Penang,Residential,Suburban,Freehold,5115,3019,19,Excellent,1314000,197100,8000,1519100
CASE-2026-TR-04064,Selangor,Industrial,Suburban,Leasehold_99,27860,18074,26,Excellent,8196000,1229400,8000,9433400
CASE-2026-TR-04065,Selangor,Residential,Rural_Coastal,Freehold,6590,4590,24,Excellent,1705000,255800,8000,1968800
CASE-2026-TR-04066,Pahang,Agricultural,Urban,Leasehold_99,15019,758,34,Good,578000,86700,8000,672700
CASE-2026-TR-04067,Perak,Commercial,Urban,Freehold,8643,7301,21,Excellent,3163000,474400,8000,3645400
CASE-2026-TR-04068,Selangor,Residential,Rural_Coastal,Freehold,5603,4632,22,Good,1681000,252200,8000,1941200
CASE-2026-TR-04069,Johor,Residential,Rural_Coastal,Leasehold_99,1579,1316,34,Good,325000,48800,8000,381800
CASE-2026-TR-04070,Sabah,Industrial,Suburban,Freehold,15992,10663,15,Good,4130000,619500,8000,4757500
CASE-2026-TR-04071,Sarawak,Residential,Suburban,Malay_Reserve,6989,4850,25,Fair,1292000,193800,8000,1493800
CASE-2026-TR-04072,Perak,Residential,Urban,Leasehold_99,5024,4269,27,Excellent,1154000,173100,8000,1335100
CASE-2026-TR-04073,Johor,Residential,Rural_Coastal,Leasehold_99,7174,5006,26,Excellent,1524000,228600,8000,1760600
CASE-2026-TR-04074,Selangor,Residential,Rural_Coastal,Freehold,2402,1863,15,Good,699000,104800,8000,811800
CASE-2026-TR-04075,Terengganu,Residential,Suburban,Freehold,6379,4845,16,Good,1509000,226400,8000,1743400
CASE-2026-TR-04076,Johor,Residential,Suburban,Freehold,6714,3966,8,Excellent,1965000,294800,8000,2267800
CASE-2026-TR-04077,Selangor,Commercial,Suburban,Leasehold_99,5969,5293,4,Poor,2571000,385600,8000,2964600
CASE-2026-TR-04078,Selangor,Agricultural,Rural_Coastal,Freehold,22672,0,8,Good,985000,147800,2000,1134800
CASE-2026-TR-04079,Penang,Agricultural,Suburban,Malay_Reserve,22657,1361,3,Poor,1104000,165600,8000,1277600
CASE-2026-TR-04080,Terengganu,Residential,Urban,Freehold,1516,1374,23,Good,347000,52000,8000,407000
CASE-2026-TR-04081,Selangor,Agricultural,Urban,Leasehold_99,61294,0,27,Excellent,3627000,544000,2000,4173000
CASE-2026-TR-04082,Melaka,Agricultural,Rural_Coastal,Leasehold_99,51678,1446,6,Good,1665000,249800,8000,1922800
CASE-2026-TR-04083,Penang,Commercial,Suburban,Freehold,2540,3399,8,Good,1418000,212700,8000,1638700
CASE-2026-TR-04084,Pahang,Residential,Urban,Freehold,7442,5499,6,Excellent,2143000,321400,8000,2472400
CASE-2026-TR-04085,Terengganu,Agricultural,Suburban,Leasehold_99,39305,771,11,Fair,1293000,194000,8000,1495000
CASE-2026-TR-04086,Sarawak,Residential,Urban,Leasehold_99,7231,5126,17,Excellent,1643000,246400,8000,1897400
CASE-2026-TR-04087,Perak,Residential,Rural_Coastal,Leasehold_99,6300,5246,21,Good,1180000,177000,8000,1365000
CASE-2026-TR-04088,Penang,Residential,Urban,Leasehold_99,1434,932,20,Fair,408000,61200,8000,477200
CASE-2026-TR-04089,Selangor,Residential,Urban,Freehold,5594,5221,23,Good,1970000,295500,8000,2273500
CASE-2026-TR-04090,Penang,Residential,Urban,Freehold,3961,2244,15,Good,1116000,167400,8000,1291400
CASE-2026-TR-04091,Johor,Agricultural,Suburban,Freehold,20721,1299,39,Good,968000,145200,8000,1121200
CASE-2026-TR-04092,Perak,Commercial,Urban,Leasehold_99,11499,14401,16,Good,4707000,706000,8000,5421000
CASE-2026-TR-04093,Terengganu,Residential,Rural_Coastal,Malay_Reserve,2198,1903,21,Excellent,453000,68000,8000,529000
CASE-2026-TR-04094,Pahang,Residential,Rural_Coastal,Freehold,1800,1415,4,Excellent,475000,71200,8000,554200
CASE-2026-TR-04095,Penang,Residential,Suburban,Malay_Reserve,2249,1948,23,Fair,575000,86200,8000,669200
CASE-2026-TR-04096,Pahang,Residential,Urban,Freehold,5988,5526,15,Good,1613000,242000,8000,1863000
CASE-2026-TR-04097,Penang,Residential,Suburban,Freehold,1717,1158,24,Excellent,478000,71700,8000,557700
CASE-2026-TR-04098,Penang,Residential,Suburban,Freehold,4160,3599,2,Fair,1262000,189300,8000,1459300
CASE-2026-TR-04099,Sarawak,Residential,Suburban,Freehold,5286,2964,23,Good,1060000,159000,8000,1227000
CASE-2026-TR-04100,Johor,Residential,Urban,Freehold,5782,3269,2,Excellent,1665000,249800,8000,1922800
CASE-2026-TR-04101,Pahang,Agricultural,Suburban,Freehold,27094,0,31,Poor,947000,142000,2000,1091000
CASE-2026-TR-04102,Penang,Commercial,Urban,Freehold,7451,7346,19,Fair,3309000,496400,8000,3813400
CASE-2026-TR-04103,Selangor,Industrial,Urban,Leasehold_99,20411,9254,14,Good,5828000,874200,8000,6710200
CASE-2026-TR-04104,Johor,Industrial,Urban,Leasehold_99,7470,3241,18,Good,1901000,285200,8000,2194200
CASE-2026-TR-04105,Pahang,Commercial,Urban,Malay_Reserve,8991,11533,24,Good,3297000,494600,8000,3799600
CASE-2026-TR-04106,Pahang,Residential,Rural_Coastal,Leasehold_99,4433,3843,14,Fair,942000,141300,8000,1091300
CASE-2026-TR-04107,Johor,Commercial,Rural_Coastal,Freehold,9538,11114,17,Good,3850000,577500,8000,4435500
CASE-2026-TR-04108,Johor,Residential,Suburban,Freehold,4847,3391,19,Poor,1096000,164400,8000,1268400
CASE-2026-TR-04109,Selangor,Industrial,Rural_Coastal,Freehold,13551,9781,19,Good,3865000,579800,8000,4452800
CASE-2026-TR-04110,Johor,Agricultural,Suburban,Leasehold_99,30500,0,23,Fair,1177000,176600,2000,1355600
CASE-2026-TR-04111,Penang,Residential,Suburban,Leasehold_99,3469,2963,33,Excellent,942000,141300,8000,1091300
CASE-2026-TR-04112,Melaka,Residential,Urban,Freehold,2614,1902,4,Good,699000,104800,8000,811800
CASE-2026-TR-04113,Johor,Residential,Suburban,Freehold,7165,5365,6,Excellent,2292000,343800,8000,2643800
CASE-2026-TR-04114,Selangor,Residential,Urban,Leasehold_99,2811,2415,21,Poor,797000,119600,8000,924600
CASE-2026-TR-04115,Selangor,Residential,Rural_Coastal,Leasehold_99,3332,2252,11,Good,832000,124800,8000,964800
CASE-2026-TR-04116,Sarawak,Commercial,Suburban,Freehold,2775,3728,27,Fair,1046000,156900,8000,1210900
CASE-2026-TR-04117,Penang,Residential,Suburban,Leasehold_99,1697,1031,14,Fair,427000,64000,8000,499000
CASE-2026-TR-04118,Selangor,Agricultural,Urban,Leasehold_99,18325,0,21,Good,1085000,162800,2000,1249800
CASE-2026-TR-04119,Perak,Commercial,Rural_Coastal,Leasehold_99,6939,6682,11,Good,2116000,317400,8000,2441400
CASE-2026-TR-04120,Pahang,Residential,Suburban,Leasehold_99,3611,2160,8,Good,815000,122200,8000,945200
CASE-2026-TR-04121,Johor,Commercial,Rural_Coastal,Freehold,5106,6122,8,Fair,2263000,339400,8000,2610400
CASE-2026-TR-04122,Melaka,Residential,Urban,Freehold,5430,3381,26,Fair,1293000,194000,8000,1495000
CASE-2026-TR-04123,Selangor,Residential,Suburban,Freehold,4262,3735,22,Poor,1229000,184400,8000,1421400
CASE-2026-TR-04124,Selangor,Commercial,Urban,Freehold,6264,4953,17,Excellent,3431000,514600,8000,3953600
CASE-2026-TR-04125,Selangor,Industrial,Suburban,Freehold,12253,7330,7,Poor,3615000,542200,8000,4165200
CASE-2026-TR-04126,Selangor,Commercial,Rural_Coastal,Malay_Reserve,3124,2296,21,Fair,1010000,151500,8000,1169500
CASE-2026-TR-04127,Penang,Residential,Suburban,Freehold,1392,1046,34,Good,333000,50000,8000,391000
CASE-2026-TR-04128,Melaka,Commercial,Suburban,Freehold,11239,13733,5,Good,5380000,807000,8000,6195000
CASE-2026-TR-04129,Pahang,Residential,Rural_Coastal,Freehold,1583,1336,17,Excellent,383000,57400,8000,448400
CASE-2026-TR-04130,Sarawak,Residential,Urban,Malay_Reserve,3090,2841,33,Fair,642000,96300,8000,746300
CASE-2026-TR-04131,Johor,Residential,Urban,Leasehold_99,3202,2419,22,Excellent,893000,134000,8000,1035000
CASE-2026-TR-04132,Johor,Residential,Suburban,Freehold,3059,2720,28,Excellent,792000,118800,8000,918800
CASE-2026-TR-04133,Johor,Residential,Rural_Coastal,Freehold,5064,3266,5,Good,1193000,179000,8000,1380000
CASE-2026-TR-04134,Perak,Residential,Urban,Freehold,7483,6762,19,Excellent,2122000,318300,8000,2448300
CASE-2026-TR-04135,Sarawak,Residential,Urban,Leasehold_99,2074,1488,15,Fair,491000,73600,8000,572600
CASE-2026-TR-04136,Penang,Residential,Suburban,Malay_Reserve,5950,4805,8,Good,1678000,251700,8000,1937700
CASE-2026-TR-04137,Selangor,Residential,Urban,Freehold,5281,3459,21,Poor,1456000,218400,8000,1682400
CASE-2026-TR-04138,Johor,Residential,Urban,Leasehold_99,3607,2890,3,Good,1109000,166400,8000,1283400
CASE-2026-TR-04139,Sabah,Residential,Urban,Freehold,3152,2806,6,Poor,711000,106600,8000,825600
CASE-2026-TR-04140,Sabah,Residential,Urban,Freehold,4279,2950,13,Fair,990000,148500,8000,1146500
CASE-2026-TR-04141,Selangor,Agricultural,Rural_Coastal,Freehold,33729,0,28,Excellent,1498000,224700,2000,1724700
CASE-2026-TR-04142,Perak,Residential,Rural_Coastal,Freehold,5357,4911,2,Excellent,1567000,235000,8000,1810000
CASE-2026-TR-04143,Sabah,Agricultural,Urban,Malay_Reserve,38852,603,19,Fair,1409000,211400,8000,1628400
CASE-2026-TR-04144,Terengganu,Agricultural,Urban,Freehold,40248,1005,7,Good,1637000,245600,8000,1890600
CASE-2026-TR-04145,Terengganu,Agricultural,Suburban,Leasehold_99,29599,0,14,Poor,940000,141000,2000,1083000
CASE-2026-TR-04146,Selangor,Residential,Urban,Freehold,6603,5437,8,Good,2355000,353200,8000,2716200
CASE-2026-TR-04147,Melaka,Industrial,Urban,Freehold,22503,15068,19,Excellent,6117000,917600,8000,7042600
CASE-2026-TR-04148,Sabah,Commercial,Rural_Coastal,Leasehold_99,4360,3923,3,Good,1633000,245000,8000,1886000
CASE-2026-TR-04149,Perak,Residential,Rural_Coastal,Leasehold_99,6851,5657,6,Good,1741000,261200,8000,2010200
CASE-2026-TR-04150,Johor,Commercial,Rural_Coastal,Freehold,3590,3631,10,Fair,1398000,209700,8000,1615700
CASE-2026-TR-04151,Johor,Commercial,Suburban,Leasehold_99,11985,10965,16,Good,4759000,713800,8000,5480800
CASE-2026-TR-04152,Sarawak,Commercial,Suburban,Leasehold_99,1807,2522,3,Fair,839000,125800,8000,972800
CASE-2026-TR-04153,Johor,Commercial,Rural_Coastal,Leasehold_99,5278,7136,7,Fair,2230000,334500,8000,2572500
CASE-2026-TR-04154,Perak,Residential,Urban,Leasehold_99,2343,1682,15,Good,538000,80700,8000,626700
CASE-2026-TR-04155,Selangor,Agricultural,Suburban,Freehold,26523,1011,4,Good,1578000,236700,8000,1822700
CASE-2026-TR-04156,Johor,Agricultural,Rural_Coastal,Leasehold_99,45295,0,35,Fair,1655000,248200,2000,1905200
CASE-2026-TR-04157,Penang,Residential,Rural_Coastal,Freehold,1510,1052,11,Good,390000,58500,8000,456500
CASE-2026-TR-04158,Johor,Residential,Urban,Malay_Reserve,4150,2925,4,Fair,1140000,171000,8000,1319000
CASE-2026-TR-04159,Penang,Residential,Urban,Leasehold_99,2454,1777,5,Poor,638000,95700,8000,741700
CASE-2026-TR-04160,Perak,Residential,Suburban,Malay_Reserve,6748,5028,31,Good,1219000,182800,8000,1409800
CASE-2026-TR-04161,Penang,Commercial,Suburban,Leasehold_99,4746,4381,24,Good,1870000,280500,8000,2158500
CASE-2026-TR-04162,Selangor,Residential,Suburban,Freehold,3762,2077,17,Fair,1013000,152000,8000,1173000
CASE-2026-TR-04163,Penang,Residential,Suburban,Leasehold_99,3326,2434,22,Excellent,910000,136500,8000,1054500
CASE-2026-TR-04164,Selangor,Residential,Suburban,Freehold,2491,1956,5,Excellent,860000,129000,8000,997000
CASE-2026-TR-04165,Sarawak,Industrial,Suburban,Freehold,19125,8788,3,Good,4541000,681200,8000,5230200
CASE-2026-TR-04166,Sarawak,Agricultural,Suburban,Freehold,62369,0,24,Good,2380000,357000,2000,2739000
CASE-2026-TR-04167,Selangor,Industrial,Suburban,Freehold,22836,14964,10,Good,7978000,1196700,8000,9182700
CASE-2026-TR-04168,Selangor,Commercial,Urban,Freehold,11451,13308,7,Good,6902000,1035300,8000,7945300
CASE-2026-TR-04169,Sabah,Residential,Rural_Coastal,Freehold,4878,3291,13,Good,986000,147900,8000,1141900
CASE-2026-TR-04170,Penang,Residential,Urban,Leasehold_99,1631,964,31,Excellent,422000,63300,8000,493300
CASE-2026-TR-04171,Penang,Commercial,Suburban,Leasehold_99,5380,4674,14,Poor,2066000,309900,8000,2383900
CASE-2026-TR-04172,Pahang,Commercial,Suburban,Leasehold_99,2238,2258,13,Good,850000,127500,8000,985500
CASE-2026-TR-04173,Penang,Residential,Suburban,Freehold,6440,5181,28,Good,1665000,249800,8000,1922800
CASE-2026-TR-04174,Sarawak,Agricultural,Suburban,Leasehold_99,37154,641,30,Good,1215000,182200,8000,1405200
CASE-2026-TR-04175,Perak,Agricultural,Rural_Coastal,Freehold,35047,0,34,Good,957000,143600,2000,1102600
CASE-2026-TR-04176,Pahang,Commercial,Urban,Freehold,10386,10950,5,Fair,4310000,646500,8000,4964500
CASE-2026-TR-04177,Terengganu,Residential,Rural_Coastal,Leasehold_99,6666,4373,33,Fair,889000,133400,8000,1030400
CASE-2026-TR-04178,Penang,Agricultural,Suburban,Leasehold_99,22482,0,28,Fair,1008000,151200,2000,1161200
CASE-2026-TR-04179,Penang,Agricultural,Suburban,Leasehold_99,42865,905,6,Good,1956000,293400,8000,2257400
CASE-2026-TR-04180,Penang,Industrial,Rural_Coastal,Leasehold_99,19604,8729,16,Poor,4204000,630600,8000,4842600
CASE-2026-TR-04181,Johor,Residential,Urban,Freehold,5929,4271,29,Fair,1515000,227200,8000,1750200
CASE-2026-TR-04182,Penang,Commercial,Suburban,Freehold,3984,4651,11,Good,2050000,307500,8000,2365500
CASE-2026-TR-04183,Pahang,Residential,Urban,Freehold,3636,3202,2,Fair,988000,148200,8000,1144200
CASE-2026-TR-04184,Penang,Commercial,Rural_Coastal,Freehold,2764,2390,20,Good,1072000,160800,8000,1240800
CASE-2026-TR-04185,Johor,Industrial,Suburban,Freehold,33720,25127,14,Fair,9267000,1390000,8000,10665000
CASE-2026-TR-04186,Penang,Industrial,Rural_Coastal,Freehold,13474,9345,9,Excellent,4062000,609300,8000,4679300
CASE-2026-TR-04187,Pahang,Commercial,Urban,Freehold,10022,13363,23,Good,3957000,593600,8000,4558600
CASE-2026-TR-04188,Penang,Commercial,Urban,Leasehold_99,11113,15380,17,Good,6030000,904500,8000,6942500
CASE-2026-TR-04189,Selangor,Residential,Suburban,Freehold,4118,2845,31,Fair,1077000,161600,8000,1246600
CASE-2026-TR-04190,Selangor,Residential,Urban,Freehold,6769,5441,14,Good,2222000,333300,8000,2563300
CASE-2026-TR-04191,Selangor,Residential,Suburban,Freehold,2852,1615,21,Good,772000,115800,8000,895800
CASE-2026-TR-04192,Sarawak,Agricultural,Urban,Freehold,40544,0,10,Excellent,1662000,249300,2000,1913300
CASE-2026-TR-04193,Melaka,Agricultural,Rural_Coastal,Leasehold_99,34987,0,9,Poor,1108000,166200,2000,1276200
CASE-2026-TR-04194,Penang,Residential,Urban,Leasehold_99,1846,1748,10,Good,619000,92800,8000,719800
CASE-2026-TR-04195,Penang,Industrial,Rural_Coastal,Leasehold_99,18066,12963,29,Good,4333000,650000,8000,4991000
CASE-2026-TR-04196,Pahang,Agricultural,Rural_Coastal,Leasehold_99,18275,1142,18,Good,582000,87300,8000,677300
CASE-2026-TR-04197,Penang,Residential,Suburban,Freehold,1752,1426,21,Fair,486000,72900,8000,566900
CASE-2026-TR-04198,Selangor,Agricultural,Urban,Leasehold_99,30472,0,1,Fair,1713000,257000,2000,1972000
CASE-2026-TR-04199,Selangor,Agricultural,Suburban,Leasehold_99,45118,0,18,Good,2201000,330200,2000,2533200
CASE-2026-TR-04200,Selangor,Residential,Urban,Leasehold_99,6856,6443,33,Good,2044000,306600,8000,2358600
CASE-2026-TR-04201,Pahang,Agricultural,Urban,Leasehold_99,31674,0,21,Fair,1228000,184200,2000,1414200
CASE-2026-TR-04202,Pahang,Commercial,Rural_Coastal,Freehold,5778,5405,8,Excellent,2085000,312800,8000,2405800
CASE-2026-TR-04203,Selangor,Commercial,Urban,Leasehold_99,11225,10053,22,Good,5564000,834600,8000,6406600
CASE-2026-TR-04204,Selangor,Industrial,Suburban,Freehold,15737,11770,23,Excellent,4922000,738300,8000,5668300
CASE-2026-TR-04205,Johor,Residential,Suburban,Leasehold_99,7306,5342,5,Good,2063000,309400,8000,2380400
CASE-2026-TR-04206,Penang,Residential,Suburban,Malay_Reserve,3968,2212,9,Good,939000,140800,8000,1087800
CASE-2026-TR-04207,Perak,Agricultural,Suburban,Freehold,63166,0,22,Good,2242000,336300,2000,2580300
CASE-2026-TR-04208,Penang,Residential,Suburban,Freehold,3549,1991,23,Good,941000,141200,8000,1090200
CASE-2026-TR-04209,Selangor,Agricultural,Rural_Coastal,Leasehold_99,49601,0,39,Excellent,2065000,309800,2000,2376800
CASE-2026-TR-04210,Selangor,Commercial,Urban,Freehold,9337,9956,20,Good,4825000,723800,8000,5556800
CASE-2026-TR-04211,Pahang,Residential,Urban,Freehold,6220,5194,20,Excellent,1595000,239200,8000,1842200
CASE-2026-TR-04212,Melaka,Residential,Urban,Leasehold_99,5405,4613,13,Good,1409000,211400,8000,1628400
CASE-2026-TR-04213,Selangor,Agricultural,Rural_Coastal,Freehold,63303,1228,21,Good,2794000,419100,8000,3221100
CASE-2026-TR-04214,Selangor,Residential,Suburban,Freehold,7319,5099,33,Excellent,2099000,314800,8000,2421800
CASE-2026-TR-04215,Selangor,Residential,Suburban,Freehold,1821,1606,21,Good,559000,83800,8000,650800
CASE-2026-TR-04216,Penang,Residential,Urban,Leasehold_99,4235,2666,8,Good,1115000,167200,8000,1290200
CASE-2026-TR-04217,Perak,Residential,Suburban,Freehold,4048,3351,15,Good,975000,146200,8000,1129200
CASE-2026-TR-04218,Pahang,Industrial,Urban,Malay_Reserve,9865,5877,23,Excellent,2325000,348800,8000,2681800
CASE-2026-TR-04219,Pahang,Residential,Urban,Leasehold_99,4754,2867,13,Good,1024000,153600,8000,1185600
CASE-2026-TR-04220,Sabah,Industrial,Urban,Freehold,18084,7756,20,Excellent,4259000,638800,8000,4905800
CASE-2026-TR-04221,Terengganu,Residential,Suburban,Freehold,1762,1605,21,Excellent,439000,65800,8000,512800
CASE-2026-TR-04222,Penang,Commercial,Suburban,Leasehold_99,2959,2546,4,Excellent,1463000,219400,8000,1690400
CASE-2026-TR-04223,Penang,Agricultural,Urban,Freehold,24615,0,33,Good,1292000,193800,2000,1487800
CASE-2026-TR-04224,Penang,Residential,Urban,Leasehold_99,6302,4100,30,Poor,1369000,205400,8000,1582400
CASE-2026-TR-04225,Pahang,Commercial,Suburban,Malay_Reserve,3371,3738,16,Fair,994000,149100,8000,1151100
CASE-2026-TR-04226,Penang,Residential,Suburban,Leasehold_99,5033,2918,23,Good,1161000,174200,8000,1343200
CASE-2026-TR-04227,Penang,Commercial,Urban,Freehold,1882,1826,10,Fair,891000,133600,8000,1032600
CASE-2026-TR-04228,Sarawak,Residential,Urban,Leasehold_99,1608,1274,2,Fair,421000,63200,8000,492200
CASE-2026-TR-04229,Sabah,Residential,Rural_Coastal,Leasehold_99,3500,2395,7,Good,797000,119600,8000,924600
CASE-2026-TR-04230,Terengganu,Residential,Urban,Freehold,5687,4348,29,Fair,1118000,167700,8000,1293700
CASE-2026-TR-04231,Johor,Agricultural,Urban,Freehold,16304,0,28,Excellent,846000,126900,2000,974900
CASE-2026-TR-04232,Sarawak,Agricultural,Urban,Malay_Reserve,46825,479,27,Good,1724000,258600,8000,1990600
CASE-2026-TR-04233,Selangor,Commercial,Rural_Coastal,Leasehold_99,5516,5505,23,Good,2192000,328800,8000,2528800
CASE-2026-TR-04234,Selangor,Industrial,Urban,Freehold,4440,2552,5,Good,1626000,243900,8000,1877900
CASE-2026-TR-04235,Penang,Agricultural,Suburban,Leasehold_99,42638,944,4,Good,2109000,316400,8000,2433400
CASE-2026-TR-04236,Penang,Agricultural,Suburban,Freehold,38970,0,6,Excellent,2000000,300000,2000,2302000
CASE-2026-TR-04237,Terengganu,Agricultural,Urban,Freehold,31149,1055,39,Good,1079000,161800,8000,1248800
CASE-2026-TR-04238,Johor,Agricultural,Suburban,Freehold,32898,0,39,Good,1385000,207800,2000,1594800
CASE-2026-TR-04239,Penang,Agricultural,Rural_Coastal,Freehold,50945,694,1,Fair,2255000,338200,8000,2601200
CASE-2026-TR-04240,Melaka,Residential,Urban,Freehold,5020,3505,33,Good,1078000,161700,8000,1247700
CASE-2026-TR-04241,Terengganu,Commercial,Rural_Coastal,Freehold,2639,2443,23,Excellent,756000,113400,8000,877400
CASE-2026-TR-04242,Perak,Agricultural,Suburban,Freehold,29264,0,32,Good,982000,147300,2000,1131300
CASE-2026-TR-04243,Selangor,Residential,Rural_Coastal,Freehold,7205,5771,14,Good,2106000,315900,8000,2429900
CASE-2026-TR-04244,Selangor,Residential,Rural_Coastal,Freehold,6426,6036,10,Good,1971000,295600,8000,2274600
CASE-2026-TR-04245,Melaka,Industrial,Urban,Leasehold_99,21407,13269,10,Fair,5386000,807900,8000,6201900
CASE-2026-TR-04246,Penang,Residential,Urban,Freehold,6870,4197,31,Fair,1786000,267900,8000,2061900
CASE-2026-TR-04247,Sabah,Commercial,Suburban,Malay_Reserve,2236,2944,18,Good,920000,138000,8000,1066000
CASE-2026-TR-04248,Penang,Agricultural,Rural_Coastal,Freehold,59984,0,25,Good,2575000,386200,2000,2963200
CASE-2026-TR-04249,Penang,Residential,Rural_Coastal,Freehold,5617,3834,19,Good,1361000,204200,8000,1573200
CASE-2026-TR-04250,Selangor,Residential,Suburban,Leasehold_99,5144,3696,20,Good,1467000,220000,8000,1695000
CASE-2026-TR-04251,Melaka,Commercial,Rural_Coastal,Freehold,5907,5031,6,Good,2162000,324300,8000,2494300
CASE-2026-TR-04252,Melaka,Residential,Suburban,Leasehold_99,2686,2213,26,Fair,604000,90600,8000,702600
CASE-2026-TR-04253,Perak,Residential,Urban,Leasehold_99,2269,1593,23,Fair,469000,70400,8000,547400
CASE-2026-TR-04254,Pahang,Residential,Suburban,Freehold,6769,4445,14,Good,1469000,220400,8000,1697400
CASE-2026-TR-04255,Sabah,Residential,Urban,Freehold,4977,4354,30,Good,1145000,171800,8000,1324800
CASE-2026-TR-04256,Perak,Agricultural,Suburban,Leasehold_99,34855,415,8,Excellent,1037000,155600,8000,1200600
CASE-2026-TR-04257,Selangor,Residential,Suburban,Freehold,6345,4806,11,Good,1880000,282000,8000,2170000
CASE-2026-TR-04258,Sarawak,Residential,Suburban,Freehold,7215,6542,23,Excellent,1925000,288800,8000,2221800
CASE-2026-TR-04259,Selangor,Commercial,Urban,Leasehold_99,6352,6271,1,Good,3628000,544200,8000,4180200
CASE-2026-TR-04260,Terengganu,Agricultural,Suburban,Leasehold_99,27406,0,36,Excellent,816000,122400,2000,940400
CASE-2026-TR-04261,Selangor,Residential,Suburban,Freehold,5966,4321,28,Good,1530000,229500,8000,1767500
CASE-2026-TR-04262,Perak,Agricultural,Urban,Leasehold_99,30103,0,32,Good,1132000,169800,2000,1303800
CASE-2026-TR-04263,Perak,Residential,Suburban,Leasehold_99,5902,4185,30,Good,1063000,159400,8000,1230400
CASE-2026-TR-04264,Sarawak,Agricultural,Rural_Coastal,Leasehold_99,22846,0,14,Excellent,700000,105000,2000,807000
CASE-2026-TR-04265,Selangor,Agricultural,Urban,Freehold,19426,775,37,Fair,1198000,179700,8000,1385700
CASE-2026-TR-04266,Johor,Residential,Urban,Leasehold_99,1588,1214,13,Good,445000,66800,8000,519800
CASE-2026-TR-04267,Johor,Industrial,Urban,Freehold,12118,6879,27,Good,3393000,509000,8000,3910000
CASE-2026-TR-04268,Selangor,Agricultural,Rural_Coastal,Leasehold_99,37031,0,1,Good,1669000,250400,2000,1921400
CASE-2026-TR-04269,Sarawak,Residential,Suburban,Leasehold_99,1615,1356,33,Excellent,364000,54600,8000,426600
CASE-2026-TR-04270,Selangor,Commercial,Suburban,Freehold,4643,4945,15,Good,2421000,363200,8000,2792200
CASE-2026-TR-04271,Johor,Agricultural,Rural_Coastal,Malay_Reserve,42419,0,1,Good,1398000,209700,2000,1609700
CASE-2026-TR-04272,Selangor,Residential,Suburban,Freehold,3389,2694,20,Fair,922000,138300,8000,1068300
CASE-2026-TR-04273,Penang,Commercial,Urban,Leasehold_99,6764,5047,16,Good,2929000,439400,8000,3376400
CASE-2026-TR-04274,Sarawak,Residential,Rural_Coastal,Freehold,6077,5377,34,Good,1155000,173200,8000,1336200
CASE-2026-TR-04275,Perak,Commercial,Suburban,Leasehold_99,6734,6887,25,Good,2294000,344100,8000,2646100
CASE-2026-TR-04276,Selangor,Residential,Urban,Freehold,2599,2445,23,Fair,811000,121600,8000,940600
CASE-2026-TR-04277,Melaka,Residential,Suburban,Freehold,4600,2589,15,Good,1074000,161100,8000,1243100
CASE-2026-TR-04278,Perak,Residential,Suburban,Freehold,4094,2658,1,Good,917000,137600,8000,1062600
CASE-2026-TR-04279,Johor,Residential,Urban,Freehold,6874,4223,1,Good,2058000,308700,8000,2374700
CASE-2026-TR-04280,Perak,Residential,Rural_Coastal,Freehold,5589,4447,16,Excellent,1250000,187500,8000,1445500
CASE-2026-TR-04281,Sabah,Residential,Urban,Malay_Reserve,5741,3239,18,Good,1192000,178800,8000,1378800
CASE-2026-TR-04282,Perak,Industrial,Urban,Freehold,18639,11268,15,Fair,4522000,678300,8000,5208300
CASE-2026-TR-04283,Johor,Residential,Rural_Coastal,Freehold,6599,5518,14,Good,1607000,241000,8000,1856000
CASE-2026-TR-04284,Selangor,Residential,Urban,Leasehold_99,5483,4294,3,Fair,1790000,268500,8000,2066500
CASE-2026-TR-04285,Penang,Commercial,Suburban,Freehold,7068,7653,18,Excellent,3343000,501400,8000,3852400
CASE-2026-TR-04286,Johor,Industrial,Urban,Leasehold_99,4121,3062,5,Good,1492000,223800,8000,1723800
CASE-2026-TR-04287,Penang,Residential,Suburban,Leasehold_99,5736,4204,22,Good,1588000,238200,8000,1834200
CASE-2026-TR-04288,Penang,Agricultural,Urban,Leasehold_99,39461,0,26,Excellent,2294000,344100,2000,2640100
CASE-2026-TR-04289,Selangor,Agricultural,Suburban,Freehold,20733,0,17,Fair,1143000,171400,2000,1316400
CASE-2026-TR-04290,Melaka,Residential,Urban,Leasehold_99,4214,3126,11,Good,1043000,156400,8000,1207400
CASE-2026-TR-04291,Selangor,Residential,Urban,Freehold,2601,2165,8,Good,960000,144000,8000,1112000
CASE-2026-TR-04292,Pahang,Residential,Suburban,Freehold,6882,4242,9,Poor,1267000,190000,8000,1465000
CASE-2026-TR-04293,Pahang,Residential,Suburban,Freehold,7299,4167,4,Fair,1530000,229500,8000,1767500
CASE-2026-TR-04294,Johor,Residential,Suburban,Freehold,4819,4078,3,Good,1455000,218200,8000,1681200
CASE-2026-TR-04295,Melaka,Industrial,Urban,Leasehold_99,20970,14399,24,Good,5711000,856600,8000,6575600
CASE-2026-TR-04296,Selangor,Agricultural,Suburban,Malay_Reserve,55252,0,26,Excellent,2500000,375000,2000,2877000
CASE-2026-TR-04297,Pahang,Residential,Suburban,Leasehold_99,2668,2155,20,Fair,530000,79500,8000,617500
CASE-2026-TR-04298,Johor,Industrial,Urban,Leasehold_99,16021,9668,9,Good,4682000,702300,8000,5392300
CASE-2026-TR-04299,Pahang,Industrial,Rural_Coastal,Freehold,28960,12251,17,Excellent,5482000,822300,8000,6312300
CASE-2026-TR-04300,Sarawak,Industrial,Rural_Coastal,Leasehold_99,14124,8132,17,Fair,2950000,442500,8000,3400500
CASE-2026-TR-04301,Johor,Residential,Suburban,Leasehold_99,6507,5685,28,Good,1615000,242200,8000,1865200
CASE-2026-TR-04302,Sabah,Residential,Suburban,Malay_Reserve,3927,3534,6,Fair,953000,143000,8000,1104000
CASE-2026-TR-04303,Johor,Agricultural,Urban,Freehold,43158,0,15,Excellent,2029000,304400,2000,2335400
CASE-2026-TR-04304,Selangor,Residential,Suburban,Freehold,5585,4847,28,Excellent,1718000,257700,8000,1983700
CASE-2026-TR-04305,Selangor,Industrial,Suburban,Freehold,20285,8687,20,Poor,5442000,816300,8000,6266300
CASE-2026-TR-04306,Pahang,Commercial,Suburban,Malay_Reserve,11215,11487,20,Poor,3407000,511000,8000,3926000
CASE-2026-TR-04307,Penang,Agricultural,Urban,Freehold,47693,907,27,Good,2817000,422600,8000,3247600
CASE-2026-TR-04308,Sarawak,Residential,Urban,Freehold,5637,4296,23,Excellent,1467000,220000,8000,1695000
CASE-2026-TR-04309,Penang,Residential,Suburban,Freehold,5976,5067,19,Fair,1591000,238600,8000,1837600
CASE-2026-TR-04310,Selangor,Residential,Urban,Malay_Reserve,6770,6046,11,Good,2223000,333400,8000,2564400
CASE-2026-TR-04311,Selangor,Commercial,Urban,Freehold,3065,3736,12,Good,1792000,268800,8000,2068800
CASE-2026-TR-04312,Sarawak,Industrial,Suburban,Leasehold_99,15187,10724,19,Fair,3378000,506700,8000,3892700
CASE-2026-TR-04313,Terengganu,Residential,Suburban,Freehold,6062,4041,20,Fair,1128000,169200,8000,1305200
CASE-2026-TR-04314,Penang,Industrial,Suburban,Freehold,5925,3603,2,Excellent,2067000,310000,8000,2385000
CASE-2026-TR-04315,Selangor,Agricultural,Urban,Leasehold_99,64582,0,22,Good,3656000,548400,2000,4206400
CASE-2026-TR-04316,Johor,Residential,Suburban,Freehold,2428,1485,28,Fair,529000,79400,8000,616400
CASE-2026-TR-04317,Penang,Residential,Rural_Coastal,Freehold,3634,2081,9,Good,926000,138900,8000,1072900
CASE-2026-TR-04318,Pahang,Residential,Suburban,Freehold,5322,4056,1,Good,1409000,211400,8000,1628400
CASE-2026-TR-04319,Johor,Commercial,Suburban,Leasehold_99,6051,5325,14,Fair,2178000,326700,8000,2512700
CASE-2026-TR-04320,Perak,Residential,Rural_Coastal,Malay_Reserve,3334,2794,24,Good,675000,101200,8000,784200
CASE-2026-TR-04321,Melaka,Commercial,Suburban,Freehold,4690,4960,8,Good,1881000,282200,8000,2171200
CASE-2026-TR-04322,Perak,Residential,Suburban,Leasehold_99,1688,1549,16,Excellent,407000,61000,8000,476000
CASE-2026-TR-04323,Sabah,Commercial,Rural_Coastal,Leasehold_99,6569,8586,20,Poor,1967000,295000,8000,2270000
CASE-2026-TR-04324,Selangor,Residential,Suburban,Leasehold_99,1844,1160,10,Good,503000,75400,8000,586400
CASE-2026-TR-04325,Melaka,Residential,Rural_Coastal,Freehold,6974,6588,25,Excellent,1708000,256200,8000,1972200
CASE-2026-TR-04326,Terengganu,Residential,Urban,Freehold,6217,3631,22,Excellent,1316000,197400,8000,1521400
CASE-2026-TR-04327,Selangor,Residential,Suburban,Freehold,2577,1686,22,Poor,623000,93400,8000,724400
CASE-2026-TR-04328,Johor,Residential,Urban,Leasehold_99,2074,1490,17,Good,583000,87400,8000,678400
CASE-2026-TR-04329,Selangor,Commercial,Urban,Leasehold_99,8273,9823,14,Fair,4427000,664000,8000,5099000
CASE-2026-TR-04330,Johor,Residential,Suburban,Freehold,3855,3508,8,Fair,1068000,160200,8000,1236200
CASE-2026-TR-04331,Penang,Commercial,Urban,Malay_Reserve,9774,12677,26,Good,5173000,776000,8000,5957000
CASE-2026-TR-04332,Johor,Residential,Rural_Coastal,Freehold,2763,1669,5,Good,593000,89000,8000,690000
CASE-2026-TR-04333,Johor,Industrial,Suburban,Leasehold_99,20788,11468,2,Excellent,6137000,920600,8000,7065600
CASE-2026-TR-04334,Terengganu,Commercial,Suburban,Freehold,6867,9465,6,Good,3219000,482800,8000,3709800
CASE-2026-TR-04335,Penang,Industrial,Suburban,Malay_Reserve,20399,11392,10,Poor,5270000,790500,8000,6068500
CASE-2026-TR-04336,Penang,Commercial,Suburban,Leasehold_99,7905,6946,9,Good,3384000,507600,8000,3899600
CASE-2026-TR-04337,Perak,Agricultural,Urban,Leasehold_99,44961,561,12,Good,1560000,234000,8000,1802000
CASE-2026-TR-04338,Johor,Residential,Suburban,Leasehold_99,7351,5727,3,Good,2132000,319800,8000,2459800
CASE-2026-TR-04339,Melaka,Residential,Suburban,Leasehold_99,1910,1176,17,Excellent,421000,63200,8000,492200
CASE-2026-TR-04340,Selangor,Commercial,Urban,Freehold,11875,15585,9,Good,7129000,1069400,8000,8206400
CASE-2026-TR-04341,Terengganu,Residential,Urban,Freehold,3235,2344,26,Excellent,704000,105600,8000,817600
CASE-2026-TR-04342,Selangor,Residential,Rural_Coastal,Leasehold_99,1634,1506,34,Excellent,389000,58400,8000,455400
CASE-2026-TR-04343,Sarawak,Residential,Rural_Coastal,Freehold,4710,4001,32,Fair,983000,147400,8000,1138400
CASE-2026-TR-04344,Melaka,Commercial,Urban,Freehold,9825,8976,3,Good,4594000,689100,8000,5291100
CASE-2026-TR-04345,Sabah,Industrial,Suburban,Leasehold_99,8158,5506,28,Fair,1832000,274800,8000,2114800
CASE-2026-TR-04346,Sabah,Commercial,Urban,Freehold,2608,2383,18,Fair,933000,140000,8000,1081000
CASE-2026-TR-04347,Selangor,Residential,Urban,Freehold,6661,4960,6,Excellent,2548000,382200,8000,2938200
CASE-2026-TR-04348,Johor,Commercial,Suburban,Freehold,8318,8818,19,Excellent,4022000,603300,8000,4633300
CASE-2026-TR-04349,Johor,Residential,Urban,Leasehold_99,1478,979,16,Fair,350000,52500,8000,410500
CASE-2026-TR-04350,Penang,Residential,Suburban,Freehold,6404,4227,30,Good,1737000,260600,8000,2005600
CASE-2026-TR-04351,Johor,Agricultural,Rural_Coastal,Leasehold_99,51693,0,14,Good,1880000,282000,2000,2164000
CASE-2026-TR-04352,Pahang,Residential,Urban,Freehold,3729,2667,6,Poor,805000,120800,8000,933800
CASE-2026-TR-04353,Perak,Residential,Urban,Freehold,4924,3685,30,Good,982000,147300,8000,1137300
CASE-2026-TR-04354,Selangor,Residential,Urban,Leasehold_99,2356,1667,6,Good,787000,118000,8000,913000
CASE-2026-TR-04355,Selangor,Residential,Urban,Leasehold_99,6820,4101,23,Excellent,1922000,288300,8000,2218300
CASE-2026-TR-04356,Perak,Residential,Rural_Coastal,Leasehold_99,3837,2787,22,Excellent,777000,116600,8000,901600
CASE-2026-TR-04357,Selangor,Residential,Urban,Leasehold_99,3853,2738,2,Fair,1207000,181000,8000,1396000
CASE-2026-TR-04358,Sarawak,Residential,Suburban,Freehold,7288,6526,4,Good,2001000,300200,8000,2309200
CASE-2026-TR-04359,Selangor,Commercial,Urban,Malay_Reserve,3254,2796,11,Good,1550000,232500,8000,1790500
CASE-2026-TR-04360,Penang,Commercial,Urban,Leasehold_99,3056,3622,17,Good,1512000,226800,8000,1746800
CASE-2026-TR-04361,Penang,Agricultural,Suburban,Freehold,16360,1453,14,Good,922000,138300,8000,1068300
CASE-2026-TR-04362,Perak,Agricultural,Suburban,Freehold,27686,944,17,Excellent,1047000,157000,8000,1212000
CASE-2026-TR-04363,Selangor,Residential,Suburban,Leasehold_99,3408,2975,25,Poor,799000,119800,8000,926800
CASE-2026-TR-04364,Perak,Residential,Suburban,Malay_Reserve,1911,1676,5,Good,485000,72800,8000,565800
CASE-2026-TR-04365,Perak,Commercial,Suburban,Leasehold_99,5016,5479,6,Excellent,2224000,333600,8000,2565600
CASE-2026-TR-04366,Selangor,Residential,Suburban,Malay_Reserve,4571,2782,1,Good,1283000,192400,8000,1483400
CASE-2026-TR-04367,Johor,Agricultural,Suburban,Leasehold_99,17095,0,1,Good,745000,111800,2000,858800
CASE-2026-TR-04368,Sabah,Agricultural,Rural_Coastal,Leasehold_99,20502,650,25,Good,601000,90200,8000,699200
CASE-2026-TR-04369,Penang,Agricultural,Urban,Freehold,64838,770,29,Excellent,3829000,574400,8000,4411400
CASE-2026-TR-04370,Selangor,Residential,Suburban,Leasehold_99,4539,2706,13,Fair,1143000,171400,8000,1322400
CASE-2026-TR-04371,Selangor,Commercial,Suburban,Freehold,5753,8047,24,Excellent,2949000,442400,8000,3399400
CASE-2026-TR-04372,Johor,Residential,Urban,Freehold,4022,2791,10,Excellent,1237000,185600,8000,1430600
CASE-2026-TR-04373,Sarawak,Residential,Urban,Freehold,3669,3003,6,Excellent,1195000,179200,8000,1382200
CASE-2026-TR-04374,Penang,Residential,Urban,Leasehold_99,4985,3817,16,Excellent,1493000,224000,8000,1725000
CASE-2026-TR-04375,Melaka,Commercial,Suburban,Freehold,4763,4192,10,Good,1826000,273900,8000,2107900
CASE-2026-TR-04376,Melaka,Agricultural,Urban,Freehold,34753,0,19,Fair,1597000,239600,2000,1838600
CASE-2026-TR-04377,Selangor,Agricultural,Suburban,Malay_Reserve,47211,1448,38,Good,2484000,372600,8000,2864600
CASE-2026-TR-04378,Selangor,Residential,Suburban,Freehold,4907,4311,34,Good,1369000,205400,8000,1582400
CASE-2026-TR-04379,Selangor,Residential,Suburban,Leasehold_99,3049,2116,27,Fair,739000,110800,8000,857800
CASE-2026-TR-04380,Penang,Agricultural,Urban,Leasehold_99,52678,0,19,Good,2937000,440600,2000,3379600
CASE-2026-TR-04381,Pahang,Commercial,Urban,Leasehold_99,11553,12865,6,Excellent,5126000,768900,8000,5902900
CASE-2026-TR-04382,Melaka,Commercial,Urban,Leasehold_99,2789,3146,4,Fair,1225000,183800,8000,1416800
CASE-2026-TR-04383,Selangor,Industrial,Urban,Malay_Reserve,28761,18169,6,Poor,9150000,1372500,8000,10530500
CASE-2026-TR-04384,Penang,Industrial,Rural_Coastal,Freehold,27988,16019,4,Fair,7231000,1084600,8000,8323600
CASE-2026-TR-04385,Penang,Industrial,Suburban,Freehold,25150,17168,1,Good,8184000,1227600,8000,9419600
CASE-2026-TR-04386,Penang,Residential,Urban,Leasehold_99,2435,1940,18,Fair,716000,107400,8000,831400
CASE-2026-TR-04387,Sarawak,Commercial,Urban,Freehold,6979,5054,27,Excellent,2513000,377000,8000,2898000
CASE-2026-TR-04388,Pahang,Industrial,Suburban,Leasehold_99,9225,5417,21,Good,1990000,298500,8000,2296500
CASE-2026-TR-04389,Johor,Residential,Suburban,Leasehold_99,1929,1618,17,Fair,456000,68400,8000,532400
CASE-2026-TR-04390,Pahang,Residential,Rural_Coastal,Freehold,4311,2747,13,Good,827000,124000,8000,959000
CASE-2026-TR-04391,Penang,Residential,Suburban,Malay_Reserve,3541,1982,11,Fair,880000,132000,8000,1020000
CASE-2026-TR-04392,Pahang,Commercial,Rural_Coastal,Malay_Reserve,7521,8352,23,Good,2258000,338700,8000,2604700
CASE-2026-TR-04393,Penang,Residential,Urban,Leasehold_99,4000,3390,29,Fair,1087000,163000,8000,1258000
CASE-2026-TR-04394,Perak,Commercial,Urban,Leasehold_99,3950,3366,2,Excellent,1611000,241600,8000,1860600
CASE-2026-TR-04395,Penang,Residential,Suburban,Leasehold_99,5783,3694,5,Excellent,1737000,260600,8000,2005600
CASE-2026-TR-04396,Melaka,Residential,Urban,Freehold,6023,5296,7,Fair,1718000,257700,8000,1983700
CASE-2026-TR-04397,Pahang,Industrial,Urban,Freehold,21307,11252,19,Poor,4617000,692600,8000,5317600
CASE-2026-TR-04398,Penang,Residential,Urban,Freehold,2624,2255,26,Excellent,835000,125200,8000,968200
CASE-2026-TR-04399,Terengganu,Commercial,Urban,Leasehold_99,5213,4124,2,Good,1914000,287100,8000,2209100
CASE-2026-TR-04400,Terengganu,Residential,Suburban,Leasehold_99,5398,3744,21,Fair,1024000,153600,8000,1185600
CASE-2026-TR-04401,Melaka,Agricultural,Urban,Leasehold_99,23958,832,1,Good,1102000,165300,8000,1275300
CASE-2026-TR-04402,Terengganu,Residential,Suburban,Malay_Reserve,4310,3992,3,Good,1128000,169200,8000,1305200
CASE-2026-TR-04403,Terengganu,Residential,Suburban,Freehold,5559,4882,28,Good,1097000,164600,8000,1269600
CASE-2026-TR-04404,Melaka,Commercial,Urban,Freehold,2673,2221,5,Good,1146000,171900,8000,1325900
CASE-2026-TR-04405,Johor,Commercial,Rural_Coastal,Freehold,4973,5625,4,Poor,1744000,261600,8000,2013600
CASE-2026-TR-04406,Pahang,Agricultural,Urban,Freehold,35155,998,13,Poor,1385000,207800,8000,1600800
CASE-2026-TR-04407,Sarawak,Agricultural,Urban,Leasehold_99,24766,0,29,Fair,942000,141300,2000,1085300
CASE-2026-TR-04408,Selangor,Agricultural,Suburban,Freehold,25314,0,38,Excellent,1408000,211200,2000,1621200
CASE-2026-TR-04409,Johor,Residential,Urban,Malay_Reserve,3450,2508,22,Good,829000,124400,8000,961400
CASE-2026-TR-04410,Johor,Residential,Rural_Coastal,Freehold,2086,1173,2,Good,500000,75000,8000,583000
CASE-2026-TR-04411,Sarawak,Residential,Rural_Coastal,Malay_Reserve,3560,2645,7,Good,703000,105400,8000,816400
CASE-2026-TR-04412,Selangor,Residential,Suburban,Leasehold_99,5518,4594,12,Good,1683000,252400,8000,1943400
CASE-2026-TR-04413,Johor,Commercial,Urban,Leasehold_99,1893,2563,22,Excellent,879000,131800,8000,1018800
CASE-2026-TR-04414,Selangor,Agricultural,Rural_Coastal,Leasehold_99,21820,611,28,Poor,931000,139600,8000,1078600
CASE-2026-TR-04415,Johor,Commercial,Urban,Leasehold_99,2387,2431,3,Good,1139000,170800,8000,1317800
CASE-2026-TR-04416,Penang,Commercial,Suburban,Freehold,7250,8709,3,Good,3747000,562000,8000,4317000
CASE-2026-TR-04417,Terengganu,Residential,Rural_Coastal,Freehold,6896,4714,12,Excellent,1392000,208800,8000,1608800
CASE-2026-TR-04418,Penang,Residential,Suburban,Freehold,4061,3198,1,Excellent,1387000,208000,8000,1603000
CASE-2026-TR-04419,Penang,Commercial,Suburban,Freehold,8073,9557,11,Excellent,4409000,661400,8000,5078400
CASE-2026-TR-04420,Pahang,Agricultural,Rural_Coastal,Leasehold_99,44541,0,2,Good,1211000,181600,2000,1394600
CASE-2026-TR-04421,Selangor,Industrial,Urban,Freehold,33107,24765,8,Fair,12680000,1902000,8000,14590000
CASE-2026-TR-04422,Selangor,Agricultural,Suburban,Freehold,18722,0,13,Good,976000,146400,2000,1124400
CASE-2026-TR-04423,Perak,Residential,Rural_Coastal,Freehold,6568,3627,14,Fair,1086000,162900,8000,1256900
CASE-2026-TR-04424,Selangor,Agricultural,Rural_Coastal,Freehold,23002,0,8,Fair,1085000,162800,2000,1249800
CASE-2026-TR-04425,Sarawak,Commercial,Urban,Freehold,8800,9983,17,Fair,3607000,541000,8000,4156000
CASE-2026-TR-04426,Penang,Agricultural,Suburban,Leasehold_99,37928,0,26,Excellent,1811000,271600,2000,2084600
CASE-2026-TR-04427,Sabah,Residential,Rural_Coastal,Freehold,7249,4033,16,Excellent,1444000,216600,8000,1668600
CASE-2026-TR-04428,Selangor,Commercial,Urban,Freehold,3364,4474,17,Excellent,2113000,317000,8000,2438000
CASE-2026-TR-04429,Johor,Agricultural,Rural_Coastal,Leasehold_99,30108,0,28,Good,1073000,161000,2000,1236000
CASE-2026-TR-04430,Selangor,Residential,Suburban,Freehold,6713,4099,13,Poor,1685000,252800,8000,1945800
CASE-2026-TR-04431,Perak,Agricultural,Rural_Coastal,Leasehold_99,56975,0,23,Fair,1601000,240200,2000,1843200
CASE-2026-TR-04432,Terengganu,Industrial,Suburban,Leasehold_99,7868,3552,9,Poor,1376000,206400,8000,1590400
CASE-2026-TR-04433,Perak,Commercial,Rural_Coastal,Freehold,5565,4677,17,Good,1724000,258600,8000,1990600
CASE-2026-TR-04434,Melaka,Residential,Suburban,Freehold,3368,2439,28,Good,747000,112000,8000,867000
CASE-2026-TR-04435,Melaka,Residential,Suburban,Freehold,7467,6441,29,Fair,1709000,256400,8000,1973400
CASE-2026-TR-04436,Sarawak,Agricultural,Urban,Leasehold_99,62651,0,15,Good,2540000,381000,2000,2923000
CASE-2026-TR-04437,Penang,Residential,Rural_Coastal,Leasehold_99,7303,4551,29,Fair,1511000,226600,8000,1745600
CASE-2026-TR-04438,Terengganu,Residential,Suburban,Malay_Reserve,6750,4370,10,Fair,1152000,172800,8000,1332800
CASE-2026-TR-04439,Selangor,Commercial,Suburban,Leasehold_99,5912,6201,18,Fair,2599000,389800,8000,2996800
CASE-2026-TR-04440,Selangor,Residential,Urban,Leasehold_99,4273,2741,29,Good,1307000,196000,8000,1511000
CASE-2026-TR-04441,Selangor,Residential,Urban,Leasehold_99,6707,5804,26,Poor,1711000,256600,8000,1975600
CASE-2026-TR-04442,Sarawak,Commercial,Urban,Freehold,2363,1955,3,Poor,825000,123800,8000,956800
CASE-2026-TR-04443,Johor,Residential,Urban,Freehold,1667,922,34,Fair,374000,56100,8000,438100
CASE-2026-TR-04444,Selangor,Residential,Rural_Coastal,Freehold,2037,1675,3,Fair,563000,84400,8000,655400
CASE-2026-TR-04445,Selangor,Commercial,Rural_Coastal,Freehold,10462,12212,11,Good,5192000,778800,8000,5978800
CASE-2026-TR-04446,Johor,Residential,Suburban,Malay_Reserve,2808,2530,21,Good,729000,109400,8000,846400
CASE-2026-TR-04447,Johor,Residential,Suburban,Freehold,3034,2306,16,Good,822000,123300,8000,953300
CASE-2026-TR-04448,Perak,Commercial,Urban,Freehold,3876,4645,8,Good,1831000,274600,8000,2113600
CASE-2026-TR-04449,Johor,Industrial,Urban,Freehold,23061,17114,23,Good,6811000,1021600,8000,7840600
CASE-2026-TR-04450,Melaka,Residential,Rural_Coastal,Freehold,5219,3816,6,Fair,1078000,161700,8000,1247700
CASE-2026-TR-04451,Pahang,Residential,Urban,Leasehold_99,5826,5009,12,Good,1446000,216900,8000,1670900
CASE-2026-TR-04452,Selangor,Commercial,Urban,Freehold,5894,4668,13,Fair,3120000,468000,8000,3596000
CASE-2026-TR-04453,Selangor,Commercial,Rural_Coastal,Leasehold_99,10189,13728,27,Fair,4267000,640000,8000,4915000
CASE-2026-TR-04454,Penang,Residential,Urban,Freehold,1788,1686,31,Fair,537000,80600,8000,625600
CASE-2026-TR-04455,Penang,Residential,Urban,Freehold,6385,5016,18,Excellent,2234000,335100,8000,2577100
CASE-2026-TR-04456,Penang,Agricultural,Suburban,Leasehold_99,40640,0,34,Good,1842000,276300,2000,2120300
CASE-2026-TR-04457,Perak,Agricultural,Suburban,Freehold,35587,0,36,Excellent,1247000,187000,2000,1436000
CASE-2026-TR-04458,Johor,Commercial,Suburban,Leasehold_99,7719,5752,2,Fair,2979000,446800,8000,3433800
CASE-2026-TR-04459,Selangor,Residential,Suburban,Freehold,6594,6040,14,Fair,2159000,323800,8000,2490800
CASE-2026-TR-04460,Penang,Agricultural,Suburban,Leasehold_99,42730,1040,33,Fair,1944000,291600,8000,2243600
CASE-2026-TR-04461,Selangor,Residential,Rural_Coastal,Freehold,4544,3001,24,Good,1091000,163600,8000,1262600
CASE-2026-TR-04462,Johor,Residential,Suburban,Leasehold_99,5195,4021,4,Poor,1147000,172000,8000,1327000
CASE-2026-TR-04463,Johor,Agricultural,Rural_Coastal,Leasehold_99,60919,0,19,Fair,2047000,307000,2000,2356000
CASE-2026-TR-04464,Melaka,Residential,Suburban,Malay_Reserve,2599,1492,19,Fair,456000,68400,8000,532400
CASE-2026-TR-04465,Penang,Residential,Urban,Freehold,1380,1121,27,Poor,348000,52200,8000,408200
CASE-2026-TR-04466,Selangor,Commercial,Urban,Freehold,11941,13859,1,Good,7206000,1080900,8000,8294900
CASE-2026-TR-04467,Selangor,Residential,Suburban,Malay_Reserve,2722,2498,8,Excellent,966000,144900,8000,1118900
CASE-2026-TR-04468,Johor,Agricultural,Suburban,Malay_Reserve,15683,703,37,Excellent,676000,101400,8000,785400
CASE-2026-TR-04469,Selangor,Residential,Urban,Freehold,1792,1175,30,Good,546000,81900,8000,635900
CASE-2026-TR-04470,Selangor,Commercial,Rural_Coastal,Leasehold_99,8133,7291,6,Excellent,3430000,514500,8000,3952500
CASE-2026-TR-04471,Selangor,Residential,Suburban,Leasehold_99,6359,4035,2,Fair,1770000,265500,8000,2043500
CASE-2026-TR-04472,Pahang,Residential,Rural_Coastal,Freehold,5254,3188,33,Excellent,825000,123800,8000,956800
CASE-2026-TR-04473,Selangor,Agricultural,Urban,Freehold,64452,1116,31,Good,3887000,583000,8000,4478000
CASE-2026-TR-04474,Selangor,Residential,Urban,Freehold,4424,3564,16,Excellent,1589000,238400,8000,1835400
CASE-2026-TR-04475,Selangor,Residential,Urban,Leasehold_99,4663,3290,29,Good,1351000,202600,8000,1561600
CASE-2026-TR-04476,Johor,Commercial,Suburban,Freehold,10362,8044,14,Fair,4010000,601500,8000,4619500
CASE-2026-TR-04477,Terengganu,Commercial,Urban,Leasehold_99,8909,10929,14,Fair,3426000,513900,8000,3947900
CASE-2026-TR-04478,Johor,Agricultural,Rural_Coastal,Leasehold_99,45227,1140,36,Fair,1743000,261400,8000,2012400
CASE-2026-TR-04479,Penang,Agricultural,Urban,Freehold,32763,678,7,Good,1874000,281100,8000,2163100
CASE-2026-TR-04480,Penang,Residential,Urban,Freehold,5254,3113,8,Fair,1464000,219600,8000,1691600
CASE-2026-TR-04481,Johor,Commercial,Rural_Coastal,Freehold,4882,3846,21,Excellent,1812000,271800,8000,2091800
CASE-2026-TR-04482,Terengganu,Residential,Suburban,Freehold,3314,2857,7,Good,867000,130000,8000,1005000
CASE-2026-TR-04483,Johor,Residential,Urban,Leasehold_99,3846,2465,6,Good,1180000,177000,8000,1365000
CASE-2026-TR-04484,Sarawak,Commercial,Urban,Freehold,5239,3749,17,Fair,1877000,281600,8000,2166600
CASE-2026-TR-04485,Melaka,Industrial,Urban,Malay_Reserve,10707,7091,14,Good,2799000,419800,8000,3226800
CASE-2026-TR-04486,Sarawak,Residential,Urban,Leasehold_99,4103,3398,6,Good,1270000,190500,8000,1468500
CASE-2026-TR-04487,Selangor,Residential,Urban,Leasehold_99,3188,1962,11,Poor,839000,125800,8000,972800
CASE-2026-TR-04488,Penang,Agricultural,Urban,Freehold,52225,875,8,Excellent,3115000,467200,8000,3590200
CASE-2026-TR-04489,Penang,Residential,Suburban,Freehold,6452,4341,29,Excellent,1623000,243400,8000,1874400
CASE-2026-TR-04490,Selangor,Residential,Suburban,Malay_Reserve,3797,3375,9,Good,1211000,181600,8000,1400600
CASE-2026-TR-04491,Penang,Residential,Urban,Leasehold_99,5612,3805,25,Excellent,1617000,242600,8000,1867600
CASE-2026-TR-04492,Pahang,Agricultural,Suburban,Freehold,18028,0,23,Fair,594000,89100,2000,685100
CASE-2026-TR-04493,Sabah,Residential,Urban,Leasehold_99,5590,5085,34,Good,1239000,185800,8000,1432800
CASE-2026-TR-04494,Selangor,Commercial,Suburban,Leasehold_99,4770,3856,2,Good,2198000,329700,8000,2535700
CASE-2026-TR-04495,Perak,Commercial,Urban,Leasehold_99,4344,5176,26,Good,1554000,233100,8000,1795100
CASE-2026-TR-04496,Selangor,Commercial,Urban,Malay_Reserve,5541,6364,17,Excellent,3074000,461100,8000,3543100
CASE-2026-TR-04497,Penang,Agricultural,Suburban,Freehold,38780,469,39,Good,2048000,307200,8000,2363200
CASE-2026-TR-04498,Johor,Residential,Suburban,Freehold,3042,1787,32,Excellent,710000,106500,8000,824500
CASE-2026-TR-04499,Melaka,Commercial,Suburban,Leasehold_99,6330,8076,17,Fair,2553000,383000,8000,2944000
CASE-2026-TR-04500,Melaka,Agricultural,Suburban,Leasehold_99,47981,1041,12,Excellent,1940000,291000,8000,2239000
CASE-2026-TR-04501,Pahang,Commercial,Suburban,Freehold,6226,8421,10,Poor,2214000,332100,8000,2554100
CASE-2026-TR-04502,Melaka,Agricultural,Suburban,Freehold,32360,405,26,Fair,1328000,199200,8000,1535200
CASE-2026-TR-04503,Melaka,Commercial,Urban,Freehold,4907,5975,27,Fair,1860000,279000,8000,2147000
CASE-2026-TR-04504,Selangor,Industrial,Rural_Coastal,Leasehold_99,13719,6040,1,Good,3755000,563200,8000,4326200
CASE-2026-TR-04505,Perak,Residential,Urban,Freehold,6862,5838,3,Excellent,1967000,295000,8000,2270000
CASE-2026-TR-04506,Sabah,Commercial,Rural_Coastal,Freehold,6946,7900,20,Good,2364000,354600,8000,2726600
CASE-2026-TR-04507,Sabah,Residential,Suburban,Leasehold_99,4690,3971,34,Good,882000,132300,8000,1022300
CASE-2026-TR-04508,Selangor,Agricultural,Suburban,Freehold,23649,0,0,Fair,1273000,191000,2000,1466000
CASE-2026-TR-04509,Penang,Residential,Rural_Coastal,Freehold,6123,5133,4,Good,1898000,284700,8000,2190700
CASE-2026-TR-04510,Pahang,Agricultural,Urban,Freehold,50257,0,34,Poor,1858000,278700,2000,2138700
CASE-2026-TR-04511,Selangor,Residential,Rural_Coastal,Leasehold_99,1674,953,25,Excellent,371000,55600,8000,434600
CASE-2026-TR-04512,Penang,Residential,Suburban,Leasehold_99,4067,2608,5,Good,1206000,180900,8000,1394900
CASE-2026-TR-04513,Selangor,Agricultural,Urban,Freehold,48934,0,29,Excellent,3005000,450800,2000,3457800
CASE-2026-TR-04514,Johor,Residential,Rural_Coastal,Freehold,1956,1229,8,Excellent,520000,78000,8000,606000
CASE-2026-TR-04515,Selangor,Agricultural,Urban,Leasehold_99,16612,0,11,Good,928000,139200,2000,1069200
CASE-2026-TR-04516,Perak,Residential,Rural_Coastal,Freehold,1583,1342,8,Fair,334000,50100,8000,392100
CASE-2026-TR-04517,Selangor,Residential,Suburban,Leasehold_99,1468,1055,27,Poor,374000,56100,8000,438100
CASE-2026-TR-04518,Sabah,Commercial,Rural_Coastal,Leasehold_99,3026,3027,11,Fair,951000,142600,8000,1101600
CASE-2026-TR-04519,Penang,Agricultural,Urban,Freehold,53329,0,25,Excellent,2972000,445800,2000,3419800
CASE-2026-TR-04520,Penang,Residential,Rural_Coastal,Freehold,3890,2162,34,Excellent,854000,128100,8000,990100
CASE-2026-TR-04521,Pahang,Industrial,Suburban,Freehold,22800,16964,4,Good,6125000,918800,8000,7051800
CASE-2026-TR-04522,Melaka,Commercial,Urban,Freehold,7972,7146,14,Fair,3090000,463500,8000,3561500
CASE-2026-TR-04523,Selangor,Industrial,Suburban,Freehold,21885,13896,14,Excellent,7397000,1109600,8000,8514600
CASE-2026-TR-04524,Sabah,Industrial,Urban,Malay_Reserve,28414,14546,28,Poor,5459000,818800,8000,6285800
CASE-2026-TR-04525,Selangor,Residential,Urban,Freehold,1772,1119,3,Good,591000,88600,8000,687600
CASE-2026-TR-04526,Selangor,Residential,Urban,Freehold,4769,3011,10,Good,1501000,225200,8000,1734200
CASE-2026-TR-04527,Selangor,Residential,Urban,Freehold,5452,3392,24,Good,1540000,231000,8000,1779000
CASE-2026-TR-04528,Terengganu,Residential,Suburban,Freehold,1980,1106,13,Good,439000,65800,8000,512800
CASE-2026-TR-04529,Melaka,Commercial,Urban,Freehold,5421,4869,6,Good,2351000,352600,8000,2711600
CASE-2026-TR-04530,Penang,Commercial,Urban,Malay_Reserve,4195,5203,4,Good,2411000,361600,8000,2780600
CASE-2026-TR-04531,Penang,Residential,Suburban,Freehold,2306,1580,6,Good,611000,91600,8000,710600
CASE-2026-TR-04532,Pahang,Residential,Urban,Freehold,5237,3572,34,Fair,955000,143200,8000,1106200
CASE-2026-TR-04533,Johor,Residential,Suburban,Malay_Reserve,3772,2218,30,Poor,716000,107400,8000,831400
CASE-2026-TR-04534,Melaka,Commercial,Urban,Leasehold_99,8754,6992,25,Fair,2941000,441200,8000,3390200
CASE-2026-TR-04535,Melaka,Residential,Rural_Coastal,Freehold,4312,3767,3,Excellent,1294000,194100,8000,1496100
CASE-2026-TR-04536,Melaka,Commercial,Urban,Freehold,3123,2855,25,Poor,1139000,170800,8000,1317800
CASE-2026-TR-04537,Johor,Agricultural,Urban,Leasehold_99,39533,0,35,Good,1895000,284200,2000,2181200
CASE-2026-TR-04538,Pahang,Residential,Urban,Leasehold_99,6111,5449,18,Fair,1467000,220000,8000,1695000
CASE-2026-TR-04539,Selangor,Industrial,Rural_Coastal,Leasehold_99,34307,19812,22,Fair,7818000,1172700,8000,8998700
CASE-2026-TR-04540,Selangor,Residential,Urban,Freehold,1868,1376,30,Good,560000,84000,8000,652000
CASE-2026-TR-04541,Johor,Residential,Rural_Coastal,Leasehold_99,7393,5131,10,Fair,1638000,245700,8000,1891700
CASE-2026-TR-04542,Perak,Commercial,Suburban,Freehold,6028,8367,2,Good,2785000,417800,8000,3210800
CASE-2026-TR-04543,Johor,Residential,Suburban,Leasehold_99,3314,1850,19,Good,779000,116800,8000,903800
CASE-2026-TR-04544,Terengganu,Residential,Urban,Freehold,1545,1128,9,Fair,352000,52800,8000,412800
CASE-2026-TR-04545,Pahang,Residential,Urban,Leasehold_99,3661,2867,29,Excellent,794000,119100,8000,921100
CASE-2026-TR-04546,Sabah,Agricultural,Suburban,Freehold,41416,1171,20,Excellent,1486000,222900,8000,1716900
CASE-2026-TR-04547,Penang,Commercial,Urban,Freehold,10959,8887,15,Fair,5155000,773200,8000,5936200
CASE-2026-TR-04548,Penang,Residential,Urban,Freehold,4253,3216,13,Fair,1304000,195600,8000,1507600
CASE-2026-TR-04549,Selangor,Residential,Suburban,Freehold,5297,3610,7,Excellent,1748000,262200,8000,2018200
CASE-2026-TR-04550,Sarawak,Residential,Rural_Coastal,Freehold,3056,2438,29,Good,599000,89800,8000,696800
CASE-2026-TR-04551,Selangor,Residential,Suburban,Freehold,3676,3223,12,Fair,1160000,174000,8000,1342000
CASE-2026-TR-04552,Johor,Industrial,Urban,Leasehold_99,13938,6695,20,Fair,3624000,543600,8000,4175600
CASE-2026-TR-04553,Penang,Agricultural,Suburban,Freehold,42737,1284,18,Good,2250000,337500,8000,2595500
CASE-2026-TR-04554,Pahang,Agricultural,Rural_Coastal,Malay_Reserve,63149,0,12,Fair,1589000,238400,2000,1829400
CASE-2026-TR-04555,Pahang,Industrial,Rural_Coastal,Leasehold_99,13818,6595,12,Poor,2223000,333400,8000,2564400
CASE-2026-TR-04556,Melaka,Commercial,Rural_Coastal,Leasehold_99,9385,10272,3,Excellent,4329000,649400,8000,4986400
CASE-2026-TR-04557,Sarawak,Residential,Rural_Coastal,Leasehold_99,5515,3510,31,Poor,784000,117600,8000,909600
CASE-2026-TR-04558,Selangor,Residential,Urban,Freehold,1671,1060,26,Excellent,492000,73800,8000,573800
CASE-2026-TR-04559,Selangor,Residential,Suburban,Leasehold_99,3121,2625,20,Fair,795000,119200,8000,922200
CASE-2026-TR-04560,Selangor,Residential,Suburban,Freehold,4518,3397,28,Good,1324000,198600,8000,1530600
CASE-2026-TR-04561,Selangor,Agricultural,Rural_Coastal,Leasehold_99,45723,0,22,Good,1902000,285300,2000,2189300
CASE-2026-TR-04562,Melaka,Commercial,Rural_Coastal,Freehold,6162,5924,4,Excellent,2447000,367000,8000,2822000
CASE-2026-TR-04563,Terengganu,Commercial,Rural_Coastal,Freehold,7744,7436,1,Excellent,3213000,482000,8000,3703000
CASE-2026-TR-04564,Selangor,Agricultural,Suburban,Freehold,25701,685,36,Fair,1333000,200000,8000,1541000
CASE-2026-TR-04565,Penang,Agricultural,Urban,Freehold,56693,0,17,Poor,3505000,525800,2000,4032800
CASE-2026-TR-04566,Perak,Commercial,Urban,Leasehold_99,8535,7710,1,Excellent,3217000,482600,8000,3707600
CASE-2026-TR-04567,Selangor,Commercial,Suburban,Leasehold_99,9333,8882,19,Excellent,4507000,676000,8000,5191000
CASE-2026-TR-04568,Selangor,Agricultural,Suburban,Freehold,42141,0,11,Fair,2293000,344000,2000,2639000
CASE-2026-TR-04569,Selangor,Residential,Suburban,Freehold,3736,3386,24,Fair,1109000,166400,8000,1283400
CASE-2026-TR-04570,Selangor,Residential,Urban,Freehold,1783,1303,4,Good,631000,94600,8000,733600
CASE-2026-TR-04571,Selangor,Residential,Urban,Leasehold_99,5365,4076,34,Fair,1348000,202200,8000,1558200
CASE-2026-TR-04572,Selangor,Commercial,Urban,Leasehold_99,2705,2409,23,Good,1189000,178400,8000,1375400
CASE-2026-TR-04573,Selangor,Residential,Urban,Leasehold_99,6343,4959,33,Good,1876000,281400,8000,2165400
CASE-2026-TR-04574,Selangor,Industrial,Suburban,Freehold,26257,16301,4,Excellent,8810000,1321500,8000,10139500
CASE-2026-TR-04575,Sabah,Industrial,Rural_Coastal,Freehold,23109,16786,13,Fair,4928000,739200,8000,5675200
CASE-2026-TR-04576,Selangor,Residential,Urban,Freehold,1799,1539,12,Good,684000,102600,8000,794600
CASE-2026-TR-04577,Sarawak,Residential,Suburban,Malay_Reserve,3410,2951,28,Fair,634000,95100,8000,737100
CASE-2026-TR-04578,Sabah,Agricultural,Urban,Freehold,58511,553,13,Good,2465000,369800,8000,2842800
CASE-2026-TR-04579,Pahang,Agricultural,Urban,Freehold,47013,0,33,Fair,1773000,266000,2000,2041000
CASE-2026-TR-04580,Selangor,Commercial,Suburban,Freehold,10242,11512,6,Good,5807000,871000,8000,6686000
CASE-2026-TR-04581,Johor,Industrial,Suburban,Freehold,27898,19421,28,Good,7318000,1097700,8000,8423700
CASE-2026-TR-04582,Selangor,Residential,Suburban,Leasehold_99,4072,2696,16,Good,1145000,171800,8000,1324800
CASE-2026-TR-04583,Selangor,Commercial,Urban,Freehold,8800,11891,4,Fair,5099000,764800,8000,5871800
CASE-2026-TR-04584,Pahang,Residential,Urban,Leasehold_99,4646,3878,23,Good,1184000,177600,8000,1369600
CASE-2026-TR-04585,Penang,Residential,Suburban,Leasehold_99,1300,991,28,Excellent,318000,47700,8000,373700
CASE-2026-TR-04586,Johor,Commercial,Suburban,Leasehold_99,3646,2598,21,Fair,1188000,178200,8000,1374200
CASE-2026-TR-04587,Sabah,Industrial,Suburban,Freehold,31397,14011,15,Good,6945000,1041800,8000,7994800
CASE-2026-TR-04588,Selangor,Industrial,Suburban,Freehold,10701,5089,13,Fair,2905000,435800,8000,3348800
CASE-2026-TR-04589,Penang,Residential,Urban,Malay_Reserve,6513,4206,20,Good,1743000,261400,8000,2012400
CASE-2026-TR-04590,Sarawak,Residential,Rural_Coastal,Leasehold_99,5337,4798,33,Good,1065000,159800,8000,1232800
CASE-2026-TR-04591,Johor,Residential,Rural_Coastal,Leasehold_99,4316,2960,5,Good,1020000,153000,8000,1181000
CASE-2026-TR-04592,Selangor,Residential,Urban,Freehold,6193,4471,9,Good,2071000,310600,8000,2389600
CASE-2026-TR-04593,Penang,Agricultural,Suburban,Leasehold_99,26786,783,6,Excellent,1333000,200000,8000,1541000
CASE-2026-TR-04594,Johor,Residential,Urban,Freehold,4388,3972,25,Good,1238000,185700,8000,1431700
CASE-2026-TR-04595,Melaka,Industrial,Suburban,Leasehold_99,11747,5426,4,Good,2669000,400400,8000,3077400
CASE-2026-TR-04596,Pahang,Residential,Urban,Leasehold_99,5979,3640,25,Good,1207000,181000,8000,1396000
CASE-2026-TR-04597,Pahang,Residential,Urban,Freehold,5885,5089,14,Good,1566000,234900,8000,1808900
CASE-2026-TR-04598,Pahang,Residential,Rural_Coastal,Leasehold_99,4405,3264,9,Fair,833000,125000,8000,966000
CASE-2026-TR-04599,Sabah,Commercial,Urban,Leasehold_99,5341,5692,12,Excellent,2645000,396800,8000,3049800
CASE-2026-TR-04600,Selangor,Agricultural,Rural_Coastal,Leasehold_99,25292,0,26,Good,1110000,166500,2000,1278500
CASE-2026-TR-04601,Johor,Residential,Urban,Leasehold_99,3003,2431,6,Good,903000,135400,8000,1046400
CASE-2026-TR-04602,Penang,Agricultural,Suburban,Freehold,15155,496,20,Good,821000,123200,8000,952200
CASE-2026-TR-04603,Selangor,Industrial,Suburban,Leasehold_99,19207,8301,23,Poor,5179000,776800,8000,5963800
CASE-2026-TR-04604,Perak,Commercial,Urban,Freehold,3585,2945,5,Good,1363000,204400,8000,1575400
CASE-2026-TR-04605,Sabah,Residential,Urban,Leasehold_99,4824,3643,8,Excellent,1386000,207900,8000,1601900
CASE-2026-TR-04606,Selangor,Residential,Urban,Freehold,1758,1445,19,Fair,579000,86800,8000,673800
CASE-2026-TR-04607,Pahang,Residential,Urban,Freehold,4354,2513,34,Fair,865000,129800,8000,1002800
CASE-2026-TR-04608,Terengganu,Agricultural,Urban,Freehold,63086,0,8,Good,2191000,328600,2000,2521600
CASE-2026-TR-04609,Melaka,Agricultural,Urban,Freehold,44876,1052,18,Excellent,2146000,321900,8000,2475900
CASE-2026-TR-04610,Selangor,Industrial,Urban,Leasehold_99,6073,3100,14,Good,1744000,261600,8000,2013600
CASE-2026-TR-04611,Penang,Residential,Suburban,Malay_Reserve,1473,959,23,Good,375000,56200,8000,439200
CASE-2026-TR-04612,Penang,Agricultural,Suburban,Freehold,36519,0,9,Good,1808000,271200,2000,2081200
CASE-2026-TR-04613,Pahang,Residential,Suburban,Freehold,4489,3756,33,Excellent,944000,141600,8000,1093600
CASE-2026-TR-04614,Sabah,Commercial,Suburban,Leasehold_99,3440,4379,11,Good,1425000,213800,8000,1646800
CASE-2026-TR-04615,Johor,Agricultural,Urban,Freehold,64893,586,14,Poor,3313000,497000,8000,3818000
CASE-2026-TR-04616,Johor,Commercial,Urban,Malay_Reserve,5565,5828,1,Excellent,2860000,429000,8000,3297000
CASE-2026-TR-04617,Pahang,Industrial,Rural_Coastal,Leasehold_99,17960,13043,15,Poor,3041000,456200,8000,3505200
CASE-2026-TR-04618,Pahang,Residential,Urban,Malay_Reserve,5838,3756,24,Good,1211000,181600,8000,1400600
CASE-2026-TR-04619,Perak,Residential,Rural_Coastal,Freehold,5814,4671,32,Fair,906000,135900,8000,1049900
CASE-2026-TR-04620,Sabah,Agricultural,Suburban,Freehold,54281,1362,15,Fair,2082000,312300,8000,2402300
CASE-2026-TR-04621,Sarawak,Residential,Suburban,Freehold,3823,3308,13,Good,958000,143700,8000,1109700
CASE-2026-TR-04622,Penang,Industrial,Rural_Coastal,Leasehold_99,22602,12912,1,Fair,5740000,861000,8000,6609000
CASE-2026-TR-04623,Sabah,Residential,Urban,Leasehold_99,3781,3225,25,Good,875000,131200,8000,1014200
CASE-2026-TR-04624,Penang,Commercial,Suburban,Leasehold_99,5809,5152,16,Fair,2217000,332600,8000,2557600
CASE-2026-TR-04625,Johor,Industrial,Urban,Freehold,12803,6982,11,Fair,3912000,586800,8000,4506800
CASE-2026-TR-04626,Pahang,Industrial,Urban,Malay_Reserve,6081,2453,1,Poor,1214000,182100,8000,1404100
CASE-2026-TR-04627,Sabah,Agricultural,Rural_Coastal,Freehold,37354,601,33,Good,1187000,178000,8000,1373000
CASE-2026-TR-04628,Selangor,Agricultural,Urban,Freehold,17518,0,2,Good,1059000,158800,2000,1219800
CASE-2026-TR-04629,Selangor,Agricultural,Suburban,Freehold,17988,0,37,Poor,984000,147600,2000,1133600
CASE-2026-TR-04630,Selangor,Residential,Rural_Coastal,Freehold,1652,1311,3,Good,503000,75400,8000,586400
CASE-2026-TR-04631,Perak,Residential,Suburban,Freehold,3875,2622,18,Fair,796000,119400,8000,923400
CASE-2026-TR-04632,Selangor,Residential,Urban,Freehold,5057,4524,22,Good,1711000,256600,8000,1975600
CASE-2026-TR-04633,Johor,Industrial,Suburban,Freehold,17245,7743,22,Good,4041000,606200,8000,4655200
CASE-2026-TR-04634,Sarawak,Commercial,Suburban,Freehold,9554,9251,3,Fair,3972000,595800,8000,4575800
CASE-2026-TR-04635,Selangor,Residential,Suburban,Freehold,1814,1646,30,Excellent,538000,80700,8000,626700
CASE-2026-TR-04636,Melaka,Residential,Rural_Coastal,Freehold,5462,3537,22,Excellent,1240000,186000,8000,1434000
CASE-2026-TR-04637,Penang,Residential,Urban,Leasehold_99,4701,3069,11,Fair,1294000,194100,8000,1496100
CASE-2026-TR-04638,Perak,Industrial,Urban,Freehold,26965,13375,8,Good,6890000,1033500,8000,7931500
CASE-2026-TR-04639,Selangor,Commercial,Rural_Coastal,Freehold,6925,7475,24,Excellent,3000000,450000,8000,3458000
CASE-2026-TR-04640,Selangor,Agricultural,Suburban,Malay_Reserve,53786,0,28,Fair,2620000,393000,2000,3015000
CASE-2026-TR-04641,Perak,Residential,Suburban,Leasehold_99,6310,4549,9,Good,1495000,224200,8000,1727200
CASE-2026-TR-04642,Johor,Residential,Urban,Freehold,7090,5042,31,Good,1694000,254100,8000,1956100
CASE-2026-TR-04643,Johor,Agricultural,Urban,Leasehold_99,34192,909,21,Fair,1531000,229600,8000,1768600
CASE-2026-TR-04644,Melaka,Residential,Suburban,Leasehold_99,6814,5246,18,Fair,1500000,225000,8000,1733000
CASE-2026-TR-04645,Pahang,Residential,Suburban,Leasehold_99,3128,1824,16,Good,619000,92800,8000,719800
CASE-2026-TR-04646,Pahang,Residential,Rural_Coastal,Malay_Reserve,6984,4726,23,Good,1111000,166600,8000,1285600
CASE-2026-TR-04647,Selangor,Residential,Urban,Freehold,2383,1459,7,Fair,741000,111200,8000,860200
CASE-2026-TR-04648,Penang,Residential,Suburban,Freehold,6439,5834,14,Fair,1815000,272200,8000,2095200
CASE-2026-TR-04649,Selangor,Residential,Suburban,Freehold,5380,4131,4,Poor,1510000,226500,8000,1744500
CASE-2026-TR-04650,Johor,Residential,Suburban,Leasehold_99,2947,1722,25,Poor,607000,91000,8000,706000
CASE-2026-TR-04651,Penang,Commercial,Suburban,Leasehold_99,5528,7105,9,Poor,2420000,363000,8000,2791000
CASE-2026-TR-04652,Johor,Industrial,Rural_Coastal,Freehold,15552,7464,18,Poor,3237000,485600,8000,3730600
CASE-2026-TR-04653,Johor,Commercial,Suburban,Freehold,5322,6276,6,Good,2544000,381600,8000,2933600
CASE-2026-TR-04654,Sabah,Residential,Rural_Coastal,Leasehold_99,7390,5814,31,Good,1348000,202200,8000,1558200
CASE-2026-TR-04655,Penang,Agricultural,Urban,Freehold,45137,974,19,Poor,2495000,374200,8000,2877200
CASE-2026-TR-04656,Penang,Residential,Urban,Freehold,5596,4502,12,Good,1857000,278600,8000,2143600
CASE-2026-TR-04657,Penang,Residential,Rural_Coastal,Leasehold_99,6965,4233,25,Fair,1487000,223000,8000,1718000
CASE-2026-TR-04658,Penang,Agricultural,Suburban,Leasehold_99,54197,0,10,Excellent,2403000,360400,2000,2765400
CASE-2026-TR-04659,Selangor,Commercial,Suburban,Freehold,11058,11242,24,Poor,4395000,659200,8000,5062200
CASE-2026-TR-04660,Johor,Residential,Rural_Coastal,Leasehold_99,3057,2631,32,Excellent,653000,98000,8000,759000
CASE-2026-TR-04661,Johor,Agricultural,Urban,Freehold,54740,0,28,Fair,2641000,396200,2000,3039200
CASE-2026-TR-04662,Melaka,Residential,Rural_Coastal,Malay_Reserve,5416,5003,20,Excellent,1218000,182700,8000,1408700
CASE-2026-TR-04663,Selangor,Commercial,Rural_Coastal,Freehold,7432,8212,4,Excellent,3813000,572000,8000,4393000
CASE-2026-TR-04664,Penang,Residential,Rural_Coastal,Freehold,2794,2537,5,Good,841000,126200,8000,975200
CASE-2026-TR-04665,Selangor,Residential,Suburban,Freehold,2458,1600,21,Good,760000,114000,8000,882000
CASE-2026-TR-04666,Penang,Industrial,Urban,Freehold,33442,16657,21,Good,10184000,1527600,8000,11719600
CASE-2026-TR-04667,Melaka,Commercial,Urban,Leasehold_99,7105,5060,7,Excellent,2850000,427500,8000,3285500
CASE-2026-TR-04668,Selangor,Residential,Urban,Freehold,5428,3513,26,Fair,1666000,249900,8000,1923900
CASE-2026-TR-04669,Melaka,Residential,Suburban,Malay_Reserve,1597,936,29,Good,296000,44400,8000,348400
CASE-2026-TR-04670,Johor,Residential,Suburban,Freehold,2609,1576,19,Excellent,664000,99600,8000,771600
CASE-2026-TR-04671,Melaka,Residential,Rural_Coastal,Freehold,4909,3672,13,Good,1134000,170100,8000,1312100
CASE-2026-TR-04672,Sabah,Residential,Suburban,Freehold,1353,1060,11,Good,320000,48000,8000,376000
CASE-2026-TR-04673,Johor,Residential,Suburban,Freehold,2940,2551,13,Good,825000,123800,8000,956800
CASE-2026-TR-04674,Terengganu,Commercial,Suburban,Malay_Reserve,5884,5219,25,Fair,1623000,243400,8000,1874400
CASE-2026-TR-04675,Johor,Industrial,Suburban,Leasehold_99,15925,10706,3,Good,4673000,701000,8000,5382000
CASE-2026-TR-04676,Perak,Residential,Urban,Freehold,2542,1745,21,Excellent,608000,91200,8000,707200
CASE-2026-TR-04677,Perak,Residential,Urban,Freehold,1740,1012,27,Excellent,391000,58600,8000,457600
CASE-2026-TR-04678,Sabah,Agricultural,Suburban,Leasehold_99,37110,727,16,Good,1281000,192200,8000,1481200
CASE-2026-TR-04679,Selangor,Residential,Urban,Freehold,4935,2876,34,Poor,1260000,189000,8000,1457000
CASE-2026-TR-04680,Terengganu,Commercial,Rural_Coastal,Leasehold_99,10672,7745,21,Good,2678000,401700,8000,3087700
CASE-2026-TR-04681,Melaka,Residential,Suburban,Leasehold_99,3714,2953,20,Fair,855000,128200,8000,991200
CASE-2026-TR-04682,Penang,Residential,Urban,Leasehold_99,3085,2309,10,Excellent,979000,146800,8000,1133800
CASE-2026-TR-04683,Selangor,Commercial,Urban,Leasehold_99,7537,6517,21,Fair,3259000,488800,8000,3755800
CASE-2026-TR-04684,Perak,Residential,Suburban,Freehold,3581,3052,15,Poor,742000,111300,8000,861300
CASE-2026-TR-04685,Penang,Residential,Urban,Freehold,2470,1620,9,Excellent,850000,127500,8000,985500
CASE-2026-TR-04686,Selangor,Agricultural,Suburban,Freehold,38402,0,13,Good,2135000,320200,2000,2457200
CASE-2026-TR-04687,Penang,Industrial,Suburban,Leasehold_99,15600,8492,21,Good,4591000,688600,8000,5287600
CASE-2026-TR-04688,Sarawak,Commercial,Suburban,Freehold,10704,13634,6,Excellent,4898000,734700,8000,5640700
CASE-2026-TR-04689,Perak,Commercial,Urban,Freehold,2347,1997,25,Good,795000,119200,8000,922200
CASE-2026-TR-04690,Terengganu,Residential,Urban,Freehold,1849,1720,25,Poor,379000,56800,8000,443800
CASE-2026-TR-04691,Sabah,Residential,Suburban,Leasehold_99,6463,4345,29,Fair,1115000,167200,8000,1290200
CASE-2026-TR-04692,Penang,Residential,Urban,Leasehold_99,5685,4759,30,Good,1654000,248100,8000,1910100
CASE-2026-TR-04693,Johor,Residential,Urban,Leasehold_99,3993,3079,31,Excellent,956000,143400,8000,1107400
CASE-2026-TR-04694,Selangor,Residential,Urban,Leasehold_99,5927,4129,25,Good,1827000,274000,8000,2109000
CASE-2026-TR-04695,Penang,Agricultural,Rural_Coastal,Leasehold_99,39261,481,5,Good,1679000,251800,8000,1938800
CASE-2026-TR-04696,Terengganu,Residential,Urban,Leasehold_99,2068,1379,34,Good,383000,57400,8000,448400
CASE-2026-TR-04697,Terengganu,Industrial,Rural_Coastal,Malay_Reserve,13593,7795,15,Good,2495000,374200,8000,2877200
CASE-2026-TR-04698,Pahang,Residential,Urban,Freehold,7499,4381,16,Good,1732000,259800,8000,1999800
CASE-2026-TR-04699,Melaka,Industrial,Urban,Freehold,19495,12249,21,Good,5071000,760600,8000,5839600
CASE-2026-TR-04700,Perak,Industrial,Suburban,Freehold,14337,6395,4,Good,3162000,474300,8000,3644300
CASE-2026-TR-04701,Penang,Residential,Urban,Leasehold_99,2222,1841,32,Excellent,695000,104200,8000,807200
CASE-2026-TR-04702,Sarawak,Residential,Suburban,Malay_Reserve,4492,4081,7,Fair,1132000,169800,8000,1309800
CASE-2026-TR-04703,Penang,Industrial,Urban,Leasehold_99,8557,3919,2,Excellent,2640000,396000,8000,3044000
CASE-2026-TR-04704,Perak,Residential,Urban,Freehold,2608,2250,23,Excellent,650000,97500,8000,755500
CASE-2026-TR-04705,Penang,Commercial,Suburban,Freehold,11124,14413,24,Excellent,5713000,857000,8000,6578000
CASE-2026-TR-04706,Johor,Residential,Suburban,Leasehold_99,6623,4877,24,Good,1469000,220400,8000,1697400
CASE-2026-TR-04707,Perak,Industrial,Suburban,Leasehold_99,17830,10712,20,Fair,3249000,487400,8000,3744400
CASE-2026-TR-04708,Perak,Residential,Suburban,Malay_Reserve,4531,3733,28,Good,876000,131400,8000,1015400
CASE-2026-TR-04709,Pahang,Residential,Urban,Freehold,2659,2388,12,Good,679000,101800,8000,788800
CASE-2026-TR-04710,Johor,Residential,Suburban,Leasehold_99,3135,2256,4,Good,884000,132600,8000,1024600
CASE-2026-TR-04711,Selangor,Residential,Urban,Freehold,7456,6616,15,Poor,2353000,353000,8000,2714000
CASE-2026-TR-04712,Terengganu,Agricultural,Suburban,Malay_Reserve,20788,513,5,Fair,610000,91500,8000,709500
CASE-2026-TR-04713,Johor,Commercial,Suburban,Malay_Reserve,11248,14245,13,Fair,4497000,674600,8000,5179600
CASE-2026-TR-04714,Sabah,Residential,Urban,Leasehold_99,4308,3673,17,Good,1080000,162000,8000,1250000
CASE-2026-TR-04715,Terengganu,Commercial,Rural_Coastal,Freehold,5802,7331,8,Excellent,2395000,359200,8000,2762200
CASE-2026-TR-04716,Penang,Industrial,Suburban,Malay_Reserve,21121,14772,4,Poor,5281000,792200,8000,6081200
CASE-2026-TR-04717,Selangor,Residential,Urban,Leasehold_99,4521,2999,3,Good,1599000,239800,8000,1846800
CASE-2026-TR-04718,Pahang,Residential,Urban,Freehold,5405,3232,6,Good,1256000,188400,8000,1452400
CASE-2026-TR-04719,Pahang,Residential,Suburban,Freehold,5619,5161,11,Good,1517000,227600,8000,1752600
CASE-2026-TR-04720,Johor,Commercial,Urban,Leasehold_99,3874,3688,10,Good,1781000,267200,8000,2056200
CASE-2026-TR-04721,Johor,Residential,Rural_Coastal,Leasehold_99,1983,1517,1,Fair,477000,71600,8000,556600
CASE-2026-TR-04722,Penang,Industrial,Suburban,Freehold,24172,11704,12,Fair,6749000,1012400,8000,7769400
CASE-2026-TR-04723,Selangor,Agricultural,Urban,Leasehold_99,31769,975,23,Good,2044000,306600,8000,2358600
CASE-2026-TR-04724,Johor,Commercial,Urban,Freehold,2300,1885,12,Excellent,1093000,164000,8000,1265000
CASE-2026-TR-04725,Selangor,Residential,Rural_Coastal,Freehold,1573,1134,1,Fair,456000,68400,8000,532400
CASE-2026-TR-04726,Johor,Residential,Urban,Freehold,3942,3472,15,Good,1219000,182800,8000,1409800
CASE-2026-TR-04727,Pahang,Residential,Suburban,Freehold,6345,3780,7,Poor,1110000,166500,8000,1284500
CASE-2026-TR-04728,Sarawak,Residential,Urban,Leasehold_99,4013,2316,10,Fair,882000,132300,8000,1022300
CASE-2026-TR-04729,Melaka,Agricultural,Rural_Coastal,Freehold,27570,554,0,Good,963000,144400,8000,1115400
CASE-2026-TR-04730,Selangor,Industrial,Suburban,Leasehold_99,16508,9003,10,Good,5035000,755200,8000,5798200
CASE-2026-TR-04731,Perak,Residential,Urban,Leasehold_99,2328,1779,25,Excellent,491000,73600,8000,572600
CASE-2026-TR-04732,Sarawak,Residential,Suburban,Freehold,5559,3481,10,Excellent,1386000,207900,8000,1601900
CASE-2026-TR-04733,Terengganu,Agricultural,Suburban,Leasehold_99,32921,0,22,Excellent,1057000,158600,2000,1217600
CASE-2026-TR-04734,Johor,Residential,Suburban,Malay_Reserve,6024,4936,17,Poor,1291000,193600,8000,1492600
CASE-2026-TR-04735,Pahang,Residential,Urban,Freehold,5907,3333,17,Good,1259000,188800,8000,1455800
CASE-2026-TR-04736,Selangor,Residential,Urban,Freehold,6844,6482,2,Good,2765000,414800,8000,3187800
CASE-2026-TR-04737,Selangor,Industrial,Suburban,Freehold,19266,8444,17,Good,5477000,821600,8000,6306600
CASE-2026-TR-04738,Penang,Commercial,Suburban,Leasehold_99,9523,6795,3,Good,3756000,563400,8000,4327400
CASE-2026-TR-04739,Selangor,Residential,Suburban,Freehold,1816,1582,27,Good,548000,82200,8000,638200
CASE-2026-TR-04740,Terengganu,Agricultural,Urban,Freehold,21655,403,39,Fair,851000,127600,8000,986600
CASE-2026-TR-04741,Sabah,Residential,Urban,Freehold,1755,1460,21,Good,417000,62600,8000,487600
CASE-2026-TR-04742,Johor,Residential,Urban,Leasehold_99,4987,3380,30,Good,1149000,172400,8000,1329400
CASE-2026-TR-04743,Pahang,Residential,Rural_Coastal,Freehold,5734,4647,16,Fair,1179000,176800,8000,1363800
CASE-2026-TR-04744,Selangor,Residential,Rural_Coastal,Leasehold_99,6753,3723,33,Good,1295000,194200,8000,1497200
CASE-2026-TR-04745,Penang,Commercial,Suburban,Freehold,11722,13623,8,Fair,5903000,885400,8000,6796400
CASE-2026-TR-04746,Terengganu,Commercial,Rural_Coastal,Freehold,8387,7963,13,Good,2649000,397400,8000,3054400
CASE-2026-TR-04747,Perak,Commercial,Rural_Coastal,Freehold,9384,12220,13,Good,3782000,567300,8000,4357300
CASE-2026-TR-04748,Sabah,Residential,Rural_Coastal,Freehold,6914,4446,5,Good,1388000,208200,8000,1604200
CASE-2026-TR-04749,Penang,Residential,Suburban,Freehold,6434,4711,20,Good,1865000,279800,8000,2152800
CASE-2026-TR-04750,Selangor,Industrial,Suburban,Freehold,15427,6934,7,Good,4704000,705600,8000,5417600
CASE-2026-TR-04751,Johor,Industrial,Urban,Freehold,11659,6786,1,Excellent,4076000,611400,8000,4695400
CASE-2026-TR-04752,Pahang,Residential,Suburban,Freehold,1843,1396,9,Good,453000,68000,8000,529000
CASE-2026-TR-04753,Selangor,Residential,Suburban,Malay_Reserve,6002,5269,32,Good,1644000,246600,8000,1898600
CASE-2026-TR-04754,Sarawak,Commercial,Suburban,Leasehold_99,11274,10714,2,Excellent,4470000,670500,8000,5148500
CASE-2026-TR-04755,Selangor,Commercial,Urban,Freehold,7359,6066,12,Fair,3686000,552900,8000,4246900
CASE-2026-TR-04756,Selangor,Residential,Urban,Leasehold_99,2978,1888,10,Excellent,909000,136400,8000,1053400
CASE-2026-TR-04757,Pahang,Residential,Urban,Leasehold_99,1522,1415,31,Poor,286000,42900,8000,336900
CASE-2026-TR-04758,Sarawak,Residential,Urban,Leasehold_99,1360,1190,34,Good,297000,44600,8000,349600
CASE-2026-TR-04759,Sarawak,Agricultural,Urban,Leasehold_99,40065,1296,28,Excellent,1710000,256500,8000,1974500
CASE-2026-TR-04760,Sabah,Agricultural,Suburban,Freehold,46935,597,1,Good,1745000,261800,8000,2014800
CASE-2026-TR-04761,Selangor,Agricultural,Urban,Freehold,59360,0,13,Excellent,3654000,548100,2000,4204100
CASE-2026-TR-04762,Sarawak,Residential,Rural_Coastal,Freehold,6733,3984,16,Good,1306000,195900,8000,1509900
CASE-2026-TR-04763,Selangor,Residential,Suburban,Freehold,2526,2083,22,Fair,757000,113600,8000,878600
CASE-2026-TR-04764,Selangor,Agricultural,Suburban,Freehold,19161,0,31,Excellent,1003000,150400,2000,1155400
CASE-2026-TR-04765,Selangor,Residential,Urban,Freehold,5881,3774,16,Good,1828000,274200,8000,2110200
CASE-2026-TR-04766,Pahang,Industrial,Suburban,Leasehold_99,18590,8737,19,Fair,3552000,532800,8000,4092800
CASE-2026-TR-04767,Penang,Residential,Suburban,Freehold,1682,1469,12,Good,525000,78800,8000,611800
CASE-2026-TR-04768,Selangor,Agricultural,Urban,Freehold,50408,0,3,Good,3179000,476800,2000,3657800
CASE-2026-TR-04769,Sabah,Residential,Suburban,Malay_Reserve,2320,1294,3,Good,462000,69300,8000,539300
CASE-2026-TR-04770,Johor,Residential,Suburban,Leasehold_99,4692,3751,18,Fair,1139000,170800,8000,1317800
CASE-2026-TR-04771,Melaka,Residential,Suburban,Freehold,2223,1895,19,Excellent,554000,83100,8000,645100
CASE-2026-TR-04772,Selangor,Industrial,Suburban,Freehold,28400,18088,26,Fair,7873000,1181000,8000,9062000
CASE-2026-TR-04773,Selangor,Agricultural,Rural_Coastal,Malay_Reserve,39674,0,19,Good,1577000,236600,2000,1815600
CASE-2026-TR-04774,Selangor,Residential,Urban,Malay_Reserve,7030,4681,21,Fair,1872000,280800,8000,2160800
CASE-2026-TR-04775,Selangor,Residential,Rural_Coastal,Freehold,6575,5179,18,Good,1801000,270200,8000,2079200
CASE-2026-TR-04776,Melaka,Residential,Suburban,Freehold,2658,1528,4,Excellent,653000,98000,8000,759000
CASE-2026-TR-04777,Penang,Agricultural,Rural_Coastal,Leasehold_99,52568,0,33,Excellent,2072000,310800,2000,2384800
CASE-2026-TR-04778,Selangor,Industrial,Urban,Freehold,27297,12522,2,Fair,8845000,1326800,8000,10179800
CASE-2026-TR-04779,Melaka,Industrial,Suburban,Leasehold_99,18100,13016,2,Good,5295000,794200,8000,6097200
CASE-2026-TR-04780,Perak,Agricultural,Urban,Freehold,59187,1450,28,Good,2411000,361600,8000,2780600
CASE-2026-TR-04781,Johor,Residential,Urban,Malay_Reserve,3935,3030,31,Fair,909000,136400,8000,1053400
CASE-2026-TR-04782,Selangor,Agricultural,Suburban,Freehold,62027,821,22,Fair,3410000,511500,8000,3929500
CASE-2026-TR-04783,Selangor,Agricultural,Urban,Leasehold_99,35434,0,15,Fair,2081000,312200,2000,2395200
CASE-2026-TR-04784,Penang,Industrial,Suburban,Leasehold_99,10951,6304,3,Fair,3110000,466500,8000,3584500
CASE-2026-TR-04785,Penang,Commercial,Urban,Malay_Reserve,6977,8489,4,Fair,3605000,540800,8000,4153800
CASE-2026-TR-04786,Melaka,Residential,Urban,Freehold,6272,5366,19,Fair,1620000,243000,8000,1871000
CASE-2026-TR-04787,Pahang,Residential,Urban,Leasehold_99,4913,2889,14,Good,1058000,158700,8000,1224700
CASE-2026-TR-04788,Johor,Residential,Suburban,Freehold,6848,4101,13,Fair,1811000,271600,8000,2090600
CASE-2026-TR-04789,Penang,Residential,Urban,Leasehold_99,1444,872,2,Excellent,465000,69800,8000,542800
CASE-2026-TR-04790,Johor,Residential,Suburban,Freehold,7427,7012,18,Fair,2001000,300200,8000,2309200
CASE-2026-TR-04791,Penang,Agricultural,Suburban,Freehold,49741,0,12,Poor,2687000,403000,2000,3092000
CASE-2026-TR-04792,Johor,Residential,Urban,Leasehold_99,2998,2612,11,Fair,843000,126400,8000,977400
CASE-2026-TR-04793,Penang,Residential,Urban,Freehold,5529,4015,19,Good,1719000,257800,8000,1984800
CASE-2026-TR-04794,Melaka,Commercial,Suburban,Malay_Reserve,11031,10170,13,Good,3764000,564600,8000,4336600
CASE-2026-TR-04795,Johor,Agricultural,Urban,Malay_Reserve,57706,0,12,Excellent,2469000,370400,2000,2841400
CASE-2026-TR-04796,Sabah,Agricultural,Suburban,Freehold,62501,468,38,Excellent,2248000,337200,8000,2593200
CASE-2026-TR-04797,Selangor,Commercial,Urban,Freehold,11363,12844,22,Fair,5778000,866700,8000,6652700
CASE-2026-TR-04798,Sabah,Residential,Urban,Freehold,4262,2992,13,Good,1021000,153200,8000,1182200
CASE-2026-TR-04799,Johor,Agricultural,Urban,Freehold,50701,0,8,Good,2340000,351000,2000,2693000
CASE-2026-TR-04800,Johor,Residential,Urban,Freehold,5450,3701,8,Fair,1505000,225800,8000,1738800
CASE-2026-TR-04801,Pahang,Residential,Suburban,Leasehold_99,6938,5717,1,Good,1943000,291400,8000,2242400
CASE-2026-TR-04802,Johor,Commercial,Suburban,Leasehold_99,6199,6703,22,Good,2558000,383700,8000,2949700
CASE-2026-TR-04803,Penang,Residential,Suburban,Freehold,7134,5446,4,Good,2156000,323400,8000,2487400
CASE-2026-TR-04804,Perak,Residential,Suburban,Malay_Reserve,3835,2133,1,Excellent,810000,121500,8000,939500
CASE-2026-TR-04805,Penang,Industrial,Urban,Freehold,26264,13838,2,Fair,8166000,1224900,8000,9398900
CASE-2026-TR-04806,Penang,Commercial,Rural_Coastal,Leasehold_99,10329,13954,22,Good,4059000,608800,8000,4675800
CASE-2026-TR-04807,Selangor,Residential,Suburban,Freehold,5624,4688,15,Fair,1724000,258600,8000,1990600
CASE-2026-TR-04808,Selangor,Commercial,Suburban,Freehold,10469,14617,21,Good,5578000,836700,8000,6422700
CASE-2026-TR-04809,Sarawak,Agricultural,Urban,Freehold,45347,1308,8,Excellent,1982000,297300,8000,2287300
CASE-2026-TR-04810,Johor,Residential,Urban,Freehold,2490,1856,8,Good,804000,120600,8000,932600
CASE-2026-TR-04811,Selangor,Industrial,Suburban,Freehold,18884,13502,25,Good,5486000,822900,8000,6316900
CASE-2026-TR-04812,Sabah,Residential,Urban,Freehold,2463,1418,23,Good,571000,85600,8000,664600
CASE-2026-TR-04813,Penang,Commercial,Suburban,Freehold,11578,8945,7,Good,5167000,775000,8000,5950000
CASE-2026-TR-04814,Melaka,Industrial,Rural_Coastal,Leasehold_99,34465,17692,2,Good,8181000,1227200,8000,9416200
CASE-2026-TR-04815,Penang,Residential,Urban,Freehold,3507,3134,28,Excellent,1177000,176600,8000,1361600
CASE-2026-TR-04816,Pahang,Residential,Rural_Coastal,Malay_Reserve,5961,3625,4,Good,1188000,178200,8000,1374200
CASE-2026-TR-04817,Selangor,Residential,Suburban,Leasehold_99,2756,2251,25,Good,769000,115400,8000,892400
CASE-2026-TR-04818,Selangor,Agricultural,Urban,Malay_Reserve,35663,0,3,Excellent,1955000,293200,2000,2250200
CASE-2026-TR-04819,Sabah,Residential,Suburban,Freehold,3285,2411,23,Poor,655000,98200,8000,761200
CASE-2026-TR-04820,Terengganu,Residential,Suburban,Malay_Reserve,5192,3424,15,Excellent,1104000,165600,8000,1277600
CASE-2026-TR-04821,Melaka,Residential,Suburban,Freehold,3853,2654,11,Good,923000,138400,8000,1069400
CASE-2026-TR-04822,Johor,Agricultural,Suburban,Leasehold_99,21787,0,33,Good,904000,135600,2000,1041600
CASE-2026-TR-04823,Pahang,Residential,Suburban,Freehold,5269,3803,12,Good,1145000,171800,8000,1324800
CASE-2026-TR-04824,Sarawak,Industrial,Suburban,Freehold,32698,16111,3,Good,7706000,1155900,8000,8869900
CASE-2026-TR-04825,Terengganu,Residential,Rural_Coastal,Freehold,2671,1556,32,Fair,405000,60800,8000,473800
CASE-2026-TR-04826,Johor,Residential,Suburban,Leasehold_99,7080,5786,21,Fair,1472000,220800,8000,1700800
CASE-2026-TR-04827,Johor,Agricultural,Urban,Freehold,23096,0,5,Poor,1149000,172400,2000,1323400
CASE-2026-TR-04828,Pahang,Industrial,Urban,Freehold,23289,15420,24,Good,5410000,811500,8000,6229500
CASE-2026-TR-04829,Selangor,Residential,Urban,Leasehold_99,3461,3186,31,Poor,847000,127000,8000,982000
CASE-2026-TR-04830,Penang,Residential,Urban,Freehold,6150,5536,32,Excellent,1839000,275800,8000,2122800
CASE-2026-TR-04831,Penang,Residential,Urban,Leasehold_99,4305,2874,10,Good,1300000,195000,8000,1503000
CASE-2026-TR-04832,Selangor,Residential,Suburban,Freehold,6338,5808,7,Excellent,2301000,345200,8000,2654200
CASE-2026-TR-04833,Perak,Commercial,Urban,Leasehold_99,2807,2270,27,Fair,851000,127600,8000,986600
CASE-2026-TR-04834,Sarawak,Residential,Suburban,Freehold,3429,2443,7,Good,808000,121200,8000,937200
CASE-2026-TR-04835,Selangor,Commercial,Urban,Leasehold_99,9292,12666,14,Fair,4834000,725100,8000,5567100
CASE-2026-TR-04836,Selangor,Residential,Rural_Coastal,Freehold,3624,3332,14,Good,1047000,157000,8000,1212000
CASE-2026-TR-04837,Perak,Agricultural,Suburban,Freehold,47775,0,16,Excellent,1612000,241800,2000,1855800
CASE-2026-TR-04838,Penang,Residential,Rural_Coastal,Freehold,5699,5003,28,Good,1420000,213000,8000,1641000
CASE-2026-TR-04839,Sabah,Residential,Urban,Freehold,1696,935,10,Fair,366000,54900,8000,428900
CASE-2026-TR-04840,Pahang,Commercial,Suburban,Leasehold_99,9117,9981,17,Good,3382000,507300,8000,3897300
CASE-2026-TR-04841,Selangor,Agricultural,Urban,Freehold,28626,954,38,Fair,1892000,283800,8000,2183800
CASE-2026-TR-04842,Pahang,Agricultural,Suburban,Leasehold_99,33110,912,28,Excellent,1051000,157600,8000,1216600
CASE-2026-TR-04843,Penang,Residential,Urban,Freehold,3982,3413,22,Excellent,1226000,183900,8000,1417900
CASE-2026-TR-04844,Pahang,Residential,Rural_Coastal,Leasehold_99,4901,3356,19,Fair,808000,121200,8000,937200
CASE-2026-TR-04845,Sabah,Industrial,Urban,Leasehold_99,9862,5236,17,Good,2190000,328500,8000,2526500
CASE-2026-TR-04846,Selangor,Commercial,Suburban,Freehold,5109,4094,25,Fair,2054000,308100,8000,2370100
CASE-2026-TR-04847,Selangor,Residential,Urban,Leasehold_99,2261,1559,20,Good,689000,103400,8000,800400
CASE-2026-TR-04848,Johor,Commercial,Urban,Freehold,1979,1996,2,Good,1042000,156300,8000,1206300
CASE-2026-TR-04849,Selangor,Residential,Suburban,Freehold,5928,4374,13,Excellent,1880000,282000,8000,2170000
CASE-2026-TR-04850,Johor,Agricultural,Urban,Freehold,20123,483,23,Good,1045000,156800,8000,1209800
CASE-2026-TR-04851,Johor,Residential,Suburban,Leasehold_99,7365,4882,14,Good,1820000,273000,8000,2101000
CASE-2026-TR-04852,Pahang,Residential,Urban,Malay_Reserve,4431,3770,30,Fair,871000,130600,8000,1009600
CASE-2026-TR-04853,Penang,Agricultural,Urban,Leasehold_99,36035,0,21,Poor,1895000,284200,2000,2181200
CASE-2026-TR-04854,Sabah,Industrial,Urban,Leasehold_99,7648,4143,16,Fair,1733000,260000,8000,2001000
CASE-2026-TR-04855,Pahang,Agricultural,Urban,Freehold,63557,582,18,Good,2471000,370600,8000,2849600
CASE-2026-TR-04856,Selangor,Residential,Urban,Freehold,2534,1774,11,Good,816000,122400,8000,946400
CASE-2026-TR-04857,Perak,Residential,Suburban,Freehold,6189,4632,6,Good,1612000,241800,8000,1861800
CASE-2026-TR-04858,Penang,Agricultural,Suburban,Freehold,31454,1117,26,Excellent,1565000,234800,8000,1807800
CASE-2026-TR-04859,Perak,Agricultural,Urban,Leasehold_99,46866,0,34,Excellent,1847000,277000,2000,2126000
CASE-2026-TR-04860,Selangor,Commercial,Suburban,Freehold,7491,8887,5,Poor,3831000,574600,8000,4413600
CASE-2026-TR-04861,Penang,Industrial,Urban,Freehold,15416,6573,19,Excellent,4428000,664200,8000,5100200
CASE-2026-TR-04862,Perak,Residential,Rural_Coastal,Leasehold_99,4059,3846,16,Good,876000,131400,8000,1015400
CASE-2026-TR-04863,Melaka,Agricultural,Suburban,Freehold,15322,428,4,Good,657000,98600,8000,763600
CASE-2026-TR-04864,Sarawak,Residential,Suburban,Leasehold_99,2636,1716,25,Fair,511000,76600,8000,595600
CASE-2026-TR-04865,Perak,Commercial,Suburban,Freehold,4286,3103,25,Good,1275000,191200,8000,1474200
CASE-2026-TR-04866,Penang,Residential,Rural_Coastal,Freehold,3054,2495,27,Excellent,793000,119000,8000,920000
CASE-2026-TR-04867,Perak,Industrial,Urban,Leasehold_99,5530,3292,27,Good,1128000,169200,8000,1305200
CASE-2026-TR-04868,Pahang,Residential,Rural_Coastal,Freehold,6489,5035,30,Excellent,1271000,190600,8000,1469600
CASE-2026-TR-04869,Penang,Commercial,Urban,Freehold,10927,8835,12,Fair,5230000,784500,8000,6022500
CASE-2026-TR-04870,Johor,Residential,Urban,Leasehold_99,2778,1793,34,Fair,623000,93400,8000,724400
CASE-2026-TR-04871,Pahang,Agricultural,Suburban,Freehold,26730,0,16,Good,804000,120600,2000,926600
CASE-2026-TR-04872,Selangor,Residential,Urban,Leasehold_99,6850,5069,25,Excellent,2135000,320200,8000,2463200
CASE-2026-TR-04873,Johor,Commercial,Urban,Freehold,2538,2475,16,Good,1195000,179200,8000,1382200
CASE-2026-TR-04874,Pahang,Residential,Urban,Leasehold_99,4287,2945,9,Good,1054000,158100,8000,1220100
CASE-2026-TR-04875,Sarawak,Residential,Urban,Freehold,5919,4935,5,Good,1699000,254800,8000,1961800
CASE-2026-TR-04876,Selangor,Residential,Rural_Coastal,Leasehold_99,2242,1290,12,Good,567000,85000,8000,660000
CASE-2026-TR-04877,Perak,Residential,Suburban,Freehold,3209,2444,10,Good,803000,120400,8000,931400
CASE-2026-TR-04878,Selangor,Commercial,Urban,Freehold,2125,2561,16,Good,1186000,177900,8000,1371900
CASE-2026-TR-04879,Terengganu,Residential,Rural_Coastal,Leasehold_99,4011,2802,32,Good,642000,96300,8000,746300
CASE-2026-TR-04880,Pahang,Commercial,Suburban,Freehold,6284,8528,1,Fair,3016000,452400,8000,3476400
CASE-2026-TR-04881,Pahang,Residential,Suburban,Freehold,5755,5016,30,Fair,1148000,172200,8000,1328200
CASE-2026-TR-04882,Selangor,Residential,Suburban,Leasehold_99,2065,1264,28,Good,500000,75000,8000,583000
CASE-2026-TR-04883,Pahang,Commercial,Rural_Coastal,Freehold,11303,10903,4,Excellent,4185000,627800,8000,4820800
CASE-2026-TR-04884,Sabah,Agricultural,Suburban,Freehold,63083,0,34,Good,2143000,321400,2000,2466400
CASE-2026-TR-04885,Pahang,Agricultural,Suburban,Freehold,62456,1328,34,Good,2087000,313000,8000,2408000
CASE-2026-TR-04886,Selangor,Agricultural,Suburban,Freehold,38249,0,13,Good,2078000,311700,2000,2391700
CASE-2026-TR-04887,Pahang,Agricultural,Suburban,Freehold,51299,936,39,Good,1633000,245000,8000,1886000
CASE-2026-TR-04888,Penang,Residential,Suburban,Freehold,4348,2769,3,Good,1272000,190800,8000,1470800
CASE-2026-TR-04889,Selangor,Residential,Rural_Coastal,Freehold,4762,4306,3,Excellent,1657000,248600,8000,1913600
CASE-2026-TR-04890,Selangor,Residential,Suburban,Malay_Reserve,4407,3164,32,Excellent,1188000,178200,8000,1374200
CASE-2026-TR-04891,Terengganu,Residential,Rural_Coastal,Freehold,6383,5281,7,Fair,1278000,191700,8000,1477700
CASE-2026-TR-04892,Sarawak,Residential,Urban,Freehold,7377,6832,14,Good,2216000,332400,8000,2556400
CASE-2026-TR-04893,Sarawak,Residential,Suburban,Freehold,6292,4499,27,Good,1277000,191600,8000,1476600
CASE-2026-TR-04894,Johor,Residential,Rural_Coastal,Malay_Reserve,3594,3217,11,Good,897000,134600,8000,1039600
CASE-2026-TR-04895,Selangor,Commercial,Suburban,Freehold,4898,4431,21,Poor,1936000,290400,8000,2234400
CASE-2026-TR-04896,Selangor,Residential,Suburban,Freehold,5961,3578,29,Good,1510000,226500,8000,1744500
CASE-2026-TR-04897,Johor,Agricultural,Suburban,Freehold,41391,0,17,Good,1866000,279900,2000,2147900
CASE-2026-TR-04898,Terengganu,Agricultural,Urban,Leasehold_99,47095,1280,17,Fair,1754000,263100,8000,2025100
CASE-2026-TR-04899,Selangor,Residential,Suburban,Leasehold_99,5918,3849,10,Fair,1607000,241000,8000,1856000
CASE-2026-TR-04900,Selangor,Residential,Urban,Freehold,6060,4776,22,Good,1958000,293700,8000,2259700
CASE-2026-TR-04901,Selangor,Commercial,Urban,Freehold,9450,12805,18,Fair,5118000,767700,8000,5893700
CASE-2026-TR-04902,Johor,Agricultural,Suburban,Freehold,22400,0,11,Good,1030000,154500,2000,1186500
CASE-2026-TR-04903,Selangor,Commercial,Urban,Freehold,1968,1764,11,Fair,883000,132400,8000,1023400
CASE-2026-TR-04904,Sarawak,Agricultural,Rural_Coastal,Malay_Reserve,30097,0,30,Excellent,824000,123600,2000,949600
CASE-2026-TR-04905,Sabah,Commercial,Urban,Leasehold_99,11892,13632,12,Excellent,5054000,758100,8000,5820100
CASE-2026-TR-04906,Sarawak,Agricultural,Suburban,Freehold,42719,0,2,Good,1737000,260600,2000,1999600
CASE-2026-TR-04907,Penang,Residential,Urban,Freehold,2330,1401,19,Fair,624000,93600,8000,725600
CASE-2026-TR-04908,Selangor,Residential,Suburban,Freehold,6643,4006,32,Good,1609000,241400,8000,1858400
CASE-2026-TR-04909,Penang,Agricultural,Urban,Freehold,37265,0,5,Fair,2314000,347100,2000,2663100
CASE-2026-TR-04910,Selangor,Residential,Rural_Coastal,Freehold,1733,1636,30,Fair,429000,64400,8000,501400
CASE-2026-TR-04911,Melaka,Agricultural,Urban,Freehold,44490,0,27,Good,2115000,317200,2000,2434200
CASE-2026-TR-04912,Johor,Residential,Rural_Coastal,Freehold,6644,4429,31,Fair,1164000,174600,8000,1346600
CASE-2026-TR-04913,Penang,Commercial,Urban,Freehold,7269,6926,8,Good,4004000,600600,8000,4612600
CASE-2026-TR-04914,Johor,Residential,Suburban,Freehold,6561,5553,34,Excellent,1652000,247800,8000,1907800
CASE-2026-TR-04915,Pahang,Commercial,Suburban,Freehold,5471,7179,4,Excellent,2887000,433000,8000,3328000
CASE-2026-TR-04916,Melaka,Commercial,Urban,Malay_Reserve,1814,2437,23,Good,831000,124600,8000,963600
CASE-2026-TR-04917,Selangor,Residential,Suburban,Freehold,4752,2808,27,Fair,1269000,190400,8000,1467400
CASE-2026-TR-04918,Selangor,Residential,Suburban,Leasehold_99,3383,2660,34,Excellent,910000,136500,8000,1054500
CASE-2026-TR-04919,Pahang,Commercial,Suburban,Leasehold_99,10391,9369,8,Fair,3603000,540400,8000,4151400
CASE-2026-TR-04920,Penang,Agricultural,Suburban,Freehold,61892,0,1,Fair,3285000,492800,2000,3779800
CASE-2026-TR-04921,Johor,Residential,Urban,Freehold,3034,2775,14,Fair,901000,135200,8000,1044200
CASE-2026-TR-04922,Sarawak,Residential,Rural_Coastal,Freehold,2387,1353,34,Good,376000,56400,8000,440400
CASE-2026-TR-04923,Sarawak,Industrial,Urban,Freehold,28807,12651,22,Excellent,6658000,998700,8000,7664700
CASE-2026-TR-04924,Selangor,Residential,Urban,Freehold,1850,1329,20,Poor,507000,76000,8000,591000
CASE-2026-TR-04925,Sabah,Residential,Urban,Malay_Reserve,3077,2082,2,Excellent,786000,117900,8000,911900
CASE-2026-TR-04926,Penang,Residential,Suburban,Freehold,3848,3316,30,Good,1025000,153800,8000,1186800
CASE-2026-TR-04927,Penang,Residential,Urban,Leasehold_99,5914,3821,7,Excellent,1832000,274800,8000,2114800
CASE-2026-TR-04928,Penang,Residential,Suburban,Freehold,1440,908,16,Good,413000,62000,8000,483000
CASE-2026-TR-04929,Melaka,Agricultural,Urban,Leasehold_99,17312,1071,31,Good,731000,109600,8000,848600
CASE-2026-TR-04930,Penang,Residential,Urban,Freehold,5277,4054,4,Excellent,1920000,288000,8000,2216000
CASE-2026-TR-04931,Johor,Industrial,Urban,Leasehold_99,30623,18593,8,Good,9417000,1412600,8000,10837600
CASE-2026-TR-04932,Selangor,Residential,Urban,Leasehold_99,6813,4914,18,Good,2306000,345900,8000,2659900
CASE-2026-TR-04933,Sabah,Residential,Urban,Freehold,3430,2049,18,Good,779000,116800,8000,903800
CASE-2026-TR-04934,Penang,Agricultural,Suburban,Leasehold_99,54425,0,36,Good,2557000,383600,2000,2942600
CASE-2026-TR-04935,Penang,Agricultural,Urban,Malay_Reserve,46849,955,23,Good,2294000,344100,8000,2646100
CASE-2026-TR-04936,Pahang,Residential,Urban,Freehold,6815,4350,18,Poor,1259000,188800,8000,1455800
CASE-2026-TR-04937,Sabah,Industrial,Urban,Freehold,14895,8441,7,Fair,3589000,538400,8000,4135400
CASE-2026-TR-04938,Terengganu,Residential,Urban,Leasehold_99,3524,2151,22,Fair,677000,101600,8000,786600
CASE-2026-TR-04939,Melaka,Residential,Suburban,Leasehold_99,3783,3304,1,Good,1067000,160000,8000,1235000
CASE-2026-TR-04940,Johor,Commercial,Urban,Leasehold_99,7937,7189,2,Fair,3424000,513600,8000,3945600
CASE-2026-TR-04941,Melaka,Agricultural,Urban,Freehold,30197,1247,20,Excellent,1376000,206400,8000,1590400
CASE-2026-TR-04942,Pahang,Commercial,Urban,Freehold,6097,8511,14,Excellent,2961000,444200,8000,3413200
CASE-2026-TR-04943,Selangor,Residential,Urban,Freehold,4556,4116,24,Fair,1471000,220600,8000,1699600
CASE-2026-TR-04944,Pahang,Residential,Urban,Leasehold_99,2554,1610,26,Excellent,547000,82000,8000,637000
CASE-2026-TR-04945,Selangor,Residential,Urban,Freehold,2015,1883,31,Excellent,633000,95000,8000,736000
CASE-2026-TR-04946,Penang,Commercial,Suburban,Freehold,11138,10421,23,Good,4728000,709200,8000,5445200
CASE-2026-TR-04947,Melaka,Residential,Rural_Coastal,Freehold,2180,2054,4,Excellent,630000,94500,8000,732500
CASE-2026-TR-04948,Sarawak,Commercial,Rural_Coastal,Freehold,2387,2994,22,Excellent,918000,137700,8000,1063700
CASE-2026-TR-04949,Sarawak,Residential,Urban,Leasehold_99,6910,5226,31,Fair,1372000,205800,8000,1585800
CASE-2026-TR-04950,Penang,Residential,Rural_Coastal,Freehold,5559,4809,2,Good,1810000,271500,8000,2089500
CASE-2026-TR-04951,Sarawak,Residential,Urban,Leasehold_99,2832,2577,15,Excellent,859000,128800,8000,995800
CASE-2026-TR-04952,Selangor,Residential,Urban,Freehold,6829,6247,21,Good,2371000,355600,8000,2734600
CASE-2026-TR-04953,Sabah,Residential,Suburban,Freehold,2462,1671,19,Good,542000,81300,8000,631300
CASE-2026-TR-04954,Johor,Residential,Suburban,Leasehold_99,3804,2242,17,Good,856000,128400,8000,992400
CASE-2026-TR-04955,Johor,Residential,Suburban,Freehold,7163,5664,17,Good,1812000,271800,8000,2091800
CASE-2026-TR-04956,Johor,Commercial,Suburban,Freehold,2980,3056,1,Good,1317000,197600,8000,1522600
CASE-2026-TR-04957,Sarawak,Agricultural,Suburban,Freehold,15754,0,15,Excellent,587000,88000,2000,677000
CASE-2026-TR-04958,Perak,Commercial,Urban,Freehold,7615,9214,13,Good,3576000,536400,8000,4120400
CASE-2026-TR-04959,Penang,Agricultural,Urban,Leasehold_99,18445,0,4,Good,1036000,155400,2000,1193400
CASE-2026-TR-04960,Selangor,Residential,Rural_Coastal,Malay_Reserve,1507,1430,24,Good,415000,62200,8000,485200
CASE-2026-TR-04961,Johor,Agricultural,Suburban,Freehold,31205,0,17,Excellent,1323000,198400,2000,1523400
CASE-2026-TR-04962,Terengganu,Industrial,Suburban,Freehold,8678,3973,29,Excellent,1672000,250800,8000,1930800
CASE-2026-TR-04963,Selangor,Agricultural,Urban,Freehold,26008,517,8,Excellent,1661000,249200,8000,1918200
CASE-2026-TR-04964,Sarawak,Residential,Rural_Coastal,Freehold,4214,3395,10,Excellent,1069000,160400,8000,1237400
CASE-2026-TR-04965,Pahang,Commercial,Suburban,Leasehold_99,5914,5499,20,Fair,1685000,252800,8000,1945800
CASE-2026-TR-04966,Penang,Agricultural,Suburban,Malay_Reserve,64424,0,39,Excellent,2881000,432200,2000,3315200
CASE-2026-TR-04967,Sarawak,Industrial,Suburban,Freehold,7921,5778,21,Good,2125000,318800,8000,2451800
CASE-2026-TR-04968,Sabah,Industrial,Urban,Freehold,5645,3147,24,Good,1368000,205200,8000,1581200
CASE-2026-TR-04969,Pahang,Industrial,Rural_Coastal,Freehold,13412,8793,11,Good,3126000,468900,8000,3602900
CASE-2026-TR-04970,Pahang,Residential,Urban,Freehold,3506,2039,32,Excellent,730000,109500,8000,847500
CASE-2026-TR-04971,Selangor,Commercial,Urban,Freehold,11102,12848,12,Good,6543000,981400,8000,7532400
CASE-2026-TR-04972,Johor,Residential,Suburban,Leasehold_99,6747,5673,12,Excellent,2139000,320800,8000,2467800
CASE-2026-TR-04973,Pahang,Industrial,Rural_Coastal,Freehold,12725,6878,15,Good,2572000,385800,8000,2965800
CASE-2026-TR-04974,Johor,Residential,Suburban,Leasehold_99,6019,3741,33,Fair,1258000,188700,8000,1454700
CASE-2026-TR-04975,Selangor,Commercial,Suburban,Malay_Reserve,3131,3407,6,Good,1512000,226800,8000,1746800
CASE-2026-TR-04976,Penang,Residential,Suburban,Leasehold_99,4902,4335,18,Poor,1200000,180000,8000,1388000
CASE-2026-TR-04977,Terengganu,Agricultural,Urban,Freehold,31776,1493,13,Excellent,1320000,198000,8000,1526000
CASE-2026-TR-04978,Johor,Commercial,Rural_Coastal,Freehold,3883,3596,21,Good,1461000,219200,8000,1688200
CASE-2026-TR-04979,Johor,Residential,Suburban,Leasehold_99,6471,3615,22,Excellent,1511000,226600,8000,1745600
CASE-2026-TR-04980,Melaka,Residential,Urban,Leasehold_99,5152,3189,3,Good,1248000,187200,8000,1443200
CASE-2026-TR-04981,Penang,Industrial,Urban,Leasehold_99,7219,3066,27,Excellent,2051000,307600,8000,2366600
CASE-2026-TR-04982,Penang,Industrial,Urban,Leasehold_99,4013,2314,23,Good,1201000,180200,8000,1389200
CASE-2026-TR-04983,Pahang,Commercial,Rural_Coastal,Leasehold_99,11689,15546,15,Excellent,4932000,739800,8000,5679800
CASE-2026-TR-04984,Selangor,Agricultural,Suburban,Freehold,54212,0,25,Excellent,2880000,432000,2000,3314000
CASE-2026-TR-04985,Johor,Residential,Urban,Leasehold_99,1850,1677,31,Poor,428000,64200,8000,500200
CASE-2026-TR-04986,Sarawak,Residential,Suburban,Malay_Reserve,5817,4339,26,Poor,1007000,151000,8000,1166000
CASE-2026-TR-04987,Johor,Agricultural,Suburban,Malay_Reserve,23657,965,3,Good,1051000,157600,8000,1216600
CASE-2026-TR-04988,Terengganu,Industrial,Suburban,Freehold,24916,17199,18,Fair,5206000,780900,8000,5994900
CASE-2026-TR-04989,Pahang,Commercial,Rural_Coastal,Leasehold_99,11204,13865,7,Good,4701000,705200,8000,5414200
CASE-2026-TR-04990,Sabah,Residential,Urban,Leasehold_99,3668,2605,4,Good,931000,139600,8000,1078600
CASE-2026-TR-04991,Penang,Industrial,Suburban,Freehold,4659,2004,24,Fair,1151000,172600,8000,1331600
CASE-2026-TR-04992,Terengganu,Residential,Urban,Freehold,4393,2771,19,Good,943000,141400,8000,1092400
CASE-2026-TR-04993,Selangor,Residential,Urban,Leasehold_99,3225,2494,13,Excellent,1179000,176800,8000,1363800
CASE-2026-TR-04994,Perak,Residential,Urban,Freehold,3592,2242,14,Fair,777000,116600,8000,901600
CASE-2026-TR-04995,Penang,Residential,Suburban,Leasehold_99,6004,5142,34,Good,1474000,221100,8000,1703100
CASE-2026-TR-04996,Terengganu,Residential,Urban,Freehold,7374,6988,24,Poor,1630000,244500,8000,1882500
CASE-2026-TR-04997,Penang,Agricultural,Urban,Leasehold_99,42775,0,16,Excellent,2462000,369300,2000,2833300
CASE-2026-TR-04998,Penang,Agricultural,Rural_Coastal,Leasehold_99,37397,1024,17,Fair,1714000,257100,8000,1979100
CASE-2026-TR-04999,Penang,Residential,Urban,Freehold,2648,1638,30,Good,702000,105300,8000,815300
CASE-2026-TR-05000,Selangor,Residential,Urban,Leasehold_99,3412,2637,33,Good,1034000,155100,8000,1197100
CASE-2026-TR-05001,Pahang,Residential,Urban,Freehold,6857,5022,2,Good,2000000,300000,8000,2308000
CASE-2026-TR-05002,Selangor,Agricultural,Suburban,Leasehold_99,51148,0,20,Good,2565000,384800,2000,2951800
CASE-2026-TR-05003,Penang,Agricultural,Suburban,Leasehold_99,46227,864,33,Good,2117000,317600,8000,2442600
CASE-2026-TR-05004,Melaka,Commercial,Suburban,Leasehold_99,2100,2930,25,Excellent,913000,137000,8000,1058000
CASE-2026-TR-05005,Penang,Residential,Rural_Coastal,Freehold,3072,2001,5,Fair,799000,119800,8000,926800
CASE-2026-TR-05006,Selangor,Commercial,Rural_Coastal,Freehold,6689,9070,9,Fair,3316000,497400,8000,3821400
CASE-2026-TR-05007,Penang,Residential,Urban,Freehold,6123,3919,6,Excellent,1977000,296600,8000,2281600
CASE-2026-TR-05008,Selangor,Residential,Rural_Coastal,Leasehold_99,3024,2464,18,Good,797000,119600,8000,924600
CASE-2026-TR-05009,Sarawak,Residential,Rural_Coastal,Freehold,6267,5180,23,Excellent,1397000,209600,8000,1614600
CASE-2026-TR-05010,Johor,Residential,Suburban,Freehold,6266,5187,32,Good,1433000,215000,8000,1656000
CASE-2026-TR-05011,Selangor,Agricultural,Rural_Coastal,Freehold,38888,856,9,Fair,1794000,269100,8000,2071100
CASE-2026-TR-05012,Johor,Residential,Rural_Coastal,Malay_Reserve,4305,3429,16,Good,960000,144000,8000,1112000
CASE-2026-TR-05013,Selangor,Residential,Suburban,Freehold,2741,1854,24,Good,808000,121200,8000,937200
CASE-2026-TR-05014,Johor,Residential,Suburban,Malay_Reserve,6273,5441,1,Excellent,1976000,296400,8000,2280400
CASE-2026-TR-05015,Johor,Agricultural,Rural_Coastal,Leasehold_99,49221,0,8,Good,1796000,269400,2000,2067400
CASE-2026-TR-05016,Selangor,Commercial,Urban,Freehold,5025,3667,3,Excellent,2744000,411600,8000,3163600
CASE-2026-TR-05017,Pahang,Residential,Urban,Leasehold_99,5208,3512,28,Excellent,1157000,173600,8000,1338600
CASE-2026-TR-05018,Selangor,Industrial,Suburban,Leasehold_99,4464,3138,29,Good,1321000,198200,8000,1527200
CASE-2026-TR-05019,Johor,Residential,Urban,Freehold,2185,1415,7,Fair,609000,91400,8000,708400
CASE-2026-TR-05020,Sarawak,Agricultural,Suburban,Leasehold_99,35438,0,0,Excellent,1261000,189200,2000,1452200
CASE-2026-TR-05021,Johor,Industrial,Suburban,Leasehold_99,31004,16480,28,Good,6377000,956600,8000,7341600
CASE-2026-TR-05022,Sabah,Residential,Suburban,Leasehold_99,2518,2275,20,Excellent,608000,91200,8000,707200
CASE-2026-TR-05023,Melaka,Residential,Suburban,Leasehold_99,5346,3200,33,Fair,960000,144000,8000,1112000
CASE-2026-TR-05024,Perak,Residential,Suburban,Leasehold_99,4596,2780,29,Good,723000,108400,8000,839400
CASE-2026-TR-05025,Sarawak,Residential,Urban,Freehold,7325,6102,17,Poor,1547000,232000,8000,1787000
CASE-2026-TR-05026,Johor,Agricultural,Suburban,Freehold,23874,0,37,Excellent,1045000,156800,2000,1203800
CASE-2026-TR-05027,Perak,Industrial,Rural_Coastal,Leasehold_99,31600,16681,13,Excellent,6866000,1029900,8000,7903900
CASE-2026-TR-05028,Pahang,Agricultural,Suburban,Leasehold_99,49056,583,0,Good,1677000,251600,8000,1936600
CASE-2026-TR-05029,Pahang,Industrial,Rural_Coastal,Malay_Reserve,6136,2509,11,Poor,870000,130500,8000,1008500
CASE-2026-TR-05030,Johor,Residential,Urban,Freehold,5254,4831,10,Poor,1434000,215100,8000,1657100
CASE-2026-TR-05031,Selangor,Residential,Suburban,Leasehold_99,6778,4980,12,Fair,1980000,297000,8000,2285000
CASE-2026-TR-05032,Selangor,Residential,Urban,Freehold,5857,3378,13,Good,1737000,260600,8000,2005600
CASE-2026-TR-05033,Melaka,Residential,Urban,Leasehold_99,3477,2727,27,Good,900000,135000,8000,1043000
CASE-2026-TR-05034,Selangor,Industrial,Rural_Coastal,Leasehold_99,34790,16562,24,Good,8655000,1298200,8000,9961200
CASE-2026-TR-05035,Perak,Residential,Urban,Freehold,3147,2534,13,Good,791000,118600,8000,917600
CASE-2026-TR-05036,Pahang,Residential,Suburban,Malay_Reserve,3057,2756,11,Excellent,825000,123800,8000,956800
CASE-2026-TR-05037,Selangor,Agricultural,Urban,Freehold,41556,0,19,Fair,2822000,423300,2000,3247300
CASE-2026-TR-05038,Pahang,Residential,Rural_Coastal,Freehold,1490,1207,17,Excellent,334000,50100,8000,392100
CASE-2026-TR-05039,Johor,Commercial,Rural_Coastal,Freehold,6148,8424,1,Poor,2647000,397000,8000,3052000
CASE-2026-TR-05040,Sabah,Commercial,Suburban,Leasehold_99,5465,5064,8,Good,2124000,318600,8000,2450600
CASE-2026-TR-05041,Selangor,Residential,Urban,Freehold,7096,4503,33,Fair,1898000,284700,8000,2190700
CASE-2026-TR-05042,Sarawak,Residential,Suburban,Freehold,3438,2973,17,Good,903000,135400,8000,1046400
CASE-2026-TR-05043,Selangor,Commercial,Urban,Leasehold_99,3021,2892,13,Good,1522000,228300,8000,1758300
CASE-2026-TR-05044,Johor,Residential,Suburban,Freehold,4777,3697,8,Good,1299000,194800,8000,1501800
CASE-2026-TR-05045,Selangor,Residential,Rural_Coastal,Leasehold_99,1813,1526,25,Poor,379000,56800,8000,443800
CASE-2026-TR-05046,Perak,Agricultural,Urban,Freehold,21638,754,16,Good,872000,130800,8000,1010800
CASE-2026-TR-05047,Sabah,Residential,Suburban,Leasehold_99,6799,4385,7,Poor,1381000,207200,8000,1596200
CASE-2026-TR-05048,Selangor,Residential,Suburban,Freehold,6550,4635,1,Excellent,2177000,326600,8000,2511600
CASE-2026-TR-05049,Terengganu,Commercial,Rural_Coastal,Malay_Reserve,10447,9023,4,Excellent,3498000,524700,8000,4030700
CASE-2026-TR-05050,Sarawak,Residential,Urban,Leasehold_99,1498,851,15,Excellent,342000,51300,8000,401300
CASE-2026-TR-05051,Johor,Industrial,Rural_Coastal,Freehold,21582,15721,7,Excellent,6516000,977400,8000,7501400
CASE-2026-TR-05052,Selangor,Commercial,Suburban,Freehold,6892,8549,18,Good,3671000,550600,8000,4229600
CASE-2026-TR-05053,Terengganu,Residential,Suburban,Leasehold_99,4517,3784,8,Good,1139000,170800,8000,1317800
CASE-2026-TR-05054,Selangor,Industrial,Urban,Malay_Reserve,23832,16711,12,Good,8658000,1298700,8000,9964700
CASE-2026-TR-05055,Pahang,Residential,Suburban,Leasehold_99,6795,5277,20,Good,1524000,228600,8000,1760600
CASE-2026-TR-05056,Pahang,Residential,Suburban,Leasehold_99,4171,2310,25,Good,708000,106200,8000,822200
CASE-2026-TR-05057,Melaka,Residential,Rural_Coastal,Leasehold_99,5669,4530,2,Excellent,1615000,242200,8000,1865200
CASE-2026-TR-05058,Johor,Agricultural,Rural_Coastal,Leasehold_99,20925,553,7,Fair,827000,124000,8000,959000
CASE-2026-TR-05059,Selangor,Residential,Rural_Coastal,Leasehold_99,6946,4052,18,Excellent,1589000,238400,8000,1835400
CASE-2026-TR-05060,Melaka,Agricultural,Suburban,Leasehold_99,27863,1181,20,Excellent,1137000,170600,8000,1315600
CASE-2026-TR-05061,Selangor,Agricultural,Urban,Freehold,48373,0,6,Good,3017000,452600,2000,3471600
CASE-2026-TR-05062,Selangor,Commercial,Urban,Freehold,10856,14071,4,Fair,6624000,993600,8000,7625600
CASE-2026-TR-05063,Penang,Agricultural,Suburban,Freehold,42018,0,23,Good,2252000,337800,2000,2591800
CASE-2026-TR-05064,Penang,Commercial,Urban,Leasehold_99,1509,1850,20,Poor,612000,91800,8000,711800
CASE-2026-TR-05065,Selangor,Commercial,Rural_Coastal,Freehold,5975,7999,25,Good,2654000,398100,8000,3060100
CASE-2026-TR-05066,Sabah,Residential,Suburban,Freehold,4686,4046,6,Good,1350000,202500,8000,1560500
CASE-2026-TR-05067,Pahang,Residential,Rural_Coastal,Malay_Reserve,6938,4895,8,Poor,1163000,174400,8000,1345400
CASE-2026-TR-05068,Johor,Residential,Urban,Leasehold_99,5846,3970,17,Good,1627000,244000,8000,1879000
CASE-2026-TR-05069,Melaka,Agricultural,Rural_Coastal,Malay_Reserve,28873,0,6,Good,840000,126000,2000,968000
CASE-2026-TR-05070,Terengganu,Residential,Suburban,Freehold,1909,1333,10,Excellent,464000,69600,8000,541600
CASE-2026-TR-05071,Sabah,Commercial,Rural_Coastal,Freehold,6355,8415,3,Poor,2106000,315900,8000,2429900
CASE-2026-TR-05072,Selangor,Agricultural,Rural_Coastal,Leasehold_99,25775,0,39,Fair,1090000,163500,2000,1255500
CASE-2026-TR-05073,Sarawak,Commercial,Urban,Freehold,8393,10613,26,Good,3519000,527800,8000,4054800
CASE-2026-TR-05074,Selangor,Residential,Suburban,Leasehold_99,1419,903,16,Excellent,390000,58500,8000,456500
CASE-2026-TR-05075,Sabah,Residential,Suburban,Freehold,6779,4465,24,Good,1612000,241800,8000,1861800
CASE-2026-TR-05076,Johor,Residential,Urban,Leasehold_99,4707,3973,9,Fair,1408000,211200,8000,1627200
CASE-2026-TR-05077,Pahang,Residential,Urban,Leasehold_99,6889,4772,18,Excellent,1755000,263200,8000,2026200
CASE-2026-TR-05078,Johor,Agricultural,Rural_Coastal,Leasehold_99,15532,0,31,Excellent,537000,80600,2000,619600
CASE-2026-TR-05079,Penang,Agricultural,Urban,Leasehold_99,44862,0,17,Good,2613000,392000,2000,3007000
CASE-2026-TR-05080,Johor,Residential,Rural_Coastal,Freehold,2556,2354,6,Excellent,811000,121600,8000,940600
CASE-2026-TR-05081,Terengganu,Residential,Suburban,Malay_Reserve,6711,6253,33,Fair,1289000,193400,8000,1490400
CASE-2026-TR-05082,Pahang,Commercial,Urban,Malay_Reserve,5949,4317,5,Poor,1624000,243600,8000,1875600
CASE-2026-TR-05083,Selangor,Residential,Urban,Leasehold_99,5838,5429,32,Excellent,1766000,264900,8000,2038900
CASE-2026-TR-05084,Melaka,Residential,Suburban,Freehold,2224,1419,19,Poor,473000,71000,8000,552000
CASE-2026-TR-05085,Selangor,Agricultural,Rural_Coastal,Freehold,38565,1298,26,Good,1873000,281000,8000,2162000
CASE-2026-TR-05086,Johor,Commercial,Suburban,Leasehold_99,3498,2455,11,Fair,1287000,193000,8000,1488000
CASE-2026-TR-05087,Perak,Commercial,Rural_Coastal,Leasehold_99,7077,8577,2,Fair,2726000,408900,8000,3142900
CASE-2026-TR-05088,Melaka,Residential,Urban,Freehold,6619,4930,10,Fair,1708000,256200,8000,1972200
CASE-2026-TR-05089,Pahang,Residential,Rural_Coastal,Freehold,2615,1472,8,Good,481000,72200,8000,561200
CASE-2026-TR-05090,Perak,Residential,Suburban,Malay_Reserve,4565,3061,17,Good,886000,132900,8000,1026900
CASE-2026-TR-05091,Penang,Residential,Urban,Leasehold_99,1661,1004,30,Good,400000,60000,8000,468000
CASE-2026-TR-05092,Selangor,Commercial,Urban,Freehold,11573,11439,17,Excellent,6391000,958600,8000,7357600
CASE-2026-TR-05093,Selangor,Residential,Suburban,Freehold,1798,1329,6,Good,583000,87400,8000,678400
CASE-2026-TR-05094,Penang,Agricultural,Suburban,Leasehold_99,28347,1099,32,Excellent,1480000,222000,8000,1710000
CASE-2026-TR-05095,Selangor,Commercial,Suburban,Freehold,10148,9879,18,Poor,4400000,660000,8000,5068000
CASE-2026-TR-05096,Selangor,Residential,Suburban,Freehold,2366,2211,15,Good,764000,114600,8000,886600
CASE-2026-TR-05097,Penang,Residential,Suburban,Freehold,4749,2862,23,Excellent,1250000,187500,8000,1445500
CASE-2026-TR-05098,Penang,Agricultural,Urban,Leasehold_99,48996,0,16,Good,2626000,393900,2000,3021900
CASE-2026-TR-05099,Melaka,Residential,Urban,Freehold,5370,4291,28,Excellent,1264000,189600,8000,1461600
CASE-2026-TR-05100,Penang,Residential,Suburban,Leasehold_99,1720,1033,5,Excellent,518000,77700,8000,603700
CASE-2026-TR-05101,Selangor,Industrial,Suburban,Freehold,5410,3181,16,Excellent,1831000,274600,8000,2113600
CASE-2026-TR-05102,Sarawak,Residential,Urban,Leasehold_99,1740,1230,4,Good,473000,71000,8000,552000
CASE-2026-TR-05103,Selangor,Residential,Rural_Coastal,Leasehold_99,3810,2233,18,Fair,852000,127800,8000,987800
CASE-2026-TR-05104,Selangor,Residential,Rural_Coastal,Malay_Reserve,7318,5884,24,Good,1790000,268500,8000,2066500
CASE-2026-TR-05105,Pahang,Commercial,Rural_Coastal,Malay_Reserve,8844,12210,3,Excellent,4078000,611700,8000,4697700
CASE-2026-TR-05106,Pahang,Residential,Suburban,Freehold,1493,1324,13,Excellent,418000,62700,8000,488700
CASE-2026-TR-05107,Terengganu,Residential,Urban,Leasehold_99,3902,2914,22,Poor,707000,106000,8000,821000
CASE-2026-TR-05108,Selangor,Residential,Urban,Freehold,2088,1253,18,Good,624000,93600,8000,725600
CASE-2026-TR-05109,Melaka,Residential,Urban,Leasehold_99,4812,3637,16,Good,1149000,172400,8000,1329400
CASE-2026-TR-05110,Johor,Agricultural,Suburban,Freehold,20011,0,28,Good,901000,135200,2000,1038200
CASE-2026-TR-05111,Selangor,Residential,Suburban,Freehold,5442,4762,11,Fair,1687000,253000,8000,1948000
CASE-2026-TR-05112,Selangor,Residential,Rural_Coastal,Freehold,6752,3842,27,Fair,1397000,209600,8000,1614600
CASE-2026-TR-05113,Pahang,Residential,Urban,Freehold,5373,4440,5,Excellent,1633000,245000,8000,1886000
CASE-2026-TR-05114,Johor,Residential,Urban,Leasehold_99,1779,1162,19,Excellent,459000,68800,8000,535800
CASE-2026-TR-05115,Selangor,Agricultural,Rural_Coastal,Freehold,22402,0,4,Good,1001000,150200,2000,1153200
CASE-2026-TR-05116,Pahang,Residential,Rural_Coastal,Malay_Reserve,6158,4239,17,Fair,1059000,158800,8000,1225800
CASE-2026-TR-05117,Pahang,Agricultural,Suburban,Leasehold_99,53603,0,15,Excellent,1767000,265000,2000,2034000
CASE-2026-TR-05118,Selangor,Commercial,Rural_Coastal,Leasehold_99,5428,7484,5,Good,2866000,429900,8000,3303900
CASE-2026-TR-05119,Johor,Commercial,Urban,Leasehold_99,4697,4036,8,Good,1928000,289200,8000,2225200
CASE-2026-TR-05120,Pahang,Residential,Urban,Malay_Reserve,2723,2427,14,Good,661000,99200,8000,768200
CASE-2026-TR-05121,Pahang,Residential,Urban,Leasehold_99,6116,5750,11,Excellent,1908000,286200,8000,2202200
CASE-2026-TR-05122,Selangor,Residential,Suburban,Malay_Reserve,4934,4362,27,Good,1264000,189600,8000,1461600
CASE-2026-TR-05123,Terengganu,Agricultural,Urban,Freehold,42534,0,27,Good,1537000,230600,2000,1769600
CASE-2026-TR-05124,Terengganu,Residential,Suburban,Freehold,7455,4232,10,Excellent,1581000,237200,8000,1826200
CASE-2026-TR-05125,Johor,Residential,Urban,Freehold,2382,1513,1,Fair,738000,110700,8000,856700
CASE-2026-TR-05126,Selangor,Residential,Suburban,Leasehold_99,4159,3539,8,Excellent,1354000,203100,8000,1565100
CASE-2026-TR-05127,Sabah,Commercial,Urban,Freehold,2142,2209,1,Good,928000,139200,8000,1075200
CASE-2026-TR-05128,Selangor,Residential,Suburban,Freehold,2626,2331,19,Good,803000,120400,8000,931400
CASE-2026-TR-05129,Selangor,Commercial,Suburban,Freehold,7543,7070,14,Fair,3500000,525000,8000,4033000
CASE-2026-TR-05130,Melaka,Residential,Urban,Leasehold_99,3957,3122,3,Excellent,1186000,177900,8000,1371900
CASE-2026-TR-05131,Sarawak,Agricultural,Rural_Coastal,Freehold,44444,0,0,Excellent,1459000,218800,2000,1679800
CASE-2026-TR-05132,Terengganu,Agricultural,Rural_Coastal,Leasehold_99,39414,0,1,Good,1068000,160200,2000,1230200
CASE-2026-TR-05133,Johor,Residential,Suburban,Freehold,3467,2766,33,Good,758000,113700,8000,879700
CASE-2026-TR-05134,Pahang,Residential,Suburban,Leasehold_99,2901,1748,17,Excellent,621000,93200,8000,722200
CASE-2026-TR-05135,Selangor,Industrial,Urban,Freehold,16657,11050,3,Excellent,6544000,981600,8000,7533600
CASE-2026-TR-05136,Pahang,Commercial,Urban,Leasehold_99,3259,3924,1,Excellent,1585000,237800,8000,1830800
CASE-2026-TR-05137,Johor,Agricultural,Urban,Freehold,30268,1064,12,Poor,1620000,243000,8000,1871000
CASE-2026-TR-05138,Perak,Commercial,Urban,Freehold,9106,12643,20,Fair,3660000,549000,8000,4217000
CASE-2026-TR-05139,Penang,Industrial,Rural_Coastal,Malay_Reserve,8399,3767,22,Excellent,1837000,275600,8000,2120600
CASE-2026-TR-05140,Johor,Residential,Urban,Freehold,4008,2532,30,Fair,928000,139200,8000,1075200
CASE-2026-TR-05141,Sabah,Commercial,Suburban,Freehold,10927,12973,13,Good,4205000,630800,8000,4843800
CASE-2026-TR-05142,Penang,Residential,Suburban,Leasehold_99,3725,3327,3,Fair,1067000,160000,8000,1235000
CASE-2026-TR-05143,Selangor,Residential,Rural_Coastal,Freehold,3524,2591,29,Excellent,883000,132400,8000,1023400
CASE-2026-TR-05144,Sabah,Residential,Rural_Coastal,Freehold,3722,2166,23,Good,682000,102300,8000,792300
CASE-2026-TR-05145,Sabah,Commercial,Suburban,Leasehold_99,8347,5879,26,Excellent,2644000,396600,8000,3048600
CASE-2026-TR-05146,Penang,Residential,Suburban,Freehold,3931,3263,16,Good,1142000,171300,8000,1321300
CASE-2026-TR-05147,Penang,Agricultural,Urban,Freehold,24856,1302,7,Good,1585000,237800,8000,1830800
CASE-2026-TR-05148,Melaka,Residential,Rural_Coastal,Freehold,7324,6745,24,Excellent,1715000,257200,8000,1980200
CASE-2026-TR-05149,Selangor,Residential,Suburban,Freehold,3141,2207,8,Good,1010000,151500,8000,1169500
CASE-2026-TR-05150,Penang,Residential,Suburban,Leasehold_99,2079,1431,11,Good,606000,90900,8000,704900
CASE-2026-TR-05151,Penang,Residential,Suburban,Freehold,5035,4300,22,Good,1548000,232200,8000,1788200
CASE-2026-TR-05152,Penang,Commercial,Suburban,Leasehold_99,6727,8154,19,Excellent,3145000,471800,8000,3624800
CASE-2026-TR-05153,Johor,Industrial,Suburban,Freehold,17129,10769,2,Good,5297000,794600,8000,6099600
CASE-2026-TR-05154,Penang,Agricultural,Suburban,Malay_Reserve,62068,0,5,Fair,2641000,396200,2000,3039200
CASE-2026-TR-05155,Sarawak,Residential,Suburban,Leasehold_99,2654,2167,17,Poor,573000,86000,8000,667000
CASE-2026-TR-05156,Selangor,Commercial,Suburban,Freehold,7187,9955,6,Poor,3747000,562000,8000,4317000
CASE-2026-TR-05157,Selangor,Residential,Suburban,Malay_Reserve,5907,4736,33,Good,1353000,203000,8000,1564000
CASE-2026-TR-05158,Sabah,Residential,Rural_Coastal,Leasehold_99,2651,2329,23,Good,546000,81900,8000,635900
CASE-2026-TR-05159,Selangor,Commercial,Suburban,Leasehold_99,10293,14281,18,Good,5415000,812200,8000,6235200
CASE-2026-TR-05160,Terengganu,Residential,Urban,Leasehold_99,4081,2612,18,Good,902000,135300,8000,1045300
CASE-2026-TR-05161,Penang,Industrial,Suburban,Freehold,7499,4497,2,Excellent,2570000,385500,8000,2963500
CASE-2026-TR-05162,Johor,Commercial,Urban,Freehold,2883,3406,24,Fair,1247000,187000,8000,1442000
CASE-2026-TR-05163,Penang,Agricultural,Suburban,Leasehold_99,32212,0,10,Good,1474000,221100,2000,1697100
CASE-2026-TR-05164,Selangor,Residential,Urban,Freehold,5404,3425,13,Excellent,1856000,278400,8000,2142400
CASE-2026-TR-05165,Penang,Residential,Rural_Coastal,Freehold,5203,4388,7,Good,1476000,221400,8000,1705400
CASE-2026-TR-05166,Perak,Agricultural,Urban,Freehold,36764,0,35,Fair,1391000,208600,2000,1601600
CASE-2026-TR-05167,Melaka,Commercial,Suburban,Freehold,1963,1545,20,Good,725000,108800,8000,841800
CASE-2026-TR-05168,Sarawak,Residential,Urban,Freehold,2094,1494,20,Excellent,553000,83000,8000,644000
CASE-2026-TR-05169,Perak,Industrial,Rural_Coastal,Leasehold_99,27902,19405,4,Excellent,7394000,1109100,8000,8511100
CASE-2026-TR-05170,Selangor,Commercial,Suburban,Freehold,1570,2008,26,Good,757000,113600,8000,878600
CASE-2026-TR-05171,Penang,Agricultural,Suburban,Freehold,32823,0,5,Excellent,1658000,248700,2000,1908700
CASE-2026-TR-05172,Pahang,Agricultural,Urban,Leasehold_99,58584,0,6,Fair,2162000,324300,2000,2488300
CASE-2026-TR-05173,Pahang,Commercial,Suburban,Leasehold_99,4653,4631,7,Excellent,1927000,289000,8000,2224000
CASE-2026-TR-05174,Pahang,Residential,Rural_Coastal,Freehold,5826,3836,4,Good,1351000,202600,8000,1561600
CASE-2026-TR-05175,Terengganu,Residential,Urban,Freehold,6636,4040,21,Good,1409000,211400,8000,1628400
CASE-2026-TR-05176,Selangor,Residential,Suburban,Freehold,2548,2376,14,Fair,827000,124000,8000,959000
CASE-2026-TR-05177,Penang,Agricultural,Rural_Coastal,Freehold,59296,0,12,Excellent,2312000,346800,2000,2660800
CASE-2026-TR-05178,Pahang,Industrial,Suburban,Freehold,16964,12224,13,Fair,4398000,659700,8000,5065700
CASE-2026-TR-05179,Melaka,Agricultural,Suburban,Leasehold_99,52998,1039,16,Good,1980000,297000,8000,2285000
CASE-2026-TR-05180,Terengganu,Residential,Suburban,Leasehold_99,1626,1210,31,Fair,287000,43000,8000,338000
CASE-2026-TR-05181,Melaka,Residential,Suburban,Freehold,2332,1404,1,Good,602000,90300,8000,700300
CASE-2026-TR-05182,Perak,Agricultural,Urban,Leasehold_99,28329,526,19,Poor,1010000,151500,8000,1169500
CASE-2026-TR-05183,Johor,Commercial,Urban,Freehold,7046,8105,14,Good,3465000,519800,8000,3992800
CASE-2026-TR-05184,Pahang,Residential,Urban,Malay_Reserve,1514,877,13,Good,310000,46500,8000,364500
CASE-2026-TR-05185,Penang,Residential,Urban,Leasehold_99,5290,3378,23,Good,1453000,218000,8000,1679000
CASE-2026-TR-05186,Johor,Residential,Rural_Coastal,Freehold,6992,4934,28,Good,1430000,214500,8000,1652500
CASE-2026-TR-05187,Johor,Residential,Rural_Coastal,Leasehold_99,3117,1786,9,Fair,629000,94400,8000,731400
CASE-2026-TR-05188,Selangor,Agricultural,Suburban,Freehold,62447,825,37,Good,3164000,474600,8000,3646600
CASE-2026-TR-05189,Selangor,Residential,Urban,Freehold,4080,2259,31,Good,1127000,169000,8000,1304000
CASE-2026-TR-05190,Selangor,Industrial,Urban,Malay_Reserve,5997,4316,18,Good,1929000,289400,8000,2226400
CASE-2026-TR-05191,Johor,Agricultural,Rural_Coastal,Leasehold_99,29676,1098,28,Excellent,1106000,165900,8000,1279900
CASE-2026-TR-05192,Selangor,Commercial,Suburban,Malay_Reserve,1727,2277,5,Excellent,1013000,152000,8000,1173000
CASE-2026-TR-05193,Penang,Commercial,Urban,Freehold,2456,2744,20,Excellent,1349000,202400,8000,1559400
CASE-2026-TR-05194,Perak,Commercial,Suburban,Leasehold_99,3842,4249,22,Excellent,1335000,200200,8000,1543200
CASE-2026-TR-05195,Selangor,Commercial,Rural_Coastal,Freehold,9363,6610,10,Excellent,3880000,582000,8000,4470000
CASE-2026-TR-05196,Johor,Residential,Urban,Leasehold_99,1858,1633,17,Good,524000,78600,8000,610600
CASE-2026-TR-05197,Melaka,Residential,Suburban,Freehold,6897,5718,24,Excellent,1638000,245700,8000,1891700
CASE-2026-TR-05198,Penang,Residential,Suburban,Malay_Reserve,6026,4481,18,Good,1608000,241200,8000,1857200
CASE-2026-TR-05199,Selangor,Residential,Rural_Coastal,Leasehold_99,4417,2930,31,Fair,952000,142800,8000,1102800
CASE-2026-TR-05200,Selangor,Commercial,Urban,Freehold,4620,5126,19,Good,2448000,367200,8000,2823200
CASE-2026-TR-05201,Selangor,Residential,Urban,Leasehold_99,4046,3297,2,Good,1440000,216000,8000,1664000
CASE-2026-TR-05202,Melaka,Residential,Suburban,Freehold,3351,2396,27,Good,764000,114600,8000,886600
CASE-2026-TR-05203,Sabah,Residential,Suburban,Leasehold_99,3772,3372,20,Excellent,969000,145400,8000,1122400
CASE-2026-TR-05204,Selangor,Residential,Urban,Leasehold_99,2339,2218,23,Good,760000,114000,8000,882000
CASE-2026-TR-05205,Pahang,Residential,Suburban,Freehold,1707,1007,7,Fair,359000,53800,8000,420800
CASE-2026-TR-05206,Johor,Residential,Urban,Freehold,7024,5300,24,Good,1971000,295600,8000,2274600
CASE-2026-TR-05207,Pahang,Agricultural,Rural_Coastal,Leasehold_99,51462,0,30,Good,1393000,209000,2000,1604000
CASE-2026-TR-05208,Selangor,Agricultural,Suburban,Freehold,61024,0,9,Excellent,3286000,492900,2000,3780900
CASE-2026-TR-05209,Selangor,Residential,Suburban,Leasehold_99,2740,2292,12,Excellent,900000,135000,8000,1043000
CASE-2026-TR-05210,Selangor,Residential,Suburban,Leasehold_99,6300,5498,18,Good,1882000,282300,8000,2172300
CASE-2026-TR-05211,Selangor,Residential,Urban,Freehold,3395,3011,31,Good,1086000,162900,8000,1256900
CASE-2026-TR-05212,Perak,Agricultural,Suburban,Freehold,21032,632,16,Poor,876000,131400,8000,1015400
CASE-2026-TR-05213,Penang,Residential,Suburban,Freehold,3395,1925,5,Fair,857000,128600,8000,993600
CASE-2026-TR-05214,Johor,Commercial,Rural_Coastal,Freehold,10889,15189,17,Poor,3951000,592600,8000,4551600
CASE-2026-TR-05215,Pahang,Agricultural,Suburban,Freehold,17859,726,5,Good,692000,103800,8000,803800
CASE-2026-TR-05216,Selangor,Agricultural,Rural_Coastal,Leasehold_99,20667,0,14,Good,843000,126400,2000,971400
CASE-2026-TR-05217,Selangor,Agricultural,Suburban,Leasehold_99,15867,0,39,Good,877000,131600,2000,1010600
CASE-2026-TR-05218,Terengganu,Commercial,Urban,Freehold,2301,3204,3,Good,1028000,154200,8000,1190200
CASE-2026-TR-05219,Pahang,Residential,Suburban,Malay_Reserve,3696,3466,33,Excellent,720000,108000,8000,836000
CASE-2026-TR-05220,Sabah,Residential,Urban,Leasehold_99,1780,1565,7,Good,471000,70600,8000,549600
CASE-2026-TR-05221,Penang,Commercial,Urban,Malay_Reserve,4303,4672,11,Good,2011000,301600,8000,2320600
CASE-2026-TR-05222,Terengganu,Agricultural,Rural_Coastal,Leasehold_99,55169,0,6,Good,1377000,206600,2000,1585600
CASE-2026-TR-05223,Penang,Residential,Urban,Leasehold_99,4923,4216,11,Good,1637000,245600,8000,1890600
CASE-2026-TR-05224,Melaka,Residential,Suburban,Leasehold_99,4125,3584,19,Excellent,1081000,162200,8000,1251200
CASE-2026-TR-05225,Perak,Commercial,Suburban,Freehold,5859,7173,27,Excellent,2065000,309800,8000,2382800
CASE-2026-TR-05226,Selangor,Commercial,Urban,Freehold,7065,7925,26,Poor,3520000,528000,8000,4056000
CASE-2026-TR-05227,Perak,Industrial,Suburban,Leasehold_99,9535,6625,23,Good,2066000,309900,8000,2383900
CASE-2026-TR-05228,Melaka,Residential,Suburban,Freehold,7119,6544,11,Good,1869000,280400,8000,2157400
CASE-2026-TR-05229,Pahang,Commercial,Suburban,Freehold,3803,4695,21,Fair,1500000,225000,8000,1733000
CASE-2026-TR-05230,Perak,Residential,Suburban,Freehold,5406,3732,23,Good,1071000,160600,8000,1239600
CASE-2026-TR-05231,Johor,Residential,Suburban,Freehold,4302,3060,33,Good,949000,142400,8000,1099400
CASE-2026-TR-05232,Penang,Industrial,Urban,Freehold,15934,8866,15,Fair,4904000,735600,8000,5647600
CASE-2026-TR-05233,Pahang,Residential,Suburban,Leasehold_99,2198,1943,31,Excellent,465000,69800,8000,542800
CASE-2026-TR-05234,Selangor,Industrial,Urban,Freehold,12340,8975,15,Good,4229000,634400,8000,4871400
CASE-2026-TR-05235,Pahang,Residential,Rural_Coastal,Malay_Reserve,3657,3141,31,Good,621000,93200,8000,722200
CASE-2026-TR-05236,Johor,Industrial,Urban,Leasehold_99,16854,11350,21,Good,4889000,733400,8000,5630400
CASE-2026-TR-05237,Johor,Residential,Rural_Coastal,Leasehold_99,3902,3537,27,Good,873000,131000,8000,1012000
CASE-2026-TR-05238,Pahang,Residential,Rural_Coastal,Freehold,2670,1736,7,Good,532000,79800,8000,619800
CASE-2026-TR-05239,Pahang,Commercial,Urban,Leasehold_99,6819,5212,4,Poor,2119000,317800,8000,2444800
CASE-2026-TR-05240,Selangor,Commercial,Suburban,Leasehold_99,4511,6278,19,Good,2381000,357200,8000,2746200
CASE-2026-TR-05241,Pahang,Commercial,Suburban,Freehold,6305,4493,1,Good,2194000,329100,8000,2531100
CASE-2026-TR-05242,Selangor,Industrial,Rural_Coastal,Leasehold_99,32786,22527,14,Good,9428000,1414200,8000,10850200
CASE-2026-TR-05243,Selangor,Residential,Urban,Leasehold_99,5710,4928,23,Poor,1566000,234900,8000,1808900
CASE-2026-TR-05244,Penang,Residential,Rural_Coastal,Freehold,1503,948,28,Excellent,374000,56100,8000,438100
CASE-2026-TR-05245,Terengganu,Residential,Urban,Leasehold_99,3437,3107,20,Good,782000,117300,8000,907300
CASE-2026-TR-05246,Selangor,Agricultural,Urban,Freehold,15678,870,30,Good,1022000,153300,8000,1183300
CASE-2026-TR-05247,Johor,Agricultural,Suburban,Leasehold_99,29991,0,2,Good,1244000,186600,2000,1432600
CASE-2026-TR-05248,Johor,Commercial,Suburban,Freehold,8996,8436,3,Good,4138000,620700,8000,4766700
CASE-2026-TR-05249,Penang,Commercial,Rural_Coastal,Leasehold_99,11589,14082,11,Good,5291000,793600,8000,6092600
CASE-2026-TR-05250,Sarawak,Residential,Suburban,Leasehold_99,3047,1689,6,Good,589000,88400,8000,685400
CASE-2026-TR-05251,Sabah,Commercial,Suburban,Freehold,6876,6328,5,Fair,2543000,381400,8000,2932400
CASE-2026-TR-05252,Perak,Commercial,Suburban,Freehold,6850,5002,26,Excellent,2119000,317800,8000,2444800
CASE-2026-TR-05253,Pahang,Commercial,Suburban,Freehold,3740,3409,23,Good,1378000,206700,8000,1592700
CASE-2026-TR-05254,Perak,Residential,Suburban,Malay_Reserve,3695,2498,34,Good,647000,97000,8000,752000
CASE-2026-TR-05255,Pahang,Commercial,Suburban,Leasehold_99,1676,1566,23,Good,526000,78900,8000,612900
CASE-2026-TR-05256,Johor,Commercial,Suburban,Freehold,7643,7590,20,Good,3370000,505500,8000,3883500
CASE-2026-TR-05257,Johor,Residential,Rural_Coastal,Freehold,4959,3965,27,Good,1081000,162200,8000,1251200
CASE-2026-TR-05258,Selangor,Residential,Rural_Coastal,Leasehold_99,1915,1181,13,Good,482000,72300,8000,562300
CASE-2026-TR-05259,Johor,Commercial,Urban,Leasehold_99,7743,6676,10,Good,3460000,519000,8000,3987000
CASE-2026-TR-05260,Terengganu,Residential,Suburban,Freehold,5684,5369,5,Poor,1253000,188000,8000,1449000
CASE-2026-TR-05261,Pahang,Commercial,Suburban,Freehold,4785,6485,27,Good,1900000,285000,8000,2193000
CASE-2026-TR-05262,Sarawak,Residential,Urban,Freehold,5412,3876,13,Fair,1406000,210900,8000,1624900
CASE-2026-TR-05263,Penang,Agricultural,Urban,Freehold,40240,0,30,Excellent,2216000,332400,2000,2550400
CASE-2026-TR-05264,Selangor,Commercial,Suburban,Malay_Reserve,8109,8050,24,Excellent,3374000,506100,8000,3888100
CASE-2026-TR-05265,Selangor,Commercial,Rural_Coastal,Leasehold_99,2548,2243,27,Excellent,1017000,152600,8000,1177600
CASE-2026-TR-05266,Melaka,Industrial,Urban,Freehold,11549,7559,17,Excellent,3308000,496200,8000,3812200
CASE-2026-TR-05267,Selangor,Residential,Urban,Freehold,6392,3886,19,Excellent,1950000,292500,8000,2250500
CASE-2026-TR-05268,Penang,Industrial,Urban,Leasehold_99,33671,19439,18,Good,11340000,1701000,8000,13049000
CASE-2026-TR-05269,Penang,Agricultural,Suburban,Freehold,48926,0,34,Poor,2703000,405400,2000,3110400
CASE-2026-TR-05270,Selangor,Agricultural,Urban,Freehold,31202,0,5,Fair,1841000,276200,2000,2119200
CASE-2026-TR-05271,Selangor,Residential,Suburban,Leasehold_99,3060,2060,6,Good,950000,142500,8000,1100500
CASE-2026-TR-05272,Penang,Residential,Urban,Freehold,6034,5701,8,Good,2239000,335800,8000,2582800
CASE-2026-TR-05273,Pahang,Residential,Urban,Malay_Reserve,5874,5104,32,Good,1308000,196200,8000,1512200
CASE-2026-TR-05274,Selangor,Commercial,Suburban,Leasehold_99,4477,5111,23,Good,2039000,305800,8000,2352800
CASE-2026-TR-05275,Johor,Residential,Urban,Freehold,2681,2334,14,Good,818000,122700,8000,948700
CASE-2026-TR-05276,Johor,Commercial,Rural_Coastal,Leasehold_99,11454,12671,17,Good,4202000,630300,8000,4840300
CASE-2026-TR-05277,Perak,Commercial,Urban,Freehold,9185,7409,5,Good,3561000,534200,8000,4103200
CASE-2026-TR-05278,Sarawak,Residential,Urban,Malay_Reserve,3103,1829,19,Excellent,718000,107700,8000,833700
CASE-2026-TR-05279,Johor,Commercial,Suburban,Freehold,5051,4731,20,Excellent,2165000,324800,8000,2497800
CASE-2026-TR-05280,Terengganu,Residential,Suburban,Freehold,6066,4210,26,Fair,1126000,168900,8000,1302900
CASE-2026-TR-05281,Penang,Residential,Suburban,Malay_Reserve,5488,3619,15,Fair,1309000,196400,8000,1513400
CASE-2026-TR-05282,Johor,Residential,Suburban,Malay_Reserve,7158,5556,11,Good,1806000,270900,8000,2084900
CASE-2026-TR-05283,Penang,Residential,Urban,Leasehold_99,6656,4157,2,Excellent,2326000,348900,8000,2682900
CASE-2026-TR-05284,Johor,Commercial,Rural_Coastal,Freehold,5757,7711,26,Good,2364000,354600,8000,2726600
CASE-2026-TR-05285,Perak,Agricultural,Suburban,Leasehold_99,63411,948,35,Excellent,1985000,297800,8000,2290800
CASE-2026-TR-05286,Sarawak,Commercial,Rural_Coastal,Leasehold_99,5544,5587,13,Good,2001000,300200,8000,2309200
CASE-2026-TR-05287,Selangor,Residential,Urban,Freehold,6013,4100,12,Good,1872000,280800,8000,2160800
CASE-2026-TR-05288,Selangor,Agricultural,Urban,Freehold,53064,486,10,Fair,3381000,507200,8000,3896200
CASE-2026-TR-05289,Sarawak,Residential,Urban,Freehold,3321,2799,25,Fair,738000,110700,8000,856700
CASE-2026-TR-05290,Perak,Residential,Rural_Coastal,Freehold,2839,1575,18,Excellent,512000,76800,8000,596800
CASE-2026-TR-05291,Selangor,Residential,Urban,Freehold,5976,5281,34,Poor,1651000,247600,8000,1906600
CASE-2026-TR-05292,Johor,Residential,Urban,Freehold,2391,2059,20,Good,656000,98400,8000,762400
CASE-2026-TR-05293,Melaka,Commercial,Suburban,Malay_Reserve,11604,9404,20,Good,3912000,586800,8000,4506800
CASE-2026-TR-05294,Perak,Agricultural,Suburban,Leasehold_99,28969,663,28,Fair,943000,141400,8000,1092400
CASE-2026-TR-05295,Sarawak,Residential,Urban,Freehold,6122,3681,20,Excellent,1460000,219000,8000,1687000
CASE-2026-TR-05296,Selangor,Agricultural,Urban,Leasehold_99,24260,0,8,Fair,1391000,208600,2000,1601600
CASE-2026-TR-05297,Penang,Residential,Urban,Freehold,6658,5922,4,Fair,2319000,347800,8000,2674800
CASE-2026-TR-05298,Selangor,Industrial,Suburban,Freehold,23305,9694,9,Good,7043000,1056400,8000,8107400
CASE-2026-TR-05299,Johor,Residential,Rural_Coastal,Freehold,5659,4228,2,Fair,1387000,208000,8000,1603000
CASE-2026-TR-05300,Selangor,Residential,Urban,Freehold,1498,872,24,Excellent,479000,71800,8000,558800
CASE-2026-TR-05301,Terengganu,Residential,Urban,Freehold,7336,5639,2,Excellent,2117000,317600,8000,2442600
CASE-2026-TR-05302,Johor,Residential,Urban,Leasehold_99,3260,2456,2,Fair,1023000,153400,8000,1184400
CASE-2026-TR-05303,Terengganu,Residential,Urban,Freehold,3144,2171,24,Good,663000,99400,8000,770400
CASE-2026-TR-05304,Johor,Agricultural,Urban,Leasehold_99,50302,0,7,Good,2369000,355400,2000,2726400
CASE-2026-TR-05305,Penang,Residential,Suburban,Leasehold_99,4054,2679,32,Good,923000,138400,8000,1069400
CASE-2026-TR-05306,Johor,Residential,Rural_Coastal,Freehold,3154,2948,9,Good,953000,143000,8000,1104000
CASE-2026-TR-05307,Sarawak,Industrial,Rural_Coastal,Freehold,16228,6520,22,Poor,2587000,388000,8000,2983000
CASE-2026-TR-05308,Selangor,Industrial,Suburban,Leasehold_99,8771,3848,11,Good,2348000,352200,8000,2708200
CASE-2026-TR-05309,Penang,Industrial,Suburban,Freehold,7677,3909,5,Poor,2045000,306800,8000,2359800
CASE-2026-TR-05310,Johor,Residential,Urban,Freehold,4065,3744,7,Good,1210000,181500,8000,1399500
CASE-2026-TR-05311,Perak,Residential,Suburban,Leasehold_99,2522,2108,32,Good,505000,75800,8000,588800
CASE-2026-TR-05312,Johor,Residential,Rural_Coastal,Freehold,5494,3979,33,Good,1160000,174000,8000,1342000
CASE-2026-TR-05313,Selangor,Commercial,Rural_Coastal,Leasehold_99,5425,7135,26,Good,2300000,345000,8000,2653000
CASE-2026-TR-05314,Penang,Industrial,Urban,Leasehold_99,15202,11344,11,Fair,4850000,727500,8000,5585500
CASE-2026-TR-05315,Sarawak,Commercial,Urban,Malay_Reserve,3306,3956,7,Good,1527000,229000,8000,1764000
CASE-2026-TR-05316,Penang,Residential,Rural_Coastal,Freehold,3947,2813,20,Excellent,1023000,153400,8000,1184400
CASE-2026-TR-05317,Johor,Agricultural,Urban,Leasehold_99,26249,1069,34,Fair,1382000,207300,8000,1597300
CASE-2026-TR-05318,Perak,Agricultural,Urban,Freehold,60677,555,2,Good,2505000,375800,8000,2888800
CASE-2026-TR-05319,Selangor,Residential,Rural_Coastal,Leasehold_99,1607,1055,1,Fair,387000,58000,8000,453000
CASE-2026-TR-05320,Penang,Residential,Suburban,Freehold,5272,4411,31,Good,1452000,217800,8000,1677800
CASE-2026-TR-05321,Perak,Industrial,Urban,Freehold,30613,21868,26,Good,7446000,1116900,8000,8570900
CASE-2026-TR-05322,Sabah,Residential,Suburban,Freehold,3037,1756,6,Good,743000,111400,8000,862400
CASE-2026-TR-05323,Melaka,Residential,Suburban,Freehold,1717,1041,4,Good,408000,61200,8000,477200
CASE-2026-TR-05324,Penang,Residential,Urban,Leasehold_99,5950,5370,4,Good,2084000,312600,8000,2404600
CASE-2026-TR-05325,Selangor,Residential,Suburban,Leasehold_99,3085,2535,5,Fair,952000,142800,8000,1102800
CASE-2026-TR-05326,Pahang,Agricultural,Suburban,Freehold,57325,687,25,Poor,2041000,306200,8000,2355200
CASE-2026-TR-05327,Terengganu,Residential,Urban,Leasehold_99,7025,6444,18,Fair,1427000,214000,8000,1649000
CASE-2026-TR-05328,Selangor,Industrial,Rural_Coastal,Leasehold_99,29338,18835,5,Excellent,8970000,1345500,8000,10323500
CASE-2026-TR-05329,Johor,Residential,Rural_Coastal,Leasehold_99,6835,5118,33,Excellent,1433000,215000,8000,1656000
CASE-2026-TR-05330,Selangor,Industrial,Rural_Coastal,Leasehold_99,31026,13758,4,Good,8199000,1229800,8000,9436800
CASE-2026-TR-05331,Selangor,Agricultural,Suburban,Freehold,15225,0,10,Poor,863000,129400,2000,994400
CASE-2026-TR-05332,Selangor,Residential,Urban,Leasehold_99,1479,1398,34,Good,435000,65200,8000,508200
CASE-2026-TR-05333,Penang,Residential,Urban,Leasehold_99,4067,3590,24,Good,1165000,174800,8000,1347800
CASE-2026-TR-05334,Penang,Residential,Rural_Coastal,Leasehold_99,1352,851,30,Fair,264000,39600,8000,311600
CASE-2026-TR-05335,Penang,Residential,Urban,Freehold,5741,5246,12,Excellent,2068000,310200,8000,2386200
CASE-2026-TR-05336,Selangor,Industrial,Rural_Coastal,Freehold,22709,14023,10,Excellent,6896000,1034400,8000,7938400
CASE-2026-TR-05337,Penang,Agricultural,Urban,Freehold,30925,0,34,Excellent,1765000,264800,2000,2031800
CASE-2026-TR-05338,Selangor,Residential,Urban,Freehold,2002,1341,34,Excellent,544000,81600,8000,633600
CASE-2026-TR-05339,Johor,Residential,Suburban,Freehold,1312,961,2,Fair,345000,51800,8000,404800
CASE-2026-TR-05340,Selangor,Agricultural,Suburban,Malay_Reserve,21879,1462,14,Good,1296000,194400,8000,1498400
CASE-2026-TR-05341,Penang,Agricultural,Urban,Leasehold_99,27837,1123,21,Poor,1772000,265800,8000,2045800
CASE-2026-TR-05342,Johor,Agricultural,Suburban,Freehold,50006,0,30,Good,2239000,335800,2000,2576800
CASE-2026-TR-05343,Penang,Residential,Urban,Freehold,1407,1063,7,Fair,443000,66400,8000,517400
CASE-2026-TR-05344,Johor,Agricultural,Urban,Leasehold_99,37545,0,36,Good,1870000,280500,2000,2152500
CASE-2026-TR-05345,Selangor,Agricultural,Suburban,Freehold,58628,0,12,Excellent,3258000,488700,2000,3748700
CASE-2026-TR-05346,Sabah,Residential,Urban,Freehold,1858,1279,2,Good,446000,66900,8000,520900
CASE-2026-TR-05347,Penang,Residential,Rural_Coastal,Freehold,3056,2813,13,Good,896000,134400,8000,1038400
CASE-2026-TR-05348,Johor,Agricultural,Suburban,Leasehold_99,41211,878,34,Fair,1721000,258200,8000,1987200
CASE-2026-TR-05349,Johor,Commercial,Rural_Coastal,Freehold,3531,3069,4,Good,1400000,210000,8000,1618000
CASE-2026-TR-05350,Johor,Agricultural,Urban,Malay_Reserve,35998,0,35,Fair,1584000,237600,2000,1823600
CASE-2026-TR-05351,Perak,Agricultural,Suburban,Leasehold_99,47790,1013,17,Fair,1578000,236700,8000,1822700
CASE-2026-TR-05352,Penang,Agricultural,Urban,Freehold,48338,0,34,Good,2814000,422100,2000,3238100
CASE-2026-TR-05353,Perak,Residential,Urban,Freehold,4207,3814,3,Fair,1044000,156600,8000,1208600
CASE-2026-TR-05354,Selangor,Commercial,Suburban,Freehold,3698,2684,26,Excellent,1680000,252000,8000,1940000
CASE-2026-TR-05355,Pahang,Residential,Suburban,Freehold,3444,3060,31,Good,756000,113400,8000,877400
CASE-2026-TR-05356,Selangor,Residential,Urban,Leasehold_99,7417,6481,25,Good,2524000,378600,8000,2910600
CASE-2026-TR-05357,Melaka,Industrial,Rural_Coastal,Freehold,15005,7234,25,Good,2606000,390900,8000,3004900
CASE-2026-TR-05358,Sabah,Residential,Suburban,Freehold,2285,1300,16,Excellent,509000,76400,8000,593400
CASE-2026-TR-05359,Perak,Residential,Suburban,Leasehold_99,1795,1122,20,Good,385000,57800,8000,450800
CASE-2026-TR-05360,Johor,Commercial,Suburban,Malay_Reserve,10715,7510,24,Poor,3153000,473000,8000,3634000
CASE-2026-TR-05361,Pahang,Agricultural,Rural_Coastal,Leasehold_99,50895,0,27,Good,1327000,199000,2000,1528000
CASE-2026-TR-05362,Sabah,Commercial,Rural_Coastal,Freehold,11161,9632,10,Good,3725000,558800,8000,4291800
CASE-2026-TR-05363,Penang,Residential,Suburban,Freehold,3565,2921,32,Good,888000,133200,8000,1029200
CASE-2026-TR-05364,Johor,Residential,Suburban,Freehold,2093,1249,17,Good,488000,73200,8000,569200
CASE-2026-TR-05365,Selangor,Residential,Suburban,Freehold,4291,2458,4,Fair,1233000,185000,8000,1426000
CASE-2026-TR-05366,Pahang,Residential,Rural_Coastal,Leasehold_99,4092,2416,21,Fair,635000,95200,8000,738200
CASE-2026-TR-05367,Terengganu,Agricultural,Rural_Coastal,Malay_Reserve,62150,0,22,Excellent,1540000,231000,2000,1773000
CASE-2026-TR-05368,Johor,Commercial,Urban,Leasehold_99,6748,7849,19,Good,3017000,452600,8000,3477600
CASE-2026-TR-05369,Sabah,Commercial,Rural_Coastal,Leasehold_99,2258,2156,2,Good,868000,130200,8000,1006200
CASE-2026-TR-05370,Pahang,Agricultural,Urban,Leasehold_99,64121,0,3,Good,2223000,333400,2000,2558400
CASE-2026-TR-05371,Sarawak,Residential,Suburban,Freehold,7013,4635,26,Good,1471000,220600,8000,1699600
CASE-2026-TR-05372,Pahang,Residential,Suburban,Malay_Reserve,5990,5655,22,Fair,1264000,189600,8000,1461600
CASE-2026-TR-05373,Penang,Commercial,Suburban,Freehold,6111,5226,21,Fair,2779000,416800,8000,3203800
CASE-2026-TR-05374,Melaka,Commercial,Rural_Coastal,Malay_Reserve,11531,13403,14,Fair,3825000,573800,8000,4406800
CASE-2026-TR-05375,Penang,Residential,Urban,Leasehold_99,6668,5789,23,Good,1924000,288600,8000,2220600
CASE-2026-TR-05376,Selangor,Agricultural,Urban,Leasehold_99,36860,0,30,Fair,2209000,331400,2000,2542400
CASE-2026-TR-05377,Selangor,Residential,Suburban,Leasehold_99,5452,3124,16,Fair,1278000,191700,8000,1477700
CASE-2026-TR-05378,Selangor,Agricultural,Rural_Coastal,Leasehold_99,61937,0,17,Poor,2579000,386800,2000,2967800
CASE-2026-TR-05379,Selangor,Commercial,Suburban,Freehold,6735,5939,10,Excellent,3710000,556500,8000,4274500
CASE-2026-TR-05380,Melaka,Agricultural,Suburban,Leasehold_99,53798,548,6,Fair,2089000,313400,8000,2410400
CASE-2026-TR-05381,Selangor,Commercial,Suburban,Freehold,9034,8044,16,Poor,3971000,595600,8000,4574600
CASE-2026-TR-05382,Selangor,Residential,Urban,Freehold,1897,1327,14,Good,609000,91400,8000,708400
CASE-2026-TR-05383,Penang,Residential,Suburban,Leasehold_99,4913,3804,25,Good,1304000,195600,8000,1507600
CASE-2026-TR-05384,Selangor,Residential,Suburban,Leasehold_99,2231,2004,30,Fair,535000,80200,8000,623200
CASE-2026-TR-05385,Penang,Agricultural,Urban,Freehold,33714,0,12,Fair,1933000,290000,2000,2225000
CASE-2026-TR-05386,Johor,Residential,Urban,Freehold,7264,5786,19,Excellent,2306000,345900,8000,2659900
CASE-2026-TR-05387,Johor,Agricultural,Suburban,Leasehold_99,33535,1065,32,Excellent,1421000,213200,8000,1642200
CASE-2026-TR-05388,Sarawak,Residential,Urban,Leasehold_99,6552,4505,3,Good,1806000,270900,8000,2084900
CASE-2026-TR-05389,Penang,Residential,Urban,Malay_Reserve,4484,4212,7,Fair,1374000,206100,8000,1588100
CASE-2026-TR-05390,Selangor,Industrial,Urban,Freehold,32228,14113,16,Good,10440000,1566000,8000,12014000
CASE-2026-TR-05391,Johor,Residential,Rural_Coastal,Freehold,2438,1505,30,Good,471000,70600,8000,549600
CASE-2026-TR-05392,Selangor,Commercial,Urban,Freehold,7342,6014,12,Good,3703000,555400,8000,4266400
CASE-2026-TR-05393,Selangor,Residential,Suburban,Leasehold_99,1445,945,22,Good,380000,57000,8000,445000
CASE-2026-TR-05394,Penang,Commercial,Rural_Coastal,Leasehold_99,11076,12132,9,Fair,4477000,671600,8000,5156600
CASE-2026-TR-05395,Sarawak,Commercial,Urban,Leasehold_99,8155,9281,8,Good,3764000,564600,8000,4336600
CASE-2026-TR-05396,Selangor,Industrial,Rural_Coastal,Freehold,21079,13957,11,Good,6582000,987300,8000,7577300
CASE-2026-TR-05397,Sabah,Industrial,Suburban,Malay_Reserve,6639,3613,28,Good,1356000,203400,8000,1567400
CASE-2026-TR-05398,Selangor,Agricultural,Urban,Freehold,43986,0,24,Good,2579000,386800,2000,2967800
CASE-2026-TR-05399,Pahang,Commercial,Urban,Freehold,9935,8589,7,Good,3922000,588300,8000,4518300
CASE-2026-TR-05400,Penang,Commercial,Urban,Freehold,3141,3324,8,Excellent,1783000,267400,8000,2058400
CASE-2026-TR-05401,Penang,Agricultural,Urban,Leasehold_99,61091,793,33,Good,3435000,515200,8000,3958200
CASE-2026-TR-05402,Melaka,Agricultural,Rural_Coastal,Malay_Reserve,56703,893,1,Poor,1584000,237600,8000,1829600
CASE-2026-TR-05403,Selangor,Industrial,Urban,Malay_Reserve,19191,13667,26,Good,6022000,903300,8000,6933300
CASE-2026-TR-05404,Johor,Residential,Urban,Freehold,5007,4656,20,Good,1543000,231400,8000,1782400
CASE-2026-TR-05405,Selangor,Residential,Urban,Freehold,2243,1993,8,Excellent,883000,132400,8000,1023400
CASE-2026-TR-05406,Selangor,Residential,Suburban,Leasehold_99,3036,2561,4,Fair,949000,142400,8000,1099400
CASE-2026-TR-05407,Terengganu,Residential,Suburban,Freehold,6266,5441,7,Fair,1578000,236700,8000,1822700
CASE-2026-TR-05408,Johor,Agricultural,Rural_Coastal,Leasehold_99,27448,0,13,Poor,1028000,154200,2000,1184200
CASE-2026-TR-05409,Melaka,Agricultural,Suburban,Leasehold_99,15888,1091,36,Good,662000,99300,8000,769300
CASE-2026-TR-05410,Sabah,Residential,Suburban,Leasehold_99,2169,1291,25,Fair,358000,53700,8000,419700
CASE-2026-TR-05411,Penang,Agricultural,Rural_Coastal,Freehold,48915,0,7,Excellent,2066000,309900,2000,2377900
CASE-2026-TR-05412,Perak,Commercial,Rural_Coastal,Leasehold_99,4732,4949,3,Fair,1677000,251600,8000,1936600
CASE-2026-TR-05413,Selangor,Residential,Urban,Leasehold_99,2271,1761,3,Excellent,860000,129000,8000,997000
CASE-2026-TR-05414,Perak,Residential,Urban,Freehold,5016,4697,13,Fair,1326000,198900,8000,1532900
CASE-2026-TR-05415,Johor,Commercial,Urban,Freehold,3796,3230,21,Fair,1664000,249600,8000,1921600
CASE-2026-TR-05416,Penang,Agricultural,Urban,Freehold,32626,0,19,Good,1769000,265400,2000,2036400
CASE-2026-TR-05417,Selangor,Residential,Urban,Leasehold_99,5703,4327,17,Fair,1634000,245100,8000,1887100
CASE-2026-TR-05418,Johor,Residential,Urban,Freehold,3394,2140,8,Good,928000,139200,8000,1075200
CASE-2026-TR-05419,Selangor,Residential,Urban,Freehold,6424,3551,26,Good,1733000,260000,8000,2001000
CASE-2026-TR-05420,Sarawak,Commercial,Urban,Malay_Reserve,4262,5223,16,Good,1668000,250200,8000,1926200
CASE-2026-TR-05421,Sarawak,Industrial,Urban,Leasehold_99,13277,6132,17,Excellent,3158000,473700,8000,3639700
CASE-2026-TR-05422,Penang,Commercial,Suburban,Malay_Reserve,10346,8062,3,Fair,4331000,649600,8000,4988600
CASE-2026-TR-05423,Selangor,Residential,Urban,Malay_Reserve,5102,4132,4,Excellent,1703000,255400,8000,1966400
CASE-2026-TR-05424,Selangor,Residential,Suburban,Leasehold_99,4714,4300,1,Excellent,1939000,290800,8000,2237800
CASE-2026-TR-05425,Terengganu,Residential,Urban,Malay_Reserve,6902,6390,6,Poor,1458000,218700,8000,1684700
CASE-2026-TR-05426,Selangor,Commercial,Suburban,Freehold,9329,10176,12,Fair,4503000,675400,8000,5186400
CASE-2026-TR-05427,Johor,Commercial,Rural_Coastal,Freehold,9902,9847,2,Good,4282000,642300,8000,4932300
CASE-2026-TR-05428,Pahang,Commercial,Urban,Leasehold_99,4909,5577,22,Fair,1671000,250600,8000,1929600
CASE-2026-TR-05429,Selangor,Commercial,Urban,Leasehold_99,1650,1874,6,Good,949000,142400,8000,1099400
CASE-2026-TR-05430,Pahang,Residential,Suburban,Freehold,6427,4924,20,Good,1341000,201200,8000,1550200
CASE-2026-TR-05431,Johor,Residential,Suburban,Leasehold_99,4912,3838,2,Excellent,1609000,241400,8000,1858400
CASE-2026-TR-05432,Selangor,Agricultural,Rural_Coastal,Freehold,28885,0,33,Good,1315000,197200,2000,1514200
CASE-2026-TR-05433,Penang,Residential,Suburban,Freehold,4957,3157,21,Good,1361000,204200,8000,1573200
CASE-2026-TR-05434,Penang,Commercial,Urban,Leasehold_99,10970,12142,18,Good,5280000,792000,8000,6080000
CASE-2026-TR-05435,Selangor,Industrial,Rural_Coastal,Freehold,21257,9049,21,Excellent,5191000,778600,8000,5977600
CASE-2026-TR-05436,Melaka,Residential,Rural_Coastal,Malay_Reserve,5615,5139,34,Good,1201000,180200,8000,1389200
CASE-2026-TR-05437,Penang,Residential,Suburban,Freehold,6371,4904,8,Excellent,1987000,298000,8000,2293000
CASE-2026-TR-05438,Perak,Commercial,Urban,Leasehold_99,2439,3105,5,Fair,1018000,152700,8000,1178700
CASE-2026-TR-05439,Pahang,Residential,Suburban,Leasehold_99,1629,1101,6,Excellent,417000,62600,8000,487600
CASE-2026-TR-05440,Melaka,Residential,Rural_Coastal,Freehold,2124,1814,26,Fair,413000,62000,8000,483000
CASE-2026-TR-05441,Johor,Residential,Urban,Leasehold_99,5493,3099,17,Excellent,1574000,236100,8000,1818100
CASE-2026-TR-05442,Terengganu,Residential,Suburban,Leasehold_99,2492,1712,8,Good,511000,76600,8000,595600
CASE-2026-TR-05443,Melaka,Agricultural,Urban,Leasehold_99,61220,1047,1,Fair,2679000,401800,8000,3088800
CASE-2026-TR-05444,Johor,Agricultural,Suburban,Freehold,61379,1019,32,Fair,2748000,412200,8000,3168200
CASE-2026-TR-05445,Sarawak,Agricultural,Suburban,Freehold,51604,0,34,Excellent,1823000,273400,2000,2098400
CASE-2026-TR-05446,Johor,Residential,Rural_Coastal,Freehold,7143,6502,29,Fair,1534000,230100,8000,1772100
CASE-2026-TR-05447,Pahang,Agricultural,Urban,Freehold,64732,491,6,Good,2786000,417900,8000,3211900
CASE-2026-TR-05448,Pahang,Industrial,Suburban,Freehold,9706,6419,22,Fair,1962000,294300,8000,2264300
CASE-2026-TR-05449,Pahang,Commercial,Suburban,Leasehold_99,11238,12623,23,Fair,3493000,524000,8000,4025000
CASE-2026-TR-05450,Selangor,Residential,Urban,Freehold,7196,5912,18,Poor,2234000,335100,8000,2577100
CASE-2026-TR-05451,Melaka,Industrial,Urban,Freehold,28164,13296,24,Fair,6540000,981000,8000,7529000
CASE-2026-TR-05452,Terengganu,Commercial,Urban,Leasehold_99,6181,6251,11,Fair,2143000,321400,8000,2472400
CASE-2026-TR-05453,Penang,Residential,Rural_Coastal,Freehold,4293,2468,21,Excellent,1060000,159000,8000,1227000
CASE-2026-TR-05454,Selangor,Agricultural,Urban,Freehold,43192,0,21,Fair,2602000,390300,2000,2994300
CASE-2026-TR-05455,Selangor,Residential,Urban,Leasehold_99,1525,1078,31,Fair,455000,68200,8000,531200
CASE-2026-TR-05456,Johor,Residential,Suburban,Freehold,3336,2926,8,Good,1026000,153900,8000,1187900
CASE-2026-TR-05457,Selangor,Agricultural,Rural_Coastal,Freehold,38236,0,22,Good,1905000,285800,2000,2192800
CASE-2026-TR-05458,Johor,Residential,Urban,Freehold,3848,2827,17,Poor,919000,137800,8000,1064800
CASE-2026-TR-05459,Pahang,Residential,Rural_Coastal,Leasehold_99,5631,4574,25,Excellent,1117000,167600,8000,1292600
CASE-2026-TR-05460,Penang,Residential,Urban,Leasehold_99,3996,3621,21,Poor,1006000,150900,8000,1164900
CASE-2026-TR-05461,Pahang,Commercial,Suburban,Freehold,10210,13099,13,Fair,4232000,634800,8000,4874800
CASE-2026-TR-05462,Selangor,Residential,Rural_Coastal,Leasehold_99,4365,3550,7,Good,1239000,185800,8000,1432800
CASE-2026-TR-05463,Penang,Industrial,Urban,Leasehold_99,29301,20147,25,Fair,9039000,1355800,8000,10402800
CASE-2026-TR-05464,Perak,Industrial,Suburban,Freehold,4353,2240,2,Excellent,1077000,161600,8000,1246600
CASE-2026-TR-05465,Selangor,Industrial,Urban,Leasehold_99,31416,15445,11,Excellent,10139000,1520800,8000,11667800
CASE-2026-TR-05466,Selangor,Agricultural,Rural_Coastal,Malay_Reserve,59153,1155,10,Excellent,2596000,389400,8000,2993400
CASE-2026-TR-05467,Sabah,Commercial,Rural_Coastal,Freehold,5501,4352,7,Good,1969000,295400,8000,2272400
CASE-2026-TR-05468,Selangor,Agricultural,Rural_Coastal,Freehold,43541,0,30,Excellent,2098000,314700,2000,2414700
CASE-2026-TR-05469,Sarawak,Commercial,Urban,Freehold,10233,7217,11,Excellent,3925000,588800,8000,4521800
CASE-2026-TR-05470,Johor,Residential,Suburban,Leasehold_99,5882,5188,3,Fair,1646000,246900,8000,1900900
CASE-2026-TR-05471,Selangor,Residential,Suburban,Freehold,5219,3964,24,Fair,1392000,208800,8000,1608800
CASE-2026-TR-05472,Perak,Residential,Suburban,Leasehold_99,1933,1439,22,Excellent,450000,67500,8000,525500
CASE-2026-TR-05473,Sabah,Residential,Suburban,Leasehold_99,7380,4480,17,Fair,1457000,218600,8000,1683600
CASE-2026-TR-05474,Johor,Agricultural,Suburban,Leasehold_99,50852,0,6,Good,2207000,331000,2000,2540000
CASE-2026-TR-05475,Melaka,Residential,Suburban,Freehold,6812,4933,20,Good,1558000,233700,8000,1799700
CASE-2026-TR-05476,Selangor,Commercial,Suburban,Malay_Reserve,2795,2176,26,Good,1069000,160400,8000,1237400
CASE-2026-TR-05477,Pahang,Residential,Suburban,Freehold,3864,3403,8,Good,990000,148500,8000,1146500
CASE-2026-TR-05478,Terengganu,Commercial,Suburban,Leasehold_99,7085,7149,3,Good,2616000,392400,8000,3016400
CASE-2026-TR-05479,Melaka,Residential,Urban,Freehold,2728,1607,32,Excellent,637000,95600,8000,740600
CASE-2026-TR-05480,Johor,Residential,Suburban,Freehold,3325,2526,33,Excellent,744000,111600,8000,863600
CASE-2026-TR-05481,Sabah,Residential,Urban,Leasehold_99,5601,3914,28,Fair,1072000,160800,8000,1240800
CASE-2026-TR-05482,Johor,Commercial,Suburban,Freehold,1642,1529,19,Fair,665000,99800,8000,772800
CASE-2026-TR-05483,Sarawak,Commercial,Suburban,Freehold,5838,7927,25,Fair,2216000,332400,8000,2556400
CASE-2026-TR-05484,Sabah,Residential,Urban,Leasehold_99,5478,4702,18,Fair,1242000,186300,8000,1436300
CASE-2026-TR-05485,Melaka,Agricultural,Rural_Coastal,Leasehold_99,35783,561,27,Excellent,1151000,172600,8000,1331600
CASE-2026-TR-05486,Penang,Commercial,Urban,Freehold,5483,4031,23,Excellent,2464000,369600,8000,2841600
CASE-2026-TR-05487,Penang,Residential,Urban,Freehold,1514,1074,13,Fair,468000,70200,8000,546200
CASE-2026-TR-05488,Terengganu,Agricultural,Urban,Leasehold_99,60137,0,14,Fair,1998000,299700,2000,2299700
CASE-2026-TR-05489,Penang,Residential,Rural_Coastal,Malay_Reserve,4163,2980,8,Good,997000,149600,8000,1154600
CASE-2026-TR-05490,Selangor,Residential,Urban,Freehold,2709,1517,28,Fair,782000,117300,8000,907300
CASE-2026-TR-05491,Penang,Residential,Suburban,Freehold,2408,1982,34,Good,638000,95700,8000,741700
CASE-2026-TR-05492,Selangor,Industrial,Suburban,Freehold,4541,3252,16,Poor,1259000,188800,8000,1455800
CASE-2026-TR-05493,Penang,Residential,Suburban,Freehold,2215,1411,25,Excellent,583000,87400,8000,678400
CASE-2026-TR-05494,Selangor,Industrial,Rural_Coastal,Leasehold_99,16043,11892,11,Poor,4248000,637200,8000,4893200
CASE-2026-TR-05495,Sarawak,Industrial,Suburban,Freehold,27103,16079,22,Good,6290000,943500,8000,7241500
CASE-2026-TR-05496,Selangor,Commercial,Suburban,Leasehold_99,5819,4758,12,Fair,2479000,371800,8000,2858800
CASE-2026-TR-05497,Perak,Industrial,Urban,Leasehold_99,4666,3261,29,Good,1129000,169400,8000,1306400
CASE-2026-TR-05498,Selangor,Residential,Urban,Freehold,6099,5404,32,Good,1961000,294200,8000,2263200
CASE-2026-TR-05499,Selangor,Residential,Suburban,Freehold,5231,4205,28,Fair,1450000,217500,8000,1675500
CASE-2026-TR-05500,Johor,Agricultural,Suburban,Freehold,44742,0,21,Poor,2023000,303400,2000,2328400
CASE-2026-TR-05501,Penang,Agricultural,Urban,Malay_Reserve,35820,0,15,Poor,1876000,281400,2000,2159400
CASE-2026-TR-05502,Penang,Residential,Suburban,Freehold,4681,3009,22,Good,1279000,191800,8000,1478800
CASE-2026-TR-05503,Selangor,Agricultural,Suburban,Freehold,64887,1041,3,Fair,3253000,488000,8000,3749000
CASE-2026-TR-05504,Johor,Residential,Urban,Freehold,5111,4218,4,Excellent,1842000,276300,8000,2126300
CASE-2026-TR-05505,Melaka,Residential,Suburban,Freehold,6507,5613,25,Poor,1390000,208500,8000,1606500
CASE-2026-TR-05506,Johor,Agricultural,Rural_Coastal,Freehold,30981,0,26,Good,1225000,183800,2000,1410800
CASE-2026-TR-05507,Sarawak,Commercial,Suburban,Malay_Reserve,3237,3404,19,Good,1127000,169000,8000,1304000
CASE-2026-TR-05508,Terengganu,Residential,Suburban,Freehold,7142,6173,24,Poor,1319000,197800,8000,1524800
CASE-2026-TR-05509,Johor,Residential,Rural_Coastal,Leasehold_99,2521,1576,7,Good,534000,80100,8000,622100
CASE-2026-TR-05510,Terengganu,Agricultural,Rural_Coastal,Freehold,47596,510,36,Fair,1189000,178400,8000,1375400
CASE-2026-TR-05511,Johor,Commercial,Rural_Coastal,Freehold,11723,9485,5,Good,4730000,709500,8000,5447500
CASE-2026-TR-05512,Selangor,Agricultural,Urban,Freehold,60117,570,10,Good,3632000,544800,8000,4184800
CASE-2026-TR-05513,Selangor,Agricultural,Urban,Leasehold_99,28733,0,20,Good,1682000,252300,2000,1936300
CASE-2026-TR-05514,Selangor,Agricultural,Urban,Freehold,25292,802,24,Fair,1594000,239100,8000,1841100
CASE-2026-TR-05515,Johor,Residential,Urban,Freehold,3299,2044,28,Excellent,890000,133500,8000,1031500
CASE-2026-TR-05516,Sarawak,Agricultural,Urban,Leasehold_99,19609,0,22,Fair,764000,114600,2000,880600
CASE-2026-TR-05517,Sarawak,Residential,Suburban,Leasehold_99,5608,3671,26,Fair,1184000,177600,8000,1369600
CASE-2026-TR-05518,Pahang,Residential,Suburban,Freehold,1351,1150,10,Good,351000,52600,8000,411600
CASE-2026-TR-05519,Selangor,Commercial,Suburban,Freehold,4947,5643,21,Excellent,2626000,393900,8000,3027900
CASE-2026-TR-05520,Penang,Agricultural,Rural_Coastal,Freehold,16503,0,36,Poor,660000,99000,2000,761000
CASE-2026-TR-05521,Johor,Agricultural,Urban,Freehold,15734,0,8,Good,775000,116200,2000,893200
CASE-2026-TR-05522,Perak,Commercial,Suburban,Freehold,1572,1419,17,Excellent,583000,87400,8000,678400
CASE-2026-TR-05523,Perak,Residential,Urban,Freehold,2349,1880,32,Fair,521000,78200,8000,607200
CASE-2026-TR-05524,Terengganu,Residential,Suburban,Malay_Reserve,6078,4782,34,Good,982000,147300,8000,1137300
CASE-2026-TR-05525,Pahang,Residential,Rural_Coastal,Freehold,4024,3498,13,Poor,716000,107400,8000,831400
CASE-2026-TR-05526,Penang,Agricultural,Urban,Freehold,41489,785,35,Excellent,2389000,358400,8000,2755400
CASE-2026-TR-05527,Johor,Residential,Suburban,Freehold,2333,1458,9,Excellent,619000,92800,8000,719800
CASE-2026-TR-05528,Selangor,Residential,Suburban,Freehold,6910,4781,7,Poor,1878000,281700,8000,2167700
CASE-2026-TR-05529,Sarawak,Residential,Rural_Coastal,Freehold,1417,1183,11,Fair,303000,45400,8000,356400
CASE-2026-TR-05530,Johor,Residential,Suburban,Freehold,1331,773,26,Good,318000,47700,8000,373700
CASE-2026-TR-05531,Selangor,Agricultural,Suburban,Leasehold_99,46884,0,5,Excellent,2534000,380100,2000,2916100
CASE-2026-TR-05532,Pahang,Residential,Rural_Coastal,Freehold,7168,6084,18,Good,1587000,238000,8000,1833000
CASE-2026-TR-05533,Penang,Residential,Urban,Malay_Reserve,4974,3966,2,Fair,1493000,224000,8000,1725000
CASE-2026-TR-05534,Selangor,Commercial,Urban,Leasehold_99,7927,10931,16,Excellent,4844000,726600,8000,5578600
CASE-2026-TR-05535,Perak,Industrial,Suburban,Leasehold_99,30741,16947,4,Good,6766000,1014900,8000,7788900
CASE-2026-TR-05536,Selangor,Residential,Suburban,Leasehold_99,5936,4030,23,Fair,1558000,233700,8000,1799700
CASE-2026-TR-05537,Penang,Residential,Suburban,Freehold,1920,1070,12,Excellent,548000,82200,8000,638200
CASE-2026-TR-05538,Penang,Industrial,Rural_Coastal,Freehold,27549,18848,2,Good,8378000,1256700,8000,9642700
CASE-2026-TR-05539,Selangor,Residential,Suburban,Freehold,2487,1805,18,Fair,704000,105600,8000,817600
CASE-2026-TR-05540,Melaka,Residential,Urban,Freehold,5329,3520,12,Good,1386000,207900,8000,1601900
CASE-2026-TR-05541,Penang,Commercial,Suburban,Malay_Reserve,6766,6881,26,Excellent,2886000,432900,8000,3326900
CASE-2026-TR-05542,Terengganu,Residential,Suburban,Freehold,5404,4786,32,Fair,999000,149800,8000,1156800
CASE-2026-TR-05543,Penang,Residential,Urban,Leasehold_99,5441,4490,15,Fair,1589000,238400,8000,1835400
CASE-2026-TR-05544,Johor,Residential,Urban,Malay_Reserve,2074,1934,31,Excellent,539000,80800,8000,627800
CASE-2026-TR-05545,Selangor,Residential,Suburban,Freehold,5318,3837,26,Fair,1420000,213000,8000,1641000
CASE-2026-TR-05546,Selangor,Residential,Urban,Freehold,4524,4063,17,Fair,1472000,220800,8000,1700800
CASE-2026-TR-05547,Terengganu,Residential,Urban,Freehold,1330,1162,18,Good,323000,48400,8000,379400
CASE-2026-TR-05548,Sarawak,Agricultural,Urban,Freehold,31031,0,29,Excellent,1203000,180400,2000,1385400
CASE-2026-TR-05549,Penang,Residential,Rural_Coastal,Freehold,6544,4025,16,Excellent,1725000,258800,8000,1991800
CASE-2026-TR-05550,Selangor,Residential,Urban,Freehold,3135,2911,12,Excellent,1264000,189600,8000,1461600
CASE-2026-TR-05551,Melaka,Residential,Urban,Malay_Reserve,3353,2920,18,Good,918000,137700,8000,1063700
CASE-2026-TR-05552,Selangor,Residential,Suburban,Freehold,6944,5058,30,Poor,1643000,246400,8000,1897400
CASE-2026-TR-05553,Penang,Agricultural,Rural_Coastal,Freehold,33851,1269,9,Fair,1535000,230200,8000,1773200
CASE-2026-TR-05554,Selangor,Commercial,Rural_Coastal,Leasehold_99,5982,5540,15,Excellent,2453000,368000,8000,2829000
CASE-2026-TR-05555,Penang,Residential,Suburban,Freehold,6639,5374,25,Poor,1730000,259500,8000,1997500
CASE-2026-TR-05556,Johor,Agricultural,Suburban,Freehold,26611,0,5,Good,1224000,183600,2000,1409600
CASE-2026-TR-05557,Melaka,Commercial,Urban,Leasehold_99,7966,5622,26,Good,2876000,431400,8000,3315400
CASE-2026-TR-05558,Sarawak,Residential,Urban,Freehold,6935,6455,28,Good,1876000,281400,8000,2165400
CASE-2026-TR-05559,Penang,Industrial,Urban,Freehold,24137,14038,9,Fair,7995000,1199200,8000,9202200
CASE-2026-TR-05560,Penang,Residential,Urban,Leasehold_99,6458,4469,6,Good,1996000,299400,8000,2303400
CASE-2026-TR-05561,Selangor,Agricultural,Urban,Malay_Reserve,57315,400,15,Fair,3275000,491200,8000,3774200
CASE-2026-TR-05562,Selangor,Agricultural,Urban,Leasehold_99,15236,1159,22,Good,946000,141900,8000,1095900
CASE-2026-TR-05563,Johor,Residential,Rural_Coastal,Freehold,3370,2665,6,Good,861000,129200,8000,998200
CASE-2026-TR-05564,Selangor,Residential,Urban,Freehold,3743,2708,3,Excellent,1352000,202800,8000,1562800
CASE-2026-TR-05565,Penang,Residential,Suburban,Leasehold_99,2461,2120,4,Good,719000,107800,8000,834800
CASE-2026-TR-05566,Selangor,Commercial,Suburban,Freehold,7336,8474,18,Fair,3689000,553400,8000,4250400
CASE-2026-TR-05567,Johor,Agricultural,Urban,Freehold,18100,900,1,Good,957000,143600,8000,1108600
CASE-2026-TR-05568,Penang,Commercial,Urban,Leasehold_99,5819,8034,13,Good,3236000,485400,8000,3729400
CASE-2026-TR-05569,Selangor,Residential,Suburban,Freehold,1931,1834,18,Good,626000,93900,8000,727900
CASE-2026-TR-05570,Sarawak,Industrial,Suburban,Leasehold_99,6866,4610,10,Excellent,1862000,279300,8000,2149300
CASE-2026-TR-05571,Terengganu,Residential,Suburban,Leasehold_99,3910,2516,6,Good,816000,122400,8000,946400
CASE-2026-TR-05572,Penang,Residential,Urban,Malay_Reserve,4745,3274,19,Fair,1280000,192000,8000,1480000
CASE-2026-TR-05573,Terengganu,Agricultural,Rural_Coastal,Leasehold_99,26581,1468,36,Poor,744000,111600,8000,863600
CASE-2026-TR-05574,Selangor,Residential,Suburban,Freehold,3815,2578,12,Fair,1103000,165400,8000,1276400
CASE-2026-TR-05575,Penang,Residential,Urban,Leasehold_99,4906,2978,13,Good,1374000,206100,8000,1588100
CASE-2026-TR-05576,Sabah,Commercial,Urban,Freehold,2209,2230,15,Fair,846000,126900,8000,980900
CASE-2026-TR-05577,Pahang,Agricultural,Rural_Coastal,Freehold,18096,0,39,Excellent,528000,79200,2000,609200
CASE-2026-TR-05578,Johor,Residential,Suburban,Leasehold_99,5443,3943,2,Good,1390000,208500,8000,1606500
CASE-2026-TR-05579,Selangor,Residential,Rural_Coastal,Leasehold_99,2540,2308,8,Excellent,859000,128800,8000,995800
CASE-2026-TR-05580,Melaka,Commercial,Suburban,Freehold,10812,12527,12,Good,4659000,698800,8000,5365800
CASE-2026-TR-05581,Pahang,Residential,Suburban,Leasehold_99,6415,4673,19,Fair,1234000,185100,8000,1427100
CASE-2026-TR-05582,Penang,Agricultural,Urban,Leasehold_99,31985,0,21,Good,1634000,245100,2000,1881100
CASE-2026-TR-05583,Johor,Residential,Suburban,Freehold,7352,5606,26,Poor,1496000,224400,8000,1728400
CASE-2026-TR-05584,Selangor,Residential,Suburban,Leasehold_99,5660,3220,8,Good,1613000,242000,8000,1863000
CASE-2026-TR-05585,Perak,Residential,Suburban,Malay_Reserve,4247,2820,3,Fair,934000,140100,8000,1082100
CASE-2026-TR-05586,Johor,Agricultural,Suburban,Leasehold_99,36398,0,9,Fair,1498000,224700,2000,1724700
CASE-2026-TR-05587,Selangor,Commercial,Urban,Freehold,2582,3283,6,Good,1502000,225300,8000,1735300
CASE-2026-TR-05588,Johor,Residential,Rural_Coastal,Freehold,7106,6722,16,Fair,1849000,277400,8000,2134400
CASE-2026-TR-05589,Penang,Industrial,Suburban,Leasehold_99,17793,7502,2,Fair,5041000,756200,8000,5805200
CASE-2026-TR-05590,Penang,Residential,Rural_Coastal,Freehold,2085,1874,16,Good,578000,86700,8000,672700
CASE-2026-TR-05591,Sarawak,Commercial,Suburban,Leasehold_99,10338,11982,23,Good,4055000,608200,8000,4671200
CASE-2026-TR-05592,Terengganu,Residential,Rural_Coastal,Freehold,2167,1752,19,Good,457000,68600,8000,533600
CASE-2026-TR-05593,Melaka,Residential,Rural_Coastal,Freehold,5961,4051,4,Good,1355000,203200,8000,1566200
CASE-2026-TR-05594,Sabah,Residential,Suburban,Leasehold_99,4016,2214,6,Excellent,927000,139000,8000,1074000
CASE-2026-TR-05595,Johor,Residential,Suburban,Malay_Reserve,2739,2163,33,Good,549000,82400,8000,639400
CASE-2026-TR-05596,Selangor,Agricultural,Urban,Freehold,59806,0,30,Fair,3796000,569400,2000,4367400
CASE-2026-TR-05597,Terengganu,Residential,Rural_Coastal,Freehold,4713,3581,15,Fair,870000,130500,8000,1008500
CASE-2026-TR-05598,Sabah,Residential,Suburban,Freehold,5247,4493,1,Fair,1298000,194700,8000,1500700
CASE-2026-TR-05599,Sarawak,Commercial,Rural_Coastal,Freehold,9865,6914,23,Good,2941000,441200,8000,3390200
CASE-2026-TR-05600,Selangor,Commercial,Suburban,Leasehold_99,2205,2726,15,Good,1093000,164000,8000,1265000
CASE-2026-TR-05601,Melaka,Agricultural,Suburban,Freehold,28731,734,17,Good,1198000,179700,8000,1385700
CASE-2026-TR-05602,Johor,Residential,Suburban,Freehold,5024,4534,3,Good,1715000,257200,8000,1980200
CASE-2026-TR-05603,Johor,Agricultural,Rural_Coastal,Malay_Reserve,25895,0,35,Good,893000,134000,2000,1029000
CASE-2026-TR-05604,Sarawak,Agricultural,Suburban,Leasehold_99,19561,624,8,Excellent,756000,113400,8000,877400
CASE-2026-TR-05605,Sabah,Agricultural,Suburban,Leasehold_99,56113,0,14,Excellent,1652000,247800,2000,1901800
CASE-2026-TR-05606,Melaka,Residential,Suburban,Freehold,4322,2479,32,Fair,861000,129200,8000,998200
CASE-2026-TR-05607,Selangor,Residential,Suburban,Leasehold_99,7134,4874,34,Good,1851000,277600,8000,2136600
CASE-2026-TR-05608,Melaka,Agricultural,Suburban,Leasehold_99,53041,593,27,Fair,2115000,317200,8000,2440200
CASE-2026-TR-05609,Penang,Industrial,Suburban,Freehold,29103,16065,17,Fair,7833000,1175000,8000,9016000
CASE-2026-TR-05610,Penang,Residential,Urban,Freehold,1685,1293,33,Good,514000,77100,8000,599100
CASE-2026-TR-05611,Selangor,Agricultural,Suburban,Malay_Reserve,55034,0,31,Good,2848000,427200,2000,3277200
CASE-2026-TR-05612,Selangor,Residential,Suburban,Freehold,4239,2939,1,Good,1286000,192900,8000,1486900
CASE-2026-TR-05613,Johor,Residential,Suburban,Leasehold_99,6332,5258,9,Excellent,1962000,294300,8000,2264300
CASE-2026-TR-05614,Perak,Residential,Suburban,Leasehold_99,2983,2269,19,Excellent,707000,106000,8000,821000
CASE-2026-TR-05615,Sarawak,Commercial,Suburban,Freehold,5158,4422,20,Fair,1599000,239800,8000,1846800
CASE-2026-TR-05616,Sarawak,Residential,Rural_Coastal,Freehold,7101,4227,14,Fair,1207000,181000,8000,1396000
CASE-2026-TR-05617,Selangor,Agricultural,Rural_Coastal,Freehold,26438,0,13,Good,1178000,176700,2000,1356700
CASE-2026-TR-05618,Penang,Agricultural,Suburban,Leasehold_99,24013,401,29,Fair,1182000,177300,8000,1367300
CASE-2026-TR-05619,Penang,Commercial,Rural_Coastal,Freehold,10925,11016,1,Good,5100000,765000,8000,5873000
CASE-2026-TR-05620,Johor,Residential,Rural_Coastal,Freehold,2565,1552,28,Excellent,506000,75900,8000,589900
CASE-2026-TR-05621,Penang,Agricultural,Suburban,Leasehold_99,56694,957,34,Fair,2954000,443100,8000,3405100
CASE-2026-TR-05622,Selangor,Residential,Urban,Freehold,4109,3303,10,Good,1389000,208400,8000,1605400
CASE-2026-TR-05623,Selangor,Agricultural,Urban,Freehold,56126,0,31,Good,3420000,513000,2000,3935000
CASE-2026-TR-05624,Sabah,Agricultural,Suburban,Leasehold_99,39308,0,13,Poor,1353000,203000,2000,1558000
CASE-2026-TR-05625,Melaka,Commercial,Rural_Coastal,Freehold,4662,3983,2,Excellent,1797000,269600,8000,2074600
CASE-2026-TR-05626,Johor,Residential,Urban,Malay_Reserve,2993,2020,7,Fair,789000,118400,8000,915400
CASE-2026-TR-05627,Pahang,Industrial,Suburban,Leasehold_99,5206,2305,9,Excellent,1146000,171900,8000,1325900
CASE-2026-TR-05628,Melaka,Residential,Suburban,Malay_Reserve,5171,4431,2,Fair,1302000,195300,8000,1505300
CASE-2026-TR-05629,Sarawak,Residential,Suburban,Leasehold_99,3093,2876,26,Excellent,788000,118200,8000,914200
CASE-2026-TR-05630,Pahang,Commercial,Urban,Leasehold_99,6954,8276,8,Fair,2704000,405600,8000,3117600
CASE-2026-TR-05631,Penang,Residential,Suburban,Leasehold_99,5442,4129,13,Poor,1345000,201800,8000,1554800
CASE-2026-TR-05632,Penang,Agricultural,Urban,Freehold,31518,0,20,Excellent,1832000,274800,2000,2108800
CASE-2026-TR-05633,Sabah,Residential,Urban,Freehold,4187,3282,18,Fair,946000,141900,8000,1095900
CASE-2026-TR-05634,Johor,Residential,Suburban,Freehold,5238,4382,3,Fair,1668000,250200,8000,1926200
CASE-2026-TR-05635,Terengganu,Residential,Suburban,Leasehold_99,4242,3097,23,Fair,790000,118500,8000,916500
CASE-2026-TR-05636,Penang,Residential,Rural_Coastal,Freehold,2231,1384,6,Good,616000,92400,8000,716400
CASE-2026-TR-05637,Perak,Agricultural,Suburban,Malay_Reserve,48084,0,25,Excellent,1429000,214400,2000,1645400
CASE-2026-TR-05638,Selangor,Residential,Rural_Coastal,Freehold,6509,4685,18,Good,1653000,248000,8000,1909000
CASE-2026-TR-05639,Selangor,Commercial,Suburban,Freehold,7452,8316,26,Good,3516000,527400,8000,4051400
CASE-2026-TR-05640,Johor,Agricultural,Rural_Coastal,Leasehold_99,55547,0,11,Fair,1992000,298800,2000,2292800
CASE-2026-TR-05641,Johor,Residential,Suburban,Freehold,2189,1833,29,Good,534000,80100,8000,622100
CASE-2026-TR-05642,Penang,Residential,Suburban,Freehold,7024,5656,11,Fair,1929000,289400,8000,2226400
CASE-2026-TR-05643,Johor,Commercial,Suburban,Leasehold_99,11436,11116,16,Excellent,4439000,665800,8000,5112800
CASE-2026-TR-05644,Pahang,Agricultural,Suburban,Freehold,22438,1274,29,Good,788000,118200,8000,914200
CASE-2026-TR-05645,Sabah,Agricultural,Suburban,Freehold,46208,0,31,Fair,1836000,275400,2000,2113400
CASE-2026-TR-05646,Selangor,Industrial,Urban,Freehold,34701,23690,23,Good,11590000,1738500,8000,13336500
CASE-2026-TR-05647,Perak,Residential,Suburban,Freehold,4906,3554,32,Good,981000,147200,8000,1136200
CASE-2026-TR-05648,Johor,Residential,Suburban,Freehold,5471,5132,30,Excellent,1453000,218000,8000,1679000
CASE-2026-TR-05649,Penang,Residential,Suburban,Leasehold_99,3616,3203,4,Excellent,1219000,182800,8000,1409800
CASE-2026-TR-05650,Melaka,Residential,Urban,Leasehold_99,4209,3322,27,Poor,836000,125400,8000,969400
CASE-2026-TR-05651,Perak,Industrial,Suburban,Freehold,20192,10504,10,Excellent,5085000,762800,8000,5855800
CASE-2026-TR-05652,Sabah,Industrial,Rural_Coastal,Leasehold_99,16026,9026,11,Good,3359000,503800,8000,3870800
CASE-2026-TR-05653,Selangor,Residential,Urban,Leasehold_99,2809,2172,15,Good,948000,142200,8000,1098200
CASE-2026-TR-05654,Johor,Agricultural,Suburban,Leasehold_99,62278,964,18,Good,2637000,395600,8000,3040600
CASE-2026-TR-05655,Pahang,Residential,Suburban,Freehold,3260,2902,33,Good,669000,100400,8000,777400
CASE-2026-TR-05656,Johor,Residential,Urban,Freehold,4295,4012,4,Good,1408000,211200,8000,1627200
CASE-2026-TR-05657,Johor,Residential,Urban,Freehold,7234,5712,18,Good,2106000,315900,8000,2429900
CASE-2026-TR-05658,Pahang,Agricultural,Suburban,Freehold,32022,0,5,Good,1172000,175800,2000,1349800
CASE-2026-TR-05659,Penang,Commercial,Urban,Leasehold_99,2452,2559,17,Good,1160000,174000,8000,1342000
CASE-2026-TR-05660,Penang,Commercial,Suburban,Freehold,3881,5056,1,Excellent,2370000,355500,8000,2733500
CASE-2026-TR-05661,Selangor,Industrial,Rural_Coastal,Freehold,16459,7416,3,Good,4553000,683000,8000,5244000
CASE-2026-TR-05662,Penang,Industrial,Urban,Leasehold_99,11428,5510,21,Good,3138000,470700,8000,3616700
CASE-2026-TR-05663,Sabah,Residential,Urban,Freehold,7493,6013,14,Fair,1953000,293000,8000,2254000
CASE-2026-TR-05664,Johor,Residential,Urban,Freehold,2696,2281,31,Excellent,748000,112200,8000,868200
CASE-2026-TR-05665,Penang,Residential,Urban,Freehold,5425,4156,10,Good,1860000,279000,8000,2147000
CASE-2026-TR-05666,Terengganu,Commercial,Rural_Coastal,Leasehold_99,2692,3531,3,Excellent,1112000,166800,8000,1286800
CASE-2026-TR-05667,Sarawak,Industrial,Urban,Leasehold_99,7659,5658,10,Excellent,2312000,346800,8000,2666800
CASE-2026-TR-05668,Perak,Industrial,Urban,Freehold,20978,8598,28,Excellent,4485000,672800,8000,5165800
CASE-2026-TR-05669,Johor,Residential,Suburban,Leasehold_99,5398,4635,21,Good,1355000,203200,8000,1566200
CASE-2026-TR-05670,Melaka,Commercial,Suburban,Leasehold_99,11533,14877,19,Good,5177000,776600,8000,5961600
CASE-2026-TR-05671,Sabah,Agricultural,Suburban,Malay_Reserve,50409,0,4,Fair,1646000,246900,2000,1894900
CASE-2026-TR-05672,Penang,Residential,Urban,Freehold,6825,4349,27,Good,1894000,284100,8000,2186100
CASE-2026-TR-05673,Selangor,Residential,Suburban,Leasehold_99,2115,1371,29,Good,512000,76800,8000,596800
CASE-2026-TR-05674,Melaka,Commercial,Rural_Coastal,Leasehold_99,5447,3927,17,Fair,1464000,219600,8000,1691600
CASE-2026-TR-05675,Perak,Agricultural,Urban,Leasehold_99,57497,768,19,Good,2022000,303300,8000,2333300
CASE-2026-TR-05676,Sarawak,Agricultural,Rural_Coastal,Freehold,28291,1438,3,Good,983000,147400,8000,1138400
CASE-2026-TR-05677,Johor,Residential,Suburban,Leasehold_99,3161,2759,30,Good,767000,115000,8000,890000
CASE-2026-TR-05678,Pahang,Residential,Urban,Freehold,2183,1631,12,Fair,511000,76600,8000,595600
CASE-2026-TR-05679,Penang,Commercial,Rural_Coastal,Freehold,7153,9885,25,Excellent,3451000,517600,8000,3976600
CASE-2026-TR-05680,Pahang,Agricultural,Rural_Coastal,Freehold,33443,0,39,Fair,961000,144200,2000,1107200
CASE-2026-TR-05681,Selangor,Residential,Suburban,Leasehold_99,1964,1682,12,Excellent,660000,99000,8000,767000
CASE-2026-TR-05682,Melaka,Residential,Suburban,Freehold,1546,1441,15,Good,393000,59000,8000,460000
CASE-2026-TR-05683,Johor,Industrial,Suburban,Leasehold_99,25073,12630,10,Excellent,6033000,905000,8000,6946000
CASE-2026-TR-05684,Terengganu,Residential,Rural_Coastal,Leasehold_99,4407,3047,9,Good,912000,136800,8000,1056800
CASE-2026-TR-05685,Sarawak,Residential,Urban,Freehold,4598,4125,13,Good,1331000,199600,8000,1538600
CASE-2026-TR-05686,Penang,Industrial,Urban,Leasehold_99,9667,5291,24,Excellent,2873000,431000,8000,3312000
CASE-2026-TR-05687,Melaka,Residential,Rural_Coastal,Freehold,5984,5684,6,Excellent,1905000,285800,8000,2198800
CASE-2026-TR-05688,Perak,Agricultural,Suburban,Leasehold_99,41893,0,13,Good,1349000,202400,2000,1553400
CASE-2026-TR-05689,Selangor,Residential,Urban,Freehold,5018,2938,25,Good,1460000,219000,8000,1687000
CASE-2026-TR-05690,Perak,Residential,Urban,Freehold,2347,1851,13,Good,604000,90600,8000,702600
CASE-2026-TR-05691,Penang,Residential,Rural_Coastal,Freehold,2023,1845,30,Good,509000,76400,8000,593400
CASE-2026-TR-05692,Penang,Commercial,Urban,Freehold,11109,8309,14,Good,5218000,782700,8000,6008700
CASE-2026-TR-05693,Pahang,Commercial,Rural_Coastal,Leasehold_99,8159,8343,27,Poor,1857000,278600,8000,2143600
CASE-2026-TR-05694,Johor,Residential,Rural_Coastal,Freehold,2111,1833,28,Excellent,499000,74800,8000,581800
CASE-2026-TR-05695,Sabah,Industrial,Suburban,Freehold,24568,17035,7,Good,6530000,979500,8000,7517500
CASE-2026-TR-05696,Selangor,Residential,Suburban,Malay_Reserve,6587,4775,21,Poor,1495000,224200,8000,1727200
CASE-2026-TR-05697,Selangor,Agricultural,Suburban,Freehold,58702,1463,31,Excellent,3431000,514600,8000,3953600
CASE-2026-TR-05698,Selangor,Residential,Suburban,Freehold,5883,5198,2,Poor,1856000,278400,8000,2142400
CASE-2026-TR-05699,Selangor,Residential,Suburban,Freehold,5792,4502,29,Excellent,1723000,258400,8000,1989400
CASE-2026-TR-05700,Terengganu,Residential,Suburban,Freehold,6489,6073,14,Fair,1449000,217400,8000,1674400
CASE-2026-TR-05701,Selangor,Residential,Rural_Coastal,Freehold,4297,2376,24,Excellent,987000,148000,8000,1143000
CASE-2026-TR-05702,Penang,Residential,Suburban,Leasehold_99,2320,1475,10,Poor,508000,76200,8000,592200
CASE-2026-TR-05703,Selangor,Residential,Suburban,Freehold,6030,3520,21,Good,1513000,227000,8000,1748000
CASE-2026-TR-05704,Johor,Residential,Suburban,Leasehold_99,2913,1900,27,Fair,615000,92200,8000,715200
CASE-2026-TR-05705,Selangor,Agricultural,Urban,Leasehold_99,47823,0,35,Fair,2666000,399900,2000,3067900
CASE-2026-TR-05706,Perak,Commercial,Urban,Leasehold_99,8147,9101,25,Good,3189000,478400,8000,3675400
CASE-2026-TR-05707,Sabah,Commercial,Urban,Freehold,7897,7555,7,Excellent,3516000,527400,8000,4051400
CASE-2026-TR-05708,Sabah,Agricultural,Urban,Leasehold_99,58178,889,2,Excellent,2219000,332800,8000,2559800
CASE-2026-TR-05709,Penang,Commercial,Suburban,Freehold,8613,6381,5,Excellent,3816000,572400,8000,4396400
CASE-2026-TR-05710,Selangor,Residential,Urban,Leasehold_99,4460,3540,12,Excellent,1577000,236600,8000,1821600
CASE-2026-TR-05711,Penang,Agricultural,Rural_Coastal,Freehold,51346,0,29,Fair,2211000,331600,2000,2544600
CASE-2026-TR-05712,Selangor,Agricultural,Suburban,Freehold,39121,817,25,Good,2357000,353600,8000,2718600
CASE-2026-TR-05713,Johor,Residential,Urban,Freehold,1892,1776,27,Excellent,602000,90300,8000,700300
CASE-2026-TR-05714,Selangor,Residential,Urban,Freehold,6962,5548,7,Good,2503000,375400,8000,2886400
CASE-2026-TR-05715,Selangor,Residential,Rural_Coastal,Leasehold_99,3715,3021,11,Excellent,1134000,170100,8000,1312100
CASE-2026-TR-05716,Johor,Residential,Urban,Leasehold_99,2220,1268,1,Poor,521000,78200,8000,607200
CASE-2026-TR-05717,Melaka,Residential,Urban,Leasehold_99,2210,1610,33,Fair,464000,69600,8000,541600
CASE-2026-TR-05718,Melaka,Residential,Suburban,Freehold,4944,4464,32,Good,1079000,161800,8000,1248800
CASE-2026-TR-05719,Selangor,Residential,Suburban,Freehold,3893,3486,17,Good,1206000,180900,8000,1394900
CASE-2026-TR-05720,Selangor,Residential,Rural_Coastal,Leasehold_99,6686,5998,14,Good,1778000,266700,8000,2052700
CASE-2026-TR-05721,Johor,Residential,Rural_Coastal,Freehold,1584,914,22,Good,329000,49400,8000,386400
CASE-2026-TR-05722,Johor,Residential,Suburban,Freehold,6263,4355,8,Good,1814000,272100,8000,2094100
CASE-2026-TR-05723,Sabah,Industrial,Urban,Freehold,22201,10871,19,Good,5149000,772400,8000,5929400
CASE-2026-TR-05724,Johor,Industrial,Urban,Freehold,18688,13798,28,Good,5671000,850600,8000,6529600
CASE-2026-TR-05725,Selangor,Commercial,Suburban,Leasehold_99,3058,3900,23,Good,1587000,238000,8000,1833000
CASE-2026-TR-05726,Selangor,Residential,Rural_Coastal,Freehold,6600,4457,25,Good,1596000,239400,8000,1843400
CASE-2026-TR-05727,Selangor,Commercial,Suburban,Freehold,4591,5087,26,Good,1975000,296200,8000,2279200
CASE-2026-TR-05728,Perak,Residential,Suburban,Freehold,1600,1049,2,Good,365000,54800,8000,427800
CASE-2026-TR-05729,Selangor,Residential,Suburban,Freehold,6923,5629,27,Poor,1697000,254600,8000,1959600
CASE-2026-TR-05730,Penang,Residential,Suburban,Leasehold_99,6258,5707,15,Poor,1645000,246800,8000,1899800
CASE-2026-TR-05731,Selangor,Residential,Rural_Coastal,Malay_Reserve,4026,3545,18,Poor,899000,134800,8000,1041800
CASE-2026-TR-05732,Perak,Residential,Rural_Coastal,Freehold,2929,2743,4,Good,834000,125100,8000,967100
CASE-2026-TR-05733,Pahang,Residential,Suburban,Freehold,7317,6560,32,Good,1597000,239600,8000,1844600
CASE-2026-TR-05734,Penang,Commercial,Urban,Freehold,7405,9760,23,Good,4067000,610000,8000,4685000
CASE-2026-TR-05735,Selangor,Commercial,Rural_Coastal,Freehold,5377,5749,25,Good,2286000,342900,8000,2636900
CASE-2026-TR-05736,Selangor,Residential,Rural_Coastal,Freehold,3176,2182,26,Good,757000,113600,8000,878600
CASE-2026-TR-05737,Perak,Residential,Rural_Coastal,Freehold,5880,5137,13,Fair,1252000,187800,8000,1447800
CASE-2026-TR-05738,Sarawak,Residential,Urban,Freehold,3338,1989,5,Good,833000,125000,8000,966000
CASE-2026-TR-05739,Perak,Agricultural,Suburban,Freehold,32728,0,0,Excellent,1033000,155000,2000,1190000
CASE-2026-TR-05740,Penang,Residential,Suburban,Freehold,5852,4930,24,Poor,1441000,216200,8000,1665200
CASE-2026-TR-05741,Sabah,Agricultural,Urban,Leasehold_99,56533,0,25,Fair,2182000,327300,2000,2511300
CASE-2026-TR-05742,Selangor,Commercial,Suburban,Freehold,7829,10440,10,Excellent,4650000,697500,8000,5355500
CASE-2026-TR-05743,Terengganu,Agricultural,Suburban,Leasehold_99,24075,0,30,Good,724000,108600,2000,834600
CASE-2026-TR-05744,Pahang,Residential,Rural_Coastal,Freehold,4583,2766,16,Fair,779000,116800,8000,903800
CASE-2026-TR-05745,Selangor,Residential,Urban,Freehold,3626,3253,29,Good,1188000,178200,8000,1374200
CASE-2026-TR-05746,Selangor,Residential,Suburban,Freehold,5088,2856,2,Good,1421000,213200,8000,1642200
CASE-2026-TR-05747,Pahang,Commercial,Urban,Freehold,11087,10074,20,Excellent,4168000,625200,8000,4801200
CASE-2026-TR-05748,Perak,Commercial,Rural_Coastal,Freehold,8006,8380,14,Good,2857000,428600,8000,3293600
CASE-2026-TR-05749,Sabah,Residential,Rural_Coastal,Freehold,1481,943,24,Fair,258000,38700,8000,304700
CASE-2026-TR-05750,Selangor,Agricultural,Suburban,Leasehold_99,16261,0,39,Excellent,916000,137400,2000,1055400
CASE-2026-TR-05751,Johor,Residential,Suburban,Malay_Reserve,7366,6105,3,Good,2005000,300800,8000,2313800
CASE-2026-TR-05752,Pahang,Commercial,Urban,Freehold,2398,2861,24,Fair,870000,130500,8000,1008500
CASE-2026-TR-05753,Johor,Residential,Urban,Freehold,6863,5305,6,Excellent,2276000,341400,8000,2625400
CASE-2026-TR-05754,Melaka,Agricultural,Rural_Coastal,Leasehold_99,49708,1087,13,Good,1606000,240900,8000,1854900
CASE-2026-TR-05755,Selangor,Residential,Urban,Leasehold_99,5900,4547,12,Fair,1700000,255000,8000,1963000
CASE-2026-TR-05756,Melaka,Commercial,Suburban,Leasehold_99,10422,10565,14,Good,4096000,614400,8000,4718400
CASE-2026-TR-05757,Johor,Residential,Rural_Coastal,Freehold,3380,2519,17,Good,795000,119200,8000,922200
CASE-2026-TR-05758,Johor,Industrial,Urban,Freehold,33036,18259,21,Fair,9263000,1389400,8000,10660400
CASE-2026-TR-05759,Selangor,Residential,Suburban,Freehold,4359,2494,23,Poor,1061000,159200,8000,1228200
CASE-2026-TR-05760,Selangor,Residential,Urban,Freehold,7416,6131,32,Excellent,2140000,321000,8000,2469000
CASE-2026-TR-05761,Melaka,Commercial,Rural_Coastal,Freehold,4214,5840,6,Excellent,2195000,329200,8000,2532200
CASE-2026-TR-05762,Johor,Residential,Rural_Coastal,Malay_Reserve,5030,2909,19,Excellent,1011000,151600,8000,1170600
CASE-2026-TR-05763,Penang,Residential,Suburban,Freehold,4894,4314,32,Good,1305000,195800,8000,1508800
CASE-2026-TR-05764,Melaka,Residential,Suburban,Freehold,6933,5539,11,Good,1959000,293800,8000,2260800
CASE-2026-TR-05765,Penang,Residential,Rural_Coastal,Leasehold_99,5940,3885,13,Good,1465000,219800,8000,1692800
CASE-2026-TR-05766,Johor,Industrial,Suburban,Leasehold_99,15161,6985,29,Good,3329000,499400,8000,3836400
CASE-2026-TR-05767,Selangor,Residential,Rural_Coastal,Freehold,6830,6339,16,Poor,1696000,254400,8000,1958400
CASE-2026-TR-05768,Penang,Commercial,Rural_Coastal,Leasehold_99,3975,3278,23,Excellent,1439000,215800,8000,1662800
CASE-2026-TR-05769,Selangor,Industrial,Suburban,Freehold,10308,6042,21,Poor,2941000,441200,8000,3390200
CASE-2026-TR-05770,Selangor,Residential,Rural_Coastal,Freehold,2250,1519,3,Fair,607000,91000,8000,706000
CASE-2026-TR-05771,Penang,Commercial,Urban,Leasehold_99,6142,5946,15,Excellent,2892000,433800,8000,3333800
CASE-2026-TR-05772,Selangor,Residential,Rural_Coastal,Freehold,5201,3861,9,Excellent,1569000,235400,8000,1812400
CASE-2026-TR-05773,Penang,Agricultural,Rural_Coastal,Freehold,52625,0,31,Fair,2233000,335000,2000,2570000
CASE-2026-TR-05774,Penang,Agricultural,Suburban,Freehold,48446,0,20,Good,2420000,363000,2000,2785000
CASE-2026-TR-05775,Johor,Commercial,Urban,Freehold,3080,3821,8,Fair,1571000,235600,8000,1814600
CASE-2026-TR-05776,Sarawak,Industrial,Suburban,Malay_Reserve,28532,19360,9,Good,6764000,1014600,8000,7786600
CASE-2026-TR-05777,Sarawak,Residential,Urban,Leasehold_99,2154,1490,3,Fair,501000,75200,8000,584200
CASE-2026-TR-05778,Pahang,Residential,Suburban,Freehold,5326,3036,8,Excellent,1188000,178200,8000,1374200
CASE-2026-TR-05779,Perak,Commercial,Rural_Coastal,Freehold,11087,11411,5,Poor,3300000,495000,8000,3803000
CASE-2026-TR-05780,Selangor,Agricultural,Suburban,Freehold,39596,579,4,Good,2240000,336000,8000,2584000
CASE-2026-TR-05781,Sabah,Residential,Rural_Coastal,Freehold,6876,6030,25,Good,1495000,224200,8000,1727200
CASE-2026-TR-05782,Penang,Agricultural,Urban,Freehold,16272,0,35,Excellent,926000,138900,2000,1066900
CASE-2026-TR-05783,Perak,Agricultural,Suburban,Freehold,48132,0,14,Good,1597000,239600,2000,1838600
CASE-2026-TR-05784,Johor,Commercial,Urban,Freehold,4039,5229,16,Fair,1872000,280800,8000,2160800
CASE-2026-TR-05785,Selangor,Agricultural,Urban,Freehold,29860,0,18,Good,1996000,299400,2000,2297400
CASE-2026-TR-05786,Johor,Residential,Rural_Coastal,Freehold,6083,4327,33,Fair,1133000,170000,8000,1311000
CASE-2026-TR-05787,Penang,Residential,Rural_Coastal,Freehold,2429,1565,28,Excellent,574000,86100,8000,668100
CASE-2026-TR-05788,Selangor,Agricultural,Urban,Leasehold_99,26243,0,27,Fair,1496000,224400,2000,1722400
CASE-2026-TR-05789,Penang,Residential,Suburban,Freehold,5825,4370,30,Good,1586000,237900,8000,1831900
CASE-2026-TR-05790,Johor,Agricultural,Urban,Freehold,51263,967,31,Good,2349000,352400,8000,2709400
CASE-2026-TR-05791,Terengganu,Residential,Urban,Leasehold_99,1628,1435,32,Fair,339000,50800,8000,397800
CASE-2026-TR-05792,Sabah,Residential,Urban,Malay_Reserve,4748,3607,31,Fair,955000,143200,8000,1106200
CASE-2026-TR-05793,Perak,Commercial,Urban,Leasehold_99,4676,4283,8,Fair,1648000,247200,8000,1903200
CASE-2026-TR-05794,Pahang,Agricultural,Suburban,Freehold,52337,0,21,Good,1786000,267900,2000,2055900
CASE-2026-TR-05795,Selangor,Residential,Urban,Malay_Reserve,5343,3330,8,Fair,1517000,227600,8000,1752600
CASE-2026-TR-05796,Sabah,Residential,Urban,Leasehold_99,4189,2407,11,Poor,853000,128000,8000,989000
CASE-2026-TR-05797,Penang,Commercial,Urban,Freehold,3621,3324,9,Good,1928000,289200,8000,2225200
CASE-2026-TR-05798,Perak,Residential,Urban,Freehold,1866,1153,23,Fair,368000,55200,8000,431200
CASE-2026-TR-05799,Penang,Commercial,Suburban,Freehold,3406,2682,27,Excellent,1520000,228000,8000,1756000
CASE-2026-TR-05800,Pahang,Commercial,Urban,Leasehold_99,4369,4654,7,Excellent,1804000,270600,8000,2082600
CASE-2026-TR-05801,Johor,Residential,Urban,Leasehold_99,3297,2855,13,Excellent,1047000,157000,8000,1212000
CASE-2026-TR-05802,Selangor,Agricultural,Rural_Coastal,Freehold,44220,0,15,Good,1978000,296700,2000,2276700
CASE-2026-TR-05803,Selangor,Commercial,Rural_Coastal,Leasehold_99,9393,12512,24,Good,4389000,658400,8000,5055400
CASE-2026-TR-05804,Pahang,Residential,Urban,Leasehold_99,3678,3252,28,Excellent,858000,128700,8000,994700
CASE-2026-TR-05805,Penang,Agricultural,Suburban,Freehold,27873,1200,36,Good,1470000,220500,8000,1698500
CASE-2026-TR-05806,Pahang,Residential,Urban,Leasehold_99,2063,1783,6,Fair,522000,78300,8000,608300
CASE-2026-TR-05807,Melaka,Residential,Suburban,Freehold,1796,1053,18,Fair,383000,57400,8000,448400
CASE-2026-TR-05808,Johor,Industrial,Suburban,Leasehold_99,25944,18961,20,Good,6875000,1031200,8000,7914200
CASE-2026-TR-05809,Johor,Industrial,Urban,Leasehold_99,30314,20498,12,Good,9505000,1425800,8000,10938800
CASE-2026-TR-05810,Pahang,Residential,Suburban,Leasehold_99,2183,1639,1,Good,548000,82200,8000,638200
CASE-2026-TR-05811,Sarawak,Commercial,Suburban,Leasehold_99,11581,8915,19,Good,3777000,566600,8000,4351600
CASE-2026-TR-05812,Selangor,Residential,Urban,Freehold,7327,5614,15,Excellent,2526000,378900,8000,2912900
CASE-2026-TR-05813,Johor,Commercial,Urban,Freehold,10666,11985,17,Excellent,5084000,762600,8000,5854600
CASE-2026-TR-05814,Pahang,Commercial,Urban,Leasehold_99,11410,10141,18,Good,3823000,573400,8000,4404400
CASE-2026-TR-05815,Pahang,Agricultural,Suburban,Leasehold_99,20763,0,11,Poor,632000,94800,2000,728800
CASE-2026-TR-05816,Perak,Industrial,Suburban,Freehold,24138,17751,24,Fair,4987000,748000,8000,5743000
CASE-2026-TR-05817,Johor,Residential,Suburban,Malay_Reserve,2805,2150,20,Good,630000,94500,8000,732500
CASE-2026-TR-05818,Penang,Commercial,Urban,Freehold,1836,1840,5,Fair,951000,142600,8000,1101600
CASE-2026-TR-05819,Perak,Commercial,Urban,Leasehold_99,9673,11058,26,Good,3410000,511500,8000,3929500
CASE-2026-TR-05820,Sabah,Agricultural,Urban,Freehold,27189,0,16,Excellent,1168000,175200,2000,1345200
CASE-2026-TR-05821,Pahang,Residential,Suburban,Freehold,6955,4670,12,Fair,1492000,223800,8000,1723800
CASE-2026-TR-05822,Sabah,Commercial,Rural_Coastal,Leasehold_99,6191,5486,8,Fair,1853000,278000,8000,2139000
CASE-2026-TR-05823,Johor,Commercial,Suburban,Freehold,6177,8630,9,Poor,2950000,442500,8000,3400500
CASE-2026-TR-05824,Penang,Residential,Suburban,Freehold,1717,1193,31,Good,463000,69400,8000,540400
CASE-2026-TR-05825,Perak,Agricultural,Rural_Coastal,Leasehold_99,15917,767,19,Excellent,479000,71800,8000,558800
CASE-2026-TR-05826,Johor,Agricultural,Urban,Leasehold_99,29393,0,12,Good,1387000,208000,2000,1597000
CASE-2026-TR-05827,Sarawak,Commercial,Rural_Coastal,Leasehold_99,8337,6821,8,Excellent,2983000,447400,8000,3438400
CASE-2026-TR-05828,Penang,Residential,Urban,Freehold,2314,1898,34,Fair,614000,92100,8000,714100
CASE-2026-TR-05829,Perak,Residential,Suburban,Malay_Reserve,5795,4850,6,Excellent,1425000,213800,8000,1646800
CASE-2026-TR-05830,Johor,Commercial,Suburban,Freehold,3612,3363,1,Fair,1496000,224400,8000,1728400
CASE-2026-TR-05831,Perak,Agricultural,Urban,Freehold,59829,542,31,Fair,2391000,358600,8000,2757600
CASE-2026-TR-05832,Penang,Residential,Rural_Coastal,Leasehold_99,7443,5451,23,Excellent,1867000,280000,8000,2155000
CASE-2026-TR-05833,Pahang,Agricultural,Urban,Leasehold_99,63245,1379,3,Poor,2507000,376000,8000,2891000
CASE-2026-TR-05834,Selangor,Residential,Urban,Freehold,3143,2329,18,Poor,914000,137100,8000,1059100
CASE-2026-TR-05835,Penang,Agricultural,Urban,Leasehold_99,34756,513,30,Fair,1947000,292000,8000,2247000
CASE-2026-TR-05836,Pahang,Industrial,Urban,Freehold,25868,12335,21,Good,5965000,894800,8000,6867800
CASE-2026-TR-05837,Johor,Agricultural,Urban,Freehold,20834,0,37,Good,1015000,152200,2000,1169200
CASE-2026-TR-05838,Penang,Agricultural,Suburban,Leasehold_99,16247,0,19,Good,709000,106400,2000,817400
CASE-2026-TR-05839,Terengganu,Agricultural,Urban,Malay_Reserve,37735,1296,9,Good,1295000,194200,8000,1497200
CASE-2026-TR-05840,Johor,Residential,Urban,Freehold,1899,1263,22,Good,532000,79800,8000,619800
CASE-2026-TR-05841,Melaka,Residential,Suburban,Leasehold_99,4548,3865,4,Good,1206000,180900,8000,1394900
CASE-2026-TR-05842,Pahang,Residential,Urban,Malay_Reserve,4658,3180,34,Excellent,886000,132900,8000,1026900
CASE-2026-TR-05843,Selangor,Commercial,Suburban,Leasehold_99,10237,8687,21,Good,4329000,649400,8000,4986400
CASE-2026-TR-05844,Penang,Commercial,Urban,Freehold,9648,11498,5,Fair,5208000,781200,8000,5997200
CASE-2026-TR-05845,Terengganu,Residential,Urban,Freehold,6668,4216,9,Excellent,1693000,254000,8000,1955000
CASE-2026-TR-05846,Johor,Residential,Urban,Leasehold_99,3746,2556,16,Fair,1004000,150600,8000,1162600
CASE-2026-TR-05847,Pahang,Residential,Suburban,Freehold,2926,2695,12,Good,769000,115400,8000,892400
CASE-2026-TR-05848,Johor,Residential,Urban,Freehold,5102,3353,7,Good,1464000,219600,8000,1691600
CASE-2026-TR-05849,Johor,Residential,Rural_Coastal,Leasehold_99,7009,6433,22,Fair,1503000,225400,8000,1736400
CASE-2026-TR-05850,Johor,Residential,Urban,Leasehold_99,6183,3590,30,Good,1389000,208400,8000,1605400
CASE-2026-TR-05851,Terengganu,Commercial,Suburban,Freehold,3068,3244,8,Good,1231000,184600,8000,1423600
CASE-2026-TR-05852,Perak,Residential,Suburban,Freehold,2914,1615,22,Excellent,599000,89800,8000,696800
CASE-2026-TR-05853,Selangor,Commercial,Suburban,Freehold,4544,3425,19,Poor,1780000,267000,8000,2055000
CASE-2026-TR-05854,Perak,Industrial,Rural_Coastal,Leasehold_99,12197,8859,25,Good,2413000,362000,8000,2783000
CASE-2026-TR-05855,Selangor,Residential,Rural_Coastal,Leasehold_99,5017,4385,8,Excellent,1577000,236600,8000,1821600
CASE-2026-TR-05856,Terengganu,Agricultural,Suburban,Freehold,57977,0,35,Fair,1758000,263700,2000,2023700
CASE-2026-TR-05857,Melaka,Residential,Urban,Freehold,3778,2245,31,Good,803000,120400,8000,931400
CASE-2026-TR-05858,Johor,Agricultural,Suburban,Freehold,45470,1326,1,Good,2250000,337500,8000,2595500
CASE-2026-TR-05859,Johor,Residential,Suburban,Leasehold_99,2006,1843,13,Good,552000,82800,8000,642800
CASE-2026-TR-05860,Selangor,Agricultural,Suburban,Malay_Reserve,61043,0,19,Good,2981000,447200,2000,3430200
CASE-2026-TR-05861,Selangor,Commercial,Urban,Leasehold_99,10302,8004,1,Fair,4543000,681400,8000,5232400
CASE-2026-TR-05862,Johor,Residential,Rural_Coastal,Freehold,4856,3371,23,Good,1088000,163200,8000,1259200
CASE-2026-TR-05863,Penang,Residential,Rural_Coastal,Freehold,5674,4440,28,Good,1325000,198800,8000,1531800
CASE-2026-TR-05864,Selangor,Agricultural,Suburban,Leasehold_99,32031,1485,2,Fair,1854000,278100,8000,2140100
CASE-2026-TR-05865,Johor,Industrial,Urban,Freehold,16292,7872,7,Good,5376000,806400,8000,6190400
CASE-2026-TR-05866,Selangor,Commercial,Suburban,Freehold,6421,4994,11,Fair,3097000,464600,8000,3569600
CASE-2026-TR-05867,Sarawak,Commercial,Rural_Coastal,Malay_Reserve,5174,4627,8,Fair,1522000,228300,8000,1758300
CASE-2026-TR-05868,Penang,Commercial,Rural_Coastal,Malay_Reserve,6422,8809,9,Fair,2917000,437600,8000,3362600
CASE-2026-TR-05869,Pahang,Agricultural,Suburban,Freehold,27796,0,34,Good,892000,133800,2000,1027800
CASE-2026-TR-05870,Selangor,Residential,Suburban,Freehold,5128,3003,11,Excellent,1510000,226500,8000,1744500
CASE-2026-TR-05871,Selangor,Residential,Urban,Freehold,5829,4439,20,Good,1921000,288200,8000,2217200
CASE-2026-TR-05872,Sabah,Residential,Urban,Freehold,3856,3492,20,Good,1000000,150000,8000,1158000
CASE-2026-TR-05873,Selangor,Residential,Urban,Malay_Reserve,2277,2052,12,Excellent,762000,114300,8000,884300
CASE-2026-TR-05874,Selangor,Residential,Urban,Leasehold_99,1649,949,19,Good,509000,76400,8000,593400
CASE-2026-TR-05875,Pahang,Residential,Suburban,Freehold,1588,1017,30,Good,315000,47200,8000,370200
CASE-2026-TR-05876,Terengganu,Commercial,Urban,Freehold,7711,8338,19,Excellent,2817000,422600,8000,3247600
CASE-2026-TR-05877,Johor,Residential,Urban,Leasehold_99,4000,2651,16,Good,1055000,158200,8000,1221200
CASE-2026-TR-05878,Johor,Industrial,Suburban,Freehold,26046,12962,3,Poor,6569000,985400,8000,7562400
CASE-2026-TR-05879,Selangor,Residential,Urban,Freehold,4462,3269,29,Poor,1235000,185200,8000,1428200
CASE-2026-TR-05880,Johor,Agricultural,Suburban,Malay_Reserve,27984,835,36,Good,1210000,181500,8000,1399500
CASE-2026-TR-05881,Selangor,Residential,Urban,Freehold,7430,5606,15,Excellent,2558000,383700,8000,2949700
CASE-2026-TR-05882,Selangor,Residential,Rural_Coastal,Freehold,2740,1949,30,Fair,640000,96000,8000,744000
CASE-2026-TR-05883,Terengganu,Residential,Suburban,Freehold,4374,3845,26,Good,911000,136600,8000,1055600
CASE-2026-TR-05884,Johor,Commercial,Suburban,Leasehold_99,11683,10524,7,Good,4950000,742500,8000,5700500
CASE-2026-TR-05885,Johor,Commercial,Suburban,Leasehold_99,3302,2940,6,Good,1356000,203400,8000,1567400
CASE-2026-TR-05886,Sabah,Residential,Urban,Leasehold_99,3272,1934,9,Fair,696000,104400,8000,808400
CASE-2026-TR-05887,Selangor,Agricultural,Rural_Coastal,Freehold,58335,0,34,Good,2817000,422600,2000,3241600
CASE-2026-TR-05888,Johor,Residential,Suburban,Freehold,5793,5457,3,Excellent,1993000,299000,8000,2300000
CASE-2026-TR-05889,Perak,Residential,Urban,Freehold,7449,5236,1,Good,2114000,317100,8000,2439100
CASE-2026-TR-05890,Sarawak,Residential,Suburban,Leasehold_99,2540,2175,16,Fair,587000,88000,8000,683000
CASE-2026-TR-05891,Penang,Industrial,Suburban,Freehold,13685,6834,5,Fair,3968000,595200,8000,4571200
CASE-2026-TR-05892,Selangor,Residential,Suburban,Freehold,6924,5241,13,Excellent,2236000,335400,8000,2579400
CASE-2026-TR-05893,Selangor,Commercial,Urban,Freehold,9492,11986,4,Good,6369000,955400,8000,7332400
CASE-2026-TR-05894,Penang,Residential,Urban,Leasehold_99,5300,3978,21,Fair,1341000,201200,8000,1550200
CASE-2026-TR-05895,Selangor,Residential,Rural_Coastal,Freehold,5616,3659,16,Fair,1443000,216400,8000,1667400
CASE-2026-TR-05896,Penang,Commercial,Urban,Leasehold_99,8461,11829,14,Excellent,5277000,791600,8000,6076600
CASE-2026-TR-05897,Sabah,Agricultural,Rural_Coastal,Freehold,61192,0,15,Excellent,2013000,302000,2000,2317000
CASE-2026-TR-05898,Terengganu,Agricultural,Suburban,Malay_Reserve,34759,910,19,Good,1087000,163000,8000,1258000
CASE-2026-TR-05899,Penang,Residential,Urban,Freehold,1847,1556,13,Good,562000,84300,8000,654300
CASE-2026-TR-05900,Pahang,Residential,Rural_Coastal,Leasehold_99,4260,2886,2,Good,922000,138300,8000,1068300
CASE-2026-TR-05901,Perak,Residential,Urban,Leasehold_99,4179,3776,21,Excellent,1036000,155400,8000,1199400
CASE-2026-TR-05902,Selangor,Residential,Suburban,Freehold,2029,1527,32,Good,551000,82600,8000,641600
CASE-2026-TR-05903,Pahang,Commercial,Urban,Freehold,7915,9275,18,Excellent,3359000,503800,8000,3870800
CASE-2026-TR-05904,Selangor,Residential,Urban,Freehold,2624,1807,25,Good,830000,124500,8000,962500
CASE-2026-TR-05905,Johor,Commercial,Urban,Freehold,5475,5410,5,Excellent,3253000,488000,8000,3749000
CASE-2026-TR-05906,Selangor,Residential,Urban,Freehold,5940,4529,5,Good,1998000,299700,8000,2305700
CASE-2026-TR-05907,Selangor,Residential,Urban,Freehold,6561,5459,5,Excellent,2619000,392800,8000,3019800
CASE-2026-TR-05908,Penang,Agricultural,Suburban,Leasehold_99,44151,0,3,Excellent,2081000,312200,2000,2395200
CASE-2026-TR-05909,Sarawak,Residential,Suburban,Freehold,4780,3435,32,Fair,964000,144600,8000,1116600
CASE-2026-TR-05910,Sarawak,Residential,Suburban,Leasehold_99,4493,3970,10,Fair,1113000,167000,8000,1288000
CASE-2026-TR-05911,Selangor,Residential,Suburban,Freehold,7085,5232,21,Good,1862000,279300,8000,2149300
CASE-2026-TR-05912,Selangor,Commercial,Urban,Freehold,1929,2160,10,Excellent,1127000,169000,8000,1304000
CASE-2026-TR-05913,Terengganu,Residential,Suburban,Leasehold_99,4211,2920,30,Fair,783000,117400,8000,908400
CASE-2026-TR-05914,Selangor,Agricultural,Suburban,Leasehold_99,28717,843,25,Excellent,1522000,228300,8000,1758300
CASE-2026-TR-05915,Pahang,Commercial,Suburban,Leasehold_99,11508,15819,27,Excellent,4418000,662700,8000,5088700
CASE-2026-TR-05916,Melaka,Residential,Rural_Coastal,Freehold,5509,4296,20,Good,1278000,191700,8000,1477700
CASE-2026-TR-05917,Melaka,Residential,Suburban,Freehold,3480,1931,16,Fair,749000,112400,8000,869400
CASE-2026-TR-05918,Selangor,Residential,Urban,Leasehold_99,5888,4656,10,Good,2061000,309200,8000,2378200
CASE-2026-TR-05919,Penang,Residential,Urban,Freehold,2894,1974,12,Good,871000,130600,8000,1009600
CASE-2026-TR-05920,Penang,Agricultural,Urban,Malay_Reserve,63267,0,21,Good,3168000,475200,2000,3645200
CASE-2026-TR-05921,Penang,Agricultural,Urban,Leasehold_99,16973,0,29,Excellent,821000,123200,2000,946200
CASE-2026-TR-05922,Selangor,Commercial,Suburban,Leasehold_99,8230,9187,9,Fair,3712000,556800,8000,4276800
CASE-2026-TR-05923,Selangor,Agricultural,Urban,Malay_Reserve,26123,1459,26,Fair,1461000,219200,8000,1688200
CASE-2026-TR-05924,Selangor,Residential,Rural_Coastal,Freehold,2097,1333,32,Fair,438000,65700,8000,511700
CASE-2026-TR-05925,Pahang,Commercial,Urban,Freehold,11913,9338,14,Good,4253000,638000,8000,4899000
CASE-2026-TR-05926,Selangor,Residential,Suburban,Freehold,6645,5621,29,Good,1945000,291800,8000,2244800
CASE-2026-TR-05927,Penang,Agricultural,Urban,Freehold,63222,1393,5,Good,4039000,605800,8000,4652800
CASE-2026-TR-05928,Melaka,Residential,Urban,Freehold,5330,5036,32,Fair,1343000,201400,8000,1552400
CASE-2026-TR-05929,Penang,Residential,Urban,Freehold,2997,2298,12,Fair,935000,140200,8000,1083200
CASE-2026-TR-05930,Penang,Agricultural,Rural_Coastal,Freehold,60639,0,1,Good,2659000,398800,2000,3059800
CASE-2026-TR-05931,Selangor,Residential,Suburban,Freehold,5874,4735,14,Good,1921000,288200,8000,2217200
CASE-2026-TR-05932,Perak,Agricultural,Urban,Freehold,16294,878,35,Good,627000,94000,8000,729000
CASE-2026-TR-05933,Selangor,Residential,Suburban,Leasehold_99,4703,4225,5,Good,1573000,236000,8000,1817000
CASE-2026-TR-05934,Penang,Residential,Rural_Coastal,Freehold,2617,1651,23,Excellent,656000,98400,8000,762400
CASE-2026-TR-05935,Perak,Industrial,Urban,Freehold,34562,16612,28,Excellent,8067000,1210000,8000,9285000
CASE-2026-TR-05936,Selangor,Commercial,Urban,Freehold,4460,5251,26,Good,2416000,362400,8000,2786400
CASE-2026-TR-05937,Selangor,Agricultural,Rural_Coastal,Freehold,18618,0,2,Good,852000,127800,2000,981800
CASE-2026-TR-05938,Sarawak,Industrial,Urban,Freehold,31473,21843,9,Good,9441000,1416200,8000,10865200
CASE-2026-TR-05939,Selangor,Residential,Suburban,Freehold,2903,1707,24,Poor,668000,100200,8000,776200
CASE-2026-TR-05940,Johor,Commercial,Suburban,Leasehold_99,11781,8607,22,Fair,4009000,601400,8000,4618400
CASE-2026-TR-05941,Johor,Residential,Suburban,Freehold,2536,1930,29,Excellent,611000,91600,8000,710600
CASE-2026-TR-05942,Johor,Commercial,Suburban,Freehold,1952,1415,11,Fair,704000,105600,8000,817600
CASE-2026-TR-05943,Selangor,Residential,Suburban,Leasehold_99,1895,1364,19,Good,528000,79200,8000,615200
CASE-2026-TR-05944,Melaka,Residential,Suburban,Freehold,3901,3270,11,Good,1023000,153400,8000,1184400
CASE-2026-TR-05945,Selangor,Residential,Rural_Coastal,Freehold,4720,3805,4,Fair,1293000,194000,8000,1495000
CASE-2026-TR-05946,Selangor,Agricultural,Suburban,Freehold,16531,998,32,Good,844000,126600,8000,978600
CASE-2026-TR-05947,Melaka,Agricultural,Rural_Coastal,Leasehold_99,63681,1457,32,Excellent,2311000,346600,8000,2665600
CASE-2026-TR-05948,Melaka,Commercial,Urban,Leasehold_99,5334,6849,10,Poor,2297000,344600,8000,2649600
CASE-2026-TR-05949,Terengganu,Residential,Rural_Coastal,Leasehold_99,5953,4737,33,Good,1001000,150200,8000,1159200
CASE-2026-TR-05950,Perak,Agricultural,Urban,Leasehold_99,23585,0,21,Fair,814000,122100,2000,938100
CASE-2026-TR-05951,Pahang,Agricultural,Suburban,Leasehold_99,59069,1094,20,Excellent,1850000,277500,8000,2135500
CASE-2026-TR-05952,Johor,Residential,Urban,Leasehold_99,6371,4918,13,Good,1740000,261000,8000,2009000
CASE-2026-TR-05953,Selangor,Residential,Rural_Coastal,Freehold,3421,2817,17,Excellent,946000,141900,8000,1095900
CASE-2026-TR-05954,Selangor,Agricultural,Urban,Freehold,47571,0,35,Fair,3024000,453600,2000,3479600
CASE-2026-TR-05955,Penang,Agricultural,Urban,Freehold,55544,1429,35,Fair,3267000,490000,8000,3765000
CASE-2026-TR-05956,Johor,Agricultural,Urban,Freehold,16834,0,12,Excellent,807000,121000,2000,930000
CASE-2026-TR-05957,Perak,Commercial,Rural_Coastal,Freehold,11720,13173,26,Fair,3746000,561900,8000,4315900
CASE-2026-TR-05958,Selangor,Commercial,Suburban,Malay_Reserve,10393,12279,4,Good,5538000,830700,8000,6376700
CASE-2026-TR-05959,Johor,Residential,Urban,Freehold,1504,981,15,Good,397000,59600,8000,464600
CASE-2026-TR-05960,Perak,Agricultural,Suburban,Leasehold_99,62612,0,21,Excellent,2030000,304500,2000,2336500
CASE-2026-TR-05961,Johor,Industrial,Suburban,Malay_Reserve,31525,20038,13,Good,8836000,1325400,8000,10169400
CASE-2026-TR-05962,Penang,Residential,Urban,Leasehold_99,5625,4256,4,Fair,1717000,257600,8000,1982600
CASE-2026-TR-05963,Selangor,Agricultural,Urban,Freehold,60740,1021,30,Poor,3909000,586400,8000,4503400
CASE-2026-TR-05964,Terengganu,Residential,Suburban,Leasehold_99,5458,3101,13,Fair,957000,143600,8000,1108600
CASE-2026-TR-05965,Penang,Residential,Urban,Freehold,4992,3712,8,Fair,1675000,251200,8000,1934200
CASE-2026-TR-05966,Selangor,Residential,Rural_Coastal,Leasehold_99,6221,5822,6,Good,1934000,290100,8000,2232100
CASE-2026-TR-05967,Sarawak,Residential,Rural_Coastal,Leasehold_99,6128,4253,19,Good,1209000,181400,8000,1398400
CASE-2026-TR-05968,Pahang,Commercial,Suburban,Leasehold_99,9738,6948,15,Fair,2801000,420200,8000,3229200
CASE-2026-TR-05969,Sarawak,Residential,Rural_Coastal,Leasehold_99,2416,1614,21,Good,431000,64600,8000,503600
CASE-2026-TR-05970,Selangor,Commercial,Suburban,Malay_Reserve,6477,6410,26,Good,2541000,381200,8000,2930200
CASE-2026-TR-05971,Selangor,Residential,Urban,Freehold,4337,2842,16,Good,1332000,199800,8000,1539800
CASE-2026-TR-05972,Selangor,Commercial,Suburban,Freehold,11734,10867,25,Fair,4603000,690400,8000,5301400
CASE-2026-TR-05973,Melaka,Residential,Urban,Leasehold_99,2212,1891,15,Good,573000,86000,8000,667000
CASE-2026-TR-05974,Penang,Commercial,Suburban,Freehold,10077,12680,24,Excellent,5106000,765900,8000,5879900
CASE-2026-TR-05975,Sabah,Agricultural,Suburban,Freehold,29903,0,3,Good,1179000,176800,2000,1357800
CASE-2026-TR-05976,Melaka,Residential,Suburban,Freehold,4540,2595,15,Good,978000,146700,8000,1132700
CASE-2026-TR-05977,Sabah,Residential,Urban,Leasehold_99,4351,3182,30,Good,898000,134700,8000,1040700
CASE-2026-TR-05978,Johor,Commercial,Urban,Leasehold_99,5721,6499,17,Excellent,2608000,391200,8000,3007200
CASE-2026-TR-05979,Sabah,Residential,Urban,Freehold,2775,2524,6,Fair,831000,124600,8000,963600
CASE-2026-TR-05980,Penang,Residential,Urban,Leasehold_99,7137,4359,14,Poor,1828000,274200,8000,2110200
CASE-2026-TR-05981,Selangor,Agricultural,Suburban,Leasehold_99,40569,909,5,Poor,2135000,320200,8000,2463200
CASE-2026-TR-05982,Penang,Residential,Rural_Coastal,Leasehold_99,3558,2754,23,Fair,806000,120900,8000,934900
CASE-2026-TR-05983,Johor,Commercial,Rural_Coastal,Freehold,6862,6746,14,Fair,2297000,344600,8000,2649600
CASE-2026-TR-05984,Sarawak,Residential,Suburban,Leasehold_99,5504,4169,10,Fair,1255000,188200,8000,1451200
CASE-2026-TR-05985,Pahang,Commercial,Suburban,Freehold,11601,12440,20,Excellent,4226000,633900,8000,4867900
CASE-2026-TR-05986,Johor,Agricultural,Suburban,Freehold,63803,0,5,Excellent,2706000,405900,2000,3113900
CASE-2026-TR-05987,Selangor,Residential,Rural_Coastal,Freehold,1395,859,20,Good,331000,49600,8000,388600
CASE-2026-TR-05988,Johor,Commercial,Urban,Freehold,10671,10315,27,Poor,4322000,648300,8000,4978300
CASE-2026-TR-05989,Pahang,Residential,Suburban,Freehold,7226,4010,2,Excellent,1613000,242000,8000,1863000
CASE-2026-TR-05990,Penang,Residential,Urban,Freehold,5769,3267,5,Good,1724000,258600,8000,1990600
CASE-2026-TR-05991,Sabah,Residential,Suburban,Malay_Reserve,2320,1347,29,Good,384000,57600,8000,449600
CASE-2026-TR-05992,Selangor,Residential,Rural_Coastal,Freehold,6296,4661,22,Good,1667000,250000,8000,1925000
CASE-2026-TR-05993,Penang,Agricultural,Urban,Freehold,20993,0,7,Excellent,1165000,174800,2000,1341800
CASE-2026-TR-05994,Penang,Residential,Urban,Freehold,4756,3495,34,Good,1367000,205000,8000,1580000
CASE-2026-TR-05995,Melaka,Agricultural,Rural_Coastal,Freehold,42606,0,24,Fair,1413000,212000,2000,1627000
CASE-2026-TR-05996,Johor,Residential,Urban,Freehold,6543,4104,21,Fair,1730000,259500,8000,1997500
CASE-2026-TR-05997,Selangor,Commercial,Rural_Coastal,Leasehold_99,3284,4233,15,Good,1453000,218000,8000,1679000
CASE-2026-TR-05998,Johor,Industrial,Suburban,Leasehold_99,10168,7408,28,Fair,2558000,383700,8000,2949700
CASE-2026-TR-05999,Pahang,Commercial,Rural_Coastal,Malay_Reserve,8758,7336,1,Good,2796000,419400,8000,3223400
CASE-2026-TR-06000,Perak,Residential,Rural_Coastal,Freehold,2942,1648,25,Good,483000,72400,8000,563400
