case_id,state,land_category,location_type,tenure_type,land_area_m2,acquisition_area_m2,building_age_years,market_value_myr,statutory_disturbance_myr,relocation_allowance_myr,recommended_compensation_myr
CASE-2026-NW-00001,Pulau Pinang,Building,Urban,Freehold,2080,526,35,2219000,332800,8000,2559800
CASE-2026-NW-00002,Johor,Building,Suburban,Freehold,1681,547,23,1916000,287400,8000,2211400
CASE-2026-NW-00003,Selangor,Industry,Suburban,Freehold,11557,4308,8,13770000,2065500,8000,15843500
CASE-2026-NW-00004,Pulau Pinang,Agriculture,Suburban,Freehold,4992,2412,38,1680000,252000,8000,1940000
CASE-2026-NW-00005,Pulau Pinang,Agriculture,Rural,Freehold,8212,1759,27,1080000,162000,8000,1250000
CASE-2026-NW-00006,Johor,Industry,Urban,Leasehold,12444,4662,6,13726000,2058900,8000,15792900
CASE-2026-NW-00007,Johor,Agriculture,Urban,Malay Reserve,16438,14177,0,8777000,1316600,8000,10101600
CASE-2026-NW-00008,Selangor,Building,Rural,Leasehold,1963,1709,7,4928000,739200,8000,5675200
CASE-2026-NW-00009,Pulau Pinang,Building,Urban,Malay Reserve,589,344,38,1087000,163000,8000,1258000
CASE-2026-NW-00010,Johor,Industry,Urban,Leasehold,13761,7891,13,21166000,3174900,8000,24348900
CASE-2026-NW-00011,Selangor,Building,Suburban,Freehold,2008,583,27,2254000,338100,8000,2600100
CASE-2026-NW-00012,Selangor,Building,Urban,Freehold,2920,1161,3,6127000,919000,8000,7054000
CASE-2026-NW-00013,Perak,Building,Suburban,Leasehold,1575,936,18,2778000,416700,8000,3202700
CASE-2026-NW-00014,Pahang,Building,Suburban,Leasehold,237,65,18,193000,29000,8000,230000
CASE-2026-NW-00015,Wilayah Persekutuan Kuala Lumpur,Building,Suburban,Leasehold,2958,1240,17,4731000,709600,8000,5448600
CASE-2026-NW-00016,Perak,Building,Suburban,Freehold,1995,1829,4,4720000,708000,8000,5436000
CASE-2026-NW-00017,Perak,Building,Suburban,Leasehold,2802,2210,5,5351000,802600,8000,6161600
CASE-2026-NW-00018,Kelantan,Building,Rural,Freehold,1572,965,23,1898000,284700,8000,2190700
CASE-2026-NW-00019,Pahang,Agriculture,Suburban,Leasehold,2324,2019,23,892000,133800,8000,1033800
CASE-2026-NW-00020,Selangor,Industry,Rural,Leasehold,23660,11380,11,28308000,4246200,8000,32562200
CASE-2026-NW-00021,Perak,Building,Suburban,Freehold,1763,1485,26,3830000,574500,8000,4412500
CASE-2026-NW-00022,Wilayah Persekutuan Kuala Lumpur,Agriculture,Rural,Leasehold,19044,6647,37,4749000,712400,8000,5469400
CASE-2026-NW-00023,Negeri Sembilan,Building,Urban,Leasehold,2633,1574,31,5231000,784600,8000,6023600
CASE-2026-NW-00024,Perlis,Agriculture,Rural,Freehold,19842,15658,16,6423000,963400,8000,7394400
CASE-2026-NW-00025,Selangor,Agriculture,Urban,Leasehold,5666,4064,13,3714000,557100,8000,4279100
CASE-2026-NW-00026,Terengganu,Building,Rural,Freehold,2198,928,2,2500000,375000,8000,2883000
CASE-2026-NW-00027,Selangor,Building,Urban,Leasehold,2233,1379,15,6340000,951000,8000,7299000
CASE-2026-NW-00028,Terengganu,Agriculture,Rural,Leasehold,12898,7903,32,2873000,431000,8000,3312000
CASE-2026-NW-00029,Johor,Industry,Urban,Freehold,19411,6354,3,18070000,2710500,8000,20788500
CASE-2026-NW-00030,Pulau Pinang,Building,Rural,Freehold,2546,2082,33,5044000,756600,8000,5808600
CASE-2026-NW-00031,Perak,Agriculture,Urban,Freehold,14779,9449,28,5158000,773700,8000,5939700
CASE-2026-NW-00032,Selangor,Agriculture,Suburban,Freehold,6110,1865,7,1428000,214200,8000,1650200
CASE-2026-NW-00033,Selangor,Building,Urban,Leasehold,2976,896,35,3709000,556400,8000,4273400
CASE-2026-NW-00034,Pulau Pinang,Building,Suburban,Freehold,571,361,33,1297000,194600,8000,1499600
CASE-2026-NW-00035,Pahang,Building,Urban,Malay Reserve,450,283,15,812000,121800,8000,941800
CASE-2026-NW-00036,Melaka,Building,Rural,Freehold,999,354,6,1086000,162900,8000,1256900
CASE-2026-NW-00037,Wilayah Persekutuan Putrajaya,Agriculture,Urban,Leasehold,13643,9456,11,7793000,1169000,8000,8970000
CASE-2026-NW-00038,Kedah,Building,Urban,Malay Reserve,1207,531,7,1641000,246200,8000,1895200
CASE-2026-NW-00039,Wilayah Persekutuan Kuala Lumpur,Building,Suburban,Freehold,2619,2119,23,7989000,1198400,8000,9195400
CASE-2026-NW-00040,Pulau Pinang,Building,Urban,Freehold,952,281,33,1281000,192200,8000,1481200
CASE-2026-NW-00041,Perak,Agriculture,Suburban,Leasehold,10792,6450,23,3151000,472600,8000,3631600
CASE-2026-NW-00042,Pulau Pinang,Building,Suburban,Freehold,1183,538,28,2021000,303200,8000,2332200
CASE-2026-NW-00043,Kedah,Agriculture,Suburban,Leasehold,14224,10297,8,4474000,671100,8000,5153100
CASE-2026-NW-00044,Johor,Agriculture,Suburban,Freehold,16182,8390,38,4967000,745000,8000,5720000
CASE-2026-NW-00045,Pulau Pinang,Building,Suburban,Freehold,233,62,12,288000,43200,8000,339200
CASE-2026-NW-00046,Kedah,Agriculture,Urban,Freehold,19725,5346,2,3560000,534000,8000,4102000
CASE-2026-NW-00047,Selangor,Building,Suburban,Freehold,477,417,4,1549000,232400,8000,1789400
CASE-2026-NW-00048,Pulau Pinang,Agriculture,Urban,Freehold,8502,2898,35,2274000,341100,8000,2623100
CASE-2026-NW-00049,Johor,Building,Urban,Freehold,674,330,21,1216000,182400,8000,1406400
CASE-2026-NW-00050,Pulau Pinang,Agriculture,Suburban,Freehold,6351,4249,25,2867000,430000,8000,3305000
CASE-2026-NW-00051,Perak,Industry,Urban,Freehold,7523,5504,17,13821000,2073200,8000,15902200
CASE-2026-NW-00052,Wilayah Persekutuan Kuala Lumpur,Building,Suburban,Freehold,2882,1284,32,5148000,772200,8000,5928200
CASE-2026-NW-00053,Pulau Pinang,Building,Urban,Freehold,1998,1211,13,5035000,755200,8000,5798200
CASE-2026-NW-00054,Terengganu,Agriculture,Suburban,Leasehold,11805,6906,36,2954000,443100,8000,3405100
CASE-2026-NW-00055,Negeri Sembilan,Industry,Suburban,Leasehold,12090,4075,29,8505000,1275800,8000,9788800
CASE-2026-NW-00056,Johor,Building,Urban,Freehold,1408,1093,26,3749000,562400,8000,4319400
CASE-2026-NW-00057,Melaka,Building,Suburban,Leasehold,1931,850,1,2553000,383000,8000,2944000
CASE-2026-NW-00058,Wilayah Persekutuan Kuala Lumpur,Building,Rural,Freehold,909,529,26,1951000,292600,8000,2251600
CASE-2026-NW-00059,Perak,Building,Rural,Freehold,426,393,4,927000,139000,8000,1074000
CASE-2026-NW-00060,Perak,Building,Urban,Leasehold,839,299,9,1075000,161200,8000,1244200
CASE-2026-NW-00061,Perak,Agriculture,Rural,Leasehold,14581,10376,39,3277000,491600,8000,3776600
CASE-2026-NW-00062,Selangor,Building,Suburban,Leasehold,1455,1158,30,3551000,532600,8000,4091600
CASE-2026-NW-00063,Pahang,Building,Rural,Freehold,250,133,18,320000,48000,8000,376000
CASE-2026-NW-00064,Selangor,Building,Suburban,Leasehold,2298,1859,5,6719000,1007800,8000,7734800
CASE-2026-NW-00065,Pulau Pinang,Building,Urban,Leasehold,1926,1289,5,5810000,871500,8000,6689500
CASE-2026-NW-00066,Pulau Pinang,Industry,Suburban,Leasehold,8851,3005,34,7432000,1114800,8000,8554800
CASE-2026-NW-00067,Johor,Building,Suburban,Malay Reserve,1538,1373,12,4198000,629700,8000,4835700
CASE-2026-NW-00068,Melaka,Agriculture,Rural,Freehold,3968,2078,23,994000,149100,8000,1151100
CASE-2026-NW-00069,Terengganu,Building,Urban,Malay Reserve,1318,1162,34,2414000,362100,8000,2784100
CASE-2026-NW-00070,Selangor,Building,Suburban,Malay Reserve,1513,888,1,3588000,538200,8000,4134200
CASE-2026-NW-00071,Johor,Building,Suburban,Leasehold,1614,1129,16,3315000,497200,8000,3820200
CASE-2026-NW-00072,Johor,Building,Urban,Freehold,356,110,15,470000,70500,8000,548500
CASE-2026-NW-00073,Selangor,Industry,Suburban,Leasehold,7071,5699,2,16273000,2441000,8000,18722000
CASE-2026-NW-00074,Selangor,Building,Urban,Freehold,2292,1676,38,6901000,1035200,8000,7944200
CASE-2026-NW-00075,Negeri Sembilan,Agriculture,Urban,Leasehold,17593,5016,2,3793000,569000,8000,4370000
CASE-2026-NW-00076,Johor,Agriculture,Rural,Freehold,5544,3877,18,1939000,290800,8000,2237800
CASE-2026-NW-00077,Melaka,Building,Urban,Freehold,2348,1036,9,3761000,564200,8000,4333200
CASE-2026-NW-00078,Wilayah Persekutuan Kuala Lumpur,Building,Rural,Malay Reserve,1352,1140,9,3502000,525300,8000,4035300
CASE-2026-NW-00079,Negeri Sembilan,Building,Suburban,Leasehold,1190,780,31,2141000,321200,8000,2470200
CASE-2026-NW-00080,Melaka,Building,Suburban,Leasehold,1141,760,23,2191000,328600,8000,2527600
CASE-2026-NW-00081,Melaka,Building,Suburban,Freehold,2418,769,13,2639000,395800,8000,3042800
CASE-2026-NW-00082,Negeri Sembilan,Agriculture,Urban,Leasehold,19859,8458,34,5087000,763000,8000,5858000
CASE-2026-NW-00083,Johor,Agriculture,Suburban,Leasehold,7769,1626,10,1210000,181500,8000,1399500
CASE-2026-NW-00084,Johor,Agriculture,Urban,Freehold,6454,3358,30,2505000,375800,8000,2888800
CASE-2026-NW-00085,Selangor,Building,Suburban,Leasehold,1623,576,26,2023000,303400,8000,2334400
CASE-2026-NW-00086,Melaka,Agriculture,Suburban,Leasehold,10274,6581,13,3476000,521400,8000,4005400
CASE-2026-NW-00087,Pulau Pinang,Agriculture,Suburban,Leasehold,7436,6253,24,3549000,532400,8000,4089400
CASE-2026-NW-00088,Melaka,Building,Suburban,Freehold,286,77,18,254000,38100,8000,300100
CASE-2026-NW-00089,Selangor,Building,Suburban,Leasehold,1555,479,21,1710000,256500,8000,1974500
CASE-2026-NW-00090,Perak,Building,Suburban,Freehold,272,162,21,379000,56800,8000,443800
CASE-2026-NW-00091,Wilayah Persekutuan Kuala Lumpur,Building,Urban,Malay Reserve,1126,635,10,2947000,442000,8000,3397000
CASE-2026-NW-00092,Selangor,Agriculture,Suburban,Freehold,9480,2060,8,1865000,279800,8000,2152800
CASE-2026-NW-00093,Johor,Industry,Suburban,Freehold,23828,17918,15,44860000,6729000,8000,51597000
CASE-2026-NW-00094,Perak,Industry,Rural,Leasehold,20936,19223,29,27782000,4167300,8000,31957300
CASE-2026-NW-00095,Pahang,Building,Suburban,Leasehold,1731,679,15,1795000,269200,8000,2072200
CASE-2026-NW-00096,Pahang,Building,Urban,Leasehold,1610,1129,5,3276000,491400,8000,3775400
CASE-2026-NW-00097,Pulau Pinang,Building,Suburban,Malay Reserve,1852,1502,34,4490000,673500,8000,5171500
CASE-2026-NW-00098,Johor,Industry,Urban,Leasehold,4400,2681,31,6556000,983400,8000,7547400
CASE-2026-NW-00099,Pahang,Agriculture,Rural,Freehold,18067,11242,6,5031000,754600,8000,5793600
CASE-2026-NW-00100,Pulau Pinang,Building,Rural,Freehold,2276,1399,20,4057000,608600,8000,4673600
CASE-2026-NW-00101,Melaka,Industry,Urban,Freehold,2620,1191,15,3203000,480400,8000,3691400
CASE-2026-NW-00102,Wilayah Persekutuan Kuala Lumpur,Building,Suburban,Freehold,783,628,33,2435000,365200,8000,2808200
CASE-2026-NW-00103,Terengganu,Building,Suburban,Freehold,2092,1844,29,3928000,589200,8000,4525200
CASE-2026-NW-00104,Melaka,Agriculture,Suburban,Freehold,10003,3347,36,1860000,279000,8000,2147000
CASE-2026-NW-00105,Selangor,Building,Suburban,Malay Reserve,2184,713,29,2461000,369200,8000,2838200
CASE-2026-NW-00106,Selangor,Agriculture,Urban,Freehold,2045,1791,11,1343000,201400,8000,1552400
CASE-2026-NW-00107,Perak,Building,Suburban,Freehold,1269,855,9,2157000,323600,8000,2488600
CASE-2026-NW-00108,Pulau Pinang,Building,Urban,Freehold,1190,936,11,3999000,599800,8000,4606800
CASE-2026-NW-00109,Selangor,Agriculture,Urban,Freehold,14355,8033,13,7557000,1133600,8000,8698600
CASE-2026-NW-00110,Melaka,Building,Suburban,Freehold,411,205,38,579000,86800,8000,673800
CASE-2026-NW-00111,Selangor,Agriculture,Rural,Malay Reserve,13418,3784,20,2141000,321200,8000,2470200
CASE-2026-NW-00112,Johor,Industry,Rural,Freehold,17545,14784,9,31513000,4727000,8000,36248000
CASE-2026-NW-00113,Selangor,Industry,Urban,Leasehold,14286,9684,27,26760000,4014000,8000,30782000
CASE-2026-NW-00114,Selangor,Building,Urban,Freehold,349,209,38,919000,137800,8000,1064800
CASE-2026-NW-00115,Johor,Industry,Suburban,Leasehold,7855,2758,3,6901000,1035200,8000,7944200
CASE-2026-NW-00116,Wilayah Persekutuan Putrajaya,Industry,Urban,Leasehold,1988,1438,7,4382000,657300,8000,5047300
CASE-2026-NW-00117,Pulau Pinang,Building,Urban,Freehold,456,169,35,741000,111200,8000,860200
CASE-2026-NW-00118,Kelantan,Agriculture,Suburban,Freehold,3729,2065,6,925000,138800,8000,1071800
CASE-2026-NW-00119,Sarawak,Agriculture,Urban,Leasehold,13999,7706,5,4387000,658000,8000,5053000
CASE-2026-NW-00120,Johor,Agriculture,Urban,Freehold,6233,2678,26,1997000,299600,8000,2304600
CASE-2026-NW-00121,Wilayah Persekutuan Kuala Lumpur,Building,Rural,Leasehold,406,297,33,794000,119100,8000,921100
CASE-2026-NW-00122,Johor,Building,Urban,Leasehold,1778,1101,10,4587000,688000,8000,5283000
CASE-2026-NW-00123,Johor,Agriculture,Urban,Leasehold,5930,2478,1,1656000,248400,8000,1912400
CASE-2026-NW-00124,Pahang,Building,Suburban,Leasehold,418,384,5,1165000,174800,8000,1347800
CASE-2026-NW-00125,Negeri Sembilan,Agriculture,Suburban,Freehold,12869,8094,6,4054000,608100,8000,4670100
CASE-2026-NW-00126,Pulau Pinang,Agriculture,Urban,Freehold,9886,3606,22,3019000,452800,8000,3479800
CASE-2026-NW-00127,Selangor,Agriculture,Suburban,Freehold,5756,3595,4,3026000,453900,8000,3487900
CASE-2026-NW-00128,Selangor,Agriculture,Suburban,Freehold,14645,3328,30,2700000,405000,8000,3113000
CASE-2026-NW-00129,Selangor,Building,Rural,Freehold,2051,659,11,2269000,340400,8000,2617400
CASE-2026-NW-00130,Sabah,Building,Suburban,Freehold,1687,969,38,2558000,383700,8000,2949700
CASE-2026-NW-00131,Johor,Building,Suburban,Freehold,1774,1104,16,3444000,516600,8000,3968600
CASE-2026-NW-00132,Melaka,Agriculture,Suburban,Leasehold,8826,4963,10,2757000,413600,8000,3178600
CASE-2026-NW-00133,Melaka,Agriculture,Urban,Leasehold,6837,5125,17,2694000,404100,8000,3106100
CASE-2026-NW-00134,Selangor,Industry,Suburban,Leasehold,12757,8890,34,20645000,3096800,8000,23749800
CASE-2026-NW-00135,Selangor,Agriculture,Urban,Freehold,17518,3602,6,3419000,512800,8000,3939800
CASE-2026-NW-00136,Selangor,Building,Suburban,Freehold,1893,547,39,2102000,315300,8000,2425300
CASE-2026-NW-00137,Perak,Building,Rural,Leasehold,2872,1116,6,3248000,487200,8000,3743200
CASE-2026-NW-00138,Johor,Agriculture,Urban,Freehold,4805,3320,4,2147000,322000,8000,2477000
CASE-2026-NW-00139,Pulau Pinang,Agriculture,Urban,Freehold,14646,5362,35,4191000,628600,8000,4827600
CASE-2026-NW-00140,Johor,Industry,Rural,Leasehold,10278,6769,27,12801000,1920200,8000,14729200
CASE-2026-NW-00141,Melaka,Building,Suburban,Leasehold,1049,407,23,1268000,190200,8000,1466200
CASE-2026-NW-00142,Perak,Building,Suburban,Leasehold,477,137,9,369000,55400,8000,432400
CASE-2026-NW-00143,Selangor,Industry,Urban,Freehold,1924,570,32,1746000,261900,8000,2015900
CASE-2026-NW-00144,Selangor,Agriculture,Urban,Freehold,13461,8519,24,7094000,1064100,8000,8166100
CASE-2026-NW-00145,Wilayah Persekutuan Kuala Lumpur,Building,Rural,Freehold,1236,797,24,2600000,390000,8000,2998000
CASE-2026-NW-00146,Kedah,Agriculture,Urban,Freehold,17596,11560,29,6338000,950700,8000,7296700
CASE-2026-NW-00147,Johor,Building,Urban,Freehold,201,65,27,230000,34500,8000,272500
CASE-2026-NW-00148,Pulau Pinang,Building,Rural,Freehold,386,225,23,646000,96900,8000,750900
CASE-2026-NW-00149,Kedah,Building,Urban,Malay Reserve,2148,1697,2,5067000,760000,8000,5835000
CASE-2026-NW-00150,Kedah,Building,Urban,Freehold,568,262,25,744000,111600,8000,863600
CASE-2026-NW-00151,Perak,Building,Rural,Freehold,2030,1790,39,2877000,431600,8000,3316600
CASE-2026-NW-00152,Perak,Agriculture,Urban,Leasehold,12107,2849,5,1714000,257100,8000,1979100
CASE-2026-NW-00153,Wilayah Persekutuan Labuan,Building,Rural,Freehold,2110,946,23,2524000,378600,8000,2910600
CASE-2026-NW-00154,Pahang,Building,Suburban,Leasehold,533,138,24,386000,57900,8000,451900
CASE-2026-NW-00155,Selangor,Industry,Suburban,Leasehold,15582,9144,11,27188000,4078200,8000,31274200
CASE-2026-NW-00156,Wilayah Persekutuan Kuala Lumpur,Industry,Urban,Freehold,21625,12539,10,46531000,6979600,8000,53518600
CASE-2026-NW-00157,Pulau Pinang,Agriculture,Urban,Freehold,17223,10003,0,8606000,1290900,8000,9904900
CASE-2026-NW-00158,Pahang,Building,Urban,Freehold,2689,823,30,2261000,339200,8000,2608200
CASE-2026-NW-00159,Selangor,Agriculture,Suburban,Freehold,18365,14147,1,10741000,1611200,8000,12360200
CASE-2026-NW-00160,Selangor,Agriculture,Urban,Freehold,10170,5915,9,5635000,845200,8000,6488200
CASE-2026-NW-00161,Pahang,Building,Suburban,Freehold,2395,1696,25,4149000,622400,8000,4779400
CASE-2026-NW-00162,Melaka,Agriculture,Urban,Freehold,16881,11299,28,7093000,1064000,8000,8165000
CASE-2026-NW-00163,Negeri Sembilan,Agriculture,Urban,Leasehold,18764,4357,32,2861000,429200,8000,3298200
CASE-2026-NW-00164,Perak,Building,Suburban,Leasehold,2644,1276,16,3338000,500700,8000,3846700
CASE-2026-NW-00165,Perak,Building,Urban,Freehold,1223,1154,17,3049000,457400,8000,3514400
CASE-2026-NW-00166,Selangor,Building,Suburban,Leasehold,896,709,32,2454000,368100,8000,2830100
CASE-2026-NW-00167,Terengganu,Agriculture,Urban,Leasehold,11062,6057,18,3015000,452200,8000,3475200
CASE-2026-NW-00168,Selangor,Agriculture,Urban,Leasehold,18964,11563,22,9210000,1381500,8000,10599500
CASE-2026-NW-00169,Sarawak,Building,Suburban,Freehold,1671,1574,22,4269000,640400,8000,4917400
CASE-2026-NW-00170,Melaka,Building,Rural,Freehold,2406,636,22,1755000,263200,8000,2026200
CASE-2026-NW-00171,Selangor,Agriculture,Urban,Freehold,5346,2236,38,1831000,274600,8000,2113600
CASE-2026-NW-00172,Selangor,Agriculture,Suburban,Freehold,13244,6812,35,4873000,731000,8000,5612000
CASE-2026-NW-00173,Selangor,Agriculture,Urban,Freehold,14510,6642,26,5560000,834000,8000,6402000
CASE-2026-NW-00174,Sabah,Building,Suburban,Freehold,2109,1962,39,4891000,733600,8000,5632600
CASE-2026-NW-00175,Johor,Building,Urban,Freehold,1960,1472,31,5048000,757200,8000,5813200
CASE-2026-NW-00176,Wilayah Persekutuan Kuala Lumpur,Agriculture,Urban,Leasehold,17039,8284,9,8035000,1205200,8000,9248200
CASE-2026-NW-00177,Melaka,Agriculture,Suburban,Malay Reserve,5798,3203,9,1888000,283200,8000,2179200
CASE-2026-NW-00178,Kedah,Building,Rural,Leasehold,1883,1138,29,2318000,347700,8000,2673700
CASE-2026-NW-00179,Johor,Agriculture,Urban,Leasehold,11857,4903,37,3238000,485700,8000,3731700
CASE-2026-NW-00180,Perak,Building,Urban,Leasehold,2673,1261,15,3778000,566700,8000,4352700
CASE-2026-NW-00181,Selangor,Building,Urban,Leasehold,1317,688,34,2833000,425000,8000,3266000
CASE-2026-NW-00182,Melaka,Building,Urban,Freehold,2019,794,18,2992000,448800,8000,3448800
CASE-2026-NW-00183,Kedah,Agriculture,Suburban,Leasehold,9534,2879,0,1443000,216400,8000,1667400
CASE-2026-NW-00184,Pulau Pinang,Building,Suburban,Freehold,328,238,5,910000,136500,8000,1054500
CASE-2026-NW-00185,Pulau Pinang,Building,Urban,Leasehold,2217,922,12,3697000,554600,8000,4259600
CASE-2026-NW-00186,Selangor,Agriculture,Urban,Leasehold,6254,4372,39,3463000,519400,8000,3990400
CASE-2026-NW-00187,Johor,Industry,Urban,Freehold,21687,11783,28,33518000,5027700,8000,38553700
CASE-2026-NW-00188,Johor,Industry,Suburban,Freehold,3997,2395,31,5727000,859000,8000,6594000
CASE-2026-NW-00189,Selangor,Agriculture,Urban,Freehold,14625,12784,10,10222000,1533300,8000,11763300
CASE-2026-NW-00190,Johor,Agriculture,Urban,Leasehold,5696,2155,30,1509000,226400,8000,1743400
CASE-2026-NW-00191,Kedah,Building,Urban,Leasehold,2039,1776,4,5101000,765200,8000,5874200
CASE-2026-NW-00192,Wilayah Persekutuan Kuala Lumpur,Agriculture,Suburban,Malay Reserve,6859,5774,24,3805000,570800,8000,4383800
CASE-2026-NW-00193,Negeri Sembilan,Building,Suburban,Freehold,1968,1620,4,5675000,851200,8000,6534200
CASE-2026-NW-00194,Melaka,Agriculture,Urban,Freehold,2989,2439,38,1427000,214000,8000,1649000
CASE-2026-NW-00195,Kedah,Agriculture,Suburban,Leasehold,19908,7497,4,4243000,636400,8000,4887400
CASE-2026-NW-00196,Kedah,Building,Urban,Malay Reserve,617,561,10,1560000,234000,8000,1802000
CASE-2026-NW-00197,Johor,Industry,Suburban,Leasehold,10766,2933,30,6847000,1027000,8000,7882000
CASE-2026-NW-00198,Selangor,Agriculture,Suburban,Freehold,5099,2915,36,1971000,295600,8000,2274600
CASE-2026-NW-00199,Selangor,Building,Urban,Leasehold,252,148,30,593000,89000,8000,690000
CASE-2026-NW-00200,Kedah,Agriculture,Rural,Malay Reserve,11997,2910,14,1103000,165400,8000,1276400
CASE-2026-NW-00201,Perak,Agriculture,Urban,Freehold,18666,12863,19,7056000,1058400,8000,8122400
CASE-2026-NW-00202,Pulau Pinang,Building,Urban,Freehold,1185,448,31,1676000,251400,8000,1935400
CASE-2026-NW-00203,Wilayah Persekutuan Kuala Lumpur,Building,Rural,Leasehold,575,486,18,1514000,227100,8000,1749100
CASE-2026-NW-00204,Kelantan,Building,Suburban,Freehold,1902,1199,8,3136000,470400,8000,3614400
CASE-2026-NW-00205,Pulau Pinang,Building,Suburban,Freehold,2695,1653,19,5889000,883400,8000,6780400
CASE-2026-NW-00206,Perak,Industry,Suburban,Leasehold,2410,1387,4,2851000,427600,8000,3286600
CASE-2026-NW-00207,Terengganu,Building,Urban,Leasehold,327,254,16,755000,113200,8000,876200
CASE-2026-NW-00208,Selangor,Building,Urban,Freehold,1035,666,11,2959000,443800,8000,3410800
CASE-2026-NW-00209,Perak,Agriculture,Urban,Freehold,16943,14652,15,8401000,1260200,8000,9669200
CASE-2026-NW-00210,Selangor,Building,Suburban,Freehold,1661,1357,30,4604000,690600,8000,5302600
CASE-2026-NW-00211,Selangor,Building,Rural,Leasehold,896,367,3,1329000,199400,8000,1536400
CASE-2026-NW-00212,Melaka,Agriculture,Suburban,Freehold,18531,4697,35,2764000,414600,8000,3186600
CASE-2026-NW-00213,Melaka,Agriculture,Urban,Leasehold,4150,1995,14,1294000,194100,8000,1496100
CASE-2026-NW-00214,Perak,Building,Urban,Freehold,1556,651,9,2056000,308400,8000,2372400
CASE-2026-NW-00215,Perak,Building,Urban,Freehold,523,139,37,402000,60300,8000,470300
CASE-2026-NW-00216,Wilayah Persekutuan Kuala Lumpur,Agriculture,Suburban,Freehold,19435,4275,2,3846000,576900,8000,4430900
CASE-2026-NW-00217,Johor,Building,Suburban,Freehold,2105,890,12,3103000,465400,8000,3576400
CASE-2026-NW-00218,Kedah,Agriculture,Rural,Freehold,19220,14809,1,5874000,881100,8000,6763100
CASE-2026-NW-00219,Perak,Agriculture,Urban,Leasehold,3861,2104,3,1109000,166400,8000,1283400
CASE-2026-NW-00220,Johor,Agriculture,Rural,Leasehold,8306,5861,15,2922000,438300,8000,3368300
CASE-2026-NW-00221,Perak,Agriculture,Rural,Freehold,11946,9855,36,3190000,478500,8000,3676500
CASE-2026-NW-00222,Pulau Pinang,Building,Urban,Leasehold,1695,751,10,2997000,449600,8000,3454600
CASE-2026-NW-00223,Selangor,Building,Suburban,Leasehold,1581,776,33,2633000,395000,8000,3036000
CASE-2026-NW-00224,Sarawak,Building,Urban,Freehold,1855,1427,3,5118000,767700,8000,5893700
CASE-2026-NW-00225,Johor,Industry,Urban,Freehold,13951,9846,16,28135000,4220200,8000,32363200
CASE-2026-NW-00226,Selangor,Agriculture,Urban,Freehold,12856,11274,30,8965000,1344800,8000,10317800
CASE-2026-NW-00227,Perlis,Agriculture,Urban,Malay Reserve,12558,10174,2,4493000,674000,8000,5175000
CASE-2026-NW-00228,Pulau Pinang,Agriculture,Suburban,Freehold,3767,2966,38,1869000,280400,8000,2157400
CASE-2026-NW-00229,Pulau Pinang,Building,Urban,Freehold,1445,800,25,3078000,461700,8000,3547700
CASE-2026-NW-00230,Kedah,Agriculture,Urban,Leasehold,8682,4122,3,2425000,363800,8000,2796800
CASE-2026-NW-00231,Selangor,Building,Rural,Leasehold,690,314,38,917000,137600,8000,1062600
CASE-2026-NW-00232,Perlis,Agriculture,Rural,Freehold,15701,9670,5,3373000,506000,8000,3887000
CASE-2026-NW-00233,Melaka,Agriculture,Suburban,Leasehold,18324,13069,14,6210000,931500,8000,7149500
CASE-2026-NW-00234,Wilayah Persekutuan Kuala Lumpur,Building,Urban,Leasehold,594,374,32,1589000,238400,8000,1835400
CASE-2026-NW-00235,Perak,Building,Urban,Freehold,567,495,15,1436000,215400,8000,1659400
CASE-2026-NW-00236,Melaka,Building,Rural,Leasehold,2824,783,26,1825000,273800,8000,2106800
CASE-2026-NW-00237,Pulau Pinang,Building,Urban,Freehold,1127,891,30,3480000,522000,8000,4010000
CASE-2026-NW-00238,Kelantan,Building,Suburban,Freehold,833,496,5,1305000,195800,8000,1508800
CASE-2026-NW-00239,Negeri Sembilan,Building,Urban,Freehold,1206,302,28,1007000,151000,8000,1166000
CASE-2026-NW-00240,Wilayah Persekutuan Kuala Lumpur,Building,Suburban,Leasehold,2788,1287,11,5503000,825400,8000,6336400
CASE-2026-NW-00241,Melaka,Agriculture,Rural,Freehold,4111,1292,3,692000,103800,8000,803800
CASE-2026-NW-00242,Pulau Pinang,Agriculture,Suburban,Leasehold,14391,4296,5,3605000,540800,8000,4153800
CASE-2026-NW-00243,Wilayah Persekutuan Kuala Lumpur,Building,Suburban,Freehold,1408,791,25,3196000,479400,8000,3683400
CASE-2026-NW-00244,Kelantan,Building,Urban,Leasehold,1252,427,14,1195000,179200,8000,1382200
CASE-2026-NW-00245,Wilayah Persekutuan Kuala Lumpur,Building,Suburban,Freehold,1073,288,3,1338000,200700,8000,1546700
CASE-2026-NW-00246,Melaka,Agriculture,Suburban,Leasehold,6969,4595,20,2368000,355200,8000,2731200
CASE-2026-NW-00247,Pulau Pinang,Building,Rural,Freehold,1343,955,1,3451000,517600,8000,3976600
CASE-2026-NW-00248,Pulau Pinang,Building,Rural,Leasehold,2252,579,27,1670000,250500,8000,1928500
CASE-2026-NW-00249,Johor,Agriculture,Rural,Leasehold,18268,4609,33,2083000,312400,8000,2403400
CASE-2026-NW-00250,Melaka,Building,Suburban,Leasehold,2408,626,4,2136000,320400,8000,2464400
CASE-2026-NW-00251,Johor,Agriculture,Urban,Leasehold,4937,4266,13,2718000,407700,8000,3133700
CASE-2026-NW-00252,Wilayah Persekutuan Kuala Lumpur,Agriculture,Suburban,Leasehold,9795,8368,13,6127000,919000,8000,7054000
CASE-2026-NW-00253,Sarawak,Building,Suburban,Freehold,1553,422,4,1232000,184800,8000,1424800
CASE-2026-NW-00254,Pulau Pinang,Building,Urban,Freehold,2918,1328,38,5525000,828800,8000,6361800
CASE-2026-NW-00255,Wilayah Persekutuan Kuala Lumpur,Agriculture,Suburban,Freehold,8372,3381,27,2938000,440700,8000,3386700
CASE-2026-NW-00256,Pulau Pinang,Agriculture,Suburban,Freehold,6089,5206,9,3403000,510400,8000,3921400
CASE-2026-NW-00257,Sarawak,Agriculture,Suburban,Freehold,4868,1329,10,792000,118800,8000,918800
CASE-2026-NW-00258,Johor,Industry,Suburban,Leasehold,11199,5867,7,17092000,2563800,8000,19663800
CASE-2026-NW-00259,Kelantan,Agriculture,Suburban,Freehold,16740,4312,34,2068000,310200,8000,2386200
CASE-2026-NW-00260,Terengganu,Agriculture,Urban,Freehold,17762,14739,33,7239000,1085800,8000,8332800
CASE-2026-NW-00261,Selangor,Building,Suburban,Freehold,1923,788,29,3121000,468200,8000,3597200
CASE-2026-NW-00262,Kelantan,Agriculture,Urban,Leasehold,3116,1151,39,535000,80200,8000,623200
CASE-2026-NW-00263,Wilayah Persekutuan Kuala Lumpur,Agriculture,Suburban,Leasehold,6894,2698,35,2055000,308200,8000,2371200
CASE-2026-NW-00264,Selangor,Agriculture,Rural,Malay Reserve,7236,3160,17,1868000,280200,8000,2156200
CASE-2026-NW-00265,Pulau Pinang,Agriculture,Suburban,Freehold,14463,5293,1,3968000,595200,8000,4571200
CASE-2026-NW-00266,Pulau Pinang,Industry,Urban,Leasehold,7633,2392,13,7487000,1123000,8000,8618000
CASE-2026-NW-00267,Wilayah Persekutuan Kuala Lumpur,Building,Rural,Freehold,826,331,25,1055000,158200,8000,1221200
CASE-2026-NW-00268,Perlis,Agriculture,Suburban,Leasehold,8856,4357,8,1903000,285400,8000,2196400
CASE-2026-NW-00269,Selangor,Building,Rural,Freehold,2684,1058,35,3070000,460500,8000,3538500
CASE-2026-NW-00270,Selangor,Agriculture,Suburban,Freehold,18648,3784,36,3172000,475800,8000,3655800
CASE-2026-NW-00271,Perak,Building,Urban,Freehold,1609,1310,6,4181000,627200,8000,4816200
CASE-2026-NW-00272,Wilayah Persekutuan Kuala Lumpur,Building,Urban,Leasehold,1122,766,39,3256000,488400,8000,3752400
CASE-2026-NW-00273,Pulau Pinang,Agriculture,Urban,Freehold,2804,1378,8,1225000,183800,8000,1416800
CASE-2026-NW-00274,Selangor,Agriculture,Suburban,Freehold,14102,10450,34,7886000,1182900,8000,9076900
CASE-2026-NW-00275,Kedah,Agriculture,Urban,Leasehold,7038,5455,16,2761000,414200,8000,3183200
CASE-2026-NW-00276,Perak,Agriculture,Rural,Malay Reserve,2039,889,29,345000,51800,8000,404800
CASE-2026-NW-00277,Wilayah Persekutuan Putrajaya,Industry,Urban,Freehold,20362,11731,19,37679000,5651800,8000,43338800
CASE-2026-NW-00278,Wilayah Persekutuan Kuala Lumpur,Agriculture,Rural,Leasehold,13867,7947,5,5309000,796400,8000,6113400
CASE-2026-NW-00279,Kedah,Building,Urban,Freehold,2001,760,36,2183000,327400,8000,2518400
CASE-2026-NW-00280,Selangor,Agriculture,Rural,Leasehold,5685,2918,26,1516000,227400,8000,1751400
CASE-2026-NW-00281,Pulau Pinang,Building,Suburban,Leasehold,1303,544,27,2045000,306800,8000,2359800
CASE-2026-NW-00282,Johor,Industry,Urban,Leasehold,20327,17971,30,44941000,6741200,8000,51690200
CASE-2026-NW-00283,Pahang,Agriculture,Suburban,Freehold,12499,6862,14,3485000,522800,8000,4015800
CASE-2026-NW-00284,Sabah,Building,Suburban,Freehold,2631,920,16,2888000,433200,8000,3329200
CASE-2026-NW-00285,Wilayah Persekutuan Kuala Lumpur,Agriculture,Suburban,Leasehold,8001,3190,28,2223000,333400,8000,2564400
CASE-2026-NW-00286,Selangor,Industry,Urban,Freehold,20173,16358,23,53649000,8047400,8000,61704400
CASE-2026-NW-00287,Sarawak,Building,Suburban,Malay Reserve,1702,1415,16,3521000,528200,8000,4057200
CASE-2026-NW-00288,Selangor,Industry,Suburban,Leasehold,9587,7208,8,18719000,2807800,8000,21534800
CASE-2026-NW-00289,Selangor,Agriculture,Urban,Freehold,5927,4063,36,3254000,488100,8000,3750100
CASE-2026-NW-00290,Negeri Sembilan,Building,Urban,Leasehold,2903,1528,31,4892000,733800,8000,5633800
CASE-2026-NW-00291,Selangor,Building,Urban,Malay Reserve,510,262,2,1156000,173400,8000,1337400
CASE-2026-NW-00292,Kelantan,Agriculture,Suburban,Freehold,10575,2465,2,1303000,195400,8000,1506400
CASE-2026-NW-00293,Perak,Industry,Suburban,Freehold,23584,19588,22,36437000,5465600,8000,41910600
CASE-2026-NW-00294,Pulau Pinang,Agriculture,Suburban,Freehold,3941,2499,23,1711000,256600,8000,1975600
CASE-2026-NW-00295,Wilayah Persekutuan Kuala Lumpur,Agriculture,Urban,Freehold,6891,3935,21,3882000,582300,8000,4472300
CASE-2026-NW-00296,Sabah,Agriculture,Rural,Freehold,19459,15579,10,6836000,1025400,8000,7869400
CASE-2026-NW-00297,Melaka,Building,Suburban,Freehold,604,288,6,998000,149700,8000,1155700
CASE-2026-NW-00298,Wilayah Persekutuan Kuala Lumpur,Building,Rural,Freehold,1118,766,18,2465000,369800,8000,2842800
CASE-2026-NW-00299,Terengganu,Industry,Suburban,Freehold,16252,12228,6,25942000,3891300,8000,29841300
CASE-2026-NW-00300,Johor,Agriculture,Urban,Freehold,18638,15186,8,10391000,1558600,8000,11957600
CASE-2026-NW-00301,Selangor,Building,Urban,Freehold,1072,789,14,3298000,494700,8000,3800700
CASE-2026-NW-00302,Terengganu,Building,Suburban,Freehold,681,317,34,917000,137600,8000,1062600
CASE-2026-NW-00303,Wilayah Persekutuan Kuala Lumpur,Agriculture,Rural,Freehold,2773,1589,31,940000,141000,8000,1089000
CASE-2026-NW-00304,Johor,Industry,Suburban,Leasehold,17597,9248,11,22776000,3416400,8000,26200400
CASE-2026-NW-00305,Wilayah Persekutuan Kuala Lumpur,Industry,Suburban,Freehold,1693,1373,20,4036000,605400,8000,4649400
CASE-2026-NW-00306,Pulau Pinang,Agriculture,Suburban,Freehold,13595,6071,4,4321000,648200,8000,4977200
CASE-2026-NW-00307,Selangor,Industry,Urban,Freehold,17180,12026,31,34664000,5199600,8000,39871600
CASE-2026-NW-00308,Selangor,Industry,Suburban,Freehold,10647,3890,1,11400000,1710000,8000,13118000
CASE-2026-NW-00309,Selangor,Building,Urban,Freehold,2401,678,14,3429000,514400,8000,3951400
CASE-2026-NW-00310,Negeri Sembilan,Building,Urban,Leasehold,1245,1120,28,3168000,475200,8000,3651200
CASE-2026-NW-00311,Johor,Agriculture,Rural,Freehold,12519,3587,0,2062000,309300,8000,2379300
CASE-2026-NW-00312,Selangor,Building,Suburban,Freehold,907,459,24,1806000,270900,8000,2084900
CASE-2026-NW-00313,Johor,Building,Urban,Freehold,897,518,35,1750000,262500,8000,2020500
CASE-2026-NW-00314,Kedah,Building,Suburban,Freehold,1460,1131,28,2950000,442500,8000,3400500
CASE-2026-NW-00315,Pahang,Building,Rural,Malay Reserve,2066,1318,26,2564000,384600,8000,2956600
CASE-2026-NW-00316,Selangor,Agriculture,Urban,Freehold,17092,12425,35,10804000,1620600,8000,12432600
CASE-2026-NW-00317,Wilayah Persekutuan Kuala Lumpur,Agriculture,Rural,Leasehold,19230,14639,38,8465000,1269800,8000,9742800
CASE-2026-NW-00318,Pulau Pinang,Agriculture,Suburban,Freehold,11176,4705,5,3660000,549000,8000,4217000
CASE-2026-NW-00319,Selangor,Building,Urban,Freehold,2383,1113,26,4908000,736200,8000,5652200
CASE-2026-NW-00320,Perak,Building,Suburban,Freehold,1207,853,12,2498000,374700,8000,2880700
CASE-2026-NW-00321,Johor,Building,Suburban,Freehold,1061,805,32,2305000,345800,8000,2658800
CASE-2026-NW-00322,Selangor,Building,Rural,Leasehold,2488,2218,15,7197000,1079600,8000,8284600
CASE-2026-NW-00323,Kedah,Building,Urban,Freehold,2947,2648,26,7781000,1167200,8000,8956200
CASE-2026-NW-00324,Pulau Pinang,Agriculture,Urban,Leasehold,8028,2890,21,2396000,359400,8000,2763400
CASE-2026-NW-00325,Johor,Agriculture,Suburban,Freehold,7473,4908,23,2711000,406600,8000,3125600
CASE-2026-NW-00326,Melaka,Building,Urban,Leasehold,2224,749,35,2419000,362800,8000,2789800
CASE-2026-NW-00327,Selangor,Agriculture,Rural,Leasehold,13093,3863,19,2293000,344000,8000,2645000
CASE-2026-NW-00328,Wilayah Persekutuan Kuala Lumpur,Agriculture,Suburban,Freehold,12566,10175,26,7123000,1068400,8000,8199400
CASE-2026-NW-00329,Johor,Building,Urban,Freehold,1926,1088,16,4018000,602700,8000,4628700
CASE-2026-NW-00330,Pulau Pinang,Building,Rural,Leasehold,2881,742,31,2168000,325200,8000,2501200
CASE-2026-NW-00331,Perak,Agriculture,Urban,Leasehold,3647,1132,30,626000,93900,8000,727900
CASE-2026-NW-00332,Terengganu,Agriculture,Urban,Leasehold,11853,10504,31,4583000,687400,8000,5278400
CASE-2026-NW-00333,Wilayah Persekutuan Kuala Lumpur,Agriculture,Suburban,Leasehold,11490,9956,2,6580000,987000,8000,7575000
CASE-2026-NW-00334,Johor,Agriculture,Suburban,Freehold,16094,11983,9,7064000,1059600,8000,8131600
CASE-2026-NW-00335,Kedah,Building,Suburban,Freehold,2667,1499,9,4803000,720400,8000,5531400
CASE-2026-NW-00336,Wilayah Persekutuan Kuala Lumpur,Agriculture,Suburban,Malay Reserve,2156,1363,6,1061000,159200,8000,1228200
CASE-2026-NW-00337,Pulau Pinang,Building,Urban,Freehold,2206,885,15,4035000,605200,8000,4648200
CASE-2026-NW-00338,Melaka,Agriculture,Urban,Leasehold,9268,2897,31,1986000,297900,8000,2291900
CASE-2026-NW-00339,Pulau Pinang,Agriculture,Suburban,Freehold,17192,4215,35,3141000,471200,8000,3620200
CASE-2026-NW-00340,Wilayah Persekutuan Kuala Lumpur,Building,Suburban,Freehold,1820,1197,39,4334000,650100,8000,4992100
CASE-2026-NW-00341,Wilayah Persekutuan Kuala Lumpur,Agriculture,Suburban,Freehold,11596,9500,3,7948000,1192200,8000,9148200
CASE-2026-NW-00342,Melaka,Agriculture,Suburban,Freehold,16481,4349,22,2498000,374700,8000,2880700
CASE-2026-NW-00343,Wilayah Persekutuan Labuan,Agriculture,Suburban,Leasehold,18798,4253,29,2134000,320100,8000,2462100
CASE-2026-NW-00344,Pahang,Agriculture,Rural,Leasehold,4635,1720,22,651000,97600,8000,756600
CASE-2026-NW-00345,Pulau Pinang,Agriculture,Suburban,Malay Reserve,11280,7411,11,4448000,667200,8000,5123200
CASE-2026-NW-00346,Terengganu,Building,Urban,Leasehold,2059,1397,18,3636000,545400,8000,4189400
CASE-2026-NW-00347,Wilayah Persekutuan Putrajaya,Agriculture,Urban,Malay Reserve,12763,4476,28,3459000,518800,8000,3985800
CASE-2026-NW-00348,Selangor,Building,Suburban,Freehold,2673,1296,36,4715000,707200,8000,5430200
CASE-2026-NW-00349,Johor,Building,Urban,Freehold,2520,2062,1,7389000,1108400,8000,8505400
CASE-2026-NW-00350,Sarawak,Agriculture,Urban,Leasehold,6018,2913,19,1827000,274000,8000,2109000
CASE-2026-NW-00351,Johor,Agriculture,Suburban,Leasehold,17406,9866,14,5730000,859500,8000,6597500
CASE-2026-NW-00352,Selangor,Agriculture,Suburban,Malay Reserve,12395,10741,14,6348000,952200,8000,7308200
CASE-2026-NW-00353,Pahang,Agriculture,Suburban,Freehold,13650,4728,14,2217000,332600,8000,2557600
CASE-2026-NW-00354,Pulau Pinang,Agriculture,Suburban,Freehold,12364,6344,32,4350000,652500,8000,5010500
CASE-2026-NW-00355,Selangor,Agriculture,Suburban,Freehold,12335,3831,38,2857000,428600,8000,3293600
CASE-2026-NW-00356,Selangor,Building,Urban,Freehold,2568,1766,34,7304000,1095600,8000,8407600
CASE-2026-NW-00357,Selangor,Agriculture,Urban,Freehold,11209,4309,15,3957000,593600,8000,4558600
CASE-2026-NW-00358,Negeri Sembilan,Building,Rural,Leasehold,870,550,18,1294000,194100,8000,1496100
CASE-2026-NW-00359,Melaka,Agriculture,Rural,Freehold,12342,5426,19,2723000,408400,8000,3139400
CASE-2026-NW-00360,Selangor,Building,Rural,Freehold,708,363,25,1127000,169000,8000,1304000
CASE-2026-NW-00361,Melaka,Building,Urban,Freehold,1892,480,16,1728000,259200,8000,1995200
CASE-2026-NW-00362,Melaka,Agriculture,Suburban,Freehold,3094,873,3,563000,84400,8000,655400
CASE-2026-NW-00363,Sabah,Building,Suburban,Leasehold,1340,927,20,2419000,362800,8000,2789800
CASE-2026-NW-00364,Perak,Building,Suburban,Malay Reserve,1088,290,13,894000,134100,8000,1036100
CASE-2026-NW-00365,Selangor,Building,Rural,Malay Reserve,2358,626,32,1668000,250200,8000,1926200
CASE-2026-NW-00366,Melaka,Agriculture,Suburban,Freehold,12398,9035,38,4172000,625800,8000,4805800
CASE-2026-NW-00367,Selangor,Building,Urban,Freehold,1430,524,13,2712000,406800,8000,3126800
CASE-2026-NW-00368,Selangor,Building,Urban,Freehold,2350,1912,9,8425000,1263800,8000,9696800
CASE-2026-NW-00369,Selangor,Building,Rural,Freehold,1053,305,32,954000,143100,8000,1105100
CASE-2026-NW-00370,Selangor,Agriculture,Suburban,Freehold,2638,726,36,546000,81900,8000,635900
CASE-2026-NW-00371,Selangor,Building,Urban,Freehold,1109,400,30,1793000,269000,8000,2070000
CASE-2026-NW-00372,Pulau Pinang,Building,Suburban,Freehold,2124,1832,27,6512000,976800,8000,7496800
CASE-2026-NW-00373,Wilayah Persekutuan Kuala Lumpur,Building,Suburban,Malay Reserve,2028,649,4,2800000,420000,8000,3228000
CASE-2026-NW-00374,Wilayah Persekutuan Kuala Lumpur,Building,Urban,Freehold,2137,793,34,4075000,611200,8000,4694200
CASE-2026-NW-00375,Pulau Pinang,Agriculture,Urban,Freehold,16650,14201,3,10567000,1585000,8000,12160000
CASE-2026-NW-00376,Johor,Building,Suburban,Malay Reserve,2197,1916,13,5586000,837900,8000,6431900
CASE-2026-NW-00377,Selangor,Building,Suburban,Leasehold,1416,888,35,2629000,394400,8000,3031400
CASE-2026-NW-00378,Pulau Pinang,Agriculture,Rural,Leasehold,16772,10796,26,5198000,779700,8000,5985700
CASE-2026-NW-00379,Kelantan,Agriculture,Urban,Malay Reserve,15797,8438,28,3903000,585400,8000,4496400
CASE-2026-NW-00380,Pulau Pinang,Building,Suburban,Freehold,1936,1493,31,4770000,715500,8000,5493500
CASE-2026-NW-00381,Pulau Pinang,Building,Suburban,Freehold,1369,928,25,3344000,501600,8000,3853600
CASE-2026-NW-00382,Johor,Building,Urban,Malay Reserve,941,885,18,2581000,387200,8000,2976200
CASE-2026-NW-00383,Johor,Agriculture,Suburban,Freehold,16189,11654,31,6127000,919000,8000,7054000
CASE-2026-NW-00384,Melaka,Agriculture,Suburban,Leasehold,4250,1426,38,795000,119200,8000,922200
CASE-2026-NW-00385,Sabah,Building,Urban,Malay Reserve,2682,2235,24,5984000,897600,8000,6889600
CASE-2026-NW-00386,Selangor,Agriculture,Urban,Freehold,5955,4961,4,4482000,672300,8000,5162300
CASE-2026-NW-00387,Selangor,Agriculture,Urban,Freehold,15186,5591,0,4751000,712600,8000,5471600
CASE-2026-NW-00388,Selangor,Building,Suburban,Malay Reserve,1972,1724,22,5623000,843400,8000,6474400
CASE-2026-NW-00389,Kelantan,Industry,Urban,Freehold,2092,1278,5,2588000,388200,8000,2984200
CASE-2026-NW-00390,Wilayah Persekutuan Kuala Lumpur,Building,Urban,Leasehold,1652,977,1,4584000,687600,8000,5279600
CASE-2026-NW-00391,Perlis,Building,Rural,Leasehold,170,139,27,303000,45400,8000,356400
CASE-2026-NW-00392,Johor,Building,Rural,Freehold,701,292,7,904000,135600,8000,1047600
CASE-2026-NW-00393,Terengganu,Agriculture,Suburban,Freehold,16324,12958,29,5242000,786300,8000,6036300
CASE-2026-NW-00394,Sarawak,Building,Suburban,Freehold,2799,2407,9,7251000,1087600,8000,8346600
CASE-2026-NW-00395,Selangor,Industry,Suburban,Malay Reserve,14295,8609,31,20852000,3127800,8000,23987800
CASE-2026-NW-00396,Melaka,Building,Suburban,Malay Reserve,2268,1378,33,3298000,494700,8000,3800700
CASE-2026-NW-00397,Selangor,Agriculture,Rural,Malay Reserve,19549,17471,3,9280000,1392000,8000,10680000
CASE-2026-NW-00398,Selangor,Industry,Urban,Leasehold,11743,6331,15,19159000,2873800,8000,22040800
CASE-2026-NW-00399,Johor,Agriculture,Suburban,Leasehold,10692,6192,35,3562000,534300,8000,4104300
CASE-2026-NW-00400,Melaka,Agriculture,Suburban,Leasehold,17040,9784,36,4800000,720000,8000,5528000
CASE-2026-NW-00401,Sabah,Building,Rural,Freehold,511,388,11,951000,142600,8000,1101600
CASE-2026-NW-00402,Selangor,Agriculture,Suburban,Leasehold,17677,13261,0,9070000,1360500,8000,10438500
CASE-2026-NW-00403,Selangor,Building,Urban,Malay Reserve,349,167,3,719000,107800,8000,834800
CASE-2026-NW-00404,Sabah,Building,Urban,Leasehold,1436,1064,19,3382000,507300,8000,3897300
CASE-2026-NW-00405,Johor,Agriculture,Rural,Freehold,9359,5532,29,2601000,390200,8000,2999200
CASE-2026-NW-00406,Selangor,Industry,Urban,Leasehold,12693,8150,27,24604000,3690600,8000,28302600
CASE-2026-NW-00407,Kedah,Agriculture,Rural,Freehold,10854,9066,19,3091000,463600,8000,3562600
CASE-2026-NW-00408,Selangor,Building,Suburban,Malay Reserve,292,227,23,727000,109000,8000,844000
CASE-2026-NW-00409,Selangor,Building,Urban,Freehold,500,306,22,1205000,180800,8000,1393800
CASE-2026-NW-00410,Negeri Sembilan,Agriculture,Urban,Freehold,14464,4700,15,3239000,485800,8000,3732800
CASE-2026-NW-00411,Selangor,Building,Suburban,Malay Reserve,1250,629,18,2228000,334200,8000,2570200
CASE-2026-NW-00412,Pulau Pinang,Building,Suburban,Leasehold,2059,1948,39,5284000,792600,8000,6084600
CASE-2026-NW-00413,Melaka,Industry,Urban,Leasehold,11016,8318,26,19584000,2937600,8000,22529600
CASE-2026-NW-00414,Selangor,Building,Urban,Freehold,186,79,17,344000,51600,8000,403600
CASE-2026-NW-00415,Selangor,Building,Urban,Freehold,1091,993,17,3935000,590200,8000,4533200
CASE-2026-NW-00416,Selangor,Agriculture,Urban,Leasehold,10350,7993,0,6495000,974200,8000,7477200
CASE-2026-NW-00417,Perak,Building,Urban,Freehold,2174,1421,38,3566000,534900,8000,4108900
CASE-2026-NW-00418,Selangor,Agriculture,Urban,Freehold,8443,2433,25,2260000,339000,8000,2607000
CASE-2026-NW-00419,Selangor,Industry,Urban,Freehold,20500,18718,16,61157000,9173600,8000,70338600
CASE-2026-NW-00420,Terengganu,Agriculture,Suburban,Leasehold,6088,5377,33,2145000,321800,8000,2474800
CASE-2026-NW-00421,Wilayah Persekutuan Kuala Lumpur,Building,Urban,Leasehold,1446,424,32,1988000,298200,8000,2294200
CASE-2026-NW-00422,Negeri Sembilan,Agriculture,Rural,Freehold,10332,4579,21,1946000,291900,8000,2245900
CASE-2026-NW-00423,Melaka,Agriculture,Rural,Leasehold,17672,7930,13,3604000,540600,8000,4152600
CASE-2026-NW-00424,Kelantan,Agriculture,Urban,Freehold,18289,9811,34,4631000,694600,8000,5333600
CASE-2026-NW-00425,Selangor,Building,Urban,Malay Reserve,2926,1798,39,6794000,1019100,8000,7821100
CASE-2026-NW-00426,Selangor,Agriculture,Urban,Leasehold,17163,11983,7,10389000,1558400,8000,11955400
CASE-2026-NW-00427,Wilayah Persekutuan Labuan,Building,Urban,Freehold,403,138,36,441000,66200,8000,515200
CASE-2026-NW-00428,Selangor,Agriculture,Rural,Freehold,16765,4545,37,3090000,463500,8000,3561500
CASE-2026-NW-00429,Selangor,Agriculture,Urban,Freehold,16525,13628,38,11189000,1678400,8000,12875400
CASE-2026-NW-00430,Kedah,Agriculture,Suburban,Malay Reserve,10425,8984,4,3754000,563100,8000,4325100
CASE-2026-NW-00431,Terengganu,Industry,Urban,Freehold,18872,7419,32,16378000,2456700,8000,18842700
CASE-2026-NW-00432,Negeri Sembilan,Agriculture,Urban,Leasehold,16115,7170,21,4558000,683700,8000,5249700
CASE-2026-NW-00433,Pulau Pinang,Agriculture,Suburban,Freehold,8931,5936,11,3831000,574600,8000,4413600
CASE-2026-NW-00434,Pahang,Building,Urban,Freehold,2312,781,22,2197000,329600,8000,2534600
CASE-2026-NW-00435,Selangor,Building,Urban,Malay Reserve,540,316,21,1297000,194600,8000,1499600
CASE-2026-NW-00436,Pulau Pinang,Building,Urban,Leasehold,2038,1536,25,6103000,915400,8000,7026400
CASE-2026-NW-00437,Kedah,Agriculture,Suburban,Leasehold,19390,14375,15,6591000,988600,8000,7587600
CASE-2026-NW-00438,Kedah,Building,Suburban,Leasehold,2214,1106,18,3034000,455100,8000,3497100
CASE-2026-NW-00439,Kelantan,Building,Suburban,Leasehold,1739,1624,3,4501000,675200,8000,5184200
CASE-2026-NW-00440,Wilayah Persekutuan Labuan,Building,Urban,Freehold,331,231,27,732000,109800,8000,849800
CASE-2026-NW-00441,Pulau Pinang,Agriculture,Suburban,Freehold,19465,9448,32,6663000,999400,8000,7670400
CASE-2026-NW-00442,Pulau Pinang,Building,Suburban,Leasehold,2102,928,2,3685000,552800,8000,4245800
CASE-2026-NW-00443,Kedah,Building,Urban,Leasehold,1337,909,16,2463000,369400,8000,2840400
CASE-2026-NW-00444,Selangor,Building,Urban,Freehold,476,170,24,771000,115600,8000,894600
CASE-2026-NW-00445,Selangor,Building,Rural,Freehold,2332,913,38,2962000,444300,8000,3414300
CASE-2026-NW-00446,Perak,Agriculture,Urban,Leasehold,16398,13085,20,6028000,904200,8000,6940200
CASE-2026-NW-00447,Pahang,Building,Rural,Freehold,161,98,13,219000,32800,8000,259800
CASE-2026-NW-00448,Kedah,Building,Suburban,Leasehold,1002,267,18,791000,118600,8000,917600
CASE-2026-NW-00449,Johor,Agriculture,Suburban,Freehold,19089,16989,36,9148000,1372200,8000,10528200
CASE-2026-NW-00450,Wilayah Persekutuan Kuala Lumpur,Building,Suburban,Freehold,2279,1381,36,5915000,887200,8000,6810200
CASE-2026-NW-00451,Kelantan,Agriculture,Urban,Freehold,3046,847,38,459000,68800,8000,535800
CASE-2026-NW-00452,Johor,Building,Rural,Leasehold,711,244,25,644000,96600,8000,748600
CASE-2026-NW-00453,Sarawak,Agriculture,Suburban,Freehold,4959,2703,31,1392000,208800,8000,1608800
CASE-2026-NW-00454,Pahang,Agriculture,Urban,Freehold,16123,6178,25,3769000,565400,8000,4342400
CASE-2026-NW-00455,Perak,Building,Suburban,Freehold,270,67,18,180000,27000,8000,215000
CASE-2026-NW-00456,Selangor,Building,Suburban,Freehold,862,382,5,1566000,234900,8000,1808900
CASE-2026-NW-00457,Wilayah Persekutuan Kuala Lumpur,Building,Suburban,Freehold,2163,1979,16,8033000,1205000,8000,9246000
CASE-2026-NW-00458,Pahang,Building,Suburban,Leasehold,850,593,10,1556000,233400,8000,1797400
CASE-2026-NW-00459,Negeri Sembilan,Building,Suburban,Leasehold,1041,376,23,1009000,151400,8000,1168400
CASE-2026-NW-00460,Pulau Pinang,Agriculture,Rural,Freehold,13202,10797,35,5352000,802800,8000,6162800
CASE-2026-NW-00461,Kelantan,Agriculture,Urban,Freehold,9292,6957,23,3931000,589600,8000,4528600
CASE-2026-NW-00462,Melaka,Building,Suburban,Freehold,1822,1242,35,3209000,481400,8000,3698400
CASE-2026-NW-00463,Sarawak,Building,Rural,Leasehold,1131,626,10,1535000,230200,8000,1773200
CASE-2026-NW-00464,Kelantan,Building,Urban,Freehold,696,629,30,1478000,221700,8000,1707700
CASE-2026-NW-00465,Kelantan,Agriculture,Rural,Leasehold,15587,10515,30,3756000,563400,8000,4327400
CASE-2026-NW-00466,Wilayah Persekutuan Kuala Lumpur,Agriculture,Suburban,Freehold,19767,6335,35,5408000,811200,8000,6227200
CASE-2026-NW-00467,Selangor,Building,Suburban,Malay Reserve,655,273,8,1019000,152800,8000,1179800
CASE-2026-NW-00468,Pulau Pinang,Agriculture,Rural,Freehold,12932,2914,27,1626000,243900,8000,1877900
CASE-2026-NW-00469,Pulau Pinang,Building,Urban,Freehold,430,148,18,662000,99300,8000,769300
CASE-2026-NW-00470,Wilayah Persekutuan Labuan,Building,Suburban,Leasehold,1854,891,32,2312000,346800,8000,2666800
CASE-2026-NW-00471,Wilayah Persekutuan Kuala Lumpur,Building,Suburban,Leasehold,884,510,6,2339000,350800,8000,2697800
CASE-2026-NW-00472,Johor,Building,Rural,Leasehold,1368,1242,13,3278000,491700,8000,3777700
CASE-2026-NW-00473,Kedah,Building,Urban,Freehold,870,583,34,1530000,229500,8000,1767500
CASE-2026-NW-00474,Pulau Pinang,Agriculture,Urban,Freehold,16672,10193,22,7826000,1173900,8000,9007900
CASE-2026-NW-00475,Wilayah Persekutuan Kuala Lumpur,Building,Urban,Leasehold,1905,895,8,3901000,585200,8000,4494200
CASE-2026-NW-00476,Kedah,Agriculture,Suburban,Leasehold,10489,2961,24,1501000,225200,8000,1734200
CASE-2026-NW-00477,Terengganu,Building,Suburban,Leasehold,1083,914,13,2246000,336900,8000,2590900
CASE-2026-NW-00478,Sabah,Building,Urban,Freehold,2156,704,32,2078000,311700,8000,2397700
CASE-2026-NW-00479,Johor,Agriculture,Suburban,Freehold,16455,5026,8,3401000,510200,8000,3919200
CASE-2026-NW-00480,Wilayah Persekutuan Kuala Lumpur,Agriculture,Rural,Leasehold,2455,1344,5,882000,132300,8000,1022300
CASE-2026-NW-00481,Negeri Sembilan,Industry,Urban,Freehold,21944,5832,17,15671000,2350600,8000,18029600
CASE-2026-NW-00482,Pahang,Agriculture,Suburban,Malay Reserve,6590,2418,13,1018000,152700,8000,1178700
CASE-2026-NW-00483,Terengganu,Building,Rural,Freehold,2924,2368,26,5321000,798200,8000,6127200
CASE-2026-NW-00484,Terengganu,Building,Suburban,Malay Reserve,1231,619,9,1552000,232800,8000,1792800
CASE-2026-NW-00485,Selangor,Building,Urban,Freehold,778,685,34,2561000,384200,8000,2953200
CASE-2026-NW-00486,Selangor,Building,Rural,Freehold,1477,505,28,1517000,227600,8000,1752600
CASE-2026-NW-00487,Pulau Pinang,Industry,Suburban,Freehold,10973,5406,34,14460000,2169000,8000,16637000
CASE-2026-NW-00488,Pulau Pinang,Agriculture,Urban,Freehold,7732,5822,22,4753000,713000,8000,5474000
CASE-2026-NW-00489,Perak,Agriculture,Rural,Leasehold,10696,5102,13,1877000,281600,8000,2166600
CASE-2026-NW-00490,Selangor,Agriculture,Suburban,Leasehold,14620,10209,1,7871000,1180600,8000,9059600
CASE-2026-NW-00491,Selangor,Agriculture,Suburban,Leasehold,4211,1143,34,871000,130600,8000,1009600
CASE-2026-NW-00492,Wilayah Persekutuan Labuan,Agriculture,Suburban,Malay Reserve,6665,3522,31,1523000,228400,8000,1759400
CASE-2026-NW-00493,Pahang,Industry,Urban,Leasehold,16591,4263,24,9770000,1465500,8000,11243500
CASE-2026-NW-00494,Kedah,Industry,Urban,Freehold,16884,5507,32,12914000,1937100,8000,14859100
CASE-2026-NW-00495,Wilayah Persekutuan Kuala Lumpur,Agriculture,Urban,Freehold,19757,12609,29,11293000,1694000,8000,12995000
CASE-2026-NW-00496,Wilayah Persekutuan Kuala Lumpur,Agriculture,Suburban,Freehold,5812,4426,29,3281000,492200,8000,3781200
CASE-2026-NW-00497,Negeri Sembilan,Building,Urban,Leasehold,1961,728,24,2354000,353100,8000,2715100
CASE-2026-NW-00498,Pulau Pinang,Agriculture,Suburban,Leasehold,7196,4618,29,3090000,463500,8000,3561500
CASE-2026-NW-00499,Selangor,Building,Suburban,Leasehold,1807,1348,2,4998000,749700,8000,5755700
CASE-2026-NW-00500,Sabah,Building,Suburban,Freehold,254,141,15,407000,61000,8000,476000
CASE-2026-NW-00501,Johor,Building,Urban,Freehold,715,462,6,1985000,297800,8000,2290800
CASE-2026-NW-00502,Perak,Building,Rural,Freehold,1939,1764,15,4210000,631500,8000,4849500
CASE-2026-NW-00503,Selangor,Building,Suburban,Freehold,1281,637,18,2549000,382400,8000,2939400
CASE-2026-NW-00504,Wilayah Persekutuan Kuala Lumpur,Agriculture,Urban,Freehold,5310,2489,13,2435000,365200,8000,2808200
CASE-2026-NW-00505,Melaka,Agriculture,Suburban,Leasehold,12277,9788,0,5433000,815000,8000,6256000
CASE-2026-NW-00506,Selangor,Building,Urban,Freehold,1640,1006,22,4012000,601800,8000,4621800
CASE-2026-NW-00507,Kelantan,Agriculture,Urban,Freehold,15155,12660,15,6299000,944800,8000,7251800
CASE-2026-NW-00508,Melaka,Building,Suburban,Freehold,705,334,24,1002000,150300,8000,1160300
CASE-2026-NW-00509,Johor,Building,Rural,Freehold,1342,665,20,2029000,304400,8000,2341400
CASE-2026-NW-00510,Selangor,Building,Suburban,Freehold,2453,991,28,3843000,576400,8000,4427400
CASE-2026-NW-00511,Melaka,Building,Suburban,Freehold,1968,1614,6,5036000,755400,8000,5799400
CASE-2026-NW-00512,Pulau Pinang,Industry,Suburban,Freehold,12339,5943,31,14834000,2225100,8000,17067100
CASE-2026-NW-00513,Kedah,Agriculture,Rural,Freehold,11881,5037,32,1924000,288600,8000,2220600
CASE-2026-NW-00514,Pulau Pinang,Building,Suburban,Freehold,848,501,5,1629000,244400,8000,1881400
CASE-2026-NW-00515,Kelantan,Agriculture,Rural,Freehold,10925,5355,12,1908000,286200,8000,2202200
CASE-2026-NW-00516,Selangor,Building,Urban,Freehold,481,135,27,600000,90000,8000,698000
CASE-2026-NW-00517,Wilayah Persekutuan Labuan,Building,Rural,Leasehold,1016,300,36,651000,97600,8000,756600
CASE-2026-NW-00518,Perak,Agriculture,Suburban,Leasehold,5264,4722,34,1903000,285400,8000,2196400
CASE-2026-NW-00519,Perak,Building,Urban,Freehold,321,235,16,736000,110400,8000,854400
CASE-2026-NW-00520,Selangor,Industry,Suburban,Freehold,4851,3670,31,9544000,1431600,8000,10983600
CASE-2026-NW-00521,Selangor,Agriculture,Suburban,Malay Reserve,8138,4291,37,3020000,453000,8000,3481000
CASE-2026-NW-00522,Selangor,Building,Suburban,Freehold,1644,1540,38,4927000,739000,8000,5674000
CASE-2026-NW-00523,Terengganu,Building,Suburban,Freehold,1348,634,33,1531000,229600,8000,1768600
CASE-2026-NW-00524,Sabah,Agriculture,Urban,Leasehold,17179,14519,31,7674000,1151100,8000,8833100
CASE-2026-NW-00525,Sarawak,Building,Rural,Leasehold,847,617,13,1724000,258600,8000,1990600
CASE-2026-NW-00526,Johor,Building,Urban,Freehold,1776,670,2,2948000,442200,8000,3398200
CASE-2026-NW-00527,Selangor,Industry,Rural,Leasehold,10908,10184,30,19356000,2903400,8000,22267400
CASE-2026-NW-00528,Selangor,Building,Suburban,Freehold,1480,909,13,3664000,549600,8000,4221600
CASE-2026-NW-00529,Johor,Agriculture,Urban,Freehold,11681,8133,21,5568000,835200,8000,6411200
CASE-2026-NW-00530,Selangor,Building,Suburban,Freehold,1604,508,35,2031000,304600,8000,2343600
CASE-2026-NW-00531,Melaka,Agriculture,Suburban,Leasehold,10612,3074,19,1866000,279900,8000,2153900
CASE-2026-NW-00532,Perak,Agriculture,Rural,Leasehold,7197,6425,25,1886000,282900,8000,2176900
CASE-2026-NW-00533,Kelantan,Building,Urban,Leasehold,1518,474,6,1585000,237800,8000,1830800
CASE-2026-NW-00534,Wilayah Persekutuan Kuala Lumpur,Building,Suburban,Leasehold,1255,1041,34,3756000,563400,8000,4327400
CASE-2026-NW-00535,Selangor,Building,Urban,Freehold,1502,1326,14,5380000,807000,8000,6195000
CASE-2026-NW-00536,Negeri Sembilan,Building,Suburban,Freehold,1724,636,10,2175000,326200,8000,2509200
CASE-2026-NW-00537,Selangor,Building,Suburban,Malay Reserve,272,196,28,618000,92700,8000,718700
CASE-2026-NW-00538,Kedah,Agriculture,Suburban,Freehold,3521,2186,17,949000,142400,8000,1099400
CASE-2026-NW-00539,Pulau Pinang,Agriculture,Urban,Leasehold,6253,3929,27,3138000,470700,8000,3616700
CASE-2026-NW-00540,Pahang,Agriculture,Suburban,Leasehold,14305,3694,23,1747000,262000,8000,2017000
CASE-2026-NW-00541,Perak,Industry,Urban,Leasehold,7726,6873,7,13967000,2095000,8000,16070000
CASE-2026-NW-00542,Selangor,Agriculture,Urban,Freehold,2730,2422,15,1818000,272700,8000,2098700
CASE-2026-NW-00543,Perak,Agriculture,Urban,Leasehold,7635,2977,0,1719000,257800,8000,1984800
CASE-2026-NW-00544,Sabah,Industry,Suburban,Freehold,13949,13249,20,24277000,3641600,8000,27926600
CASE-2026-NW-00545,Kedah,Industry,Urban,Freehold,7495,3138,29,7504000,1125600,8000,8637600
CASE-2026-NW-00546,Sarawak,Building,Suburban,Freehold,2503,1107,14,3086000,462900,8000,3556900
CASE-2026-NW-00547,Pulau Pinang,Building,Urban,Leasehold,1228,562,26,2164000,324600,8000,2496600
CASE-2026-NW-00548,Selangor,Agriculture,Suburban,Leasehold,19283,6720,16,5317000,797600,8000,6122600
CASE-2026-NW-00549,Wilayah Persekutuan Kuala Lumpur,Building,Rural,Leasehold,2729,924,1,3326000,498900,8000,3832900
CASE-2026-NW-00550,Perlis,Building,Urban,Malay Reserve,956,706,13,1691000,253600,8000,1952600
CASE-2026-NW-00551,Wilayah Persekutuan Kuala Lumpur,Building,Suburban,Freehold,1904,946,31,4093000,614000,8000,4715000
CASE-2026-NW-00552,Johor,Building,Suburban,Leasehold,777,469,37,1186000,177900,8000,1371900
CASE-2026-NW-00553,Johor,Building,Rural,Leasehold,2543,1003,10,2772000,415800,8000,3195800
CASE-2026-NW-00554,Wilayah Persekutuan Kuala Lumpur,Industry,Suburban,Leasehold,15074,8090,30,21155000,3173200,8000,24336200
CASE-2026-NW-00555,Kedah,Agriculture,Suburban,Leasehold,4211,3545,0,1695000,254200,8000,1957200
CASE-2026-NW-00556,Melaka,Building,Suburban,Freehold,1963,843,27,2512000,376800,8000,2896800
CASE-2026-NW-00557,Kelantan,Building,Suburban,Freehold,2650,1892,27,4713000,707000,8000,5428000
CASE-2026-NW-00558,Johor,Agriculture,Urban,Freehold,18569,6391,10,4609000,691400,8000,5308400
CASE-2026-NW-00559,Kelantan,Agriculture,Urban,Leasehold,18824,8842,14,4616000,692400,8000,5316400
CASE-2026-NW-00560,Selangor,Building,Suburban,Freehold,2760,1713,38,5849000,877400,8000,6734400
CASE-2026-NW-00561,Pulau Pinang,Building,Rural,Leasehold,2697,1685,27,4475000,671200,8000,5154200
CASE-2026-NW-00562,Pulau Pinang,Agriculture,Suburban,Freehold,15068,6804,27,4848000,727200,8000,5583200
CASE-2026-NW-00563,Wilayah Persekutuan Putrajaya,Building,Suburban,Leasehold,2609,1007,27,3351000,502600,8000,3861600
CASE-2026-NW-00564,Selangor,Building,Suburban,Freehold,2464,982,24,3639000,545800,8000,4192800
CASE-2026-NW-00565,Kelantan,Building,Suburban,Freehold,2869,1988,23,5430000,814500,8000,6252500
CASE-2026-NW-00566,Pulau Pinang,Agriculture,Suburban,Freehold,9776,5741,2,4447000,667000,8000,5122000
CASE-2026-NW-00567,Kelantan,Building,Suburban,Leasehold,2587,994,23,2730000,409500,8000,3147500
CASE-2026-NW-00568,Selangor,Building,Urban,Freehold,1456,437,24,1927000,289000,8000,2224000
CASE-2026-NW-00569,Wilayah Persekutuan Kuala Lumpur,Building,Urban,Freehold,2393,628,8,3197000,479600,8000,3684600
CASE-2026-NW-00570,Terengganu,Building,Suburban,Freehold,277,255,28,570000,85500,8000,663500
CASE-2026-NW-00571,Melaka,Building,Rural,Freehold,445,215,16,610000,91500,8000,709500
CASE-2026-NW-00572,Perak,Industry,Suburban,Freehold,24630,17660,8,37342000,5601300,8000,42951300
CASE-2026-NW-00573,Selangor,Agriculture,Suburban,Leasehold,12927,4930,35,3636000,545400,8000,4189400
CASE-2026-NW-00574,Pulau Pinang,Agriculture,Urban,Freehold,7476,4947,21,3714000,557100,8000,4279100
CASE-2026-NW-00575,Pulau Pinang,Industry,Suburban,Freehold,5231,1528,21,4767000,715000,8000,5490000
CASE-2026-NW-00576,Melaka,Building,Suburban,Leasehold,2985,882,3,2866000,429900,8000,3303900
CASE-2026-NW-00577,Pulau Pinang,Industry,Urban,Freehold,17506,13563,6,47581000,7137200,8000,54726200
CASE-2026-NW-00578,Wilayah Persekutuan Kuala Lumpur,Building,Urban,Leasehold,426,312,23,1290000,193500,8000,1491500
CASE-2026-NW-00579,Melaka,Industry,Suburban,Freehold,24547,13696,22,32854000,4928100,8000,37790100
CASE-2026-NW-00580,Negeri Sembilan,Agriculture,Rural,Leasehold,16661,8424,3,3478000,521700,8000,4007700
CASE-2026-NW-00581,Johor,Agriculture,Rural,Freehold,18329,15389,37,6424000,963600,8000,7395600
CASE-2026-NW-00582,Melaka,Agriculture,Suburban,Leasehold,12371,8681,19,4726000,708900,8000,5442900
CASE-2026-NW-00583,Perak,Agriculture,Suburban,Freehold,9258,8254,35,3236000,485400,8000,3729400
CASE-2026-NW-00584,Sarawak,Industry,Suburban,Leasehold,23300,15138,20,31488000,4723200,8000,36219200
CASE-2026-NW-00585,Pahang,Agriculture,Suburban,Freehold,10372,7652,30,3664000,549600,8000,4221600
CASE-2026-NW-00586,Wilayah Persekutuan Putrajaya,Building,Suburban,Leasehold,2388,628,5,2398000,359700,8000,2765700
CASE-2026-NW-00587,Wilayah Persekutuan Kuala Lumpur,Building,Suburban,Freehold,2282,931,10,4307000,646000,8000,4961000
CASE-2026-NW-00588,Selangor,Building,Suburban,Leasehold,1380,1256,22,3939000,590800,8000,4537800
CASE-2026-NW-00589,Pulau Pinang,Building,Suburban,Freehold,433,378,2,1380000,207000,8000,1595000
CASE-2026-NW-00590,Selangor,Agriculture,Urban,Malay Reserve,14406,8236,23,6000000,900000,8000,6908000
CASE-2026-NW-00591,Wilayah Persekutuan Labuan,Agriculture,Suburban,Leasehold,3946,1987,22,930000,139500,8000,1077500
CASE-2026-NW-00592,Kelantan,Agriculture,Urban,Leasehold,8573,2985,35,1401000,210200,8000,1619200
CASE-2026-NW-00593,Pulau Pinang,Building,Urban,Freehold,2116,1357,12,5700000,855000,8000,6563000
CASE-2026-NW-00594,Wilayah Persekutuan Kuala Lumpur,Building,Urban,Leasehold,1035,390,4,2054000,308100,8000,2370100
CASE-2026-NW-00595,Johor,Agriculture,Suburban,Freehold,14780,10642,6,7238000,1085700,8000,8331700
CASE-2026-NW-00596,Pulau Pinang,Industry,Rural,Malay Reserve,11047,7749,7,16969000,2545400,8000,19522400
CASE-2026-NW-00597,Wilayah Persekutuan Labuan,Building,Suburban,Freehold,1422,506,37,1457000,218600,8000,1683600
CASE-2026-NW-00598,Johor,Agriculture,Urban,Leasehold,7592,6124,29,3635000,545200,8000,4188200
CASE-2026-NW-00599,Terengganu,Agriculture,Suburban,Leasehold,3875,2139,4,1049000,157400,8000,1214400
CASE-2026-NW-00600,Kedah,Agriculture,Urban,Freehold,8042,4099,31,2157000,323600,8000,2488600
CASE-2026-NW-00601,Wilayah Persekutuan Kuala Lumpur,Building,Suburban,Freehold,955,420,15,1893000,284000,8000,2185000
CASE-2026-NW-00602,Pulau Pinang,Agriculture,Rural,Malay Reserve,17539,9244,29,4738000,710700,8000,5456700
CASE-2026-NW-00603,Pahang,Building,Urban,Leasehold,686,611,6,1814000,272100,8000,2094100
CASE-2026-NW-00604,Wilayah Persekutuan Kuala Lumpur,Building,Suburban,Leasehold,1187,819,12,3053000,458000,8000,3519000
CASE-2026-NW-00605,Johor,Building,Suburban,Freehold,2409,1713,22,5158000,773700,8000,5939700
CASE-2026-NW-00606,Selangor,Agriculture,Rural,Leasehold,9748,8435,0,4541000,681200,8000,5230200
CASE-2026-NW-00607,Melaka,Building,Suburban,Malay Reserve,1316,986,24,2389000,358400,8000,2755400
CASE-2026-NW-00608,Selangor,Agriculture,Suburban,Leasehold,17007,14952,1,11128000,1669200,8000,12805200
CASE-2026-NW-00609,Selangor,Industry,Rural,Freehold,17527,6598,26,15221000,2283200,8000,17512200
CASE-2026-NW-00610,Pulau Pinang,Agriculture,Suburban,Leasehold,11392,8097,22,5078000,761700,8000,5847700
CASE-2026-NW-00611,Johor,Agriculture,Suburban,Freehold,9308,7876,38,4295000,644200,8000,4947200
CASE-2026-NW-00612,Pulau Pinang,Building,Suburban,Leasehold,2405,1262,12,4909000,736400,8000,5653400
CASE-2026-NW-00613,Selangor,Building,Suburban,Freehold,2200,999,26,3876000,581400,8000,4465400
CASE-2026-NW-00614,Pulau Pinang,Industry,Urban,Freehold,7603,6658,5,19560000,2934000,8000,22502000
CASE-2026-NW-00615,Kedah,Agriculture,Rural,Leasehold,11575,4175,37,1432000,214800,8000,1654800
CASE-2026-NW-00616,Perak,Building,Suburban,Leasehold,324,304,16,791000,118600,8000,917600
CASE-2026-NW-00617,Selangor,Agriculture,Urban,Freehold,2563,865,4,780000,117000,8000,905000
CASE-2026-NW-00618,Johor,Building,Suburban,Freehold,1059,369,35,1207000,181000,8000,1396000
CASE-2026-NW-00619,Selangor,Building,Suburban,Leasehold,1405,1192,17,4418000,662700,8000,5088700
CASE-2026-NW-00620,Selangor,Building,Urban,Freehold,2337,2119,26,8523000,1278400,8000,9809400
CASE-2026-NW-00621,Wilayah Persekutuan Kuala Lumpur,Industry,Rural,Freehold,1215,789,17,2116000,317400,8000,2441400
CASE-2026-NW-00622,Kelantan,Agriculture,Urban,Freehold,14367,7161,31,3758000,563700,8000,4329700
CASE-2026-NW-00623,Kelantan,Industry,Suburban,Leasehold,18962,15216,20,26326000,3948900,8000,30282900
CASE-2026-NW-00624,Terengganu,Building,Suburban,Freehold,2093,1101,3,2736000,410400,8000,3154400
CASE-2026-NW-00625,Negeri Sembilan,Building,Suburban,Freehold,1912,988,27,2629000,394400,8000,3031400
CASE-2026-NW-00626,Selangor,Building,Urban,Leasehold,2551,1575,26,6678000,1001700,8000,7687700
CASE-2026-NW-00627,Selangor,Building,Suburban,Malay Reserve,2020,1696,3,5954000,893100,8000,6855100
CASE-2026-NW-00628,Perak,Agriculture,Rural,Freehold,16871,10885,10,4253000,638000,8000,4899000
CASE-2026-NW-00629,Pulau Pinang,Agriculture,Suburban,Leasehold,11640,9184,33,5711000,856600,8000,6575600
CASE-2026-NW-00630,Selangor,Agriculture,Suburban,Freehold,2672,854,30,699000,104800,8000,811800
CASE-2026-NW-00631,Perak,Building,Urban,Freehold,1035,305,2,967000,145000,8000,1120000
CASE-2026-NW-00632,Selangor,Building,Suburban,Freehold,1555,813,32,3137000,470600,8000,3615600
CASE-2026-NW-00633,Melaka,Agriculture,Suburban,Leasehold,18613,15276,6,9352000,1402800,8000,10762800
CASE-2026-NW-00634,Pulau Pinang,Building,Rural,Leasehold,516,446,24,1223000,183400,8000,1414400
CASE-2026-NW-00635,Johor,Building,Urban,Freehold,2808,2606,21,8829000,1324400,8000,10161400
CASE-2026-NW-00636,Pulau Pinang,Building,Suburban,Freehold,2848,1645,31,5514000,827100,8000,6349100
CASE-2026-NW-00637,Negeri Sembilan,Agriculture,Urban,Freehold,3351,1222,27,786000,117900,8000,911900
CASE-2026-NW-00638,Melaka,Building,Rural,Leasehold,830,426,25,889000,133400,8000,1030400
CASE-2026-NW-00639,Wilayah Persekutuan Labuan,Agriculture,Urban,Leasehold,2849,1348,25,806000,120900,8000,934900
CASE-2026-NW-00640,Selangor,Building,Suburban,Freehold,964,826,9,3049000,457400,8000,3514400
CASE-2026-NW-00641,Selangor,Building,Suburban,Freehold,916,733,5,2889000,433400,8000,3330400
CASE-2026-NW-00642,Kedah,Agriculture,Suburban,Freehold,10451,6790,32,3105000,465800,8000,3578800
CASE-2026-NW-00643,Kedah,Agriculture,Suburban,Leasehold,7944,7069,23,3223000,483400,8000,3714400
CASE-2026-NW-00644,Selangor,Agriculture,Rural,Malay Reserve,9440,7418,17,3677000,551600,8000,4236600
CASE-2026-NW-00645,Terengganu,Agriculture,Urban,Freehold,5859,2796,27,1484000,222600,8000,1714600
CASE-2026-NW-00646,Selangor,Building,Suburban,Leasehold,651,327,11,1193000,179000,8000,1380000
CASE-2026-NW-00647,Perlis,Building,Suburban,Leasehold,1991,1433,5,3863000,579400,8000,4450400
CASE-2026-NW-00648,Selangor,Building,Rural,Freehold,213,57,6,210000,31500,8000,249500
CASE-2026-NW-00649,Wilayah Persekutuan Kuala Lumpur,Industry,Rural,Freehold,15570,8947,30,20107000,3016000,8000,23131000
CASE-2026-NW-00650,Kelantan,Building,Urban,Freehold,2105,1802,1,5251000,787600,8000,6046600
CASE-2026-NW-00651,Johor,Industry,Suburban,Leasehold,15687,14440,4,28864000,4329600,8000,33201600
CASE-2026-NW-00652,Johor,Industry,Urban,Freehold,19130,10022,2,31166000,4674900,8000,35848900
CASE-2026-NW-00653,Kelantan,Building,Rural,Freehold,390,229,30,398000,59700,8000,465700
CASE-2026-NW-00654,Wilayah Persekutuan Kuala Lumpur,Building,Rural,Freehold,2897,2181,27,6859000,1028800,8000,7895800
CASE-2026-NW-00655,Selangor,Building,Suburban,Freehold,2344,1747,37,5838000,875700,8000,6721700
CASE-2026-NW-00656,Johor,Agriculture,Suburban,Leasehold,16402,12914,22,7495000,1124200,8000,8627200
CASE-2026-NW-00657,Selangor,Agriculture,Suburban,Leasehold,14600,11907,21,7960000,1194000,8000,9162000
CASE-2026-NW-00658,Perak,Agriculture,Rural,Leasehold,6448,5628,29,1765000,264800,8000,2037800
CASE-2026-NW-00659,Terengganu,Building,Suburban,Freehold,1869,1158,2,3167000,475000,8000,3650000
CASE-2026-NW-00660,Johor,Agriculture,Urban,Leasehold,6726,5899,20,3729000,559400,8000,4296400
CASE-2026-NW-00661,Terengganu,Building,Suburban,Freehold,615,379,7,992000,148800,8000,1148800
CASE-2026-NW-00662,Wilayah Persekutuan Kuala Lumpur,Agriculture,Urban,Leasehold,8989,7585,31,5872000,880800,8000,6760800
CASE-2026-NW-00663,Johor,Building,Rural,Freehold,2643,1032,33,2525000,378800,8000,2911800
CASE-2026-NW-00664,Wilayah Persekutuan Kuala Lumpur,Agriculture,Suburban,Leasehold,10718,6361,2,4951000,742600,8000,5701600
CASE-2026-NW-00665,Pulau Pinang,Building,Urban,Malay Reserve,1545,1017,33,3451000,517600,8000,3976600
CASE-2026-NW-00666,Johor,Agriculture,Urban,Freehold,4490,4013,35,2276000,341400,8000,2625400
CASE-2026-NW-00667,Kedah,Building,Rural,Freehold,2749,2160,36,4372000,655800,8000,5035800
CASE-2026-NW-00668,Sarawak,Agriculture,Rural,Leasehold,7667,6587,3,2592000,388800,8000,2988800
CASE-2026-NW-00669,Kelantan,Agriculture,Urban,Freehold,6743,2484,10,1432000,214800,8000,1654800
CASE-2026-NW-00670,Melaka,Industry,Urban,Freehold,3199,2984,21,7712000,1156800,8000,8876800
CASE-2026-NW-00671,Kedah,Agriculture,Urban,Leasehold,14884,4794,39,2497000,374600,8000,2879600
CASE-2026-NW-00672,Wilayah Persekutuan Kuala Lumpur,Building,Suburban,Freehold,998,511,32,2076000,311400,8000,2395400
CASE-2026-NW-00673,Selangor,Building,Rural,Leasehold,1374,631,10,1773000,266000,8000,2047000
CASE-2026-NW-00674,Pahang,Building,Urban,Freehold,1397,1269,1,4142000,621300,8000,4771300
CASE-2026-NW-00675,Negeri Sembilan,Building,Urban,Leasehold,1330,1010,28,2971000,445600,8000,3424600
CASE-2026-NW-00676,Perak,Agriculture,Rural,Freehold,12633,4116,18,1674000,251100,8000,1933100
CASE-2026-NW-00677,Wilayah Persekutuan Kuala Lumpur,Industry,Urban,Leasehold,9683,5448,8,20271000,3040600,8000,23319600
CASE-2026-NW-00678,Pulau Pinang,Building,Rural,Leasehold,1573,577,26,1740000,261000,8000,2009000
CASE-2026-NW-00679,Melaka,Building,Urban,Leasehold,629,419,38,1131000,169600,8000,1308600
CASE-2026-NW-00680,Pulau Pinang,Industry,Suburban,Freehold,20214,7125,20,21019000,3152800,8000,24179800
CASE-2026-NW-00681,Melaka,Industry,Rural,Leasehold,3247,1400,10,2713000,407000,8000,3128000
CASE-2026-NW-00682,Perak,Building,Suburban,Leasehold,2174,1642,28,3494000,524100,8000,4026100
CASE-2026-NW-00683,Negeri Sembilan,Agriculture,Rural,Freehold,17246,3870,7,1900000,285000,8000,2193000
CASE-2026-NW-00684,Melaka,Building,Rural,Malay Reserve,1523,610,17,1366000,204900,8000,1578900
CASE-2026-NW-00685,Selangor,Agriculture,Urban,Leasehold,15739,10856,0,9070000,1360500,8000,10438500
CASE-2026-NW-00686,Terengganu,Agriculture,Urban,Malay Reserve,8437,7133,37,3065000,459800,8000,3532800
CASE-2026-NW-00687,Johor,Agriculture,Rural,Freehold,3687,2412,12,1189000,178400,8000,1375400
CASE-2026-NW-00688,Wilayah Persekutuan Kuala Lumpur,Agriculture,Suburban,Freehold,2617,1803,10,1587000,238000,8000,1833000
CASE-2026-NW-00689,Pahang,Building,Urban,Leasehold,685,629,23,1608000,241200,8000,1857200
CASE-2026-NW-00690,Johor,Agriculture,Urban,Freehold,9838,7490,38,5041000,756200,8000,5805200
CASE-2026-NW-00691,Selangor,Agriculture,Urban,Freehold,13124,2919,6,3172000,475800,8000,3655800
CASE-2026-NW-00692,Pahang,Industry,Urban,Freehold,13562,4796,21,11178000,1676700,8000,12862700
CASE-2026-NW-00693,Selangor,Agriculture,Rural,Freehold,6688,3559,17,2089000,313400,8000,2410400
CASE-2026-NW-00694,Wilayah Persekutuan Kuala Lumpur,Agriculture,Rural,Leasehold,2694,2242,3,1440000,216000,8000,1664000
CASE-2026-NW-00695,Selangor,Agriculture,Urban,Freehold,9090,2133,24,1947000,292000,8000,2247000
CASE-2026-NW-00696,Negeri Sembilan,Industry,Rural,Freehold,17388,12779,13,25547000,3832000,8000,29387000
CASE-2026-NW-00697,Sabah,Agriculture,Urban,Freehold,3514,1902,37,1096000,164400,8000,1268400
CASE-2026-NW-00698,Pulau Pinang,Building,Urban,Freehold,941,470,36,1830000,274500,8000,2112500
CASE-2026-NW-00699,Selangor,Building,Urban,Freehold,441,280,31,1199000,179800,8000,1386800
CASE-2026-NW-00700,Selangor,Building,Rural,Freehold,1695,1481,30,3635000,545200,8000,4188200
CASE-2026-NW-00701,Wilayah Persekutuan Kuala Lumpur,Building,Urban,Freehold,1185,527,29,2572000,385800,8000,2965800
CASE-2026-NW-00702,Selangor,Building,Rural,Freehold,606,502,12,1683000,252400,8000,1943400
CASE-2026-NW-00703,Wilayah Persekutuan Labuan,Agriculture,Urban,Freehold,3009,1254,16,822000,123300,8000,953300
CASE-2026-NW-00704,Terengganu,Agriculture,Urban,Leasehold,8599,1914,36,1023000,153400,8000,1184400
CASE-2026-NW-00705,Wilayah Persekutuan Kuala Lumpur,Building,Suburban,Leasehold,1753,1280,34,4281000,642200,8000,4931200
CASE-2026-NW-00706,Melaka,Industry,Urban,Freehold,9226,6434,30,13937000,2090600,8000,16035600
CASE-2026-NW-00707,Selangor,Building,Suburban,Leasehold,733,436,23,1505000,225800,8000,1738800
CASE-2026-NW-00708,Wilayah Persekutuan Kuala Lumpur,Agriculture,Urban,Leasehold,16783,4913,35,4796000,719400,8000,5523400
CASE-2026-NW-00709,Selangor,Building,Rural,Leasehold,1003,799,19,2329000,349400,8000,2686400
CASE-2026-NW-00710,Kelantan,Agriculture,Urban,Freehold,8292,7192,5,3348000,502200,8000,3858200
CASE-2026-NW-00711,Kedah,Agriculture,Suburban,Freehold,7700,4149,4,2312000,346800,8000,2666800
CASE-2026-NW-00712,Melaka,Agriculture,Urban,Leasehold,12943,5723,37,3630000,544500,8000,4182500
CASE-2026-NW-00713,Terengganu,Building,Urban,Freehold,442,256,33,722000,108300,8000,838300
CASE-2026-NW-00714,Perak,Building,Suburban,Leasehold,342,194,20,525000,78800,8000,611800
CASE-2026-NW-00715,Negeri Sembilan,Building,Suburban,Freehold,618,452,7,1503000,225400,8000,1736400
CASE-2026-NW-00716,Johor,Agriculture,Suburban,Freehold,3318,1999,30,1252000,187800,8000,1447800
CASE-2026-NW-00717,Selangor,Agriculture,Suburban,Freehold,2485,1551,1,1280000,192000,8000,1480000
CASE-2026-NW-00718,Pulau Pinang,Building,Rural,Leasehold,2813,1201,2,4289000,643400,8000,4940400
CASE-2026-NW-00719,Selangor,Building,Suburban,Leasehold,712,281,4,1127000,169000,8000,1304000
CASE-2026-NW-00720,Wilayah Persekutuan Putrajaya,Agriculture,Suburban,Leasehold,16740,10392,34,6473000,971000,8000,7452000
CASE-2026-NW-00721,Johor,Agriculture,Suburban,Malay Reserve,12856,11471,10,5398000,809700,8000,6215700
CASE-2026-NW-00722,Selangor,Building,Urban,Freehold,2613,863,3,4304000,645600,8000,4957600
CASE-2026-NW-00723,Johor,Industry,Rural,Freehold,23149,17354,28,31945000,4791800,8000,36744800
CASE-2026-NW-00724,Pahang,Building,Suburban,Freehold,1806,630,6,1898000,284700,8000,2190700
CASE-2026-NW-00725,Sabah,Building,Urban,Malay Reserve,303,247,39,634000,95100,8000,737100
CASE-2026-NW-00726,Sabah,Building,Rural,Leasehold,715,314,14,724000,108600,8000,840600
CASE-2026-NW-00727,Negeri Sembilan,Building,Urban,Freehold,696,363,26,1241000,186200,8000,1435200
CASE-2026-NW-00728,Selangor,Building,Suburban,Freehold,940,854,38,2801000,420200,8000,3229200
CASE-2026-NW-00729,Pulau Pinang,Building,Rural,Leasehold,1260,555,31,1646000,246900,8000,1900900
CASE-2026-NW-00730,Sarawak,Building,Suburban,Freehold,2498,1365,29,3791000,568600,8000,4367600
CASE-2026-NW-00731,Johor,Industry,Rural,Freehold,7932,4215,16,8363000,1254400,8000,9625400
CASE-2026-NW-00732,Melaka,Building,Suburban,Leasehold,2458,1551,32,4295000,644200,8000,4947200
CASE-2026-NW-00733,Johor,Agriculture,Rural,Freehold,10297,8991,38,3503000,525400,8000,4036400
CASE-2026-NW-00734,Pahang,Building,Suburban,Malay Reserve,1694,1364,17,3028000,454200,8000,3490200
CASE-2026-NW-00735,Selangor,Industry,Rural,Freehold,16309,5484,17,14418000,2162700,8000,16588700
CASE-2026-NW-00736,Selangor,Agriculture,Rural,Leasehold,13189,10280,36,4681000,702200,8000,5391200
CASE-2026-NW-00737,Perak,Building,Urban,Leasehold,230,154,11,472000,70800,8000,550800
CASE-2026-NW-00738,Selangor,Agriculture,Urban,Leasehold,15744,4744,0,4378000,656700,8000,5042700
CASE-2026-NW-00739,Negeri Sembilan,Agriculture,Suburban,Freehold,18647,11441,23,5945000,891800,8000,6844800
CASE-2026-NW-00740,Sarawak,Building,Urban,Leasehold,1855,495,35,1406000,210900,8000,1624900
CASE-2026-NW-00741,Wilayah Persekutuan Kuala Lumpur,Building,Urban,Leasehold,703,389,34,1744000,261600,8000,2013600
CASE-2026-NW-00742,Melaka,Agriculture,Urban,Freehold,9206,3072,39,1908000,286200,8000,2202200
CASE-2026-NW-00743,Pulau Pinang,Industry,Suburban,Freehold,1881,686,10,1982000,297300,8000,2287300
CASE-2026-NW-00744,Kedah,Agriculture,Urban,Leasehold,9147,2313,1,1465000,219800,8000,1692800
CASE-2026-NW-00745,Melaka,Agriculture,Urban,Malay Reserve,8989,3931,24,2118000,317700,8000,2443700
CASE-2026-NW-00746,Wilayah Persekutuan Kuala Lumpur,Building,Urban,Leasehold,482,390,12,1597000,239600,8000,1844600
CASE-2026-NW-00747,Selangor,Agriculture,Suburban,Freehold,11277,5906,32,4602000,690300,8000,5300300
CASE-2026-NW-00748,Pulau Pinang,Industry,Suburban,Freehold,7326,4108,20,12108000,1816200,8000,13932200
CASE-2026-NW-00749,Johor,Building,Urban,Freehold,1887,989,1,4024000,603600,8000,4635600
CASE-2026-NW-00750,Selangor,Building,Urban,Leasehold,1148,604,22,2882000,432300,8000,3322300
CASE-2026-NW-00751,Pahang,Building,Suburban,Freehold,2834,2218,13,5930000,889500,8000,6827500
CASE-2026-NW-00752,Johor,Agriculture,Urban,Freehold,12834,10016,19,6869000,1030400,8000,7907400
CASE-2026-NW-00753,Kelantan,Building,Rural,Freehold,2269,719,9,1961000,294200,8000,2263200
CASE-2026-NW-00754,Perak,Building,Suburban,Freehold,1311,1222,19,2994000,449100,8000,3451100
CASE-2026-NW-00755,Pulau Pinang,Agriculture,Suburban,Freehold,14661,5588,8,4201000,630200,8000,4839200
CASE-2026-NW-00756,Pulau Pinang,Agriculture,Urban,Malay Reserve,16478,10537,37,7364000,1104600,8000,8476600
CASE-2026-NW-00757,Kelantan,Building,Urban,Leasehold,627,389,24,968000,145200,8000,1121200
CASE-2026-NW-00758,Negeri Sembilan,Building,Urban,Freehold,2428,1659,22,5128000,769200,8000,5905200
CASE-2026-NW-00759,Selangor,Building,Rural,Leasehold,2429,1697,17,4921000,738200,8000,5667200
CASE-2026-NW-00760,Melaka,Agriculture,Suburban,Leasehold,2664,2391,15,1104000,165600,8000,1277600
CASE-2026-NW-00761,Wilayah Persekutuan Kuala Lumpur,Agriculture,Suburban,Leasehold,19232,6689,15,5379000,806800,8000,6193800
CASE-2026-NW-00762,Selangor,Industry,Urban,Leasehold,18519,14476,7,48563000,7284400,8000,55855400
CASE-2026-NW-00763,Kelantan,Building,Urban,Leasehold,852,453,7,1251000,187600,8000,1446600
CASE-2026-NW-00764,Johor,Building,Rural,Freehold,1686,1061,17,3159000,473800,8000,3640800
CASE-2026-NW-00765,Wilayah Persekutuan Kuala Lumpur,Building,Suburban,Freehold,180,96,20,378000,56700,8000,442700
CASE-2026-NW-00766,Selangor,Building,Urban,Freehold,160,114,8,571000,85600,8000,664600
CASE-2026-NW-00767,Sarawak,Building,Suburban,Freehold,543,425,13,1228000,184200,8000,1420200
CASE-2026-NW-00768,Selangor,Building,Suburban,Freehold,2100,1148,38,4285000,642800,8000,4935800
CASE-2026-NW-00769,Johor,Building,Suburban,Malay Reserve,2338,1304,9,3899000,584800,8000,4491800
CASE-2026-NW-00770,Pulau Pinang,Building,Urban,Leasehold,359,145,18,580000,87000,8000,675000
CASE-2026-NW-00771,Kedah,Agriculture,Rural,Leasehold,9017,4424,34,1574000,236100,8000,1818100
CASE-2026-NW-00772,Johor,Building,Suburban,Leasehold,2357,1714,33,4926000,738900,8000,5672900
CASE-2026-NW-00773,Kelantan,Building,Rural,Freehold,2101,1813,36,3357000,503600,8000,3868600
CASE-2026-NW-00774,Selangor,Agriculture,Urban,Freehold,5623,3944,10,3551000,532600,8000,4091600
CASE-2026-NW-00775,Johor,Building,Rural,Leasehold,547,438,32,1066000,159900,8000,1233900
CASE-2026-NW-00776,Kedah,Agriculture,Urban,Freehold,4941,1370,36,721000,108200,8000,837200
CASE-2026-NW-00777,Selangor,Agriculture,Suburban,Freehold,12412,4175,28,3383000,507400,8000,3898400
CASE-2026-NW-00778,Selangor,Agriculture,Urban,Freehold,17648,5277,6,5378000,806700,8000,6192700
CASE-2026-NW-00779,Melaka,Building,Urban,Leasehold,1679,1449,11,4455000,668200,8000,5131200
CASE-2026-NW-00780,Perak,Building,Suburban,Freehold,618,496,22,1190000,178500,8000,1376500
CASE-2026-NW-00781,Negeri Sembilan,Industry,Suburban,Leasehold,8530,5781,32,11079000,1661800,8000,12748800
CASE-2026-NW-00782,Perak,Agriculture,Urban,Leasehold,11820,10247,23,5054000,758100,8000,5820100
CASE-2026-NW-00783,Kedah,Building,Urban,Freehold,658,245,12,918000,137700,8000,1063700
CASE-2026-NW-00784,Negeri Sembilan,Building,Urban,Leasehold,1826,1057,32,3097000,464600,8000,3569600
CASE-2026-NW-00785,Pulau Pinang,Building,Urban,Leasehold,2538,2395,27,8148000,1222200,8000,9378200
CASE-2026-NW-00786,Sarawak,Agriculture,Suburban,Freehold,17671,11554,19,6195000,929200,8000,7132200
CASE-2026-NW-00787,Johor,Building,Rural,Leasehold,2724,1538,21,3640000,546000,8000,4194000
CASE-2026-NW-00788,Selangor,Agriculture,Suburban,Freehold,2598,890,14,753000,113000,8000,874000
CASE-2026-NW-00789,Melaka,Agriculture,Urban,Freehold,5974,3299,20,2069000,310400,8000,2387400
CASE-2026-NW-00790,Perak,Agriculture,Suburban,Freehold,18311,8005,2,4305000,645800,8000,4958800
CASE-2026-NW-00791,Perak,Building,Urban,Leasehold,2532,2001,4,5864000,879600,8000,6751600
CASE-2026-NW-00792,Pahang,Building,Rural,Freehold,2971,1038,30,2193000,329000,8000,2530000
CASE-2026-NW-00793,Wilayah Persekutuan Kuala Lumpur,Building,Rural,Leasehold,1216,393,21,1381000,207200,8000,1596200
CASE-2026-NW-00794,Johor,Agriculture,Urban,Leasehold,14273,9315,9,6693000,1004000,8000,7705000
CASE-2026-NW-00795,Pahang,Agriculture,Suburban,Freehold,17517,14282,10,7087000,1063000,8000,8158000
CASE-2026-NW-00796,Selangor,Agriculture,Suburban,Leasehold,9974,3281,23,2723000,408400,8000,3139400
CASE-2026-NW-00797,Wilayah Persekutuan Putrajaya,Agriculture,Urban,Leasehold,3356,2478,0,1935000,290200,8000,2233200
CASE-2026-NW-00798,Selangor,Agriculture,Suburban,Freehold,15633,6284,24,4659000,698800,8000,5365800
CASE-2026-NW-00799,Pulau Pinang,Building,Suburban,Leasehold,255,226,3,739000,110800,8000,857800
CASE-2026-NW-00800,Selangor,Building,Suburban,Leasehold,2084,1002,37,3520000,528000,8000,4056000
CASE-2026-NW-00801,Sarawak,Building,Urban,Freehold,1314,981,22,3014000,452100,8000,3474100
CASE-2026-NW-00802,Johor,Agriculture,Suburban,Leasehold,14222,9334,19,5429000,814400,8000,6251400
CASE-2026-NW-00803,Wilayah Persekutuan Kuala Lumpur,Building,Urban,Freehold,1748,441,28,2212000,331800,8000,2551800
CASE-2026-NW-00804,Pahang,Agriculture,Urban,Leasehold,5445,4758,35,2185000,327800,8000,2520800
CASE-2026-NW-00805,Pahang,Building,Urban,Freehold,1246,875,37,2407000,361000,8000,2776000
CASE-2026-NW-00806,Perak,Building,Urban,Freehold,842,391,13,1349000,202400,8000,1559400
CASE-2026-NW-00807,Wilayah Persekutuan Kuala Lumpur,Agriculture,Urban,Leasehold,12159,3920,5,4241000,636200,8000,4885200
CASE-2026-NW-00808,Negeri Sembilan,Agriculture,Suburban,Leasehold,5233,2838,29,1379000,206800,8000,1593800
CASE-2026-NW-00809,Terengganu,Building,Urban,Leasehold,2141,1900,20,4941000,741200,8000,5690200
CASE-2026-NW-00810,Wilayah Persekutuan Labuan,Agriculture,Suburban,Leasehold,13048,4987,2,2770000,415500,8000,3193500
CASE-2026-NW-00811,Terengganu,Building,Suburban,Leasehold,1019,767,29,1911000,286600,8000,2205600
CASE-2026-NW-00812,Melaka,Building,Rural,Leasehold,2252,1465,19,3289000,493400,8000,3790400
CASE-2026-NW-00813,Johor,Agriculture,Urban,Leasehold,16305,5084,33,3509000,526400,8000,4043400
CASE-2026-NW-00814,Melaka,Building,Rural,Freehold,2968,2228,31,5763000,864400,8000,6635400
CASE-2026-NW-00815,Pulau Pinang,Building,Urban,Malay Reserve,919,551,18,2097000,314600,8000,2419600
CASE-2026-NW-00816,Perak,Agriculture,Suburban,Leasehold,12079,10641,36,3731000,559600,8000,4298600
CASE-2026-NW-00817,Wilayah Persekutuan Kuala Lumpur,Agriculture,Urban,Freehold,13526,8289,24,6927000,1039000,8000,7974000
CASE-2026-NW-00818,Selangor,Agriculture,Suburban,Freehold,5426,1859,33,1304000,195600,8000,1507600
CASE-2026-NW-00819,Johor,Agriculture,Rural,Leasehold,11321,8954,22,4186000,627900,8000,4821900
CASE-2026-NW-00820,Melaka,Agriculture,Urban,Leasehold,15236,11948,36,6669000,1000400,8000,7677400
CASE-2026-NW-00821,Pahang,Agriculture,Urban,Leasehold,18884,16485,17,8950000,1342500,8000,10300500
CASE-2026-NW-00822,Wilayah Persekutuan Kuala Lumpur,Building,Urban,Freehold,2047,915,9,4662000,699300,8000,5369300
CASE-2026-NW-00823,Pulau Pinang,Agriculture,Rural,Leasehold,17784,3911,20,2354000,353100,8000,2715100
CASE-2026-NW-00824,Johor,Agriculture,Suburban,Leasehold,18539,14147,27,7868000,1180200,8000,9056200
CASE-2026-NW-00825,Wilayah Persekutuan Kuala Lumpur,Agriculture,Urban,Freehold,10936,9093,33,7869000,1180400,8000,9057400
CASE-2026-NW-00826,Perak,Industry,Suburban,Freehold,24144,18551,32,32627000,4894000,8000,37529000
CASE-2026-NW-00827,Johor,Industry,Urban,Leasehold,8699,5299,30,14439000,2165800,8000,16612800
CASE-2026-NW-00828,Selangor,Agriculture,Rural,Leasehold,19287,17200,29,9495000,1424200,8000,10927200
CASE-2026-NW-00829,Selangor,Building,Urban,Malay Reserve,1765,929,35,3321000,498200,8000,3827200
CASE-2026-NW-00830,Kelantan,Industry,Rural,Freehold,4574,1795,12,2975000,446200,8000,3429200
CASE-2026-NW-00831,Selangor,Agriculture,Rural,Leasehold,4273,909,0,578000,86700,8000,672700
CASE-2026-NW-00832,Pulau Pinang,Agriculture,Rural,Leasehold,18879,6383,26,4202000,630300,8000,4840300
CASE-2026-NW-00833,Selangor,Industry,Rural,Freehold,2382,1238,29,2798000,419700,8000,3225700
CASE-2026-NW-00834,Sabah,Agriculture,Rural,Freehold,6760,2689,24,1173000,176000,8000,1357000
CASE-2026-NW-00835,Negeri Sembilan,Agriculture,Rural,Freehold,4116,1698,34,646000,96900,8000,750900
CASE-2026-NW-00836,Selangor,Agriculture,Suburban,Freehold,7043,4243,3,3112000,466800,8000,3586800
CASE-2026-NW-00837,Selangor,Agriculture,Urban,Leasehold,19568,5357,16,4929000,739400,8000,5676400
CASE-2026-NW-00838,Kedah,Industry,Suburban,Leasehold,6368,3967,17,7114000,1067100,8000,8189100
CASE-2026-NW-00839,Pulau Pinang,Building,Suburban,Leasehold,676,341,27,1193000,179000,8000,1380000
CASE-2026-NW-00840,Perak,Building,Suburban,Leasehold,967,786,14,1808000,271200,8000,2087200
CASE-2026-NW-00841,Melaka,Building,Suburban,Freehold,2225,1602,6,4847000,727000,8000,5582000
CASE-2026-NW-00842,Selangor,Agriculture,Rural,Leasehold,8816,2333,27,1444000,216600,8000,1668600
CASE-2026-NW-00843,Negeri Sembilan,Agriculture,Suburban,Freehold,5796,4882,16,2112000,316800,8000,2436800
CASE-2026-NW-00844,Terengganu,Agriculture,Suburban,Freehold,8024,6071,36,2609000,391400,8000,3008400
CASE-2026-NW-00845,Negeri Sembilan,Agriculture,Urban,Freehold,18564,4984,14,3638000,545700,8000,4191700
CASE-2026-NW-00846,Pulau Pinang,Industry,Urban,Freehold,8752,6156,15,17212000,2581800,8000,19801800
CASE-2026-NW-00847,Wilayah Persekutuan Kuala Lumpur,Building,Urban,Freehold,2217,1596,20,7943000,1191400,8000,9142400
CASE-2026-NW-00848,Johor,Building,Urban,Freehold,2830,2272,23,8269000,1240400,8000,9517400
CASE-2026-NW-00849,Johor,Building,Rural,Freehold,859,446,7,1248000,187200,8000,1443200
CASE-2026-NW-00850,Selangor,Agriculture,Suburban,Leasehold,4713,4226,3,2775000,416200,8000,3199200
CASE-2026-NW-00851,Kelantan,Industry,Suburban,Leasehold,2135,1254,14,2177000,326600,8000,2511600
CASE-2026-NW-00852,Perak,Building,Urban,Freehold,842,244,6,900000,135000,8000,1043000
CASE-2026-NW-00853,Pulau Pinang,Building,Urban,Freehold,1577,580,17,2516000,377400,8000,2901400
CASE-2026-NW-00854,Selangor,Agriculture,Urban,Leasehold,12402,3108,33,2697000,404600,8000,3109600
CASE-2026-NW-00855,Perlis,Building,Urban,Freehold,341,289,28,794000,119100,8000,921100
CASE-2026-NW-00856,Johor,Agriculture,Urban,Freehold,2583,2284,26,1499000,224800,8000,1731800
CASE-2026-NW-00857,Pulau Pinang,Agriculture,Suburban,Malay Reserve,19228,10749,22,6998000,1049700,8000,8055700
CASE-2026-NW-00858,Pahang,Agriculture,Rural,Leasehold,12703,11102,1,3754000,563100,8000,4325100
CASE-2026-NW-00859,Kelantan,Building,Urban,Leasehold,940,752,33,1746000,261900,8000,2015900
CASE-2026-NW-00860,Pulau Pinang,Building,Rural,Freehold,1129,948,4,3340000,501000,8000,3849000
CASE-2026-NW-00861,Selangor,Agriculture,Suburban,Freehold,6469,2121,7,1877000,281600,8000,2166600
CASE-2026-NW-00862,Selangor,Building,Rural,Leasehold,1066,758,2,2514000,377100,8000,2899100
CASE-2026-NW-00863,Pulau Pinang,Building,Urban,Freehold,340,129,37,543000,81400,8000,632400
CASE-2026-NW-00864,Selangor,Building,Suburban,Freehold,2513,1579,34,5282000,792300,8000,6082300
CASE-2026-NW-00865,Kedah,Building,Urban,Leasehold,1689,843,13,2456000,368400,8000,2832400
CASE-2026-NW-00866,Selangor,Industry,Suburban,Leasehold,11759,5788,25,15410000,2311500,8000,17729500
CASE-2026-NW-00867,Pulau Pinang,Industry,Suburban,Leasehold,3467,3250,30,7381000,1107200,8000,8496200
CASE-2026-NW-00868,Selangor,Agriculture,Rural,Leasehold,18692,8351,20,4857000,728600,8000,5593600
CASE-2026-NW-00869,Perak,Building,Suburban,Leasehold,2350,1232,37,2720000,408000,8000,3136000
CASE-2026-NW-00870,Johor,Agriculture,Urban,Malay Reserve,7586,6634,0,3934000,590100,8000,4532100
CASE-2026-NW-00871,Melaka,Building,Suburban,Leasehold,362,231,32,549000,82400,8000,639400
CASE-2026-NW-00872,Kelantan,Building,Suburban,Freehold,890,475,6,1254000,188100,8000,1450100
CASE-2026-NW-00873,Kelantan,Agriculture,Urban,Leasehold,9855,5187,26,2554000,383100,8000,2945100
CASE-2026-NW-00874,Selangor,Building,Suburban,Leasehold,2670,2294,15,8303000,1245400,8000,9556400
CASE-2026-NW-00875,Pulau Pinang,Building,Suburban,Leasehold,646,473,7,1596000,239400,8000,1843400
CASE-2026-NW-00876,Wilayah Persekutuan Kuala Lumpur,Building,Suburban,Freehold,450,204,32,851000,127600,8000,986600
CASE-2026-NW-00877,Terengganu,Industry,Urban,Leasehold,18100,15071,16,29326000,4398900,8000,33732900
CASE-2026-NW-00878,Johor,Agriculture,Suburban,Freehold,10258,4603,0,2945000,441800,8000,3394800
CASE-2026-NW-00879,Wilayah Persekutuan Kuala Lumpur,Agriculture,Urban,Freehold,17921,16086,28,13768000,2065200,8000,15841200
CASE-2026-NW-00880,Pulau Pinang,Building,Rural,Freehold,1343,1067,38,2637000,395600,8000,3040600
CASE-2026-NW-00881,Pulau Pinang,Building,Urban,Leasehold,604,207,6,880000,132000,8000,1020000
CASE-2026-NW-00882,Selangor,Agriculture,Suburban,Leasehold,6544,4809,36,3270000,490500,8000,3768500
CASE-2026-NW-00883,Sabah,Building,Rural,Malay Reserve,1073,641,28,1243000,186400,8000,1437400
CASE-2026-NW-00884,Sabah,Building,Suburban,Freehold,1610,1351,22,3927000,589000,8000,4524000
CASE-2026-NW-00885,Johor,Building,Urban,Freehold,1666,1263,33,3815000,572200,8000,4395200
CASE-2026-NW-00886,Johor,Building,Urban,Freehold,1834,1136,39,4023000,603400,8000,4634400
CASE-2026-NW-00887,Johor,Agriculture,Rural,Freehold,17462,5437,6,3215000,482200,8000,3705200
CASE-2026-NW-00888,Wilayah Persekutuan Kuala Lumpur,Agriculture,Urban,Freehold,10859,4625,9,4436000,665400,8000,5109400
CASE-2026-NW-00889,Negeri Sembilan,Agriculture,Suburban,Malay Reserve,2059,538,24,272000,40800,8000,320800
CASE-2026-NW-00890,Pahang,Building,Suburban,Freehold,575,196,29,517000,77600,8000,602600
CASE-2026-NW-00891,Pulau Pinang,Building,Urban,Leasehold,2239,1737,9,6594000,989100,8000,7591100
CASE-2026-NW-00892,Pahang,Building,Urban,Leasehold,311,97,34,290000,43500,8000,341500
CASE-2026-NW-00893,Perlis,Industry,Suburban,Freehold,6052,4801,4,10194000,1529100,8000,11731100
CASE-2026-NW-00894,Pulau Pinang,Building,Suburban,Freehold,958,343,33,1192000,178800,8000,1378800
CASE-2026-NW-00895,Selangor,Building,Urban,Freehold,884,715,18,3175000,476200,8000,3659200
CASE-2026-NW-00896,Selangor,Industry,Suburban,Freehold,15089,13614,11,38371000,5755600,8000,44134600
CASE-2026-NW-00897,Pulau Pinang,Agriculture,Suburban,Malay Reserve,10167,4682,8,3016000,452400,8000,3476400
CASE-2026-NW-00898,Wilayah Persekutuan Putrajaya,Building,Suburban,Malay Reserve,1301,979,33,2921000,438200,8000,3367200
CASE-2026-NW-00899,Melaka,Building,Rural,Freehold,2172,610,36,1509000,226400,8000,1743400
CASE-2026-NW-00900,Selangor,Building,Suburban,Freehold,1869,1562,20,6038000,905700,8000,6951700
CASE-2026-NW-00901,Melaka,Industry,Suburban,Freehold,10270,7498,3,22117000,3317600,8000,25442600
CASE-2026-NW-00902,Selangor,Building,Urban,Leasehold,2628,1276,35,4739000,710800,8000,5457800
CASE-2026-NW-00903,Johor,Building,Suburban,Leasehold,2686,1714,32,5226000,783900,8000,6017900
CASE-2026-NW-00904,Selangor,Building,Urban,Malay Reserve,1476,1136,33,4048000,607200,8000,4663200
CASE-2026-NW-00905,Johor,Building,Rural,Leasehold,2239,1116,20,2885000,432800,8000,3325800
CASE-2026-NW-00906,Selangor,Building,Suburban,Leasehold,1829,1419,29,4797000,719600,8000,5524600
CASE-2026-NW-00907,Johor,Building,Rural,Freehold,1359,679,1,2018000,302700,8000,2328700
CASE-2026-NW-00908,Kedah,Building,Urban,Leasehold,1588,1305,16,3685000,552800,8000,4245800
CASE-2026-NW-00909,Perak,Building,Suburban,Leasehold,2323,2000,6,6319000,947800,8000,7274800
CASE-2026-NW-00910,Johor,Agriculture,Suburban,Malay Reserve,7296,1691,39,917000,137600,8000,1062600
CASE-2026-NW-00911,Selangor,Building,Urban,Freehold,2437,668,36,2998000,449700,8000,3455700
CASE-2026-NW-00912,Perak,Agriculture,Suburban,Freehold,16007,6477,18,3355000,503200,8000,3866200
CASE-2026-NW-00913,Melaka,Building,Rural,Leasehold,2547,1835,4,5411000,811600,8000,6230600
CASE-2026-NW-00914,Pulau Pinang,Agriculture,Urban,Freehold,18008,10871,20,8109000,1216400,8000,9333400
CASE-2026-NW-00915,Melaka,Building,Suburban,Freehold,2393,1455,27,4282000,642300,8000,4932300
CASE-2026-NW-00916,Perak,Building,Suburban,Malay Reserve,647,371,37,776000,116400,8000,900400
CASE-2026-NW-00917,Kelantan,Building,Rural,Freehold,1407,693,4,1806000,270900,8000,2084900
CASE-2026-NW-00918,Pulau Pinang,Building,Urban,Freehold,2353,1029,29,4018000,602700,8000,4628700
CASE-2026-NW-00919,Terengganu,Building,Urban,Freehold,2895,1921,9,6413000,962000,8000,7383000
CASE-2026-NW-00920,Johor,Building,Suburban,Freehold,2700,1745,8,6298000,944700,8000,7250700
CASE-2026-NW-00921,Selangor,Building,Suburban,Freehold,2017,1751,26,6156000,923400,8000,7087400
CASE-2026-NW-00922,Pahang,Industry,Urban,Freehold,7797,6238,29,12321000,1848200,8000,14177200
CASE-2026-NW-00923,Wilayah Persekutuan Kuala Lumpur,Building,Urban,Freehold,360,179,15,963000,144400,8000,1115400
CASE-2026-NW-00924,Perak,Agriculture,Urban,Freehold,7270,4950,22,2899000,434800,8000,3341800
CASE-2026-NW-00925,Kedah,Building,Suburban,Freehold,320,193,8,546000,81900,8000,635900
CASE-2026-NW-00926,Johor,Building,Suburban,Leasehold,2098,672,20,2237000,335600,8000,2580600
CASE-2026-NW-00927,Johor,Building,Suburban,Freehold,302,169,18,556000,83400,8000,647400
CASE-2026-NW-00928,Selangor,Agriculture,Suburban,Freehold,15119,9387,30,6494000,974100,8000,7476100
CASE-2026-NW-00929,Kedah,Agriculture,Rural,Leasehold,14833,9151,38,3502000,525300,8000,4035300
CASE-2026-NW-00930,Sarawak,Agriculture,Suburban,Malay Reserve,12387,5851,25,2743000,411400,8000,3162400
CASE-2026-NW-00931,Perak,Agriculture,Rural,Leasehold,8550,4210,10,1754000,263100,8000,2025100
CASE-2026-NW-00932,Terengganu,Industry,Suburban,Leasehold,4703,3832,25,6343000,951400,8000,7302400
CASE-2026-NW-00933,Selangor,Agriculture,Suburban,Freehold,13566,7771,21,6233000,935000,8000,7176000
CASE-2026-NW-00934,Kedah,Agriculture,Urban,Freehold,16626,11910,4,6347000,952000,8000,7307000
CASE-2026-NW-00935,Melaka,Agriculture,Suburban,Leasehold,5409,3114,31,1564000,234600,8000,1806600
CASE-2026-NW-00936,Selangor,Building,Urban,Freehold,1235,521,20,2287000,343000,8000,2638000
CASE-2026-NW-00937,Terengganu,Building,Suburban,Leasehold,877,476,4,1259000,188800,8000,1455800
CASE-2026-NW-00938,Pulau Pinang,Building,Urban,Freehold,2820,1061,16,4846000,726900,8000,5580900
CASE-2026-NW-00939,Sabah,Building,Urban,Leasehold,421,371,18,1087000,163000,8000,1258000
CASE-2026-NW-00940,Pulau Pinang,Agriculture,Urban,Freehold,7423,5080,34,3770000,565500,8000,4343500
CASE-2026-NW-00941,Kedah,Building,Rural,Freehold,1454,371,22,850000,127500,8000,985500
CASE-2026-NW-00942,Wilayah Persekutuan Kuala Lumpur,Building,Suburban,Freehold,2867,718,1,3650000,547500,8000,4205500
CASE-2026-NW-00943,Kedah,Building,Suburban,Freehold,2592,1894,38,4852000,727800,8000,5587800
CASE-2026-NW-00944,Terengganu,Building,Rural,Freehold,2093,1953,21,3953000,593000,8000,4554000
CASE-2026-NW-00945,Terengganu,Building,Urban,Leasehold,677,538,5,1835000,275200,8000,2118200
CASE-2026-NW-00946,Pulau Pinang,Industry,Suburban,Leasehold,19661,16857,32,40004000,6000600,8000,46012600
CASE-2026-NW-00947,Selangor,Industry,Rural,Freehold,20220,11507,12,28675000,4301200,8000,32984200
CASE-2026-NW-00948,Pahang,Agriculture,Urban,Freehold,18756,14411,27,7598000,1139700,8000,8745700
CASE-2026-NW-00949,Selangor,Agriculture,Urban,Leasehold,6687,2262,28,2031000,304600,8000,2343600
CASE-2026-NW-00950,Negeri Sembilan,Agriculture,Suburban,Freehold,18434,10889,39,5183000,777400,8000,5968400
CASE-2026-NW-00951,Johor,Building,Suburban,Leasehold,1767,1607,5,4734000,710100,8000,5452100
CASE-2026-NW-00952,Pulau Pinang,Building,Urban,Freehold,951,528,16,2443000,366400,8000,2817400
CASE-2026-NW-00953,Johor,Building,Suburban,Freehold,2042,1048,6,3744000,561600,8000,4313600
CASE-2026-NW-00954,Wilayah Persekutuan Kuala Lumpur,Agriculture,Rural,Leasehold,19747,14716,27,9026000,1353900,8000,10387900
CASE-2026-NW-00955,Selangor,Agriculture,Suburban,Leasehold,11758,7236,22,5124000,768600,8000,5900600
CASE-2026-NW-00956,Selangor,Agriculture,Suburban,Freehold,7494,3414,0,2779000,416800,8000,3203800
CASE-2026-NW-00957,Kedah,Agriculture,Urban,Freehold,2983,599,22,354000,53100,8000,415100
CASE-2026-NW-00958,Selangor,Building,Urban,Freehold,1850,788,1,3584000,537600,8000,4129600
CASE-2026-NW-00959,Kedah,Building,Urban,Leasehold,1192,1005,26,2448000,367200,8000,2823200
CASE-2026-NW-00960,Pahang,Building,Urban,Malay Reserve,905,580,33,1477000,221600,8000,1706600
CASE-2026-NW-00961,Kelantan,Building,Rural,Freehold,1730,640,32,1468000,220200,8000,1696200
CASE-2026-NW-00962,Johor,Industry,Urban,Freehold,24457,18306,9,56138000,8420700,8000,64566700
CASE-2026-NW-00963,Perak,Building,Rural,Freehold,2987,976,6,2651000,397600,8000,3056600
CASE-2026-NW-00964,Selangor,Building,Suburban,Freehold,1841,1436,6,5807000,871000,8000,6686000
CASE-2026-NW-00965,Melaka,Building,Rural,Freehold,1211,1063,19,2734000,410100,8000,3152100
CASE-2026-NW-00966,Johor,Agriculture,Rural,Freehold,12218,5464,18,3351000,502600,8000,3861600
CASE-2026-NW-00967,Selangor,Building,Suburban,Leasehold,2130,1607,37,4831000,724600,8000,5563600
CASE-2026-NW-00968,Melaka,Agriculture,Rural,Malay Reserve,15196,11476,32,4178000,626700,8000,4812700
CASE-2026-NW-00969,Kedah,Building,Rural,Freehold,2222,2014,4,6069000,910400,8000,6987400
CASE-2026-NW-00970,Wilayah Persekutuan Putrajaya,Building,Urban,Freehold,952,654,15,2885000,432800,8000,3325800
CASE-2026-NW-00971,Terengganu,Building,Urban,Freehold,164,132,31,362000,54300,8000,424300
CASE-2026-NW-00972,Sabah,Agriculture,Urban,Leasehold,7948,3865,7,2374000,356100,8000,2738100
CASE-2026-NW-00973,Kedah,Agriculture,Suburban,Freehold,7012,2263,0,1190000,178500,8000,1376500
CASE-2026-NW-00974,Wilayah Persekutuan Kuala Lumpur,Agriculture,Urban,Freehold,4145,2868,32,2706000,405900,8000,3119900
CASE-2026-NW-00975,Wilayah Persekutuan Kuala Lumpur,Building,Urban,Freehold,1863,1541,25,7153000,1073000,8000,8234000
CASE-2026-NW-00976,Melaka,Building,Suburban,Freehold,2728,1250,2,4593000,689000,8000,5290000
CASE-2026-NW-00977,Selangor,Agriculture,Urban,Freehold,18959,11866,38,10510000,1576500,8000,12094500
CASE-2026-NW-00978,Pulau Pinang,Agriculture,Urban,Freehold,3352,2204,35,1778000,266700,8000,2052700
CASE-2026-NW-00979,Kelantan,Industry,Suburban,Leasehold,7019,6038,18,12013000,1802000,8000,13823000
CASE-2026-NW-00980,Johor,Agriculture,Suburban,Freehold,8175,2409,19,1657000,248600,8000,1913600
CASE-2026-NW-00981,Negeri Sembilan,Agriculture,Rural,Freehold,13483,4206,7,2068000,310200,8000,2386200
CASE-2026-NW-00982,Pulau Pinang,Building,Urban,Malay Reserve,566,178,18,778000,116700,8000,902700
CASE-2026-NW-00983,Terengganu,Building,Rural,Freehold,966,772,5,2014000,302100,8000,2324100
CASE-2026-NW-00984,Melaka,Building,Urban,Freehold,1730,796,39,2585000,387800,8000,2980800
CASE-2026-NW-00985,Sarawak,Building,Urban,Malay Reserve,1930,1352,28,3784000,567600,8000,4359600
CASE-2026-NW-00986,Perak,Agriculture,Urban,Leasehold,7222,3582,37,1685000,252800,8000,1945800
CASE-2026-NW-00987,Sabah,Industry,Suburban,Freehold,3920,1355,8,3274000,491100,8000,3773100
CASE-2026-NW-00988,Selangor,Building,Suburban,Leasehold,1540,1183,20,3945000,591800,8000,4544800
CASE-2026-NW-00989,Terengganu,Agriculture,Urban,Freehold,5792,2598,31,1322000,198300,8000,1528300
CASE-2026-NW-00990,Selangor,Building,Urban,Freehold,2736,1812,10,7580000,1137000,8000,8725000
CASE-2026-NW-00991,Kedah,Building,Suburban,Freehold,413,238,20,698000,104700,8000,810700
CASE-2026-NW-00992,Selangor,Agriculture,Suburban,Freehold,18264,7126,29,5578000,836700,8000,6422700
CASE-2026-NW-00993,Kelantan,Building,Urban,Malay Reserve,841,583,14,1577000,236600,8000,1821600
CASE-2026-NW-00994,Perak,Agriculture,Urban,Freehold,18328,13167,31,6786000,1017900,8000,7811900
CASE-2026-NW-00995,Pulau Pinang,Agriculture,Urban,Malay Reserve,19825,11955,22,8036000,1205400,8000,9249400
CASE-2026-NW-00996,Perak,Building,Rural,Malay Reserve,996,664,6,1789000,268400,8000,2065400
CASE-2026-NW-00997,Pulau Pinang,Building,Urban,Freehold,1739,1024,29,4175000,626200,8000,4809200
CASE-2026-NW-00998,Terengganu,Agriculture,Rural,Freehold,3485,3077,24,1016000,152400,8000,1176400
CASE-2026-NW-00999,Selangor,Agriculture,Suburban,Leasehold,15307,9445,38,6534000,980100,8000,7522100
CASE-2026-NW-01000,Pahang,Agriculture,Suburban,Leasehold,17887,11751,19,5827000,874000,8000,6709000
CASE-2026-NW-01001,Pulau Pinang,Building,Rural,Leasehold,327,301,26,749000,112400,8000,869400
CASE-2026-NW-01002,Selangor,Building,Suburban,Freehold,2142,1751,14,6335000,950200,8000,7293200
CASE-2026-NW-01003,Melaka,Agriculture,Suburban,Leasehold,2015,832,28,436000,65400,8000,509400
CASE-2026-NW-01004,Johor,Building,Suburban,Freehold,1546,586,14,2035000,305200,8000,2348200
CASE-2026-NW-01005,Pulau Pinang,Agriculture,Suburban,Leasehold,18206,11439,23,7388000,1108200,8000,8504200
CASE-2026-NW-01006,Selangor,Building,Suburban,Freehold,296,145,28,495000,74200,8000,577200
CASE-2026-NW-01007,Pahang,Building,Rural,Freehold,1105,1006,6,2476000,371400,8000,2855400
CASE-2026-NW-01008,Selangor,Agriculture,Suburban,Freehold,4229,3131,13,2362000,354300,8000,2724300
CASE-2026-NW-01009,Johor,Agriculture,Suburban,Freehold,6131,4630,5,2978000,446700,8000,3432700
CASE-2026-NW-01010,Johor,Agriculture,Urban,Malay Reserve,19908,11786,39,7318000,1097700,8000,8423700
CASE-2026-NW-01011,Negeri Sembilan,Building,Urban,Freehold,436,143,24,477000,71600,8000,556600
CASE-2026-NW-01012,Wilayah Persekutuan Kuala Lumpur,Agriculture,Urban,Malay Reserve,18296,5605,17,5275000,791200,8000,6074200
CASE-2026-NW-01013,Selangor,Building,Suburban,Freehold,580,302,28,1092000,163800,8000,1263800
CASE-2026-NW-01014,Kedah,Agriculture,Suburban,Leasehold,19917,10780,4,5441000,816200,8000,6265200
CASE-2026-NW-01015,Selangor,Agriculture,Urban,Leasehold,2301,1985,29,1601000,240200,8000,1849200
CASE-2026-NW-01016,Pulau Pinang,Building,Urban,Malay Reserve,1627,987,39,3623000,543400,8000,4174400
CASE-2026-NW-01017,Sarawak,Industry,Suburban,Freehold,23816,19080,17,40204000,6030600,8000,46242600
CASE-2026-NW-01018,Wilayah Persekutuan Putrajaya,Agriculture,Rural,Freehold,12341,3585,36,2086000,312900,8000,2406900
CASE-2026-NW-01019,Wilayah Persekutuan Kuala Lumpur,Agriculture,Urban,Leasehold,18846,4658,19,5090000,763500,8000,5861500
CASE-2026-NW-01020,Perak,Building,Urban,Freehold,2235,1126,17,3895000,584200,8000,4487200
CASE-2026-NW-01021,Wilayah Persekutuan Kuala Lumpur,Building,Suburban,Leasehold,2493,2195,36,8612000,1291800,8000,9911800
CASE-2026-NW-01022,Melaka,Building,Rural,Freehold,2557,645,28,1908000,286200,8000,2202200
CASE-2026-NW-01023,Wilayah Persekutuan Kuala Lumpur,Building,Rural,Leasehold,1365,554,9,2168000,325200,8000,2501200
CASE-2026-NW-01024,Wilayah Persekutuan Putrajaya,Building,Suburban,Freehold,2895,883,8,3562000,534300,8000,4104300
CASE-2026-NW-01025,Johor,Building,Suburban,Freehold,1475,961,11,3223000,483400,8000,3714400
CASE-2026-NW-01026,Sarawak,Agriculture,Suburban,Malay Reserve,14755,9018,28,4388000,658200,8000,5054200
CASE-2026-NW-01027,Selangor,Agriculture,Suburban,Malay Reserve,7194,3867,39,2484000,372600,8000,2864600
CASE-2026-NW-01028,Perak,Building,Suburban,Freehold,1217,547,3,1773000,266000,8000,2047000
CASE-2026-NW-01029,Wilayah Persekutuan Kuala Lumpur,Industry,Suburban,Leasehold,18624,8331,33,24861000,3729200,8000,28598200
CASE-2026-NW-01030,Johor,Building,Urban,Freehold,1448,435,11,1799000,269800,8000,2076800
CASE-2026-NW-01031,Perak,Building,Suburban,Leasehold,1011,411,15,1229000,184400,8000,1421400
CASE-2026-NW-01032,Perak,Agriculture,Urban,Leasehold,19073,7483,18,4040000,606000,8000,4654000
CASE-2026-NW-01033,Wilayah Persekutuan Putrajaya,Agriculture,Urban,Freehold,13728,5739,6,4991000,748600,8000,5747600
CASE-2026-NW-01034,Selangor,Building,Urban,Leasehold,217,156,6,685000,102800,8000,795800
CASE-2026-NW-01035,Pahang,Industry,Suburban,Leasehold,3357,2649,15,5113000,767000,8000,5888000
CASE-2026-NW-01036,Kelantan,Agriculture,Rural,Leasehold,4455,1860,16,802000,120300,8000,930300
CASE-2026-NW-01037,Selangor,Agriculture,Suburban,Malay Reserve,11315,3602,33,2526000,378900,8000,2912900
CASE-2026-NW-01038,Kelantan,Agriculture,Suburban,Freehold,7189,2561,20,1192000,178800,8000,1378800
CASE-2026-NW-01039,Negeri Sembilan,Agriculture,Rural,Freehold,19891,7721,16,3612000,541800,8000,4161800
CASE-2026-NW-01040,Pahang,Agriculture,Urban,Leasehold,14855,9933,5,5964000,894600,8000,6866600
CASE-2026-NW-01041,Selangor,Building,Urban,Leasehold,456,328,3,1440000,216000,8000,1664000
CASE-2026-NW-01042,Pahang,Agriculture,Urban,Freehold,17837,4967,35,2982000,447300,8000,3437300
CASE-2026-NW-01043,Pulau Pinang,Building,Rural,Malay Reserve,2515,1427,4,4981000,747200,8000,5736200
CASE-2026-NW-01044,Perak,Agriculture,Urban,Freehold,13427,4246,37,2486000,372900,8000,2866900
CASE-2026-NW-01045,Melaka,Agriculture,Suburban,Freehold,18994,8456,35,4862000,729300,8000,5599300
CASE-2026-NW-01046,Selangor,Agriculture,Suburban,Freehold,13101,6199,17,4908000,736200,8000,5652200
CASE-2026-NW-01047,Melaka,Agriculture,Suburban,Leasehold,19372,13636,11,7818000,1172700,8000,8998700
CASE-2026-NW-01048,Selangor,Building,Suburban,Malay Reserve,2277,1877,37,5395000,809200,8000,6212200
CASE-2026-NW-01049,Johor,Building,Urban,Freehold,2352,675,30,2475000,371200,8000,2854200
CASE-2026-NW-01050,Melaka,Building,Suburban,Freehold,575,371,10,1126000,168900,8000,1302900
CASE-2026-NW-01051,Selangor,Industry,Rural,Malay Reserve,20093,17566,27,32214000,4832100,8000,37054100
CASE-2026-NW-01052,Perak,Building,Suburban,Malay Reserve,2037,1271,39,2713000,407000,8000,3128000
CASE-2026-NW-01053,Selangor,Agriculture,Urban,Freehold,6022,4116,21,3363000,504400,8000,3875400
CASE-2026-NW-01054,Pulau Pinang,Building,Urban,Freehold,1374,472,26,2129000,319400,8000,2456400
CASE-2026-NW-01055,Kelantan,Building,Suburban,Freehold,1523,1349,24,3356000,503400,8000,3867400
CASE-2026-NW-01056,Kedah,Agriculture,Rural,Freehold,15473,5763,31,2409000,361400,8000,2778400
CASE-2026-NW-01057,Negeri Sembilan,Agriculture,Rural,Leasehold,7017,1852,33,714000,107100,8000,829100
CASE-2026-NW-01058,Selangor,Building,Urban,Malay Reserve,934,295,32,1206000,180900,8000,1394900
CASE-2026-NW-01059,Perak,Building,Urban,Freehold,1233,1092,23,3099000,464800,8000,3571800
CASE-2026-NW-01060,Selangor,Agriculture,Suburban,Leasehold,3986,1070,12,801000,120200,8000,929200
CASE-2026-NW-01061,Kedah,Industry,Suburban,Freehold,22205,18920,2,37474000,5621100,8000,43103100
CASE-2026-NW-01062,Perlis,Agriculture,Urban,Leasehold,17397,7270,35,3644000,546600,8000,4198600
CASE-2026-NW-01063,Pulau Pinang,Agriculture,Rural,Freehold,3367,768,29,464000,69600,8000,541600
CASE-2026-NW-01064,Kedah,Agriculture,Suburban,Leasehold,13993,4749,36,2387000,358000,8000,2753000
CASE-2026-NW-01065,Negeri Sembilan,Building,Urban,Freehold,1692,1420,9,5148000,772200,8000,5928200
CASE-2026-NW-01066,Johor,Agriculture,Urban,Freehold,10966,7118,1,5388000,808200,8000,6204200
CASE-2026-NW-01067,Perak,Industry,Suburban,Freehold,6951,6183,15,12598000,1889700,8000,14495700
CASE-2026-NW-01068,Sarawak,Building,Suburban,Freehold,1027,377,17,1235000,185200,8000,1428200
CASE-2026-NW-01069,Pulau Pinang,Agriculture,Suburban,Malay Reserve,8682,5881,10,3773000,566000,8000,4347000
CASE-2026-NW-01070,Selangor,Agriculture,Rural,Leasehold,9811,3256,37,1778000,266700,8000,2052700
CASE-2026-NW-01071,Pahang,Agriculture,Suburban,Malay Reserve,11326,5142,20,2230000,334500,8000,2572500
CASE-2026-NW-01072,Johor,Building,Suburban,Freehold,1312,943,27,2653000,398000,8000,3059000
CASE-2026-NW-01073,Selangor,Industry,Rural,Freehold,1096,682,21,1664000,249600,8000,1921600
CASE-2026-NW-01074,Wilayah Persekutuan Kuala Lumpur,Building,Suburban,Freehold,2845,2491,24,9783000,1467400,8000,11258400
CASE-2026-NW-01075,Kelantan,Agriculture,Urban,Malay Reserve,3330,1119,34,543000,81400,8000,632400
CASE-2026-NW-01076,Terengganu,Building,Suburban,Freehold,1290,539,9,1426000,213900,8000,1647900
CASE-2026-NW-01077,Melaka,Agriculture,Urban,Leasehold,5149,1762,33,1244000,186600,8000,1438600
CASE-2026-NW-01078,Kedah,Industry,Suburban,Leasehold,24290,9529,23,16861000,2529200,8000,19398200
CASE-2026-NW-01079,Wilayah Persekutuan Kuala Lumpur,Agriculture,Urban,Malay Reserve,17508,13744,12,12011000,1801600,8000,13820600
CASE-2026-NW-01080,Pahang,Building,Urban,Freehold,616,516,33,1438000,215700,8000,1661700
CASE-2026-NW-01081,Melaka,Building,Rural,Freehold,1527,511,5,1688000,253200,8000,1949200
CASE-2026-NW-01082,Selangor,Building,Urban,Freehold,1074,575,11,2990000,448500,8000,3446500
CASE-2026-NW-01083,Perak,Industry,Urban,Leasehold,16710,9513,18,20617000,3092600,8000,23717600
CASE-2026-NW-01084,Selangor,Building,Suburban,Malay Reserve,2222,790,18,2806000,420900,8000,3234900
CASE-2026-NW-01085,Melaka,Building,Urban,Leasehold,1745,675,25,2413000,362000,8000,2783000
CASE-2026-NW-01086,Selangor,Building,Urban,Freehold,2356,929,30,4023000,603400,8000,4634400
CASE-2026-NW-01087,Johor,Building,Rural,Leasehold,1243,705,24,1738000,260700,8000,2006700
CASE-2026-NW-01088,Johor,Agriculture,Rural,Freehold,18476,3723,22,2105000,315800,8000,2428800
CASE-2026-NW-01089,Terengganu,Agriculture,Rural,Freehold,18653,15170,34,5584000,837600,8000,6429600
CASE-2026-NW-01090,Sabah,Building,Urban,Freehold,876,514,17,1783000,267400,8000,2058400
CASE-2026-NW-01091,Selangor,Building,Rural,Freehold,1249,687,38,1870000,280500,8000,2158500
CASE-2026-NW-01092,Perak,Agriculture,Suburban,Leasehold,10430,4808,27,2364000,354600,8000,2726600
CASE-2026-NW-01093,Selangor,Building,Rural,Leasehold,2919,1427,17,4068000,610200,8000,4686200
CASE-2026-NW-01094,Melaka,Agriculture,Suburban,Freehold,8461,5625,38,2817000,422600,8000,3247600
CASE-2026-NW-01095,Selangor,Industry,Rural,Leasehold,6952,1948,34,4385000,657800,8000,5050800
CASE-2026-NW-01096,Wilayah Persekutuan Kuala Lumpur,Agriculture,Urban,Freehold,15046,5412,7,5436000,815400,8000,6259400
CASE-2026-NW-01097,Pulau Pinang,Building,Suburban,Freehold,1102,952,14,3508000,526200,8000,4042200
CASE-2026-NW-01098,Pahang,Building,Suburban,Freehold,1017,853,15,2177000,326600,8000,2511600
CASE-2026-NW-01099,Melaka,Industry,Suburban,Malay Reserve,5113,2513,15,6072000,910800,8000,6990800
CASE-2026-NW-01100,Kedah,Agriculture,Urban,Freehold,14606,8422,1,5106000,765900,8000,5879900
CASE-2026-NW-01101,Johor,Building,Urban,Freehold,399,198,25,779000,116800,8000,903800
CASE-2026-NW-01102,Wilayah Persekutuan Kuala Lumpur,Building,Suburban,Freehold,1269,698,27,2702000,405300,8000,3115300
CASE-2026-NW-01103,Selangor,Building,Suburban,Freehold,2215,1471,20,4963000,744400,8000,5715400
CASE-2026-NW-01104,Wilayah Persekutuan Kuala Lumpur,Building,Urban,Leasehold,175,60,19,284000,42600,8000,334600
CASE-2026-NW-01105,Negeri Sembilan,Building,Rural,Freehold,323,154,13,436000,65400,8000,509400
CASE-2026-NW-01106,Selangor,Industry,Rural,Malay Reserve,22541,17099,2,44659000,6698800,8000,51365800
CASE-2026-NW-01107,Kelantan,Agriculture,Urban,Freehold,12285,3289,24,1900000,285000,8000,2193000
CASE-2026-NW-01108,Pulau Pinang,Building,Suburban,Malay Reserve,1671,1455,32,4455000,668200,8000,5131200
CASE-2026-NW-01109,Perak,Agriculture,Suburban,Leasehold,9006,3206,17,1554000,233100,8000,1795100
CASE-2026-NW-01110,Kelantan,Agriculture,Urban,Leasehold,16437,13385,27,6346000,951900,8000,7305900
CASE-2026-NW-01111,Melaka,Industry,Rural,Leasehold,1753,487,13,1008000,151200,8000,1167200
CASE-2026-NW-01112,Kelantan,Building,Suburban,Freehold,2141,976,3,3014000,452100,8000,3474100
CASE-2026-NW-01113,Selangor,Building,Suburban,Leasehold,1047,877,15,3246000,486900,8000,3740900
CASE-2026-NW-01114,Kelantan,Industry,Rural,Freehold,23184,14402,16,26282000,3942300,8000,30232300
CASE-2026-NW-01115,Johor,Building,Rural,Leasehold,1738,1513,5,4123000,618400,8000,4749400
CASE-2026-NW-01116,Wilayah Persekutuan Kuala Lumpur,Building,Urban,Leasehold,1489,1066,4,4980000,747000,8000,5735000
CASE-2026-NW-01117,Perak,Agriculture,Suburban,Leasehold,7976,5184,1,2604000,390600,8000,3002600
CASE-2026-NW-01118,Pulau Pinang,Agriculture,Suburban,Freehold,17425,14666,23,9163000,1374400,8000,10545400
CASE-2026-NW-01119,Pulau Pinang,Building,Rural,Malay Reserve,2304,2055,13,4900000,735000,8000,5643000
CASE-2026-NW-01120,Johor,Building,Urban,Malay Reserve,1210,370,1,1306000,195900,8000,1509900
CASE-2026-NW-01121,Johor,Building,Rural,Leasehold,1228,705,30,1839000,275800,8000,2122800
CASE-2026-NW-01122,Perak,Industry,Suburban,Freehold,12471,11535,28,20887000,3133000,8000,24028000
CASE-2026-NW-01123,Johor,Industry,Urban,Freehold,18570,13080,27,35804000,5370600,8000,41182600
CASE-2026-NW-01124,Johor,Agriculture,Suburban,Leasehold,9276,2664,34,1713000,257000,8000,1978000
CASE-2026-NW-01125,Wilayah Persekutuan Kuala Lumpur,Building,Urban,Freehold,737,400,22,1713000,257000,8000,1978000
CASE-2026-NW-01126,Pulau Pinang,Industry,Rural,Leasehold,22390,17809,9,42795000,6419200,8000,49222200
CASE-2026-NW-01127,Pulau Pinang,Building,Urban,Leasehold,1017,263,36,1041000,156200,8000,1205200
CASE-2026-NW-01128,Melaka,Building,Urban,Leasehold,315,269,31,758000,113700,8000,879700
CASE-2026-NW-01129,Sabah,Agriculture,Urban,Freehold,12828,5507,18,3294000,494100,8000,3796100
CASE-2026-NW-01130,Selangor,Agriculture,Urban,Freehold,2198,1177,12,981000,147200,8000,1136200
CASE-2026-NW-01131,Negeri Sembilan,Agriculture,Rural,Freehold,8001,5416,17,2452000,367800,8000,2827800
CASE-2026-NW-01132,Johor,Agriculture,Suburban,Leasehold,16834,11011,2,5902000,885300,8000,6795300
CASE-2026-NW-01133,Melaka,Agriculture,Suburban,Freehold,4099,1274,24,804000,120600,8000,932600
CASE-2026-NW-01134,Selangor,Agriculture,Urban,Freehold,13189,6986,37,6000000,900000,8000,6908000
CASE-2026-NW-01135,Selangor,Building,Rural,Freehold,1585,639,39,1861000,279200,8000,2148200
CASE-2026-NW-01136,Perak,Building,Suburban,Freehold,1673,1061,38,2528000,379200,8000,2915200
CASE-2026-NW-01137,Pahang,Agriculture,Urban,Leasehold,18021,13700,20,7189000,1078400,8000,8275400
CASE-2026-NW-01138,Kedah,Industry,Suburban,Freehold,3909,3122,25,6648000,997200,8000,7653200
CASE-2026-NW-01139,Selangor,Agriculture,Urban,Freehold,4078,2920,5,2629000,394400,8000,3031400
CASE-2026-NW-01140,Johor,Building,Rural,Leasehold,636,421,25,1199000,179800,8000,1386800
CASE-2026-NW-01141,Johor,Agriculture,Suburban,Leasehold,4207,2597,18,1734000,260100,8000,2002100
CASE-2026-NW-01142,Negeri Sembilan,Building,Suburban,Leasehold,1060,679,24,1802000,270300,8000,2080300
CASE-2026-NW-01143,Johor,Agriculture,Urban,Leasehold,14262,9975,23,6729000,1009400,8000,7746400
CASE-2026-NW-01144,Pulau Pinang,Building,Suburban,Freehold,2499,2021,37,6110000,916500,8000,7034500
CASE-2026-NW-01145,Selangor,Agriculture,Urban,Leasehold,8052,3277,39,2831000,424600,8000,3263600
CASE-2026-NW-01146,Sarawak,Agriculture,Urban,Freehold,19136,10502,0,7322000,1098300,8000,8428300
CASE-2026-NW-01147,Wilayah Persekutuan Labuan,Agriculture,Urban,Freehold,12301,10964,6,7014000,1052100,8000,8074100
CASE-2026-NW-01148,Johor,Agriculture,Rural,Freehold,4397,2612,6,1297000,194600,8000,1499600
CASE-2026-NW-01149,Wilayah Persekutuan Labuan,Agriculture,Suburban,Freehold,7564,4704,38,2468000,370200,8000,2846200
CASE-2026-NW-01150,Selangor,Agriculture,Suburban,Leasehold,15583,8197,23,4918000,737700,8000,5663700
CASE-2026-NW-01151,Wilayah Persekutuan Kuala Lumpur,Agriculture,Urban,Freehold,11455,4445,38,4241000,636200,8000,4885200
CASE-2026-NW-01152,Selangor,Industry,Suburban,Malay Reserve,23410,6159,25,18655000,2798200,8000,21461200
CASE-2026-NW-01153,Sarawak,Building,Urban,Freehold,2306,1482,1,5514000,827100,8000,6349100
CASE-2026-NW-01154,Perak,Agriculture,Suburban,Leasehold,10474,5563,32,2339000,350800,8000,2697800
CASE-2026-NW-01155,Wilayah Persekutuan Putrajaya,Industry,Urban,Leasehold,2579,1435,29,3909000,586400,8000,4503400
CASE-2026-NW-01156,Kelantan,Industry,Rural,Freehold,9573,6708,27,8552000,1282800,8000,9842800
CASE-2026-NW-01157,Johor,Industry,Rural,Freehold,11177,6738,13,15124000,2268600,8000,17400600
CASE-2026-NW-01158,Selangor,Building,Suburban,Leasehold,1168,324,25,1257000,188600,8000,1453600
CASE-2026-NW-01159,Kedah,Agriculture,Suburban,Leasehold,7014,2079,27,1044000,156600,8000,1208600
CASE-2026-NW-01160,Perlis,Agriculture,Rural,Leasehold,15047,13538,5,5380000,807000,8000,6195000
CASE-2026-NW-01161,Wilayah Persekutuan Kuala Lumpur,Building,Rural,Leasehold,2013,736,19,2793000,419000,8000,3220000
CASE-2026-NW-01162,Selangor,Agriculture,Suburban,Freehold,15150,4655,35,3329000,499400,8000,3836400
CASE-2026-NW-01163,Kedah,Industry,Urban,Leasehold,13139,9507,25,20297000,3044600,8000,23349600
CASE-2026-NW-01164,Pulau Pinang,Building,Urban,Freehold,2403,1266,32,4925000,738800,8000,5671800
CASE-2026-NW-01165,Selangor,Building,Urban,Freehold,1608,1201,38,4546000,681900,8000,5235900
CASE-2026-NW-01166,Johor,Agriculture,Suburban,Freehold,15344,8488,7,5418000,812700,8000,6238700
CASE-2026-NW-01167,Pulau Pinang,Building,Rural,Leasehold,592,451,1,1446000,216900,8000,1670900
CASE-2026-NW-01168,Selangor,Agriculture,Urban,Leasehold,5541,2564,6,2193000,329000,8000,2530000
CASE-2026-NW-01169,Wilayah Persekutuan Kuala Lumpur,Agriculture,Suburban,Leasehold,4039,938,25,799000,119800,8000,926800
CASE-2026-NW-01170,Pulau Pinang,Building,Urban,Freehold,484,302,10,1200000,180000,8000,1388000
CASE-2026-NW-01171,Pulau Pinang,Industry,Suburban,Leasehold,19012,11014,21,31208000,4681200,8000,35897200
CASE-2026-NW-01172,Kelantan,Agriculture,Suburban,Leasehold,18401,11819,14,5539000,830800,8000,6377800
CASE-2026-NW-01173,Sabah,Building,Rural,Freehold,1790,898,26,2168000,325200,8000,2501200
CASE-2026-NW-01174,Wilayah Persekutuan Kuala Lumpur,Building,Suburban,Freehold,1216,700,4,2974000,446100,8000,3428100
CASE-2026-NW-01175,Kedah,Agriculture,Urban,Freehold,11972,8008,16,4791000,718600,8000,5517600
CASE-2026-NW-01176,Johor,Building,Urban,Freehold,427,259,19,1039000,155800,8000,1202800
CASE-2026-NW-01177,Johor,Building,Suburban,Leasehold,2974,1817,19,5776000,866400,8000,6650400
CASE-2026-NW-01178,Melaka,Agriculture,Suburban,Leasehold,15491,3527,38,2065000,309800,8000,2382800
CASE-2026-NW-01179,Pulau Pinang,Building,Suburban,Leasehold,2075,965,14,3815000,572200,8000,4395200
CASE-2026-NW-01180,Kelantan,Agriculture,Rural,Leasehold,15959,6423,13,2318000,347700,8000,2673700
CASE-2026-NW-01181,Pulau Pinang,Agriculture,Suburban,Freehold,11888,6880,10,5130000,769500,8000,5907500
CASE-2026-NW-01182,Selangor,Building,Suburban,Freehold,167,131,21,467000,70000,8000,545000
CASE-2026-NW-01183,Selangor,Industry,Urban,Freehold,14759,10369,15,34921000,5238200,8000,40167200
CASE-2026-NW-01184,Kedah,Building,Suburban,Freehold,1160,564,28,1393000,209000,8000,1610000
CASE-2026-NW-01185,Selangor,Building,Suburban,Freehold,1201,849,10,3236000,485400,8000,3729400
CASE-2026-NW-01186,Sabah,Building,Rural,Freehold,2657,1067,5,2593000,389000,8000,2990000
CASE-2026-NW-01187,Perak,Building,Suburban,Leasehold,2320,2062,23,5868000,880200,8000,6756200
CASE-2026-NW-01188,Perak,Agriculture,Urban,Freehold,13333,11695,37,5680000,852000,8000,6540000
CASE-2026-NW-01189,Selangor,Agriculture,Suburban,Freehold,2307,1907,13,1436000,215400,8000,1659400
CASE-2026-NW-01190,Pahang,Building,Rural,Leasehold,1257,664,13,1565000,234800,8000,1807800
CASE-2026-NW-01191,Selangor,Building,Suburban,Malay Reserve,1955,1412,5,5469000,820400,8000,6297400
CASE-2026-NW-01192,Kedah,Building,Rural,Freehold,2888,1092,13,2751000,412600,8000,3171600
CASE-2026-NW-01193,Selangor,Agriculture,Urban,Freehold,11241,3278,30,3011000,451600,8000,3470600
CASE-2026-NW-01194,Pahang,Agriculture,Suburban,Freehold,2042,914,25,465000,69800,8000,542800
CASE-2026-NW-01195,Pulau Pinang,Building,Suburban,Leasehold,2059,1667,27,5235000,785200,8000,6028200
CASE-2026-NW-01196,Selangor,Agriculture,Urban,Malay Reserve,4808,3680,29,2668000,400200,8000,3076200
CASE-2026-NW-01197,Kelantan,Building,Urban,Leasehold,2446,1493,36,3971000,595600,8000,4574600
CASE-2026-NW-01198,Melaka,Building,Urban,Freehold,207,122,31,398000,59700,8000,465700
CASE-2026-NW-01199,Johor,Agriculture,Urban,Leasehold,15108,9305,16,6573000,986000,8000,7567000
CASE-2026-NW-01200,Selangor,Building,Rural,Leasehold,1475,1136,37,2982000,447300,8000,3437300
CASE-2026-NW-01201,Johor,Agriculture,Urban,Leasehold,9560,3151,5,2414000,362100,8000,2784100
CASE-2026-NW-01202,Selangor,Building,Suburban,Leasehold,1463,614,25,2366000,354900,8000,2728900
CASE-2026-NW-01203,Selangor,Agriculture,Urban,Leasehold,3454,1179,26,1013000,152000,8000,1173000
CASE-2026-NW-01204,Selangor,Building,Suburban,Leasehold,2254,1791,14,6591000,988600,8000,7587600
CASE-2026-NW-01205,Selangor,Building,Urban,Leasehold,404,138,38,604000,90600,8000,702600
CASE-2026-NW-01206,Kelantan,Agriculture,Suburban,Leasehold,10493,7736,7,3313000,497000,8000,3818000
CASE-2026-NW-01207,Selangor,Agriculture,Rural,Freehold,8468,3704,7,2593000,389000,8000,2990000
CASE-2026-NW-01208,Johor,Building,Urban,Freehold,269,117,18,456000,68400,8000,532400
CASE-2026-NW-01209,Wilayah Persekutuan Kuala Lumpur,Agriculture,Suburban,Freehold,11063,9509,17,6052000,907800,8000,6967800
CASE-2026-NW-01210,Perak,Industry,Suburban,Freehold,19383,16339,18,29190000,4378500,8000,33576500
CASE-2026-NW-01211,Selangor,Building,Suburban,Malay Reserve,405,199,34,642000,96300,8000,746300
CASE-2026-NW-01212,Selangor,Building,Rural,Freehold,2706,2440,15,7561000,1134200,8000,8703200
CASE-2026-NW-01213,Sabah,Agriculture,Rural,Leasehold,8230,5062,19,2021000,303200,8000,2332200
CASE-2026-NW-01214,Selangor,Building,Suburban,Freehold,2810,1126,28,4152000,622800,8000,4782800
CASE-2026-NW-01215,Selangor,Agriculture,Suburban,Leasehold,17867,4446,13,3576000,536400,8000,4120400
CASE-2026-NW-01216,Melaka,Industry,Urban,Leasehold,5618,2410,30,5672000,850800,8000,6530800
CASE-2026-NW-01217,Wilayah Persekutuan Kuala Lumpur,Building,Rural,Freehold,593,507,13,1867000,280000,8000,2155000
CASE-2026-NW-01218,Sabah,Building,Urban,Leasehold,2887,1917,39,5185000,777800,8000,5970800
CASE-2026-NW-01219,Sarawak,Industry,Rural,Leasehold,18460,15553,2,28057000,4208600,8000,32273600
CASE-2026-NW-01220,Pahang,Agriculture,Rural,Freehold,17208,10090,11,4537000,680600,8000,5225600
CASE-2026-NW-01221,Johor,Agriculture,Rural,Freehold,15749,6643,34,3330000,499500,8000,3837500
CASE-2026-NW-01222,Selangor,Industry,Urban,Leasehold,23172,19233,25,53695000,8054200,8000,61757200
CASE-2026-NW-01223,Pulau Pinang,Building,Urban,Leasehold,1193,1118,31,3799000,569800,8000,4376800
CASE-2026-NW-01224,Melaka,Agriculture,Rural,Freehold,5304,4609,28,1831000,274600,8000,2113600
CASE-2026-NW-01225,Wilayah Persekutuan Kuala Lumpur,Industry,Suburban,Freehold,6444,4264,33,12432000,1864800,8000,14304800
CASE-2026-NW-01226,Kedah,Agriculture,Urban,Malay Reserve,18327,6607,13,3705000,555800,8000,4268800
CASE-2026-NW-01227,Selangor,Agriculture,Suburban,Freehold,14442,11809,33,8214000,1232100,8000,9454100
CASE-2026-NW-01228,Perak,Building,Suburban,Freehold,1715,433,15,1526000,228900,8000,1762900
CASE-2026-NW-01229,Wilayah Persekutuan Kuala Lumpur,Building,Urban,Freehold,2209,1958,27,8442000,1266300,8000,9716300
CASE-2026-NW-01230,Johor,Industry,Suburban,Freehold,2206,1795,29,3790000,568500,8000,4366500
CASE-2026-NW-01231,Selangor,Agriculture,Suburban,Freehold,12439,7434,6,5956000,893400,8000,6857400
CASE-2026-NW-01232,Kelantan,Building,Suburban,Freehold,2760,1805,33,4188000,628200,8000,4824200
CASE-2026-NW-01233,Pulau Pinang,Agriculture,Urban,Leasehold,3001,1887,5,1727000,259000,8000,1994000
CASE-2026-NW-01234,Johor,Agriculture,Suburban,Leasehold,14340,7934,36,4599000,689800,8000,5296800
CASE-2026-NW-01235,Pahang,Building,Urban,Leasehold,2914,793,36,2284000,342600,8000,2634600
CASE-2026-NW-01236,Terengganu,Building,Rural,Malay Reserve,719,216,27,417000,62600,8000,487600
CASE-2026-NW-01237,Johor,Building,Suburban,Freehold,1210,342,38,1117000,167600,8000,1292600
CASE-2026-NW-01238,Wilayah Persekutuan Kuala Lumpur,Agriculture,Suburban,Freehold,4697,3195,25,2483000,372400,8000,2863400
CASE-2026-NW-01239,Selangor,Building,Urban,Freehold,2681,1009,18,4638000,695700,8000,5341700
CASE-2026-NW-01240,Johor,Agriculture,Urban,Leasehold,3633,809,28,639000,95800,8000,742800
CASE-2026-NW-01241,Wilayah Persekutuan Kuala Lumpur,Agriculture,Rural,Leasehold,15332,12557,29,7207000,1081000,8000,8296000
CASE-2026-NW-01242,Johor,Building,Rural,Leasehold,2566,1137,7,3686000,552900,8000,4246900
CASE-2026-NW-01243,Selangor,Agriculture,Rural,Freehold,16182,8753,5,5584000,837600,8000,6429600
CASE-2026-NW-01244,Johor,Building,Suburban,Leasehold,425,282,16,910000,136500,8000,1054500
CASE-2026-NW-01245,Wilayah Persekutuan Putrajaya,Building,Suburban,Freehold,1142,325,36,1184000,177600,8000,1369600
CASE-2026-NW-01246,Kelantan,Building,Rural,Freehold,1985,759,36,1425000,213800,8000,1646800
CASE-2026-NW-01247,Johor,Agriculture,Rural,Leasehold,18488,8604,33,3602000,540300,8000,4150300
CASE-2026-NW-01248,Negeri Sembilan,Agriculture,Suburban,Freehold,12553,5297,20,2683000,402400,8000,3093400
CASE-2026-NW-01249,Pulau Pinang,Building,Urban,Freehold,2266,734,28,3116000,467400,8000,3591400
CASE-2026-NW-01250,Kedah,Building,Suburban,Freehold,2609,749,38,1908000,286200,8000,2202200
CASE-2026-NW-01251,Melaka,Building,Suburban,Freehold,1296,816,17,2637000,395600,8000,3040600
CASE-2026-NW-01252,Wilayah Persekutuan Kuala Lumpur,Agriculture,Suburban,Freehold,10403,7015,6,5687000,853000,8000,6548000
CASE-2026-NW-01253,Melaka,Building,Rural,Freehold,653,471,4,1214000,182100,8000,1404100
CASE-2026-NW-01254,Pulau Pinang,Industry,Suburban,Leasehold,13382,7385,16,18533000,2780000,8000,21321000
CASE-2026-NW-01255,Wilayah Persekutuan Kuala Lumpur,Building,Urban,Malay Reserve,1585,871,6,3846000,576900,8000,4430900
CASE-2026-NW-01256,Melaka,Agriculture,Rural,Freehold,13988,5761,25,2600000,390000,8000,2998000
CASE-2026-NW-01257,Negeri Sembilan,Building,Urban,Leasehold,2297,1526,5,4749000,712400,8000,5469400
CASE-2026-NW-01258,Selangor,Building,Suburban,Leasehold,1774,855,36,2860000,429000,8000,3297000
CASE-2026-NW-01259,Selangor,Building,Urban,Malay Reserve,1512,1106,25,4283000,642400,8000,4933400
CASE-2026-NW-01260,Perak,Agriculture,Rural,Leasehold,19907,12559,9,4801000,720200,8000,5529200
CASE-2026-NW-01261,Perak,Agriculture,Rural,Leasehold,16152,9301,34,3272000,490800,8000,3770800
CASE-2026-NW-01262,Sabah,Industry,Urban,Freehold,11045,6158,9,14771000,2215600,8000,16994600
CASE-2026-NW-01263,Pulau Pinang,Agriculture,Urban,Freehold,3281,2185,27,1739000,260800,8000,2007800
CASE-2026-NW-01264,Pahang,Building,Rural,Malay Reserve,2876,1503,1,3366000,504900,8000,3878900
CASE-2026-NW-01265,Perak,Building,Rural,Freehold,2983,1451,29,3099000,464800,8000,3571800
CASE-2026-NW-01266,Wilayah Persekutuan Kuala Lumpur,Building,Suburban,Freehold,248,107,11,466000,69900,8000,543900
CASE-2026-NW-01267,Wilayah Persekutuan Kuala Lumpur,Building,Rural,Freehold,2358,1160,39,3505000,525800,8000,4038800
CASE-2026-NW-01268,Pulau Pinang,Building,Suburban,Leasehold,2692,831,21,3105000,465800,8000,3578800
CASE-2026-NW-01269,Pulau Pinang,Building,Urban,Leasehold,1785,627,18,2741000,411200,8000,3160200
CASE-2026-NW-01270,Selangor,Building,Suburban,Freehold,1150,940,15,3752000,562800,8000,4322800
CASE-2026-NW-01271,Pahang,Building,Rural,Freehold,2916,2061,20,5254000,788100,8000,6050100
CASE-2026-NW-01272,Negeri Sembilan,Building,Rural,Leasehold,2945,2307,17,5953000,893000,8000,6854000
CASE-2026-NW-01273,Sabah,Agriculture,Suburban,Freehold,15586,4912,7,2785000,417800,8000,3210800
CASE-2026-NW-01274,Melaka,Building,Urban,Freehold,1723,1298,37,4173000,626000,8000,4807000
CASE-2026-NW-01275,Johor,Building,Urban,Freehold,2549,866,2,4015000,602200,8000,4625200
CASE-2026-NW-01276,Kelantan,Industry,Urban,Leasehold,16381,13793,32,25002000,3750300,8000,28760300
CASE-2026-NW-01277,Melaka,Building,Urban,Freehold,2772,1020,10,3819000,572800,8000,4399800
CASE-2026-NW-01278,Selangor,Agriculture,Urban,Freehold,18533,15674,0,12556000,1883400,8000,14447400
CASE-2026-NW-01279,Melaka,Industry,Urban,Freehold,2705,1725,12,4791000,718600,8000,5517600
CASE-2026-NW-01280,Perak,Industry,Urban,Leasehold,13176,9991,30,19882000,2982300,8000,22872300
CASE-2026-NW-01281,Selangor,Agriculture,Suburban,Freehold,3832,1812,30,1311000,196600,8000,1515600
CASE-2026-NW-01282,Selangor,Industry,Urban,Freehold,13994,11291,23,36840000,5526000,8000,42374000
CASE-2026-NW-01283,Sabah,Agriculture,Urban,Freehold,7671,3292,11,2262000,339300,8000,2609300
CASE-2026-NW-01284,Selangor,Agriculture,Urban,Malay Reserve,2407,1135,13,888000,133200,8000,1029200
CASE-2026-NW-01285,Negeri Sembilan,Building,Suburban,Freehold,1448,676,18,2182000,327300,8000,2517300
CASE-2026-NW-01286,Selangor,Industry,Rural,Freehold,5949,2665,12,6645000,996800,8000,7649800
CASE-2026-NW-01287,Wilayah Persekutuan Kuala Lumpur,Building,Urban,Freehold,2420,1636,2,7650000,1147500,8000,8805500
CASE-2026-NW-01288,Johor,Agriculture,Suburban,Leasehold,16561,7780,36,4674000,701100,8000,5383100
CASE-2026-NW-01289,Selangor,Industry,Urban,Leasehold,1288,1032,33,2898000,434700,8000,3340700
CASE-2026-NW-01290,Selangor,Agriculture,Urban,Freehold,19412,14823,32,13250000,1987500,8000,15245500
CASE-2026-NW-01291,Johor,Building,Rural,Freehold,414,235,20,757000,113600,8000,878600
CASE-2026-NW-01292,Negeri Sembilan,Agriculture,Suburban,Freehold,3910,2929,26,1422000,213300,8000,1643300
CASE-2026-NW-01293,Perak,Building,Urban,Freehold,2617,1635,32,4836000,725400,8000,5569400
CASE-2026-NW-01294,Terengganu,Building,Urban,Freehold,1258,623,3,2241000,336200,8000,2585200
CASE-2026-NW-01295,Melaka,Industry,Suburban,Freehold,9909,6112,18,14962000,2244300,8000,17214300
CASE-2026-NW-01296,Johor,Building,Rural,Freehold,1149,608,16,1842000,276300,8000,2126300
CASE-2026-NW-01297,Johor,Building,Urban,Malay Reserve,443,200,36,678000,101700,8000,787700
CASE-2026-NW-01298,Selangor,Building,Rural,Freehold,2434,1730,8,5941000,891200,8000,6840200
CASE-2026-NW-01299,Johor,Building,Suburban,Malay Reserve,871,426,22,1385000,207800,8000,1600800
CASE-2026-NW-01300,Selangor,Building,Urban,Freehold,967,361,11,1837000,275600,8000,2120600
CASE-2026-NW-01301,Sabah,Building,Urban,Freehold,1001,536,2,1927000,289000,8000,2224000
CASE-2026-NW-01302,Perlis,Agriculture,Urban,Freehold,16210,8564,33,4695000,704200,8000,5407200
CASE-2026-NW-01303,Wilayah Persekutuan Kuala Lumpur,Building,Suburban,Leasehold,678,218,28,862000,129300,8000,999300
CASE-2026-NW-01304,Kedah,Agriculture,Suburban,Malay Reserve,16652,5983,27,2618000,392700,8000,3018700
CASE-2026-NW-01305,Pulau Pinang,Industry,Urban,Leasehold,6244,4498,11,12819000,1922800,8000,14749800
CASE-2026-NW-01306,Perlis,Agriculture,Suburban,Leasehold,3811,1896,28,860000,129000,8000,997000
CASE-2026-NW-01307,Wilayah Persekutuan Kuala Lumpur,Agriculture,Rural,Leasehold,7875,2081,27,1494000,224100,8000,1726100
CASE-2026-NW-01308,Wilayah Persekutuan Kuala Lumpur,Industry,Urban,Freehold,24347,16528,32,54981000,8247200,8000,63236200
CASE-2026-NW-01309,Melaka,Building,Suburban,Freehold,1722,831,16,2544000,381600,8000,2933600
CASE-2026-NW-01310,Johor,Building,Rural,Freehold,565,159,27,444000,66600,8000,518600
CASE-2026-NW-01311,Pulau Pinang,Building,Rural,Freehold,1625,1174,14,3888000,583200,8000,4479200
CASE-2026-NW-01312,Wilayah Persekutuan Kuala Lumpur,Agriculture,Suburban,Leasehold,3362,2243,1,1843000,276400,8000,2127400
CASE-2026-NW-01313,Negeri Sembilan,Agriculture,Rural,Leasehold,4176,2813,12,1108000,166200,8000,1282200
CASE-2026-NW-01314,Kedah,Building,Suburban,Freehold,1392,702,29,1739000,260800,8000,2007800
CASE-2026-NW-01315,Selangor,Agriculture,Suburban,Freehold,12060,6779,29,5539000,830800,8000,6377800
CASE-2026-NW-01316,Kelantan,Agriculture,Suburban,Freehold,3668,3194,3,1643000,246400,8000,1897400
CASE-2026-NW-01317,Terengganu,Agriculture,Rural,Freehold,17428,13500,12,5524000,828600,8000,6360600
CASE-2026-NW-01318,Perlis,Building,Rural,Malay Reserve,2220,717,34,1353000,203000,8000,1564000
CASE-2026-NW-01319,Pulau Pinang,Building,Suburban,Freehold,1736,562,23,2075000,311200,8000,2394200
CASE-2026-NW-01320,Wilayah Persekutuan Kuala Lumpur,Agriculture,Urban,Freehold,9883,3833,25,3599000,539800,8000,4146800
CASE-2026-NW-01321,Sarawak,Industry,Suburban,Malay Reserve,9002,6128,13,10686000,1602900,8000,12296900
CASE-2026-NW-01322,Sabah,Industry,Rural,Leasehold,11078,7128,15,10969000,1645400,8000,12622400
CASE-2026-NW-01323,Selangor,Building,Rural,Freehold,2994,2799,18,8370000,1255500,8000,9633500
CASE-2026-NW-01324,Perak,Agriculture,Urban,Leasehold,18323,9660,18,5228000,784200,8000,6020200
CASE-2026-NW-01325,Kelantan,Building,Suburban,Freehold,2749,1096,8,2807000,421000,8000,3236000
CASE-2026-NW-01326,Johor,Agriculture,Suburban,Leasehold,10977,4501,9,3063000,459400,8000,3530400
CASE-2026-NW-01327,Selangor,Building,Suburban,Leasehold,573,392,12,1454000,218100,8000,1680100
CASE-2026-NW-01328,Pulau Pinang,Building,Suburban,Freehold,1406,1132,39,3407000,511000,8000,3926000
CASE-2026-NW-01329,Johor,Building,Urban,Freehold,800,724,25,2399000,359800,8000,2766800
CASE-2026-NW-01330,Wilayah Persekutuan Kuala Lumpur,Building,Rural,Malay Reserve,1113,679,5,2439000,365800,8000,2812800
CASE-2026-NW-01331,Pulau Pinang,Building,Suburban,Freehold,337,172,21,635000,95200,8000,738200
CASE-2026-NW-01332,Terengganu,Building,Rural,Freehold,1576,1177,32,2466000,369900,8000,2843900
CASE-2026-NW-01333,Wilayah Persekutuan Kuala Lumpur,Agriculture,Suburban,Freehold,13090,5232,27,4143000,621400,8000,4772400
CASE-2026-NW-01334,Negeri Sembilan,Agriculture,Urban,Malay Reserve,9257,4708,32,2591000,388600,8000,2987600
CASE-2026-NW-01335,Selangor,Building,Suburban,Freehold,1874,1762,10,6055000,908200,8000,6971200
CASE-2026-NW-01336,Johor,Agriculture,Suburban,Freehold,15519,5159,39,3135000,470200,8000,3613200
CASE-2026-NW-01337,Selangor,Building,Suburban,Freehold,1813,980,20,3600000,540000,8000,4148000
CASE-2026-NW-01338,Pulau Pinang,Agriculture,Suburban,Freehold,17612,12419,39,7343000,1101400,8000,8452400
CASE-2026-NW-01339,Kelantan,Building,Urban,Leasehold,1115,295,6,843000,126400,8000,977400
CASE-2026-NW-01340,Selangor,Agriculture,Rural,Leasehold,19167,8091,19,4207000,631000,8000,4846000
CASE-2026-NW-01341,Pulau Pinang,Building,Suburban,Leasehold,2679,1295,30,4438000,665700,8000,5111700
CASE-2026-NW-01342,Johor,Agriculture,Suburban,Freehold,17432,6127,0,4630000,694500,8000,5332500
CASE-2026-NW-01343,Johor,Building,Suburban,Leasehold,1779,1617,2,5674000,851100,8000,6533100
CASE-2026-NW-01344,Perak,Agriculture,Urban,Leasehold,3007,1721,1,914000,137100,8000,1059100
CASE-2026-NW-01345,Selangor,Building,Urban,Leasehold,1012,937,36,3529000,529400,8000,4066400
CASE-2026-NW-01346,Wilayah Persekutuan Kuala Lumpur,Building,Rural,Freehold,787,360,39,1233000,185000,8000,1426000
CASE-2026-NW-01347,Kelantan,Building,Urban,Freehold,1810,799,9,2591000,388600,8000,2987600
CASE-2026-NW-01348,Pulau Pinang,Agriculture,Urban,Leasehold,12201,2477,3,2273000,341000,8000,2622000
CASE-2026-NW-01349,Selangor,Agriculture,Rural,Freehold,17590,12919,39,6932000,1039800,8000,7979800
CASE-2026-NW-01350,Johor,Building,Urban,Leasehold,733,591,3,2210000,331500,8000,2549500
CASE-2026-NW-01351,Terengganu,Building,Urban,Leasehold,2679,1320,10,3896000,584400,8000,4488400
CASE-2026-NW-01352,Wilayah Persekutuan Putrajaya,Building,Urban,Leasehold,1831,1382,28,4775000,716200,8000,5499200
CASE-2026-NW-01353,Pahang,Industry,Rural,Freehold,24931,22884,31,34450000,5167500,8000,39625500
CASE-2026-NW-01354,Kedah,Building,Urban,Freehold,1336,450,21,1506000,225900,8000,1739900
CASE-2026-NW-01355,Selangor,Agriculture,Suburban,Malay Reserve,13292,5470,12,3669000,550400,8000,4227400
CASE-2026-NW-01356,Selangor,Building,Suburban,Freehold,1811,468,9,2156000,323400,8000,2487400
CASE-2026-NW-01357,Johor,Building,Suburban,Freehold,1782,1030,10,3259000,488800,8000,3755800
CASE-2026-NW-01358,Selangor,Agriculture,Urban,Freehold,2746,1828,28,1502000,225300,8000,1735300
CASE-2026-NW-01359,Terengganu,Agriculture,Rural,Freehold,5937,1363,19,513000,77000,8000,598000
CASE-2026-NW-01360,Kedah,Building,Urban,Freehold,887,427,13,1391000,208600,8000,1607600
CASE-2026-NW-01361,Selangor,Building,Urban,Freehold,2339,2113,27,8199000,1229800,8000,9436800
CASE-2026-NW-01362,Perak,Building,Suburban,Malay Reserve,2494,2348,14,5160000,774000,8000,5942000
CASE-2026-NW-01363,Terengganu,Agriculture,Suburban,Leasehold,8718,5788,2,2924000,438600,8000,3370600
CASE-2026-NW-01364,Perlis,Building,Suburban,Freehold,1281,1102,33,2447000,367000,8000,2822000
CASE-2026-NW-01365,Wilayah Persekutuan Kuala Lumpur,Building,Urban,Freehold,1123,856,28,3749000,562400,8000,4319400
CASE-2026-NW-01366,Selangor,Industry,Urban,Freehold,11058,5031,31,16481000,2472200,8000,18961200
CASE-2026-NW-01367,Perak,Building,Suburban,Freehold,2444,1322,19,3220000,483000,8000,3711000
CASE-2026-NW-01368,Perak,Agriculture,Suburban,Freehold,3846,2729,33,1239000,185800,8000,1432800
CASE-2026-NW-01369,Wilayah Persekutuan Labuan,Building,Urban,Freehold,1554,1223,15,4103000,615400,8000,4726400
CASE-2026-NW-01370,Perak,Building,Suburban,Freehold,1196,650,38,1698000,254700,8000,1960700
CASE-2026-NW-01371,Wilayah Persekutuan Kuala Lumpur,Building,Rural,Freehold,1679,1210,27,3610000,541500,8000,4159500
CASE-2026-NW-01372,Kedah,Building,Suburban,Leasehold,2604,921,21,2509000,376400,8000,2893400
CASE-2026-NW-01373,Perlis,Industry,Suburban,Leasehold,21180,14465,10,30804000,4620600,8000,35432600
CASE-2026-NW-01374,Pulau Pinang,Agriculture,Suburban,Freehold,14015,7852,34,5742000,861300,8000,6611300
CASE-2026-NW-01375,Kelantan,Agriculture,Rural,Freehold,16436,13929,13,4691000,703600,8000,5402600
CASE-2026-NW-01376,Johor,Agriculture,Suburban,Freehold,11342,5449,23,3229000,484400,8000,3721400
CASE-2026-NW-01377,Perlis,Building,Urban,Malay Reserve,1842,1244,27,3284000,492600,8000,3784600
CASE-2026-NW-01378,Kelantan,Building,Suburban,Freehold,1167,384,4,1235000,185200,8000,1428200
CASE-2026-NW-01379,Wilayah Persekutuan Kuala Lumpur,Agriculture,Suburban,Freehold,2013,691,11,646000,96900,8000,750900
CASE-2026-NW-01380,Selangor,Building,Urban,Leasehold,1605,1124,1,4623000,693400,8000,5324400
CASE-2026-NW-01381,Selangor,Building,Suburban,Malay Reserve,1905,1174,36,3837000,575600,8000,4420600
CASE-2026-NW-01382,Perak,Industry,Suburban,Malay Reserve,20267,9251,2,20006000,3000900,8000,23014900
CASE-2026-NW-01383,Pahang,Building,Suburban,Leasehold,189,161,37,341000,51200,8000,400200
CASE-2026-NW-01384,Melaka,Building,Suburban,Malay Reserve,2287,1968,22,5563000,834400,8000,6405400
CASE-2026-NW-01385,Wilayah Persekutuan Kuala Lumpur,Building,Suburban,Freehold,283,262,13,1151000,172600,8000,1331600
CASE-2026-NW-01386,Kelantan,Agriculture,Urban,Leasehold,14243,4725,38,2493000,374000,8000,2875000
CASE-2026-NW-01387,Perak,Building,Rural,Freehold,577,475,13,987000,148000,8000,1143000
CASE-2026-NW-01388,Johor,Building,Suburban,Malay Reserve,1844,559,9,2046000,306900,8000,2360900
CASE-2026-NW-01389,Pulau Pinang,Building,Rural,Freehold,1567,883,2,2833000,425000,8000,3266000
CASE-2026-NW-01390,Negeri Sembilan,Building,Suburban,Leasehold,1435,956,32,2286000,342900,8000,2636900
CASE-2026-NW-01391,Negeri Sembilan,Agriculture,Rural,Freehold,4272,1213,29,484000,72600,8000,564600
CASE-2026-NW-01392,Pulau Pinang,Industry,Urban,Leasehold,2741,1721,11,5237000,785600,8000,6030600
CASE-2026-NW-01393,Perak,Building,Rural,Freehold,1069,343,21,719000,107800,8000,834800
CASE-2026-NW-01394,Kedah,Building,Suburban,Freehold,1989,740,1,2306000,345900,8000,2659900
CASE-2026-NW-01395,Pahang,Building,Suburban,Freehold,1426,629,36,1718000,257700,8000,1983700
CASE-2026-NW-01396,Wilayah Persekutuan Kuala Lumpur,Agriculture,Suburban,Freehold,14504,6145,13,5418000,812700,8000,6238700
CASE-2026-NW-01397,Kelantan,Agriculture,Suburban,Leasehold,13899,12048,24,4814000,722100,8000,5544100
CASE-2026-NW-01398,Pahang,Building,Suburban,Freehold,471,188,36,495000,74200,8000,577200
CASE-2026-NW-01399,Negeri Sembilan,Building,Urban,Leasehold,1146,739,33,2074000,311100,8000,2393100
CASE-2026-NW-01400,Selangor,Building,Suburban,Freehold,1191,980,3,4167000,625000,8000,4800000
CASE-2026-NW-01401,Pahang,Agriculture,Suburban,Leasehold,13596,9948,0,5701000,855200,8000,6564200
CASE-2026-NW-01402,Kedah,Agriculture,Urban,Freehold,3046,2181,29,1030000,154500,8000,1192500
CASE-2026-NW-01403,Selangor,Building,Rural,Leasehold,2434,884,33,2437000,365600,8000,2810600
CASE-2026-NW-01404,Perak,Building,Rural,Freehold,2146,1257,12,2911000,436600,8000,3355600
CASE-2026-NW-01405,Kelantan,Agriculture,Suburban,Freehold,10453,2439,15,1167000,175000,8000,1350000
CASE-2026-NW-01406,Johor,Agriculture,Urban,Leasehold,14307,8281,26,6214000,932100,8000,7154100
CASE-2026-NW-01407,Wilayah Persekutuan Putrajaya,Agriculture,Urban,Malay Reserve,12552,9294,28,6507000,976000,8000,7491000
CASE-2026-NW-01408,Wilayah Persekutuan Labuan,Building,Suburban,Freehold,1519,681,24,1936000,290400,8000,2234400
CASE-2026-NW-01409,Pulau Pinang,Agriculture,Suburban,Malay Reserve,4187,1080,21,681000,102200,8000,791200
CASE-2026-NW-01410,Johor,Building,Rural,Leasehold,1826,1313,4,4145000,621800,8000,4774800
CASE-2026-NW-01411,Selangor,Agriculture,Suburban,Freehold,17992,12907,12,9402000,1410300,8000,10820300
CASE-2026-NW-01412,Negeri Sembilan,Building,Suburban,Freehold,2439,2116,7,6137000,920600,8000,7065600
CASE-2026-NW-01413,Selangor,Building,Urban,Leasehold,2949,1478,21,5839000,875800,8000,6722800
CASE-2026-NW-01414,Terengganu,Agriculture,Urban,Freehold,19767,6215,1,4047000,607000,8000,4662000
CASE-2026-NW-01415,Perak,Industry,Urban,Freehold,15878,5862,6,15889000,2383400,8000,18280400
CASE-2026-NW-01416,Kedah,Building,Rural,Freehold,316,185,5,568000,85200,8000,661200
CASE-2026-NW-01417,Pulau Pinang,Building,Urban,Freehold,2986,2283,33,8527000,1279000,8000,9814000
CASE-2026-NW-01418,Selangor,Agriculture,Urban,Malay Reserve,3409,844,14,683000,102400,8000,793400
CASE-2026-NW-01419,Selangor,Agriculture,Rural,Malay Reserve,8544,4761,33,2439000,365800,8000,2812800
CASE-2026-NW-01420,Perak,Agriculture,Suburban,Freehold,4484,2120,0,1017000,152600,8000,1177600
CASE-2026-NW-01421,Selangor,Building,Urban,Freehold,2106,1561,30,6698000,1004700,8000,7710700
CASE-2026-NW-01422,Selangor,Building,Urban,Freehold,2716,2446,18,9509000,1426400,8000,10943400
CASE-2026-NW-01423,Kelantan,Agriculture,Rural,Leasehold,14459,6910,28,2584000,387600,8000,2979600
CASE-2026-NW-01424,Negeri Sembilan,Industry,Urban,Freehold,19438,7789,3,22441000,3366200,8000,25815200
CASE-2026-NW-01425,Kedah,Building,Urban,Freehold,1406,880,13,3022000,453300,8000,3483300
CASE-2026-NW-01426,Negeri Sembilan,Building,Urban,Freehold,612,425,30,1164000,174600,8000,1346600
CASE-2026-NW-01427,Melaka,Building,Suburban,Freehold,2659,1276,7,4117000,617600,8000,4742600
CASE-2026-NW-01428,Melaka,Building,Suburban,Leasehold,1649,800,19,2447000,367000,8000,2822000
CASE-2026-NW-01429,Johor,Building,Suburban,Freehold,2759,1482,33,4368000,655200,8000,5031200
CASE-2026-NW-01430,Selangor,Building,Suburban,Freehold,1697,1146,17,3774000,566100,8000,4348100
CASE-2026-NW-01431,Selangor,Industry,Suburban,Freehold,8328,6025,6,19561000,2934200,8000,22503200
CASE-2026-NW-01432,Johor,Agriculture,Rural,Freehold,8667,3884,8,1981000,297200,8000,2286200
CASE-2026-NW-01433,Perak,Agriculture,Rural,Leasehold,13638,3822,2,1632000,244800,8000,1884800
CASE-2026-NW-01434,Pahang,Building,Urban,Freehold,2266,1666,1,6022000,903300,8000,6933300
CASE-2026-NW-01435,Pahang,Building,Suburban,Freehold,215,156,17,460000,69000,8000,537000
CASE-2026-NW-01436,Johor,Agriculture,Suburban,Freehold,16611,9072,26,5513000,827000,8000,6348000
CASE-2026-NW-01437,Pulau Pinang,Building,Rural,Freehold,1921,729,24,2405000,360800,8000,2773800
CASE-2026-NW-01438,Kelantan,Agriculture,Suburban,Leasehold,11158,9131,1,4062000,609300,8000,4679300
CASE-2026-NW-01439,Pulau Pinang,Building,Rural,Leasehold,2398,1546,3,5170000,775500,8000,5953500
CASE-2026-NW-01440,Pahang,Building,Suburban,Freehold,956,559,36,1340000,201000,8000,1549000
CASE-2026-NW-01441,Sabah,Building,Urban,Freehold,503,317,13,1067000,160000,8000,1235000
CASE-2026-NW-01442,Negeri Sembilan,Building,Suburban,Leasehold,1010,283,19,939000,140800,8000,1087800
CASE-2026-NW-01443,Terengganu,Building,Rural,Freehold,1686,841,23,2146000,321900,8000,2475900
CASE-2026-NW-01444,Pulau Pinang,Agriculture,Suburban,Malay Reserve,6482,4526,32,2953000,443000,8000,3404000
CASE-2026-NW-01445,Johor,Agriculture,Suburban,Freehold,7039,4772,13,2906000,435900,8000,3349900
CASE-2026-NW-01446,Johor,Building,Urban,Leasehold,2763,2573,2,9286000,1392900,8000,10686900
CASE-2026-NW-01447,Wilayah Persekutuan Labuan,Building,Rural,Leasehold,1031,603,9,1393000,209000,8000,1610000
CASE-2026-NW-01448,Johor,Agriculture,Urban,Leasehold,9624,6295,4,4344000,651600,8000,5003600
CASE-2026-NW-01449,Melaka,Industry,Suburban,Malay Reserve,18478,6878,13,16224000,2433600,8000,18665600
CASE-2026-NW-01450,Selangor,Building,Rural,Freehold,2098,1872,7,5985000,897800,8000,6890800
CASE-2026-NW-01451,Pahang,Building,Urban,Freehold,522,337,10,1048000,157200,8000,1213200
CASE-2026-NW-01452,Selangor,Building,Urban,Freehold,2748,1341,7,6506000,975900,8000,7489900
CASE-2026-NW-01453,Perak,Agriculture,Urban,Leasehold,15079,4542,15,2519000,377800,8000,2904800
CASE-2026-NW-01454,Selangor,Agriculture,Suburban,Freehold,12624,10309,34,6995000,1049200,8000,8052200
CASE-2026-NW-01455,Pahang,Agriculture,Suburban,Leasehold,11400,3452,21,1693000,254000,8000,1955000
CASE-2026-NW-01456,Melaka,Agriculture,Suburban,Freehold,2457,1125,6,691000,103600,8000,802600
CASE-2026-NW-01457,Terengganu,Building,Urban,Freehold,656,309,24,895000,134200,8000,1037200
CASE-2026-NW-01458,Johor,Building,Suburban,Malay Reserve,1620,1421,2,4616000,692400,8000,5316400
CASE-2026-NW-01459,Pulau Pinang,Agriculture,Suburban,Leasehold,6920,5152,17,3306000,495900,8000,3809900
CASE-2026-NW-01460,Kedah,Industry,Rural,Freehold,20467,11244,28,16675000,2501200,8000,19184200
CASE-2026-NW-01461,Pahang,Building,Rural,Freehold,2104,1056,38,1875000,281200,8000,2164200
CASE-2026-NW-01462,Wilayah Persekutuan Kuala Lumpur,Building,Suburban,Freehold,1574,799,38,2886000,432900,8000,3326900
CASE-2026-NW-01463,Selangor,Building,Suburban,Leasehold,2145,617,29,2265000,339800,8000,2612800
CASE-2026-NW-01464,Wilayah Persekutuan Kuala Lumpur,Building,Suburban,Freehold,2953,2108,6,9492000,1423800,8000,10923800
CASE-2026-NW-01465,Kedah,Building,Rural,Freehold,504,414,34,915000,137200,8000,1060200
CASE-2026-NW-01466,Perak,Building,Urban,Freehold,2194,1534,24,4219000,632800,8000,4859800
CASE-2026-NW-01467,Terengganu,Agriculture,Urban,Malay Reserve,5525,1783,9,958000,143700,8000,1109700
CASE-2026-NW-01468,Negeri Sembilan,Building,Urban,Leasehold,185,86,10,276000,41400,8000,325400
CASE-2026-NW-01469,Wilayah Persekutuan Putrajaya,Building,Rural,Leasehold,440,239,7,774000,116100,8000,898100
CASE-2026-NW-01470,Selangor,Agriculture,Rural,Freehold,11992,7343,16,4037000,605600,8000,4650600
CASE-2026-NW-01471,Negeri Sembilan,Agriculture,Suburban,Leasehold,5384,4285,8,2111000,316600,8000,2435600
CASE-2026-NW-01472,Negeri Sembilan,Industry,Rural,Leasehold,23300,10225,34,16829000,2524400,8000,19361400
CASE-2026-NW-01473,Pulau Pinang,Building,Urban,Freehold,834,217,33,806000,120900,8000,934900
CASE-2026-NW-01474,Kedah,Industry,Suburban,Freehold,1951,533,17,1090000,163500,8000,1261500
CASE-2026-NW-01475,Selangor,Building,Rural,Leasehold,1849,685,9,2357000,353600,8000,2718600
CASE-2026-NW-01476,Selangor,Building,Rural,Malay Reserve,1008,901,1,2930000,439500,8000,3377500
CASE-2026-NW-01477,Wilayah Persekutuan Kuala Lumpur,Building,Urban,Leasehold,1863,526,2,2689000,403400,8000,3100400
CASE-2026-NW-01478,Kelantan,Building,Suburban,Freehold,2390,1922,31,3906000,585900,8000,4499900
CASE-2026-NW-01479,Wilayah Persekutuan Kuala Lumpur,Agriculture,Suburban,Freehold,19023,9351,24,8260000,1239000,8000,9507000
CASE-2026-NW-01480,Selangor,Agriculture,Suburban,Leasehold,16244,4453,2,3358000,503700,8000,3869700
CASE-2026-NW-01481,Kedah,Agriculture,Urban,Leasehold,3989,3158,16,1708000,256200,8000,1972200
CASE-2026-NW-01482,Melaka,Building,Suburban,Freehold,1007,905,38,2117000,317600,8000,2442600
CASE-2026-NW-01483,Pulau Pinang,Agriculture,Rural,Leasehold,10671,4714,27,2600000,390000,8000,2998000
CASE-2026-NW-01484,Selangor,Building,Rural,Leasehold,1892,698,15,2185000,327800,8000,2520800
CASE-2026-NW-01485,Perak,Building,Rural,Leasehold,2999,1316,14,2592000,388800,8000,2988800
CASE-2026-NW-01486,Kedah,Building,Suburban,Leasehold,2010,508,18,1608000,241200,8000,1857200
CASE-2026-NW-01487,Sarawak,Building,Urban,Freehold,526,417,31,1340000,201000,8000,1549000
CASE-2026-NW-01488,Selangor,Building,Suburban,Freehold,2672,1855,18,7286000,1092900,8000,8386900
CASE-2026-NW-01489,Selangor,Agriculture,Urban,Leasehold,9364,2567,22,2329000,349400,8000,2686400
CASE-2026-NW-01490,Pahang,Agriculture,Urban,Freehold,3291,1148,27,702000,105300,8000,815300
CASE-2026-NW-01491,Pulau Pinang,Agriculture,Suburban,Leasehold,13898,9280,20,6083000,912400,8000,7003400
CASE-2026-NW-01492,Sarawak,Agriculture,Urban,Freehold,17369,13554,29,7566000,1134900,8000,8708900
CASE-2026-NW-01493,Selangor,Building,Urban,Freehold,646,549,21,2319000,347800,8000,2674800
CASE-2026-NW-01494,Selangor,Agriculture,Urban,Leasehold,14044,6870,34,5568000,835200,8000,6411200
CASE-2026-NW-01495,Selangor,Building,Suburban,Leasehold,533,218,9,957000,143600,8000,1108600
CASE-2026-NW-01496,Negeri Sembilan,Building,Urban,Leasehold,2416,2028,5,6821000,1023200,8000,7852200
CASE-2026-NW-01497,Selangor,Building,Suburban,Leasehold,2973,2418,38,7547000,1132000,8000,8687000
CASE-2026-NW-01498,Perlis,Agriculture,Suburban,Leasehold,12426,6025,4,3050000,457500,8000,3515500
CASE-2026-NW-01499,Terengganu,Building,Urban,Freehold,1361,618,37,1692000,253800,8000,1953800
CASE-2026-NW-01500,Selangor,Agriculture,Suburban,Leasehold,2652,1657,5,1213000,182000,8000,1403000
CASE-2026-NW-01501,Pahang,Industry,Suburban,Leasehold,24816,7679,4,16789000,2518400,8000,19315400
CASE-2026-NW-01502,Sabah,Building,Urban,Leasehold,1688,1227,21,3237000,485600,8000,3730600
CASE-2026-NW-01503,Melaka,Building,Urban,Freehold,1266,1144,10,3804000,570600,8000,4382600
CASE-2026-NW-01504,Melaka,Industry,Suburban,Freehold,10723,7169,5,17375000,2606200,8000,19989200
CASE-2026-NW-01505,Selangor,Building,Rural,Freehold,1699,429,34,1367000,205000,8000,1580000
CASE-2026-NW-01506,Selangor,Building,Urban,Leasehold,1556,721,17,2890000,433500,8000,3331500
CASE-2026-NW-01507,Negeri Sembilan,Agriculture,Urban,Freehold,4471,1655,33,1009000,151400,8000,1168400
CASE-2026-NW-01508,Melaka,Agriculture,Urban,Freehold,5868,4833,18,2971000,445600,8000,3424600
CASE-2026-NW-01509,Selangor,Building,Urban,Leasehold,1426,733,9,3502000,525300,8000,4035300
CASE-2026-NW-01510,Terengganu,Building,Urban,Freehold,670,171,11,537000,80600,8000,625600
CASE-2026-NW-01511,Pulau Pinang,Building,Urban,Malay Reserve,2746,1798,8,6850000,1027500,8000,7885500
CASE-2026-NW-01512,Melaka,Building,Suburban,Leasehold,2379,1771,19,5189000,778400,8000,5975400
CASE-2026-NW-01513,Pahang,Building,Rural,Leasehold,1636,763,1,2006000,300900,8000,2314900
CASE-2026-NW-01514,Johor,Industry,Urban,Freehold,2332,1607,6,4960000,744000,8000,5712000
CASE-2026-NW-01515,Selangor,Industry,Rural,Freehold,23493,12985,4,32984000,4947600,8000,37939600
CASE-2026-NW-01516,Johor,Building,Urban,Leasehold,1791,661,13,2560000,384000,8000,2952000
CASE-2026-NW-01517,Perak,Agriculture,Urban,Freehold,7037,5914,5,3083000,462400,8000,3553400
CASE-2026-NW-01518,Terengganu,Building,Urban,Leasehold,168,105,30,275000,41200,8000,324200
CASE-2026-NW-01519,Sabah,Building,Rural,Freehold,1650,1381,20,2928000,439200,8000,3375200
CASE-2026-NW-01520,Pulau Pinang,Agriculture,Suburban,Leasehold,12601,7878,14,5123000,768400,8000,5899400
CASE-2026-NW-01521,Perak,Building,Urban,Leasehold,1867,1179,33,3209000,481400,8000,3698400
CASE-2026-NW-01522,Kelantan,Building,Urban,Malay Reserve,1893,1749,21,4456000,668400,8000,5132400
CASE-2026-NW-01523,Johor,Agriculture,Suburban,Freehold,19289,13417,2,7573000,1136000,8000,8717000
CASE-2026-NW-01524,Johor,Building,Suburban,Leasehold,1135,808,23,2214000,332100,8000,2554100
CASE-2026-NW-01525,Wilayah Persekutuan Kuala Lumpur,Agriculture,Rural,Malay Reserve,19643,13666,20,7219000,1082800,8000,8309800
CASE-2026-NW-01526,Perak,Agriculture,Urban,Leasehold,4324,3028,6,1525000,228800,8000,1761800
CASE-2026-NW-01527,Terengganu,Industry,Urban,Freehold,15816,7352,4,17302000,2595300,8000,19905300
CASE-2026-NW-01528,Pahang,Agriculture,Suburban,Leasehold,17546,12132,12,5730000,859500,8000,6597500
CASE-2026-NW-01529,Johor,Agriculture,Urban,Leasehold,9438,2128,10,1758000,263700,8000,2029700
CASE-2026-NW-01530,Pahang,Building,Rural,Freehold,1874,1767,10,3821000,573200,8000,4402200
CASE-2026-NW-01531,Wilayah Persekutuan Putrajaya,Building,Urban,Freehold,2982,1675,23,6908000,1036200,8000,7952200
CASE-2026-NW-01532,Kedah,Building,Suburban,Freehold,1444,874,2,2535000,380200,8000,2923200
CASE-2026-NW-01533,Negeri Sembilan,Agriculture,Rural,Freehold,11740,3838,26,1732000,259800,8000,1999800
CASE-2026-NW-01534,Wilayah Persekutuan Kuala Lumpur,Agriculture,Suburban,Freehold,5677,3515,21,2763000,414400,8000,3185400
CASE-2026-NW-01535,Kedah,Industry,Urban,Freehold,2061,584,25,1351000,202600,8000,1561600
CASE-2026-NW-01536,Wilayah Persekutuan Kuala Lumpur,Building,Urban,Freehold,151,131,35,567000,85000,8000,660000
CASE-2026-NW-01537,Johor,Agriculture,Suburban,Freehold,13783,8247,11,5943000,891400,8000,6842400
CASE-2026-NW-01538,Pahang,Building,Suburban,Leasehold,1285,619,36,1372000,205800,8000,1585800
CASE-2026-NW-01539,Selangor,Building,Rural,Leasehold,2700,1569,15,4733000,710000,8000,5451000
CASE-2026-NW-01540,Negeri Sembilan,Building,Suburban,Freehold,2282,1966,37,4872000,730800,8000,5610800
CASE-2026-NW-01541,Negeri Sembilan,Building,Urban,Freehold,1648,1469,23,4447000,667000,8000,5122000
CASE-2026-NW-01542,Johor,Building,Urban,Malay Reserve,477,249,4,918000,137700,8000,1063700
CASE-2026-NW-01543,Perak,Industry,Urban,Freehold,12775,5358,23,13619000,2042800,8000,15669800
CASE-2026-NW-01544,Melaka,Agriculture,Urban,Freehold,19786,10425,16,6060000,909000,8000,6977000
CASE-2026-NW-01545,Selangor,Building,Urban,Freehold,1834,1374,12,6597000,989600,8000,7594600
CASE-2026-NW-01546,Perak,Agriculture,Suburban,Freehold,16247,14401,29,6091000,913600,8000,7012600
CASE-2026-NW-01547,Wilayah Persekutuan Kuala Lumpur,Industry,Rural,Freehold,5967,1718,19,4290000,643500,8000,4941500
CASE-2026-NW-01548,Negeri Sembilan,Building,Suburban,Freehold,2401,1423,13,3973000,596000,8000,4577000
CASE-2026-NW-01549,Melaka,Agriculture,Suburban,Freehold,19689,6376,3,4194000,629100,8000,4831100
CASE-2026-NW-01550,Wilayah Persekutuan Putrajaya,Agriculture,Urban,Leasehold,16769,14649,17,10773000,1616000,8000,12397000
CASE-2026-NW-01551,Kedah,Building,Urban,Leasehold,1481,852,18,2198000,329700,8000,2535700
CASE-2026-NW-01552,Melaka,Building,Rural,Malay Reserve,811,424,2,1202000,180300,8000,1390300
CASE-2026-NW-01553,Wilayah Persekutuan Kuala Lumpur,Building,Suburban,Freehold,2191,1646,31,6101000,915200,8000,7024200
CASE-2026-NW-01554,Wilayah Persekutuan Kuala Lumpur,Building,Suburban,Malay Reserve,1028,623,13,2555000,383200,8000,2946200
CASE-2026-NW-01555,Terengganu,Building,Suburban,Leasehold,2648,2025,20,4208000,631200,8000,4847200
CASE-2026-NW-01556,Selangor,Building,Urban,Malay Reserve,266,129,20,541000,81200,8000,630200
CASE-2026-NW-01557,Wilayah Persekutuan Kuala Lumpur,Agriculture,Urban,Freehold,14923,5092,23,5109000,766400,8000,5883400
CASE-2026-NW-01558,Selangor,Agriculture,Suburban,Leasehold,2845,1367,6,1002000,150300,8000,1160300
CASE-2026-NW-01559,Kedah,Industry,Suburban,Freehold,15744,8612,7,17842000,2676300,8000,20526300
CASE-2026-NW-01560,Selangor,Building,Suburban,Leasehold,603,175,3,800000,120000,8000,928000
CASE-2026-NW-01561,Wilayah Persekutuan Kuala Lumpur,Industry,Suburban,Leasehold,3631,1448,5,4738000,710700,8000,5456700
CASE-2026-NW-01562,Sarawak,Building,Rural,Leasehold,1797,1478,38,3080000,462000,8000,3550000
CASE-2026-NW-01563,Selangor,Agriculture,Urban,Leasehold,2061,1742,36,1348000,202200,8000,1558200
CASE-2026-NW-01564,Pulau Pinang,Building,Urban,Freehold,2794,972,11,4717000,707600,8000,5432600
CASE-2026-NW-01565,Selangor,Industry,Urban,Freehold,24614,14459,20,44610000,6691500,8000,51309500
CASE-2026-NW-01566,Kelantan,Building,Urban,Freehold,1665,708,28,1798000,269700,8000,2075700
CASE-2026-NW-01567,Terengganu,Agriculture,Rural,Freehold,2815,1618,21,598000,89700,8000,695700
CASE-2026-NW-01568,Selangor,Building,Suburban,Freehold,2125,1134,37,4259000,638800,8000,4905800
CASE-2026-NW-01569,Johor,Industry,Urban,Freehold,9678,7877,26,21651000,3247600,8000,24906600
CASE-2026-NW-01570,Pulau Pinang,Agriculture,Urban,Freehold,8999,2835,39,2362000,354300,8000,2724300
CASE-2026-NW-01571,Pulau Pinang,Agriculture,Urban,Malay Reserve,3611,1682,26,1254000,188100,8000,1450100
CASE-2026-NW-01572,Terengganu,Agriculture,Rural,Freehold,7342,3100,10,1163000,174400,8000,1345400
CASE-2026-NW-01573,Terengganu,Agriculture,Suburban,Freehold,14527,7349,33,3254000,488100,8000,3750100
CASE-2026-NW-01574,Wilayah Persekutuan Kuala Lumpur,Building,Urban,Freehold,314,175,7,866000,129900,8000,1003900
CASE-2026-NW-01575,Negeri Sembilan,Building,Urban,Leasehold,208,121,30,382000,57300,8000,447300
CASE-2026-NW-01576,Perak,Building,Rural,Leasehold,1924,1281,1,3369000,505400,8000,3882400
CASE-2026-NW-01577,Johor,Building,Urban,Freehold,2388,1628,22,5487000,823000,8000,6318000
CASE-2026-NW-01578,Perak,Agriculture,Urban,Freehold,13355,11660,28,6363000,954400,8000,7325400
CASE-2026-NW-01579,Pulau Pinang,Building,Urban,Freehold,1330,351,13,1767000,265000,8000,2040000
CASE-2026-NW-01580,Selangor,Agriculture,Suburban,Leasehold,10584,6592,34,4445000,666800,8000,5119800
CASE-2026-NW-01581,Kelantan,Agriculture,Rural,Leasehold,10539,6431,9,2119000,317800,8000,2444800
CASE-2026-NW-01582,Selangor,Agriculture,Urban,Leasehold,5902,1293,1,1282000,192300,8000,1482300
CASE-2026-NW-01583,Wilayah Persekutuan Kuala Lumpur,Agriculture,Urban,Leasehold,2951,1886,6,1713000,257000,8000,1978000
CASE-2026-NW-01584,Johor,Agriculture,Urban,Freehold,2529,2249,39,1537000,230600,8000,1775600
CASE-2026-NW-01585,Selangor,Building,Rural,Leasehold,1748,1232,38,3123000,468400,8000,3599400
CASE-2026-NW-01586,Melaka,Building,Urban,Freehold,368,288,1,1048000,157200,8000,1213200
CASE-2026-NW-01587,Pahang,Building,Urban,Malay Reserve,661,230,8,709000,106400,8000,823400
CASE-2026-NW-01588,Wilayah Persekutuan Kuala Lumpur,Building,Urban,Freehold,1827,1141,23,5240000,786000,8000,6034000
CASE-2026-NW-01589,Pulau Pinang,Agriculture,Urban,Freehold,16055,11053,1,8432000,1264800,8000,9704800
CASE-2026-NW-01590,Selangor,Agriculture,Urban,Freehold,18158,6389,25,6200000,930000,8000,7138000
CASE-2026-NW-01591,Perak,Agriculture,Rural,Leasehold,2030,521,3,233000,35000,8000,276000
CASE-2026-NW-01592,Wilayah Persekutuan Kuala Lumpur,Building,Suburban,Freehold,747,270,7,1273000,191000,8000,1472000
CASE-2026-NW-01593,Sarawak,Building,Urban,Freehold,780,241,2,854000,128100,8000,990100
CASE-2026-NW-01594,Perlis,Building,Rural,Leasehold,814,766,13,1615000,242200,8000,1865200
CASE-2026-NW-01595,Kelantan,Building,Suburban,Freehold,2430,1969,38,4459000,668800,8000,5135800
CASE-2026-NW-01596,Johor,Building,Urban,Freehold,2141,1200,11,5188000,778200,8000,5974200
CASE-2026-NW-01597,Selangor,Building,Urban,Freehold,2327,2159,9,9540000,1431000,8000,10979000
CASE-2026-NW-01598,Johor,Agriculture,Suburban,Freehold,17827,13715,5,8346000,1251900,8000,9605900
CASE-2026-NW-01599,Pahang,Agriculture,Urban,Leasehold,15155,13366,21,6581000,987200,8000,7576200
CASE-2026-NW-01600,Perak,Agriculture,Urban,Freehold,16940,10832,3,6883000,1032400,8000,7923400
CASE-2026-NW-01601,Kelantan,Building,Suburban,Leasehold,307,263,8,693000,104000,8000,805000
CASE-2026-NW-01602,Kelantan,Building,Rural,Freehold,2150,1040,16,2397000,359600,8000,2764600
CASE-2026-NW-01603,Johor,Industry,Suburban,Leasehold,3990,1060,16,2574000,386100,8000,2968100
CASE-2026-NW-01604,Kelantan,Building,Rural,Freehold,387,149,19,345000,51800,8000,404800
CASE-2026-NW-01605,Wilayah Persekutuan Kuala Lumpur,Building,Rural,Freehold,774,632,28,2006000,300900,8000,2314900
CASE-2026-NW-01606,Wilayah Persekutuan Kuala Lumpur,Agriculture,Suburban,Malay Reserve,18322,3697,22,2917000,437600,8000,3362600
CASE-2026-NW-01607,Pahang,Building,Urban,Freehold,928,588,33,1573000,236000,8000,1817000
CASE-2026-NW-01608,Wilayah Persekutuan Kuala Lumpur,Agriculture,Suburban,Freehold,14072,6258,0,6096000,914400,8000,7018400
CASE-2026-NW-01609,Wilayah Persekutuan Kuala Lumpur,Agriculture,Suburban,Leasehold,3712,2108,19,1452000,217800,8000,1677800
CASE-2026-NW-01610,Johor,Building,Urban,Malay Reserve,684,588,5,2156000,323400,8000,2487400
CASE-2026-NW-01611,Selangor,Building,Suburban,Freehold,1588,1418,7,5069000,760400,8000,5837400
CASE-2026-NW-01612,Sabah,Agriculture,Suburban,Freehold,2750,885,5,569000,85400,8000,662400
CASE-2026-NW-01613,Sabah,Building,Suburban,Freehold,1508,377,18,1130000,169500,8000,1307500
CASE-2026-NW-01614,Selangor,Building,Suburban,Freehold,394,244,33,865000,129800,8000,1002800
CASE-2026-NW-01615,Negeri Sembilan,Industry,Suburban,Freehold,10486,6212,18,12338000,1850700,8000,14196700
CASE-2026-NW-01616,Johor,Industry,Urban,Leasehold,2751,1054,34,2697000,404600,8000,3109600
CASE-2026-NW-01617,Selangor,Industry,Urban,Freehold,23721,18150,5,70401000,10560200,8000,80969200
CASE-2026-NW-01618,Pulau Pinang,Building,Urban,Freehold,1651,1162,15,5163000,774400,8000,5945400
CASE-2026-NW-01619,Melaka,Building,Suburban,Freehold,751,192,18,672000,100800,8000,780800
CASE-2026-NW-01620,Wilayah Persekutuan Kuala Lumpur,Building,Urban,Freehold,2693,1865,23,8995000,1349200,8000,10352200
CASE-2026-NW-01621,Pulau Pinang,Agriculture,Suburban,Freehold,17852,10707,31,7539000,1130800,8000,8677800
CASE-2026-NW-01622,Selangor,Agriculture,Suburban,Freehold,6860,3422,13,2476000,371400,8000,2855400
CASE-2026-NW-01623,Pulau Pinang,Building,Rural,Freehold,350,205,27,518000,77700,8000,603700
CASE-2026-NW-01624,Negeri Sembilan,Building,Urban,Leasehold,2842,1611,17,5361000,804200,8000,6173200
CASE-2026-NW-01625,Melaka,Agriculture,Suburban,Freehold,10301,4926,2,3064000,459600,8000,3531600
CASE-2026-NW-01626,Perak,Industry,Suburban,Freehold,14225,11797,8,23068000,3460200,8000,26536200
CASE-2026-NW-01627,Pulau Pinang,Building,Rural,Freehold,991,508,23,1681000,252200,8000,1941200
CASE-2026-NW-01628,Terengganu,Agriculture,Urban,Leasehold,16798,8590,36,4182000,627300,8000,4817300
CASE-2026-NW-01629,Selangor,Building,Urban,Freehold,1365,483,28,2189000,328400,8000,2525400
CASE-2026-NW-01630,Wilayah Persekutuan Putrajaya,Building,Suburban,Freehold,1587,690,17,2588000,388200,8000,2984200
CASE-2026-NW-01631,Selangor,Industry,Urban,Leasehold,3387,1125,20,3968000,595200,8000,4571200
CASE-2026-NW-01632,Pulau Pinang,Building,Urban,Freehold,384,180,26,741000,111200,8000,860200
CASE-2026-NW-01633,Wilayah Persekutuan Kuala Lumpur,Agriculture,Suburban,Freehold,11525,5701,34,4609000,691400,8000,5308400
CASE-2026-NW-01634,Selangor,Building,Suburban,Freehold,225,101,11,392000,58800,8000,458800
CASE-2026-NW-01635,Selangor,Building,Rural,Leasehold,1211,969,13,2865000,429800,8000,3302800
CASE-2026-NW-01636,Selangor,Agriculture,Urban,Freehold,15044,6605,25,5957000,893600,8000,6858600
CASE-2026-NW-01637,Selangor,Building,Suburban,Freehold,873,331,27,1301000,195200,8000,1504200
CASE-2026-NW-01638,Pulau Pinang,Agriculture,Urban,Freehold,6227,4141,23,3333000,500000,8000,3841000
CASE-2026-NW-01639,Selangor,Building,Suburban,Leasehold,2850,2691,1,10142000,1521300,8000,11671300
CASE-2026-NW-01640,Selangor,Building,Suburban,Freehold,2178,807,1,3453000,518000,8000,3979000
CASE-2026-NW-01641,Selangor,Agriculture,Urban,Freehold,3371,2284,7,2023000,303400,8000,2334400
CASE-2026-NW-01642,Pulau Pinang,Building,Urban,Freehold,1737,1385,13,5921000,888200,8000,6817200
CASE-2026-NW-01643,Pulau Pinang,Building,Rural,Malay Reserve,1377,1006,14,2543000,381400,8000,2932400
CASE-2026-NW-01644,Perak,Industry,Suburban,Freehold,7405,4919,11,11197000,1679600,8000,12884600
CASE-2026-NW-01645,Melaka,Building,Suburban,Freehold,2000,1442,8,4008000,601200,8000,4617200
CASE-2026-NW-01646,Wilayah Persekutuan Putrajaya,Agriculture,Suburban,Freehold,15968,5836,25,4363000,654400,8000,5025400
CASE-2026-NW-01647,Perak,Building,Rural,Freehold,1332,1231,29,2290000,343500,8000,2641500
CASE-2026-NW-01648,Kedah,Building,Suburban,Freehold,793,401,18,1207000,181000,8000,1396000
CASE-2026-NW-01649,Johor,Industry,Urban,Freehold,7841,2837,11,8786000,1317900,8000,10111900
CASE-2026-NW-01650,Selangor,Building,Suburban,Freehold,170,130,7,528000,79200,8000,615200
CASE-2026-NW-01651,Johor,Agriculture,Suburban,Malay Reserve,6058,3324,39,1661000,249200,8000,1918200
CASE-2026-NW-01652,Kedah,Agriculture,Suburban,Freehold,17982,9414,11,5212000,781800,8000,6001800
CASE-2026-NW-01653,Terengganu,Building,Rural,Leasehold,479,268,9,610000,91500,8000,709500
CASE-2026-NW-01654,Pulau Pinang,Building,Suburban,Freehold,1321,965,28,3102000,465300,8000,3575300
CASE-2026-NW-01655,Wilayah Persekutuan Kuala Lumpur,Agriculture,Urban,Leasehold,5669,2860,26,2472000,370800,8000,2850800
CASE-2026-NW-01656,Melaka,Building,Urban,Malay Reserve,2176,2012,13,6826000,1023900,8000,7857900
CASE-2026-NW-01657,Kelantan,Building,Rural,Freehold,1931,933,34,1849000,277400,8000,2134400
CASE-2026-NW-01658,Pulau Pinang,Agriculture,Suburban,Freehold,8988,6014,1,4039000,605800,8000,4652800
CASE-2026-NW-01659,Melaka,Building,Urban,Freehold,479,429,23,1300000,195000,8000,1503000
CASE-2026-NW-01660,Pulau Pinang,Agriculture,Suburban,Leasehold,8671,6016,6,3609000,541400,8000,4158400
CASE-2026-NW-01661,Selangor,Agriculture,Rural,Freehold,13616,3429,14,2496000,374400,8000,2878400
CASE-2026-NW-01662,Selangor,Agriculture,Suburban,Freehold,6834,2020,24,1585000,237800,8000,1830800
CASE-2026-NW-01663,Pulau Pinang,Agriculture,Rural,Malay Reserve,17537,15679,7,7783000,1167400,8000,8958400
CASE-2026-NW-01664,Selangor,Building,Rural,Leasehold,1960,1041,33,2957000,443600,8000,3408600
CASE-2026-NW-01665,Kedah,Building,Urban,Freehold,1057,445,32,1349000,202400,8000,1559400
CASE-2026-NW-01666,Negeri Sembilan,Agriculture,Rural,Freehold,11378,4636,38,2052000,307800,8000,2367800
CASE-2026-NW-01667,Terengganu,Industry,Rural,Leasehold,17501,9253,34,11387000,1708000,8000,13103000
CASE-2026-NW-01668,Sabah,Industry,Suburban,Freehold,16289,13441,1,28143000,4221400,8000,32372400
CASE-2026-NW-01669,Pahang,Building,Suburban,Leasehold,1596,923,32,2238000,335700,8000,2581700
CASE-2026-NW-01670,Selangor,Industry,Suburban,Freehold,23938,21888,3,64265000,9639800,8000,73912800
CASE-2026-NW-01671,Sarawak,Building,Suburban,Freehold,2078,920,29,2643000,396400,8000,3047400
CASE-2026-NW-01672,Johor,Building,Suburban,Malay Reserve,261,91,11,317000,47600,8000,372600
CASE-2026-NW-01673,Perak,Industry,Urban,Freehold,24325,23038,30,45444000,6816600,8000,52268600
CASE-2026-NW-01674,Kelantan,Agriculture,Rural,Malay Reserve,10089,4637,2,1974000,296100,8000,2278100
CASE-2026-NW-01675,Johor,Industry,Suburban,Freehold,24038,18378,26,45627000,6844000,8000,52479000
CASE-2026-NW-01676,Johor,Agriculture,Rural,Leasehold,7755,5557,4,2326000,348900,8000,2682900
CASE-2026-NW-01677,Wilayah Persekutuan Labuan,Agriculture,Rural,Freehold,17922,14497,7,5903000,885400,8000,6796400
CASE-2026-NW-01678,Pulau Pinang,Building,Urban,Freehold,2808,1059,29,4393000,659000,8000,5060000
CASE-2026-NW-01679,Johor,Agriculture,Rural,Freehold,19976,11254,4,5719000,857800,8000,6584800
CASE-2026-NW-01680,Selangor,Building,Urban,Leasehold,1456,767,20,3508000,526200,8000,4042200
CASE-2026-NW-01681,Sarawak,Building,Suburban,Leasehold,613,175,28,544000,81600,8000,633600
CASE-2026-NW-01682,Selangor,Building,Suburban,Freehold,1978,1228,12,5107000,766000,8000,5881000
CASE-2026-NW-01683,Pulau Pinang,Building,Rural,Leasehold,667,326,2,1232000,184800,8000,1424800
CASE-2026-NW-01684,Perak,Agriculture,Suburban,Freehold,2878,1922,19,827000,124000,8000,959000
CASE-2026-NW-01685,Pahang,Agriculture,Suburban,Freehold,8080,5357,1,2547000,382000,8000,2937000
CASE-2026-NW-01686,Pahang,Agriculture,Suburban,Leasehold,2469,653,24,321000,48200,8000,377200
CASE-2026-NW-01687,Johor,Building,Suburban,Freehold,438,173,39,551000,82600,8000,641600
CASE-2026-NW-01688,Negeri Sembilan,Building,Suburban,Freehold,2574,1989,31,5504000,825600,8000,6337600
CASE-2026-NW-01689,Pulau Pinang,Industry,Urban,Freehold,18776,7868,19,25845000,3876800,8000,29729800
CASE-2026-NW-01690,Wilayah Persekutuan Kuala Lumpur,Building,Urban,Leasehold,188,142,39,599000,89800,8000,696800
CASE-2026-NW-01691,Kedah,Building,Suburban,Malay Reserve,1744,854,32,2034000,305100,8000,2347100
CASE-2026-NW-01692,Pulau Pinang,Agriculture,Suburban,Leasehold,12549,10835,15,7055000,1058200,8000,8121200
CASE-2026-NW-01693,Negeri Sembilan,Agriculture,Rural,Malay Reserve,11158,4086,8,1668000,250200,8000,1926200
CASE-2026-NW-01694,Melaka,Building,Suburban,Leasehold,1040,663,39,1653000,248000,8000,1909000
CASE-2026-NW-01695,Johor,Building,Suburban,Freehold,907,266,37,859000,128800,8000,995800
CASE-2026-NW-01696,Johor,Building,Suburban,Freehold,1088,370,10,1475000,221200,8000,1704200
CASE-2026-NW-01697,Wilayah Persekutuan Kuala Lumpur,Building,Urban,Freehold,2611,1557,33,6864000,1029600,8000,7901600
CASE-2026-NW-01698,Kedah,Agriculture,Suburban,Freehold,14462,7823,18,4289000,643400,8000,4940400
CASE-2026-NW-01699,Perlis,Building,Suburban,Leasehold,2754,1895,28,3969000,595400,8000,4572400
CASE-2026-NW-01700,Melaka,Building,Urban,Leasehold,1152,713,28,2376000,356400,8000,2740400
CASE-2026-NW-01701,Selangor,Agriculture,Suburban,Freehold,10053,7146,4,4825000,723800,8000,5556800
CASE-2026-NW-01702,Johor,Agriculture,Urban,Leasehold,6888,1839,23,1344000,201600,8000,1553600
CASE-2026-NW-01703,Pahang,Agriculture,Urban,Freehold,5396,2310,36,1285000,192800,8000,1485800
CASE-2026-NW-01704,Kedah,Agriculture,Suburban,Malay Reserve,13349,4560,35,1894000,284100,8000,2186100
CASE-2026-NW-01705,Wilayah Persekutuan Labuan,Agriculture,Suburban,Freehold,3040,635,6,370000,55500,8000,433500
CASE-2026-NW-01706,Selangor,Building,Suburban,Freehold,1231,780,7,3167000,475000,8000,3650000
CASE-2026-NW-01707,Selangor,Agriculture,Suburban,Freehold,7102,3147,19,2546000,381900,8000,2935900
CASE-2026-NW-01708,Selangor,Building,Rural,Freehold,2640,1820,10,5733000,860000,8000,6601000
CASE-2026-NW-01709,Negeri Sembilan,Building,Rural,Leasehold,2179,1794,5,4964000,744600,8000,5716600
CASE-2026-NW-01710,Kedah,Agriculture,Urban,Leasehold,18895,7881,23,3836000,575400,8000,4419400
CASE-2026-NW-01711,Selangor,Building,Urban,Freehold,2955,1238,27,5525000,828800,8000,6361800
CASE-2026-NW-01712,Perak,Agriculture,Rural,Leasehold,13279,5477,39,1954000,293100,8000,2255100
CASE-2026-NW-01713,Sarawak,Building,Suburban,Leasehold,1137,672,23,1722000,258300,8000,1988300
CASE-2026-NW-01714,Wilayah Persekutuan Kuala Lumpur,Agriculture,Urban,Malay Reserve,7160,3151,23,2668000,400200,8000,3076200
CASE-2026-NW-01715,Perak,Building,Urban,Malay Reserve,2265,743,12,2327000,349000,8000,2684000
CASE-2026-NW-01716,Terengganu,Agriculture,Urban,Malay Reserve,12272,3821,12,2263000,339400,8000,2610400
CASE-2026-NW-01717,Pulau Pinang,Agriculture,Suburban,Leasehold,7206,5952,35,3388000,508200,8000,3904200
CASE-2026-NW-01718,Johor,Building,Suburban,Freehold,1092,538,20,1840000,276000,8000,2124000
CASE-2026-NW-01719,Terengganu,Building,Rural,Leasehold,1958,1322,5,2952000,442800,8000,3402800
CASE-2026-NW-01720,Johor,Agriculture,Suburban,Leasehold,12411,8809,29,5434000,815100,8000,6257100
CASE-2026-NW-01721,Pulau Pinang,Building,Suburban,Freehold,2940,2196,15,8425000,1263800,8000,9696800
CASE-2026-NW-01722,Melaka,Agriculture,Suburban,Freehold,18392,12869,6,7630000,1144500,8000,8782500
CASE-2026-NW-01723,Negeri Sembilan,Building,Urban,Freehold,1344,500,21,1865000,279800,8000,2152800
CASE-2026-NW-01724,Melaka,Agriculture,Rural,Leasehold,11867,8955,11,3770000,565500,8000,4343500
CASE-2026-NW-01725,Sarawak,Agriculture,Urban,Leasehold,12909,9371,23,4776000,716400,8000,5500400
CASE-2026-NW-01726,Negeri Sembilan,Building,Rural,Freehold,299,84,26,218000,32700,8000,258700
CASE-2026-NW-01727,Pulau Pinang,Building,Urban,Freehold,160,88,33,370000,55500,8000,433500
CASE-2026-NW-01728,Johor,Building,Urban,Leasehold,1190,753,20,2726000,408900,8000,3142900
CASE-2026-NW-01729,Selangor,Agriculture,Urban,Freehold,10465,3896,39,3833000,575000,8000,4416000
CASE-2026-NW-01730,Melaka,Agriculture,Rural,Freehold,19969,17891,22,7178000,1076700,8000,8262700
CASE-2026-NW-01731,Melaka,Building,Rural,Freehold,830,360,5,981000,147200,8000,1136200
CASE-2026-NW-01732,Johor,Agriculture,Urban,Freehold,15428,10670,38,6917000,1037600,8000,7962600
CASE-2026-NW-01733,Johor,Building,Rural,Malay Reserve,1776,931,20,2524000,378600,8000,2910600
CASE-2026-NW-01734,Pahang,Building,Suburban,Freehold,1600,802,8,2252000,337800,8000,2597800
CASE-2026-NW-01735,Selangor,Industry,Urban,Leasehold,21587,12592,31,36122000,5418300,8000,41548300
CASE-2026-NW-01736,Pahang,Industry,Suburban,Freehold,17174,6996,25,14495000,2174200,8000,16677200
CASE-2026-NW-01737,Melaka,Agriculture,Urban,Freehold,19744,15945,21,10458000,1568700,8000,12034700
CASE-2026-NW-01738,Selangor,Agriculture,Urban,Freehold,19329,9923,17,8359000,1253800,8000,9620800
CASE-2026-NW-01739,Johor,Agriculture,Rural,Freehold,19974,15275,19,7775000,1166200,8000,8949200
CASE-2026-NW-01740,Pulau Pinang,Building,Urban,Malay Reserve,2337,610,32,2302000,345300,8000,2655300
CASE-2026-NW-01741,Pulau Pinang,Building,Urban,Leasehold,666,383,23,1403000,210400,8000,1621400
CASE-2026-NW-01742,Wilayah Persekutuan Kuala Lumpur,Building,Urban,Freehold,170,125,10,633000,95000,8000,736000
CASE-2026-NW-01743,Wilayah Persekutuan Kuala Lumpur,Building,Suburban,Leasehold,2252,645,4,2605000,390800,8000,3003800
CASE-2026-NW-01744,Johor,Building,Urban,Malay Reserve,1477,692,13,2833000,425000,8000,3266000
CASE-2026-NW-01745,Kedah,Building,Urban,Freehold,1331,765,22,2419000,362800,8000,2789800
CASE-2026-NW-01746,Johor,Agriculture,Urban,Freehold,12643,2566,3,2012000,301800,8000,2321800
CASE-2026-NW-01747,Selangor,Building,Urban,Leasehold,444,412,32,1546000,231900,8000,1785900
CASE-2026-NW-01748,Terengganu,Industry,Rural,Leasehold,21344,18549,20,25167000,3775000,8000,28950000
CASE-2026-NW-01749,Pulau Pinang,Agriculture,Suburban,Leasehold,12286,5790,15,3561000,534200,8000,4103200
CASE-2026-NW-01750,Pulau Pinang,Building,Rural,Freehold,2180,646,14,2214000,332100,8000,2554100
CASE-2026-NW-01751,Johor,Building,Urban,Leasehold,2590,996,32,3174000,476100,8000,3658100
CASE-2026-NW-01752,Kedah,Building,Suburban,Leasehold,2790,1830,9,5396000,809400,8000,6213400
CASE-2026-NW-01753,Perak,Agriculture,Suburban,Freehold,2039,1094,28,473000,71000,8000,552000
CASE-2026-NW-01754,Wilayah Persekutuan Kuala Lumpur,Building,Suburban,Freehold,242,127,9,591000,88600,8000,687600
CASE-2026-NW-01755,Johor,Agriculture,Urban,Freehold,13245,11132,23,7998000,1199700,8000,9205700
CASE-2026-NW-01756,Johor,Building,Urban,Freehold,1868,964,12,3555000,533200,8000,4096200
CASE-2026-NW-01757,Selangor,Agriculture,Rural,Leasehold,6328,4416,7,2787000,418000,8000,3213000
CASE-2026-NW-01758,Wilayah Persekutuan Kuala Lumpur,Building,Rural,Leasehold,532,205,30,586000,87900,8000,681900
CASE-2026-NW-01759,Melaka,Building,Urban,Freehold,1363,720,17,2320000,348000,8000,2676000
CASE-2026-NW-01760,Johor,Building,Suburban,Leasehold,2567,2141,23,6850000,1027500,8000,7885500
CASE-2026-NW-01761,Selangor,Industry,Suburban,Freehold,17132,5300,21,16101000,2415200,8000,18524200
CASE-2026-NW-01762,Pahang,Agriculture,Suburban,Malay Reserve,14888,8283,12,3315000,497200,8000,3820200
CASE-2026-NW-01763,Sabah,Agriculture,Suburban,Freehold,4568,2688,29,1256000,188400,8000,1452400
CASE-2026-NW-01764,Wilayah Persekutuan Kuala Lumpur,Industry,Urban,Freehold,6696,2448,21,8983000,1347400,8000,10338400
CASE-2026-NW-01765,Wilayah Persekutuan Labuan,Building,Rural,Leasehold,834,289,36,723000,108400,8000,839400
CASE-2026-NW-01766,Johor,Agriculture,Suburban,Freehold,7323,2637,37,1645000,246800,8000,1899800
CASE-2026-NW-01767,Pulau Pinang,Building,Urban,Freehold,2398,882,36,3504000,525600,8000,4037600
CASE-2026-NW-01768,Wilayah Persekutuan Kuala Lumpur,Building,Urban,Freehold,1231,356,9,1784000,267600,8000,2059600
CASE-2026-NW-01769,Selangor,Building,Suburban,Leasehold,2251,1554,19,5210000,781500,8000,5999500
CASE-2026-NW-01770,Melaka,Building,Suburban,Malay Reserve,1942,832,32,2277000,341600,8000,2626600
CASE-2026-NW-01771,Selangor,Building,Urban,Freehold,184,136,2,665000,99800,8000,772800
CASE-2026-NW-01772,Johor,Building,Suburban,Freehold,207,61,10,256000,38400,8000,302400
CASE-2026-NW-01773,Perak,Building,Suburban,Leasehold,2130,1606,37,3350000,502500,8000,3860500
CASE-2026-NW-01774,Melaka,Building,Urban,Freehold,942,524,27,1623000,243400,8000,1874400
CASE-2026-NW-01775,Selangor,Agriculture,Rural,Leasehold,3493,1138,0,728000,109200,8000,845200
CASE-2026-NW-01776,Perak,Building,Suburban,Freehold,1669,1336,24,3501000,525200,8000,4034200
CASE-2026-NW-01777,Selangor,Building,Urban,Malay Reserve,2129,1506,12,6634000,995100,8000,7637100
CASE-2026-NW-01778,Johor,Building,Urban,Freehold,2481,1579,19,5607000,841000,8000,6456000
CASE-2026-NW-01779,Selangor,Building,Suburban,Leasehold,2594,1528,15,5460000,819000,8000,6287000
CASE-2026-NW-01780,Selangor,Building,Suburban,Freehold,729,262,28,976000,146400,8000,1130400
CASE-2026-NW-01781,Selangor,Building,Suburban,Freehold,1207,479,20,1906000,285900,8000,2199900
CASE-2026-NW-01782,Johor,Agriculture,Suburban,Freehold,10617,5024,16,3442000,516300,8000,3966300
CASE-2026-NW-01783,Negeri Sembilan,Industry,Suburban,Leasehold,21889,12598,27,24675000,3701200,8000,28384200
CASE-2026-NW-01784,Pulau Pinang,Agriculture,Urban,Freehold,19967,8537,1,7745000,1161800,8000,8914800
CASE-2026-NW-01785,Negeri Sembilan,Building,Urban,Malay Reserve,285,136,21,431000,64600,8000,503600
CASE-2026-NW-01786,Selangor,Agriculture,Urban,Leasehold,9297,5676,9,5016000,752400,8000,5776400
CASE-2026-NW-01787,Pulau Pinang,Building,Urban,Freehold,944,259,23,1202000,180300,8000,1390300
CASE-2026-NW-01788,Johor,Agriculture,Urban,Leasehold,8588,7674,0,5460000,819000,8000,6287000
CASE-2026-NW-01789,Johor,Industry,Suburban,Freehold,18175,16975,25,40291000,6043600,8000,46342600
CASE-2026-NW-01790,Johor,Building,Suburban,Freehold,2416,1445,36,4240000,636000,8000,4884000
CASE-2026-NW-01791,Wilayah Persekutuan Kuala Lumpur,Agriculture,Suburban,Leasehold,10057,5259,35,3925000,588800,8000,4521800
CASE-2026-NW-01792,Wilayah Persekutuan Kuala Lumpur,Industry,Urban,Leasehold,18669,17334,9,56936000,8540400,8000,65484400
CASE-2026-NW-01793,Sabah,Building,Rural,Freehold,1261,353,39,726000,108900,8000,842900
CASE-2026-NW-01794,Pahang,Agriculture,Suburban,Leasehold,10676,7288,18,3312000,496800,8000,3816800
CASE-2026-NW-01795,Perak,Building,Rural,Leasehold,2339,1099,29,2177000,326600,8000,2511600
CASE-2026-NW-01796,Selangor,Building,Urban,Freehold,189,102,20,456000,68400,8000,532400
CASE-2026-NW-01797,Selangor,Industry,Urban,Malay Reserve,10254,7755,32,20828000,3124200,8000,23960200
CASE-2026-NW-01798,Melaka,Agriculture,Suburban,Freehold,6985,4463,14,2739000,410800,8000,3157800
CASE-2026-NW-01799,Wilayah Persekutuan Kuala Lumpur,Building,Rural,Leasehold,2793,2257,35,6445000,966800,8000,7419800
CASE-2026-NW-01800,Terengganu,Industry,Urban,Malay Reserve,10671,9629,30,16380000,2457000,8000,18845000
CASE-2026-NW-01801,Terengganu,Agriculture,Urban,Leasehold,5573,2445,33,1275000,191200,8000,1474200
CASE-2026-NW-01802,Selangor,Agriculture,Rural,Leasehold,17975,11692,2,7404000,1110600,8000,8522600
CASE-2026-NW-01803,Pulau Pinang,Agriculture,Suburban,Freehold,5336,4115,37,2762000,414300,8000,3184300
CASE-2026-NW-01804,Selangor,Agriculture,Suburban,Leasehold,8871,6764,4,5072000,760800,8000,5840800
CASE-2026-NW-01805,Selangor,Building,Urban,Freehold,2826,1291,21,5763000,864400,8000,6635400
CASE-2026-NW-01806,Selangor,Building,Suburban,Freehold,2389,903,5,4174000,626100,8000,4808100
CASE-2026-NW-01807,Negeri Sembilan,Agriculture,Rural,Freehold,12993,3048,23,1479000,221800,8000,1708800
CASE-2026-NW-01808,Johor,Agriculture,Urban,Freehold,6241,3228,15,2520000,378000,8000,2906000
CASE-2026-NW-01809,Melaka,Agriculture,Urban,Freehold,15218,7450,1,5094000,764100,8000,5866100
CASE-2026-NW-01810,Melaka,Agriculture,Suburban,Freehold,8100,3167,35,1717000,257600,8000,1982600
CASE-2026-NW-01811,Melaka,Building,Urban,Freehold,1961,910,30,3071000,460600,8000,3539600
CASE-2026-NW-01812,Melaka,Industry,Rural,Leasehold,24503,22748,34,36928000,5539200,8000,42475200
CASE-2026-NW-01813,Perak,Agriculture,Urban,Freehold,16692,8481,34,4763000,714400,8000,5485400
CASE-2026-NW-01814,Selangor,Building,Suburban,Malay Reserve,829,748,18,2562000,384300,8000,2954300
CASE-2026-NW-01815,Melaka,Building,Urban,Freehold,1081,988,3,3424000,513600,8000,3945600
CASE-2026-NW-01816,Selangor,Industry,Suburban,Leasehold,20881,18212,26,45882000,6882300,8000,52772300
CASE-2026-NW-01817,Selangor,Building,Rural,Malay Reserve,690,379,15,1106000,165900,8000,1279900
CASE-2026-NW-01818,Selangor,Building,Urban,Leasehold,2268,1526,23,6791000,1018600,8000,7817600
CASE-2026-NW-01819,Selangor,Building,Urban,Leasehold,2603,1368,9,6458000,968700,8000,7434700
CASE-2026-NW-01820,Wilayah Persekutuan Kuala Lumpur,Agriculture,Urban,Leasehold,15062,11814,38,9829000,1474400,8000,11311400
CASE-2026-NW-01821,Johor,Agriculture,Rural,Leasehold,9387,5158,26,2323000,348400,8000,2679400
CASE-2026-NW-01822,Melaka,Building,Urban,Malay Reserve,2893,1641,15,5209000,781400,8000,5998400
CASE-2026-NW-01823,Melaka,Agriculture,Rural,Malay Reserve,17767,8621,1,3726000,558900,8000,4292900
CASE-2026-NW-01824,Wilayah Persekutuan Kuala Lumpur,Building,Urban,Leasehold,2470,1859,4,8025000,1203800,8000,9236800
CASE-2026-NW-01825,Wilayah Persekutuan Kuala Lumpur,Building,Suburban,Leasehold,2317,2088,2,8487000,1273000,8000,9768000
CASE-2026-NW-01826,Pulau Pinang,Building,Suburban,Leasehold,1742,1457,12,5377000,806600,8000,6191600
CASE-2026-NW-01827,Melaka,Building,Suburban,Freehold,1153,806,18,2640000,396000,8000,3044000
CASE-2026-NW-01828,Johor,Agriculture,Rural,Leasehold,7149,5164,3,2577000,386600,8000,2971600
CASE-2026-NW-01829,Wilayah Persekutuan Kuala Lumpur,Building,Suburban,Freehold,413,347,27,1381000,207200,8000,1596200
CASE-2026-NW-01830,Kelantan,Industry,Rural,Freehold,18704,14457,6,26094000,3914100,8000,30016100
CASE-2026-NW-01831,Melaka,Agriculture,Rural,Freehold,16600,5355,33,2285000,342800,8000,2635800
CASE-2026-NW-01832,Melaka,Agriculture,Rural,Leasehold,14634,3580,33,1584000,237600,8000,1829600
CASE-2026-NW-01833,Perak,Agriculture,Rural,Leasehold,16566,11172,5,4128000,619200,8000,4755200
CASE-2026-NW-01834,Selangor,Industry,Urban,Freehold,15211,6058,15,20290000,3043500,8000,23341500
CASE-2026-NW-01835,Kelantan,Building,Urban,Malay Reserve,2809,1116,18,3355000,503200,8000,3866200
CASE-2026-NW-01836,Selangor,Agriculture,Suburban,Leasehold,18897,10816,39,6546000,981900,8000,7535900
CASE-2026-NW-01837,Wilayah Persekutuan Kuala Lumpur,Building,Suburban,Freehold,2650,1562,1,6907000,1036000,8000,7951000
CASE-2026-NW-01838,Perak,Building,Suburban,Freehold,347,270,38,641000,96200,8000,745200
CASE-2026-NW-01839,Pulau Pinang,Agriculture,Urban,Leasehold,9583,6833,21,5199000,779800,8000,5986800
CASE-2026-NW-01840,Wilayah Persekutuan Kuala Lumpur,Agriculture,Suburban,Freehold,13495,4756,3,4178000,626700,8000,4812700
CASE-2026-NW-01841,Kelantan,Agriculture,Rural,Leasehold,7094,5995,9,1914000,287100,8000,2209100
CASE-2026-NW-01842,Pulau Pinang,Building,Urban,Freehold,1379,1215,29,4132000,619800,8000,4759800
CASE-2026-NW-01843,Pulau Pinang,Building,Suburban,Freehold,2558,1518,27,5243000,786400,8000,6037400
CASE-2026-NW-01844,Kelantan,Building,Urban,Freehold,312,84,1,289000,43400,8000,340400
CASE-2026-NW-01845,Perlis,Agriculture,Suburban,Freehold,10660,2485,29,1172000,175800,8000,1355800
CASE-2026-NW-01846,Wilayah Persekutuan Kuala Lumpur,Agriculture,Urban,Leasehold,13194,11222,4,8703000,1305400,8000,10016400
CASE-2026-NW-01847,Melaka,Building,Suburban,Malay Reserve,944,661,37,1592000,238800,8000,1838800
CASE-2026-NW-01848,Kedah,Building,Urban,Freehold,1398,1285,24,3334000,500100,8000,3842100
CASE-2026-NW-01849,Kelantan,Agriculture,Suburban,Freehold,12203,8129,5,3581000,537200,8000,4126200
CASE-2026-NW-01850,Selangor,Industry,Suburban,Leasehold,12969,6726,23,17237000,2585600,8000,19830600
CASE-2026-NW-01851,Pahang,Agriculture,Suburban,Freehold,6183,3844,8,2005000,300800,8000,2313800
CASE-2026-NW-01852,Pulau Pinang,Building,Suburban,Freehold,2483,2109,11,7341000,1101200,8000,8450200
CASE-2026-NW-01853,Pahang,Agriculture,Urban,Freehold,5537,2372,38,1259000,188800,8000,1455800
CASE-2026-NW-01854,Perak,Building,Suburban,Freehold,325,161,2,517000,77600,8000,602600
CASE-2026-NW-01855,Wilayah Persekutuan Kuala Lumpur,Agriculture,Urban,Freehold,8752,4440,30,4185000,627800,8000,4820800
CASE-2026-NW-01856,Perak,Agriculture,Rural,Leasehold,2564,1097,30,406000,60900,8000,474900
CASE-2026-NW-01857,Terengganu,Agriculture,Suburban,Leasehold,5992,3616,3,1813000,272000,8000,2093000
CASE-2026-NW-01858,Pulau Pinang,Agriculture,Urban,Leasehold,15602,10027,22,7294000,1094100,8000,8396100
CASE-2026-NW-01859,Selangor,Building,Urban,Malay Reserve,2616,2199,33,7403000,1110400,8000,8521400
CASE-2026-NW-01860,Melaka,Building,Suburban,Leasehold,1387,1116,37,2827000,424000,8000,3259000
CASE-2026-NW-01861,Sarawak,Building,Suburban,Freehold,161,92,8,257000,38600,8000,303600
CASE-2026-NW-01862,Selangor,Agriculture,Urban,Freehold,7418,6268,1,4832000,724800,8000,5564800
CASE-2026-NW-01863,Perak,Building,Rural,Freehold,277,255,24,532000,79800,8000,619800
CASE-2026-NW-01864,Kedah,Building,Rural,Freehold,1411,1315,22,3171000,475600,8000,3654600
CASE-2026-NW-01865,Selangor,Industry,Suburban,Leasehold,18739,12079,1,33743000,5061400,8000,38812400
CASE-2026-NW-01866,Selangor,Industry,Rural,Freehold,4392,3295,23,7460000,1119000,8000,8587000
CASE-2026-NW-01867,Johor,Building,Suburban,Freehold,973,433,12,1687000,253000,8000,1948000
CASE-2026-NW-01868,Johor,Agriculture,Suburban,Freehold,4404,1857,16,1316000,197400,8000,1521400
CASE-2026-NW-01869,Pulau Pinang,Industry,Urban,Freehold,8151,3031,6,10343000,1551400,8000,11902400
CASE-2026-NW-01870,Melaka,Building,Suburban,Freehold,230,91,17,288000,43200,8000,339200
CASE-2026-NW-01871,Terengganu,Building,Suburban,Freehold,1129,345,34,805000,120800,8000,933800
CASE-2026-NW-01872,Pahang,Agriculture,Suburban,Freehold,12526,5735,30,2773000,416000,8000,3197000
CASE-2026-NW-01873,Melaka,Building,Suburban,Leasehold,2618,765,38,1830000,274500,8000,2112500
CASE-2026-NW-01874,Negeri Sembilan,Building,Urban,Freehold,1948,1008,15,3739000,560800,8000,4307800
CASE-2026-NW-01875,Negeri Sembilan,Agriculture,Suburban,Leasehold,2966,1053,20,555000,83200,8000,646200
CASE-2026-NW-01876,Kedah,Agriculture,Urban,Freehold,3903,1829,7,1282000,192300,8000,1482300
CASE-2026-NW-01877,Pahang,Building,Urban,Freehold,621,364,27,1134000,170100,8000,1312100
CASE-2026-NW-01878,Melaka,Industry,Urban,Freehold,3243,1551,6,4433000,665000,8000,5106000
CASE-2026-NW-01879,Perak,Building,Urban,Freehold,1734,1170,12,3855000,578200,8000,4441200
CASE-2026-NW-01880,Sabah,Building,Urban,Malay Reserve,2623,2069,27,5750000,862500,8000,6620500
CASE-2026-NW-01881,Wilayah Persekutuan Labuan,Building,Rural,Leasehold,1537,1248,30,2396000,359400,8000,2763400
CASE-2026-NW-01882,Johor,Agriculture,Suburban,Freehold,10107,2713,24,1733000,260000,8000,2001000
CASE-2026-NW-01883,Selangor,Agriculture,Urban,Freehold,16443,10630,27,9078000,1361700,8000,10447700
CASE-2026-NW-01884,Johor,Building,Urban,Freehold,300,232,28,836000,125400,8000,969400
CASE-2026-NW-01885,Kedah,Agriculture,Urban,Leasehold,18389,8662,18,4786000,717900,8000,5511900
CASE-2026-NW-01886,Johor,Agriculture,Suburban,Freehold,14068,6114,23,3533000,530000,8000,4071000
CASE-2026-NW-01887,Pulau Pinang,Building,Urban,Freehold,2452,2327,26,8892000,1333800,8000,10233800
CASE-2026-NW-01888,Selangor,Agriculture,Rural,Malay Reserve,17756,12642,21,6176000,926400,8000,7110400
CASE-2026-NW-01889,Wilayah Persekutuan Kuala Lumpur,Industry,Suburban,Freehold,19541,10206,10,33661000,5049200,8000,38718200
CASE-2026-NW-01890,Perak,Industry,Suburban,Freehold,11880,5928,12,13575000,2036200,8000,15619200
CASE-2026-NW-01891,Selangor,Industry,Urban,Freehold,21843,8882,14,31283000,4692400,8000,35983400
CASE-2026-NW-01892,Johor,Building,Suburban,Freehold,352,273,33,850000,127500,8000,985500
CASE-2026-NW-01893,Kedah,Agriculture,Suburban,Freehold,11205,3673,32,1858000,278700,8000,2144700
CASE-2026-NW-01894,Selangor,Agriculture,Suburban,Leasehold,10482,7628,9,4995000,749200,8000,5752200
CASE-2026-NW-01895,Terengganu,Building,Urban,Malay Reserve,2359,1910,6,6021000,903200,8000,6932200
CASE-2026-NW-01896,Perak,Building,Urban,Leasehold,799,695,12,2038000,305700,8000,2351700
CASE-2026-NW-01897,Wilayah Persekutuan Labuan,Building,Rural,Malay Reserve,2499,954,37,1875000,281200,8000,2164200
CASE-2026-NW-01898,Perak,Building,Rural,Leasehold,2902,898,21,2295000,344200,8000,2647200
CASE-2026-NW-01899,Wilayah Persekutuan Putrajaya,Building,Urban,Leasehold,1189,879,14,3656000,548400,8000,4212400
CASE-2026-NW-01900,Selangor,Building,Urban,Freehold,1087,822,22,3446000,516900,8000,3970900
CASE-2026-NW-01901,Wilayah Persekutuan Labuan,Building,Urban,Freehold,1481,885,21,2607000,391000,8000,3006000
CASE-2026-NW-01902,Johor,Industry,Suburban,Leasehold,16740,7155,9,18500000,2775000,8000,21283000
CASE-2026-NW-01903,Pahang,Agriculture,Rural,Leasehold,9462,3065,29,1114000,167100,8000,1289100
CASE-2026-NW-01904,Selangor,Building,Urban,Freehold,2542,2005,14,9316000,1397400,8000,10721400
CASE-2026-NW-01905,Selangor,Building,Suburban,Freehold,1673,711,10,2957000,443600,8000,3408600
CASE-2026-NW-01906,Kedah,Industry,Suburban,Leasehold,19811,11822,30,22671000,3400600,8000,26079600
CASE-2026-NW-01907,Selangor,Agriculture,Urban,Malay Reserve,19906,17577,5,11953000,1793000,8000,13754000
CASE-2026-NW-01908,Pulau Pinang,Agriculture,Urban,Leasehold,6299,2178,25,1737000,260600,8000,2005600
CASE-2026-NW-01909,Kelantan,Agriculture,Suburban,Leasehold,14359,5421,34,2160000,324000,8000,2492000
CASE-2026-NW-01910,Sabah,Building,Rural,Freehold,1861,664,11,1688000,253200,8000,1949200
CASE-2026-NW-01911,Selangor,Building,Rural,Leasehold,2630,1581,7,5677000,851600,8000,6536600
CASE-2026-NW-01912,Wilayah Persekutuan Putrajaya,Building,Rural,Freehold,1234,883,18,2622000,393300,8000,3023300
CASE-2026-NW-01913,Johor,Building,Suburban,Leasehold,377,214,12,776000,116400,8000,900400
CASE-2026-NW-01914,Kedah,Agriculture,Urban,Freehold,16029,14128,1,7051000,1057600,8000,8116600
CASE-2026-NW-01915,Melaka,Building,Urban,Freehold,437,338,36,923000,138400,8000,1069400
CASE-2026-NW-01916,Pulau Pinang,Building,Urban,Leasehold,478,168,23,671000,100600,8000,779600
CASE-2026-NW-01917,Selangor,Building,Rural,Freehold,2750,2552,29,7902000,1185300,8000,9095300
CASE-2026-NW-01918,Melaka,Agriculture,Suburban,Leasehold,4908,1439,25,851000,127600,8000,986600
CASE-2026-NW-01919,Negeri Sembilan,Building,Suburban,Leasehold,1508,716,38,1920000,288000,8000,2216000
CASE-2026-NW-01920,Kelantan,Agriculture,Rural,Freehold,5703,3911,33,1460000,219000,8000,1687000
CASE-2026-NW-01921,Terengganu,Building,Suburban,Leasehold,2918,2137,23,5536000,830400,8000,6374400
CASE-2026-NW-01922,Johor,Agriculture,Suburban,Freehold,14829,10957,38,6339000,950800,8000,7297800
CASE-2026-NW-01923,Sarawak,Building,Suburban,Freehold,1001,593,22,1787000,268000,8000,2063000
CASE-2026-NW-01924,Johor,Building,Urban,Leasehold,2281,1152,22,4610000,691500,8000,5309500
CASE-2026-NW-01925,Perak,Building,Urban,Freehold,1743,1609,26,4303000,645400,8000,4956400
CASE-2026-NW-01926,Wilayah Persekutuan Kuala Lumpur,Building,Urban,Freehold,909,496,20,2366000,354900,8000,2728900
CASE-2026-NW-01927,Wilayah Persekutuan Kuala Lumpur,Building,Suburban,Leasehold,809,298,9,1192000,178800,8000,1378800
CASE-2026-NW-01928,Wilayah Persekutuan Kuala Lumpur,Agriculture,Suburban,Leasehold,13609,4725,18,3632000,544800,8000,4184800
CASE-2026-NW-01929,Selangor,Industry,Suburban,Freehold,15683,10098,27,27807000,4171000,8000,31986000
CASE-2026-NW-01930,Melaka,Agriculture,Urban,Leasehold,19156,10331,35,6067000,910000,8000,6985000
CASE-2026-NW-01931,Selangor,Agriculture,Urban,Freehold,2132,957,33,838000,125700,8000,971700
CASE-2026-NW-01932,Selangor,Industry,Suburban,Leasehold,13837,10582,34,22583000,3387400,8000,25978400
CASE-2026-NW-01933,Selangor,Building,Rural,Freehold,427,250,37,701000,105200,8000,814200
CASE-2026-NW-01934,Selangor,Industry,Urban,Leasehold,14181,11960,14,33183000,4977400,8000,38168400
CASE-2026-NW-01935,Selangor,Agriculture,Urban,Freehold,11597,9513,24,7356000,1103400,8000,8467400
CASE-2026-NW-01936,Perak,Building,Urban,Freehold,858,295,4,1055000,158200,8000,1221200
CASE-2026-NW-01937,Pulau Pinang,Agriculture,Suburban,Malay Reserve,6090,3374,20,2284000,342600,8000,2634600
CASE-2026-NW-01938,Kedah,Agriculture,Urban,Malay Reserve,7320,4997,14,2693000,404000,8000,3105000
CASE-2026-NW-01939,Terengganu,Building,Urban,Leasehold,1818,558,23,1627000,244000,8000,1879000
CASE-2026-NW-01940,Kedah,Agriculture,Rural,Leasehold,16618,9713,39,3357000,503600,8000,3868600
CASE-2026-NW-01941,Pulau Pinang,Building,Urban,Leasehold,2386,888,38,3494000,524100,8000,4026100
CASE-2026-NW-01942,Johor,Building,Urban,Leasehold,2942,1413,31,4725000,708800,8000,5441800
CASE-2026-NW-01943,Johor,Agriculture,Suburban,Leasehold,14220,7763,17,4812000,721800,8000,5541800
CASE-2026-NW-01944,Wilayah Persekutuan Kuala Lumpur,Building,Suburban,Leasehold,277,260,30,861000,129200,8000,998200
CASE-2026-NW-01945,Negeri Sembilan,Building,Urban,Leasehold,2428,1648,11,4896000,734400,8000,5638400
CASE-2026-NW-01946,Selangor,Building,Suburban,Freehold,1697,1562,28,5470000,820500,8000,6298500
CASE-2026-NW-01947,Wilayah Persekutuan Kuala Lumpur,Agriculture,Urban,Freehold,7028,2084,13,2391000,358600,8000,2757600
CASE-2026-NW-01948,Selangor,Agriculture,Urban,Leasehold,18990,5636,31,5089000,763400,8000,5860400
CASE-2026-NW-01949,Johor,Building,Urban,Leasehold,2509,1521,28,4988000,748200,8000,5744200
CASE-2026-NW-01950,Melaka,Building,Rural,Freehold,2263,610,23,1397000,209600,8000,1614600
CASE-2026-NW-01951,Pahang,Building,Urban,Leasehold,2841,754,16,2398000,359700,8000,2765700
CASE-2026-NW-01952,Wilayah Persekutuan Putrajaya,Industry,Urban,Leasehold,15099,9801,29,26440000,3966000,8000,30414000
CASE-2026-NW-01953,Johor,Agriculture,Urban,Freehold,3233,1045,13,878000,131700,8000,1017700
CASE-2026-NW-01954,Selangor,Agriculture,Urban,Freehold,7850,2414,29,2194000,329100,8000,2531100
CASE-2026-NW-01955,Selangor,Agriculture,Rural,Freehold,18125,5579,33,3614000,542100,8000,4164100
CASE-2026-NW-01956,Wilayah Persekutuan Labuan,Industry,Suburban,Leasehold,6763,5750,20,11530000,1729500,8000,13267500
CASE-2026-NW-01957,Pahang,Building,Rural,Freehold,2183,555,24,1455000,218200,8000,1681200
CASE-2026-NW-01958,Kelantan,Building,Rural,Leasehold,1588,442,20,1090000,163500,8000,1261500
CASE-2026-NW-01959,Sabah,Agriculture,Suburban,Leasehold,7317,5733,4,2629000,394400,8000,3031400
CASE-2026-NW-01960,Johor,Building,Rural,Leasehold,1245,361,36,868000,130200,8000,1006200
CASE-2026-NW-01961,Pulau Pinang,Agriculture,Suburban,Leasehold,18297,5003,17,3890000,583500,8000,4481500
CASE-2026-NW-01962,Pulau Pinang,Building,Urban,Freehold,569,491,29,1794000,269100,8000,2071100
CASE-2026-NW-01963,Selangor,Building,Rural,Freehold,413,166,5,592000,88800,8000,688800
CASE-2026-NW-01964,Johor,Building,Urban,Freehold,1820,762,3,3061000,459200,8000,3528200
CASE-2026-NW-01965,Kedah,Agriculture,Suburban,Malay Reserve,11977,8728,34,3582000,537300,8000,4127300
CASE-2026-NW-01966,Pulau Pinang,Building,Rural,Freehold,1385,1088,28,3004000,450600,8000,3462600
CASE-2026-NW-01967,Melaka,Agriculture,Urban,Freehold,8022,3798,3,2793000,419000,8000,3220000
CASE-2026-NW-01968,Pahang,Building,Rural,Freehold,2409,1190,31,2355000,353200,8000,2716200
CASE-2026-NW-01969,Selangor,Building,Suburban,Freehold,2288,1469,35,5404000,810600,8000,6222600
CASE-2026-NW-01970,Melaka,Agriculture,Urban,Freehold,12634,9947,38,5780000,867000,8000,6655000
CASE-2026-NW-01971,Kedah,Building,Urban,Freehold,2828,2189,22,5241000,786200,8000,6035200
CASE-2026-NW-01972,Selangor,Building,Suburban,Freehold,2566,2307,2,9582000,1437300,8000,11027300
CASE-2026-NW-01973,Selangor,Building,Rural,Freehold,2513,1243,13,3848000,577200,8000,4433200
CASE-2026-NW-01974,Kedah,Agriculture,Suburban,Leasehold,13025,9500,10,4009000,601400,8000,4618400
CASE-2026-NW-01975,Wilayah Persekutuan Labuan,Building,Urban,Leasehold,1194,399,7,1455000,218200,8000,1681200
CASE-2026-NW-01976,Wilayah Persekutuan Kuala Lumpur,Agriculture,Urban,Leasehold,16063,4198,26,4280000,642000,8000,4930000
CASE-2026-NW-01977,Pulau Pinang,Building,Urban,Freehold,2759,2113,20,8317000,1247600,8000,9572600
CASE-2026-NW-01978,Kelantan,Industry,Suburban,Malay Reserve,7867,2474,31,4243000,636400,8000,4887400
CASE-2026-NW-01979,Melaka,Building,Rural,Freehold,1427,1279,31,2947000,442000,8000,3397000
CASE-2026-NW-01980,Melaka,Building,Urban,Leasehold,335,142,36,450000,67500,8000,525500
CASE-2026-NW-01981,Selangor,Building,Urban,Leasehold,1666,820,19,3761000,564200,8000,4333200
CASE-2026-NW-01982,Perak,Industry,Urban,Freehold,9723,5335,26,12344000,1851600,8000,14203600
CASE-2026-NW-01983,Wilayah Persekutuan Kuala Lumpur,Building,Urban,Leasehold,2387,1714,11,6963000,1044400,8000,8015400
CASE-2026-NW-01984,Johor,Agriculture,Suburban,Leasehold,11732,3975,6,2744000,411600,8000,3163600
CASE-2026-NW-01985,Pulau Pinang,Building,Urban,Freehold,1101,316,9,1380000,207000,8000,1595000
CASE-2026-NW-01986,Negeri Sembilan,Building,Urban,Leasehold,1354,786,6,3121000,468200,8000,3597200
CASE-2026-NW-01987,Selangor,Building,Suburban,Malay Reserve,2309,1470,14,5110000,766500,8000,5884500
CASE-2026-NW-01988,Selangor,Building,Urban,Freehold,2400,2122,3,9720000,1458000,8000,11186000
CASE-2026-NW-01989,Wilayah Persekutuan Labuan,Agriculture,Urban,Freehold,16175,12170,18,7169000,1075400,8000,8252400
CASE-2026-NW-01990,Perak,Agriculture,Rural,Leasehold,14107,8808,14,3563000,534400,8000,4105400
CASE-2026-NW-01991,Johor,Industry,Suburban,Freehold,1043,635,13,1693000,254000,8000,1955000
CASE-2026-NW-01992,Pahang,Agriculture,Rural,Leasehold,14693,12702,24,4698000,704700,8000,5410700
CASE-2026-NW-01993,Terengganu,Building,Urban,Leasehold,1678,802,24,2309000,346400,8000,2663400
CASE-2026-NW-01994,Pulau Pinang,Agriculture,Suburban,Freehold,2528,850,34,613000,92000,8000,713000
CASE-2026-NW-01995,Selangor,Building,Urban,Leasehold,2157,569,17,2733000,410000,8000,3151000
CASE-2026-NW-01996,Kelantan,Building,Urban,Leasehold,900,731,32,1679000,251800,8000,1938800
CASE-2026-NW-01997,Negeri Sembilan,Agriculture,Suburban,Leasehold,10617,4515,27,2267000,340000,8000,2615000
CASE-2026-NW-01998,Melaka,Agriculture,Urban,Freehold,6948,3620,24,2485000,372800,8000,2865800
CASE-2026-NW-01999,Kedah,Building,Suburban,Freehold,1454,972,21,2631000,394600,8000,3033600
CASE-2026-NW-02000,Sabah,Agriculture,Urban,Leasehold,8229,3931,34,2071000,310600,8000,2389600
CASE-2026-NW-02001,Perak,Building,Urban,Freehold,1835,501,12,1510000,226500,8000,1744500
CASE-2026-NW-02002,Selangor,Agriculture,Suburban,Freehold,7507,3286,35,2435000,365200,8000,2808200
CASE-2026-NW-02003,Melaka,Building,Urban,Leasehold,2940,2015,19,6518000,977700,8000,7503700
CASE-2026-NW-02004,Terengganu,Building,Urban,Malay Reserve,347,212,39,513000,77000,8000,598000
CASE-2026-NW-02005,Selangor,Agriculture,Urban,Leasehold,2087,813,10,741000,111200,8000,860200
CASE-2026-NW-02006,Johor,Building,Urban,Malay Reserve,353,99,15,357000,53600,8000,418600
CASE-2026-NW-02007,Selangor,Building,Urban,Leasehold,2817,1352,10,6469000,970400,8000,7447400
CASE-2026-NW-02008,Melaka,Agriculture,Rural,Freehold,6084,2055,5,962000,144300,8000,1114300
CASE-2026-NW-02009,Pahang,Building,Urban,Freehold,2269,2132,27,6196000,929400,8000,7133400
CASE-2026-NW-02010,Johor,Agriculture,Urban,Leasehold,4877,1003,33,764000,114600,8000,886600
CASE-2026-NW-02011,Wilayah Persekutuan Kuala Lumpur,Agriculture,Urban,Freehold,9817,7142,9,6817000,1022600,8000,7847600
CASE-2026-NW-02012,Kelantan,Building,Rural,Freehold,1278,614,22,1281000,192200,8000,1481200
CASE-2026-NW-02013,Pulau Pinang,Building,Urban,Leasehold,878,503,32,2009000,301400,8000,2318400
CASE-2026-NW-02014,Wilayah Persekutuan Kuala Lumpur,Agriculture,Suburban,Leasehold,13089,2629,14,2152000,322800,8000,2482800
CASE-2026-NW-02015,Kelantan,Agriculture,Rural,Freehold,4829,3901,21,1318000,197700,8000,1523700
CASE-2026-NW-02016,Melaka,Agriculture,Suburban,Leasehold,6841,3005,25,1469000,220400,8000,1697400
CASE-2026-NW-02017,Pulau Pinang,Agriculture,Rural,Freehold,17148,14030,36,7405000,1110800,8000,8523800
CASE-2026-NW-02018,Negeri Sembilan,Building,Rural,Freehold,480,351,24,721000,108200,8000,837200
CASE-2026-NW-02019,Perak,Building,Urban,Freehold,506,181,13,617000,92600,8000,717600
CASE-2026-NW-02020,Johor,Agriculture,Suburban,Freehold,19400,10515,21,6985000,1047800,8000,8040800
CASE-2026-NW-02021,Sarawak,Agriculture,Rural,Freehold,7398,1887,37,785000,117800,8000,910800
CASE-2026-NW-02022,Pulau Pinang,Building,Urban,Freehold,785,672,7,2647000,397000,8000,3052000
CASE-2026-NW-02023,Pulau Pinang,Building,Suburban,Freehold,2028,596,26,2255000,338200,8000,2601200
CASE-2026-NW-02024,Johor,Agriculture,Urban,Freehold,11226,2695,35,1880000,282000,8000,2170000
CASE-2026-NW-02025,Pulau Pinang,Industry,Urban,Leasehold,24874,22454,27,53579000,8036800,8000,61623800
CASE-2026-NW-02026,Wilayah Persekutuan Labuan,Building,Urban,Freehold,173,49,13,190000,28500,8000,226500
CASE-2026-NW-02027,Pahang,Agriculture,Urban,Leasehold,4307,1377,9,858000,128700,8000,994700
CASE-2026-NW-02028,Selangor,Industry,Rural,Freehold,16073,5738,19,13260000,1989000,8000,15257000
CASE-2026-NW-02029,Selangor,Building,Urban,Malay Reserve,1526,839,3,3574000,536100,8000,4118100
CASE-2026-NW-02030,Selangor,Agriculture,Rural,Freehold,6212,4206,8,2501000,375200,8000,2884200
CASE-2026-NW-02031,Selangor,Building,Rural,Freehold,2518,1049,27,3136000,470400,8000,3614400
CASE-2026-NW-02032,Pahang,Building,Urban,Freehold,1753,800,11,2767000,415000,8000,3190000
CASE-2026-NW-02033,Selangor,Building,Urban,Freehold,2859,2441,13,11676000,1751400,8000,13435400
CASE-2026-NW-02034,Terengganu,Agriculture,Rural,Freehold,5679,1752,1,672000,100800,8000,780800
CASE-2026-NW-02035,Kelantan,Building,Urban,Leasehold,1471,989,24,2610000,391500,8000,3009500
CASE-2026-NW-02036,Kedah,Agriculture,Urban,Malay Reserve,5662,4638,27,2093000,314000,8000,2415000
CASE-2026-NW-02037,Johor,Building,Urban,Freehold,1214,906,17,3169000,475400,8000,3652400
CASE-2026-NW-02038,Selangor,Agriculture,Rural,Leasehold,2635,2189,14,1122000,168300,8000,1298300
CASE-2026-NW-02039,Selangor,Agriculture,Urban,Freehold,11808,2542,13,2453000,368000,8000,2829000
CASE-2026-NW-02040,Kedah,Building,Suburban,Malay Reserve,2415,1003,4,2735000,410200,8000,3153200
CASE-2026-NW-02041,Pahang,Building,Suburban,Freehold,2478,1212,1,3279000,491800,8000,3778800
CASE-2026-NW-02042,Terengganu,Agriculture,Rural,Freehold,14798,11738,25,3643000,546400,8000,4197400
CASE-2026-NW-02043,Melaka,Agriculture,Rural,Leasehold,12110,7769,22,2930000,439500,8000,3377500
CASE-2026-NW-02044,Kelantan,Building,Suburban,Malay Reserve,972,358,11,1006000,150900,8000,1164900
CASE-2026-NW-02045,Johor,Building,Suburban,Leasehold,1008,730,20,2088000,313200,8000,2409200
CASE-2026-NW-02046,Pulau Pinang,Agriculture,Urban,Leasehold,2324,743,24,598000,89700,8000,695700
CASE-2026-NW-02047,Johor,Agriculture,Suburban,Freehold,10336,2150,2,1630000,244500,8000,1882500
CASE-2026-NW-02048,Johor,Building,Urban,Freehold,1759,995,34,3547000,532000,8000,4087000
CASE-2026-NW-02049,Pahang,Agriculture,Rural,Freehold,3738,2813,1,1255000,188200,8000,1451200
CASE-2026-NW-02050,Selangor,Agriculture,Urban,Leasehold,14944,9655,2,8467000,1270000,8000,9745000
CASE-2026-NW-02051,Melaka,Agriculture,Urban,Leasehold,15613,7584,27,4573000,686000,8000,5267000
CASE-2026-NW-02052,Selangor,Building,Rural,Leasehold,2537,818,30,2359000,353800,8000,2720800
CASE-2026-NW-02053,Pulau Pinang,Building,Urban,Freehold,1587,639,16,2895000,434200,8000,3337200
CASE-2026-NW-02054,Melaka,Agriculture,Urban,Freehold,19759,4128,34,2800000,420000,8000,3228000
CASE-2026-NW-02055,Wilayah Persekutuan Kuala Lumpur,Building,Suburban,Freehold,2032,1301,22,5434000,815100,8000,6257100
CASE-2026-NW-02056,Selangor,Agriculture,Suburban,Leasehold,17658,13645,20,8580000,1287000,8000,9875000
CASE-2026-NW-02057,Negeri Sembilan,Building,Suburban,Freehold,810,411,19,1204000,180600,8000,1392600
CASE-2026-NW-02058,Pulau Pinang,Agriculture,Urban,Freehold,15273,5410,15,4995000,749200,8000,5752200
CASE-2026-NW-02059,Negeri Sembilan,Agriculture,Suburban,Freehold,10139,8765,30,4155000,623200,8000,4786200
CASE-2026-NW-02060,Johor,Agriculture,Rural,Freehold,4715,1110,22,574000,86100,8000,668100
CASE-2026-NW-02061,Pulau Pinang,Building,Urban,Malay Reserve,248,129,29,455000,68200,8000,531200
CASE-2026-NW-02062,Kelantan,Building,Urban,Freehold,1259,1142,11,3137000,470600,8000,3615600
CASE-2026-NW-02063,Pahang,Building,Suburban,Freehold,2178,1907,2,5061000,759200,8000,5828200
CASE-2026-NW-02064,Wilayah Persekutuan Kuala Lumpur,Building,Rural,Freehold,1087,873,14,2756000,413400,8000,3177400
CASE-2026-NW-02065,Selangor,Building,Suburban,Malay Reserve,1634,802,39,2658000,398700,8000,3064700
CASE-2026-NW-02066,Selangor,Building,Suburban,Freehold,457,416,19,1546000,231900,8000,1785900
CASE-2026-NW-02067,Wilayah Persekutuan Kuala Lumpur,Agriculture,Rural,Freehold,17980,12827,28,7561000,1134200,8000,8703200
CASE-2026-NW-02068,Johor,Agriculture,Suburban,Malay Reserve,12725,9571,39,4474000,671100,8000,5153100
CASE-2026-NW-02069,Johor,Agriculture,Suburban,Freehold,8887,2667,19,1692000,253800,8000,1953800
CASE-2026-NW-02070,Kedah,Agriculture,Urban,Leasehold,16566,13001,3,6815000,1022200,8000,7845200
CASE-2026-NW-02071,Wilayah Persekutuan Kuala Lumpur,Building,Urban,Leasehold,974,624,8,2932000,439800,8000,3379800
CASE-2026-NW-02072,Selangor,Agriculture,Rural,Freehold,13941,9505,31,5357000,803600,8000,6168600
CASE-2026-NW-02073,Johor,Agriculture,Suburban,Leasehold,10747,3367,39,1955000,293200,8000,2256200
CASE-2026-NW-02074,Wilayah Persekutuan Kuala Lumpur,Building,Rural,Leasehold,1080,279,35,927000,139000,8000,1074000
CASE-2026-NW-02075,Kelantan,Building,Urban,Freehold,225,97,7,322000,48300,8000,378300
CASE-2026-NW-02076,Johor,Building,Suburban,Freehold,1796,544,15,2042000,306300,8000,2356300
CASE-2026-NW-02077,Terengganu,Building,Suburban,Freehold,2011,1345,27,3473000,521000,8000,4002000
CASE-2026-NW-02078,Perak,Industry,Urban,Freehold,6712,6251,9,12009000,1801400,8000,13818400
CASE-2026-NW-02079,Wilayah Persekutuan Kuala Lumpur,Building,Urban,Leasehold,2525,1320,24,6178000,926700,8000,7112700
CASE-2026-NW-02080,Wilayah Persekutuan Kuala Lumpur,Agriculture,Suburban,Leasehold,17336,12727,14,9116000,1367400,8000,10491400
CASE-2026-NW-02081,Perak,Building,Urban,Freehold,1425,757,36,2026000,303900,8000,2337900
CASE-2026-NW-02082,Selangor,Building,Rural,Leasehold,2459,2028,7,5817000,872600,8000,6697600
CASE-2026-NW-02083,Pulau Pinang,Industry,Suburban,Malay Reserve,17288,12646,28,27628000,4144200,8000,31780200
CASE-2026-NW-02084,Melaka,Building,Urban,Leasehold,950,513,29,1710000,256500,8000,1974500
CASE-2026-NW-02085,Johor,Building,Suburban,Leasehold,738,685,38,1707000,256000,8000,1971000
CASE-2026-NW-02086,Johor,Building,Suburban,Freehold,2522,2158,18,6738000,1010700,8000,7756700
CASE-2026-NW-02087,Selangor,Industry,Rural,Freehold,19764,13787,27,32367000,4855000,8000,37230000
CASE-2026-NW-02088,Johor,Building,Suburban,Freehold,2678,1212,33,3781000,567200,8000,4356200
CASE-2026-NW-02089,Johor,Building,Suburban,Leasehold,2640,1151,35,3521000,528200,8000,4057200
CASE-2026-NW-02090,Wilayah Persekutuan Kuala Lumpur,Building,Urban,Leasehold,2105,1810,16,8870000,1330500,8000,10208500
CASE-2026-NW-02091,Selangor,Building,Suburban,Leasehold,276,254,32,732000,109800,8000,849800
CASE-2026-NW-02092,Negeri Sembilan,Building,Suburban,Freehold,1015,499,8,1578000,236700,8000,1822700
CASE-2026-NW-02093,Selangor,Agriculture,Suburban,Freehold,4834,2413,26,1766000,264900,8000,2038900
CASE-2026-NW-02094,Negeri Sembilan,Agriculture,Suburban,Leasehold,11831,5459,25,2914000,437100,8000,3359100
CASE-2026-NW-02095,Melaka,Building,Suburban,Freehold,1952,1552,20,4481000,672200,8000,5161200
CASE-2026-NW-02096,Terengganu,Agriculture,Suburban,Leasehold,9284,4834,39,1854000,278100,8000,2140100
CASE-2026-NW-02097,Pulau Pinang,Building,Suburban,Freehold,348,252,3,1035000,155200,8000,1198200
CASE-2026-NW-02098,Kedah,Agriculture,Rural,Freehold,2695,2329,34,795000,119200,8000,922200
CASE-2026-NW-02099,Pulau Pinang,Building,Urban,Leasehold,189,63,5,258000,38700,8000,304700
CASE-2026-NW-02100,Selangor,Building,Suburban,Leasehold,2926,2374,22,8463000,1269400,8000,9740400
CASE-2026-NW-02101,Selangor,Agriculture,Rural,Freehold,14687,13174,35,6563000,984400,8000,7555400
CASE-2026-NW-02102,Perak,Building,Suburban,Malay Reserve,1382,1219,11,3009000,451400,8000,3468400
CASE-2026-NW-02103,Wilayah Persekutuan Kuala Lumpur,Building,Urban,Malay Reserve,360,128,16,554000,83100,8000,645100
CASE-2026-NW-02104,Terengganu,Agriculture,Urban,Freehold,2426,1532,20,888000,133200,8000,1029200
CASE-2026-NW-02105,Negeri Sembilan,Building,Suburban,Leasehold,2719,1784,19,4870000,730500,8000,5608500
CASE-2026-NW-02106,Selangor,Agriculture,Suburban,Leasehold,12758,10873,18,7202000,1080300,8000,8290300
CASE-2026-NW-02107,Kelantan,Building,Suburban,Leasehold,863,412,17,1227000,184000,8000,1419000
CASE-2026-NW-02108,Perlis,Agriculture,Suburban,Leasehold,9375,3905,34,1663000,249400,8000,1920400
CASE-2026-NW-02109,Kelantan,Agriculture,Urban,Freehold,13111,11476,33,5419000,812800,8000,6239800
CASE-2026-NW-02110,Wilayah Persekutuan Kuala Lumpur,Agriculture,Suburban,Freehold,3125,2743,22,2035000,305200,8000,2348200
CASE-2026-NW-02111,Pulau Pinang,Industry,Rural,Leasehold,11739,2962,32,6279000,941800,8000,7228800
CASE-2026-NW-02112,Negeri Sembilan,Building,Rural,Leasehold,1487,645,3,1894000,284100,8000,2186100
CASE-2026-NW-02113,Selangor,Building,Suburban,Freehold,423,310,26,1180000,177000,8000,1365000
CASE-2026-NW-02114,Johor,Building,Rural,Freehold,554,448,25,1232000,184800,8000,1424800
CASE-2026-NW-02115,Wilayah Persekutuan Kuala Lumpur,Building,Suburban,Leasehold,310,272,1,959000,143800,8000,1110800
CASE-2026-NW-02116,Perak,Building,Rural,Leasehold,2975,1242,24,2491000,373600,8000,2872600
CASE-2026-NW-02117,Negeri Sembilan,Building,Rural,Freehold,715,291,20,744000,111600,8000,863600
CASE-2026-NW-02118,Negeri Sembilan,Agriculture,Rural,Freehold,10570,6702,30,2592000,388800,8000,2988800
CASE-2026-NW-02119,Melaka,Building,Suburban,Freehold,2918,2762,35,6973000,1046000,8000,8027000
CASE-2026-NW-02120,Pahang,Agriculture,Rural,Freehold,18971,6104,1,2822000,423300,8000,3253300
CASE-2026-NW-02121,Wilayah Persekutuan Kuala Lumpur,Agriculture,Urban,Freehold,5079,4102,23,3959000,593800,8000,4560800
CASE-2026-NW-02122,Negeri Sembilan,Building,Rural,Leasehold,1015,295,22,709000,106400,8000,823400
CASE-2026-NW-02123,Kelantan,Agriculture,Suburban,Freehold,7797,5991,28,2448000,367200,8000,2823200
CASE-2026-NW-02124,Melaka,Industry,Urban,Leasehold,1095,330,32,730000,109500,8000,847500
CASE-2026-NW-02125,Selangor,Building,Suburban,Freehold,2187,903,3,3856000,578400,8000,4442400
CASE-2026-NW-02126,Wilayah Persekutuan Kuala Lumpur,Agriculture,Suburban,Freehold,14422,11590,26,8483000,1272400,8000,9763400
CASE-2026-NW-02127,Johor,Agriculture,Suburban,Freehold,8857,7044,33,3929000,589400,8000,4526400
CASE-2026-NW-02128,Selangor,Agriculture,Suburban,Leasehold,16689,14068,33,9223000,1383400,8000,10614400
CASE-2026-NW-02129,Johor,Agriculture,Rural,Malay Reserve,4295,3845,9,1857000,278600,8000,2143600
CASE-2026-NW-02130,Wilayah Persekutuan Kuala Lumpur,Agriculture,Suburban,Leasehold,18599,16330,22,11841000,1776200,8000,13625200
CASE-2026-NW-02131,Kedah,Industry,Urban,Freehold,5371,1974,11,4843000,726400,8000,5577400
CASE-2026-NW-02132,Wilayah Persekutuan Kuala Lumpur,Building,Rural,Leasehold,987,268,16,955000,143200,8000,1106200
CASE-2026-NW-02133,Kedah,Agriculture,Urban,Freehold,19137,4461,9,2876000,431400,8000,3315400
CASE-2026-NW-02134,Sarawak,Agriculture,Suburban,Freehold,6585,4835,10,2489000,373400,8000,2870400
CASE-2026-NW-02135,Selangor,Building,Urban,Freehold,2303,1295,38,5219000,782800,8000,6009800
CASE-2026-NW-02136,Pulau Pinang,Building,Urban,Leasehold,1137,744,6,2844000,426600,8000,3278600
CASE-2026-NW-02137,Selangor,Building,Suburban,Leasehold,1994,1359,3,4877000,731600,8000,5616600
CASE-2026-NW-02138,Wilayah Persekutuan Kuala Lumpur,Building,Urban,Freehold,2781,1198,4,6884000,1032600,8000,7924600
CASE-2026-NW-02139,Johor,Agriculture,Suburban,Freehold,2451,1240,15,863000,129400,8000,1000400
CASE-2026-NW-02140,Negeri Sembilan,Building,Urban,Freehold,2014,1687,33,4717000,707600,8000,5432600
CASE-2026-NW-02141,Wilayah Persekutuan Kuala Lumpur,Industry,Urban,Leasehold,3027,1624,8,6300000,945000,8000,7253000
CASE-2026-NW-02142,Wilayah Persekutuan Kuala Lumpur,Agriculture,Urban,Freehold,17464,5431,21,5668000,850200,8000,6526200
CASE-2026-NW-02143,Pulau Pinang,Building,Suburban,Freehold,265,90,37,339000,50800,8000,397800
CASE-2026-NW-02144,Melaka,Agriculture,Suburban,Freehold,11192,3014,6,1752000,262800,8000,2022800
CASE-2026-NW-02145,Pulau Pinang,Agriculture,Rural,Freehold,16956,11145,29,5756000,863400,8000,6627400
CASE-2026-NW-02146,Perak,Building,Suburban,Freehold,970,890,38,1928000,289200,8000,2225200
CASE-2026-NW-02147,Pulau Pinang,Industry,Urban,Freehold,5932,2933,9,10069000,1510400,8000,11587400
CASE-2026-NW-02148,Pulau Pinang,Building,Rural,Leasehold,856,269,12,835000,125200,8000,968200
CASE-2026-NW-02149,Pahang,Industry,Urban,Freehold,6105,1619,2,4795000,719200,8000,5522200
CASE-2026-NW-02150,Selangor,Building,Urban,Freehold,1856,510,24,2299000,344800,8000,2651800
CASE-2026-NW-02151,Selangor,Agriculture,Urban,Freehold,3737,1151,31,1034000,155100,8000,1197100
CASE-2026-NW-02152,Melaka,Agriculture,Suburban,Malay Reserve,8681,5767,16,2980000,447000,8000,3435000
CASE-2026-NW-02153,Johor,Agriculture,Suburban,Freehold,18053,4495,13,3098000,464700,8000,3570700
CASE-2026-NW-02154,Johor,Building,Urban,Freehold,996,750,29,2849000,427400,8000,3284400
CASE-2026-NW-02155,Melaka,Agriculture,Urban,Leasehold,15081,10004,34,6052000,907800,8000,6967800
CASE-2026-NW-02156,Selangor,Agriculture,Urban,Malay Reserve,16917,12412,29,8830000,1324500,8000,10162500
CASE-2026-NW-02157,Selangor,Building,Urban,Leasehold,511,454,5,1866000,279900,8000,2153900
CASE-2026-NW-02158,Sarawak,Agriculture,Suburban,Leasehold,12511,10802,38,4318000,647700,8000,4973700
CASE-2026-NW-02159,Kelantan,Agriculture,Urban,Malay Reserve,16804,5377,20,2285000,342800,8000,2635800
CASE-2026-NW-02160,Johor,Industry,Suburban,Freehold,5483,2155,20,5434000,815100,8000,6257100
CASE-2026-NW-02161,Kelantan,Agriculture,Suburban,Leasehold,9165,3815,21,1740000,261000,8000,2009000
CASE-2026-NW-02162,Selangor,Agriculture,Urban,Freehold,15291,7148,34,5999000,899800,8000,6906800
CASE-2026-NW-02163,Kedah,Building,Rural,Freehold,872,740,39,1408000,211200,8000,1627200
CASE-2026-NW-02164,Johor,Building,Suburban,Freehold,2974,1121,28,3700000,555000,8000,4263000
CASE-2026-NW-02165,Selangor,Agriculture,Urban,Leasehold,4362,1687,23,1447000,217000,8000,1672000
CASE-2026-NW-02166,Selangor,Agriculture,Urban,Freehold,8727,2960,21,2630000,394500,8000,3032500
CASE-2026-NW-02167,Melaka,Agriculture,Suburban,Leasehold,12186,5386,10,3062000,459300,8000,3529300
CASE-2026-NW-02168,Selangor,Building,Rural,Leasehold,2326,1798,25,5404000,810600,8000,6222600
CASE-2026-NW-02169,Wilayah Persekutuan Putrajaya,Agriculture,Suburban,Leasehold,16791,10326,19,7273000,1091000,8000,8372000
CASE-2026-NW-02170,Pulau Pinang,Building,Urban,Malay Reserve,1330,855,25,3272000,490800,8000,3770800
CASE-2026-NW-02171,Sabah,Agriculture,Suburban,Malay Reserve,15564,11585,37,4991000,748600,8000,5747600
CASE-2026-NW-02172,Johor,Building,Rural,Leasehold,2118,854,30,2183000,327400,8000,2518400
CASE-2026-NW-02173,Pulau Pinang,Agriculture,Urban,Freehold,2431,1462,18,1145000,171800,8000,1324800
CASE-2026-NW-02174,Selangor,Agriculture,Suburban,Leasehold,5839,2758,2,2136000,320400,8000,2464400
CASE-2026-NW-02175,Selangor,Industry,Urban,Freehold,12966,5365,19,17448000,2617200,8000,20073200
CASE-2026-NW-02176,Kedah,Building,Urban,Freehold,829,729,9,2266000,339900,8000,2613900
CASE-2026-NW-02177,Melaka,Building,Urban,Leasehold,1395,569,32,1826000,273900,8000,2107900
CASE-2026-NW-02178,Melaka,Industry,Suburban,Freehold,13951,4421,9,11558000,1733700,8000,13299700
CASE-2026-NW-02179,Kedah,Agriculture,Urban,Freehold,6746,5988,2,3500000,525000,8000,4033000
CASE-2026-NW-02180,Pulau Pinang,Agriculture,Urban,Freehold,13244,4582,13,4373000,656000,8000,5037000
CASE-2026-NW-02181,Pulau Pinang,Building,Urban,Leasehold,1862,593,32,2446000,366900,8000,2820900
CASE-2026-NW-02182,Melaka,Building,Urban,Freehold,2522,2108,4,7242000,1086300,8000,8336300
CASE-2026-NW-02183,Pulau Pinang,Building,Urban,Leasehold,2361,1083,19,4362000,654300,8000,5024300
CASE-2026-NW-02184,Pahang,Agriculture,Suburban,Freehold,3978,1444,6,701000,105200,8000,814200
CASE-2026-NW-02185,Pulau Pinang,Industry,Urban,Leasehold,19453,11910,13,35102000,5265300,8000,40375300
CASE-2026-NW-02186,Selangor,Building,Suburban,Freehold,212,110,18,396000,59400,8000,463400
CASE-2026-NW-02187,Johor,Building,Suburban,Leasehold,2599,843,3,3087000,463000,8000,3558000
CASE-2026-NW-02188,Kedah,Industry,Suburban,Leasehold,10906,4162,23,8917000,1337600,8000,10262600
CASE-2026-NW-02189,Kelantan,Building,Suburban,Leasehold,2857,2653,14,6668000,1000200,8000,7676200
CASE-2026-NW-02190,Pulau Pinang,Agriculture,Rural,Freehold,4151,2327,15,1415000,212200,8000,1635200
CASE-2026-NW-02191,Kelantan,Building,Suburban,Freehold,1123,968,4,2660000,399000,8000,3067000
CASE-2026-NW-02192,Selangor,Building,Suburban,Leasehold,1236,341,13,1267000,190000,8000,1465000
CASE-2026-NW-02193,Perak,Agriculture,Urban,Leasehold,16211,4165,12,2458000,368700,8000,2834700
CASE-2026-NW-02194,Terengganu,Agriculture,Suburban,Freehold,15956,8945,35,3971000,595600,8000,4574600
CASE-2026-NW-02195,Negeri Sembilan,Agriculture,Suburban,Freehold,13985,5509,13,3488000,523200,8000,4019200
CASE-2026-NW-02196,Melaka,Agriculture,Rural,Freehold,9287,7762,21,3336000,500400,8000,3844400
CASE-2026-NW-02197,Johor,Agriculture,Urban,Malay Reserve,6202,2783,4,1893000,284000,8000,2185000
CASE-2026-NW-02198,Wilayah Persekutuan Kuala Lumpur,Industry,Rural,Malay Reserve,24562,11752,34,27798000,4169700,8000,31975700
CASE-2026-NW-02199,Selangor,Building,Rural,Freehold,975,384,34,1261000,189200,8000,1458200
CASE-2026-NW-02200,Selangor,Building,Urban,Freehold,1428,901,7,3509000,526400,8000,4043400
CASE-2026-NW-02201,Perak,Building,Rural,Freehold,196,146,4,374000,56100,8000,438100
CASE-2026-NW-02202,Wilayah Persekutuan Kuala Lumpur,Building,Suburban,Leasehold,2013,610,4,2954000,443100,8000,3405100
CASE-2026-NW-02203,Pahang,Agriculture,Urban,Leasehold,12906,10861,9,6157000,923600,8000,7088600
CASE-2026-NW-02204,Wilayah Persekutuan Kuala Lumpur,Agriculture,Urban,Freehold,2462,2042,3,1791000,268600,8000,2067600
CASE-2026-NW-02205,Terengganu,Building,Rural,Leasehold,2740,878,15,1985000,297800,8000,2290800
CASE-2026-NW-02206,Selangor,Agriculture,Rural,Freehold,17274,7065,26,4147000,622000,8000,4777000
CASE-2026-NW-02207,Johor,Agriculture,Rural,Leasehold,15311,13487,37,5699000,854800,8000,6561800
CASE-2026-NW-02208,Pulau Pinang,Building,Suburban,Malay Reserve,1087,884,8,3298000,494700,8000,3800700
CASE-2026-NW-02209,Melaka,Building,Rural,Freehold,652,299,6,805000,120800,8000,933800
CASE-2026-NW-02210,Selangor,Industry,Rural,Leasehold,18360,8309,31,17431000,2614600,8000,20053600
CASE-2026-NW-02211,Johor,Agriculture,Suburban,Freehold,7284,6514,2,3682000,552300,8000,4242300
CASE-2026-NW-02212,Negeri Sembilan,Agriculture,Rural,Leasehold,17847,14256,39,4978000,746700,8000,5732700
CASE-2026-NW-02213,Johor,Building,Rural,Malay Reserve,1055,866,8,2648000,397200,8000,3053200
CASE-2026-NW-02214,Selangor,Building,Suburban,Leasehold,2727,1049,37,3528000,529200,8000,4065200
CASE-2026-NW-02215,Melaka,Building,Suburban,Freehold,1232,819,22,2441000,366200,8000,2815200
CASE-2026-NW-02216,Melaka,Agriculture,Rural,Malay Reserve,8725,7665,3,2926000,438900,8000,3372900
CASE-2026-NW-02217,Wilayah Persekutuan Kuala Lumpur,Building,Rural,Leasehold,1655,433,4,1522000,228300,8000,1758300
CASE-2026-NW-02218,Perak,Agriculture,Urban,Freehold,8351,3223,14,1995000,299200,8000,2302200
CASE-2026-NW-02219,Johor,Agriculture,Suburban,Leasehold,14484,3361,9,2303000,345400,8000,2656400
CASE-2026-NW-02220,Melaka,Agriculture,Urban,Leasehold,12250,10617,37,5753000,863000,8000,6624000
CASE-2026-NW-02221,Terengganu,Building,Rural,Leasehold,484,162,28,380000,57000,8000,445000
CASE-2026-NW-02222,Terengganu,Building,Suburban,Malay Reserve,1729,745,29,1841000,276200,8000,2125200
CASE-2026-NW-02223,Kedah,Agriculture,Urban,Freehold,7846,5454,24,2901000,435200,8000,3344200
CASE-2026-NW-02224,Melaka,Building,Suburban,Freehold,2162,1708,38,4545000,681800,8000,5234800
CASE-2026-NW-02225,Melaka,Agriculture,Rural,Leasehold,19936,12660,27,5147000,772000,8000,5927000
CASE-2026-NW-02226,Terengganu,Agriculture,Suburban,Freehold,16251,3777,11,1812000,271800,8000,2091800
CASE-2026-NW-02227,Pulau Pinang,Agriculture,Urban,Leasehold,14990,9834,23,8020000,1203000,8000,9231000
CASE-2026-NW-02228,Melaka,Building,Urban,Freehold,1838,1512,27,5007000,751000,8000,5766000
CASE-2026-NW-02229,Terengganu,Industry,Suburban,Malay Reserve,11117,6439,25,13259000,1988800,8000,15255800
CASE-2026-NW-02230,Pahang,Building,Suburban,Leasehold,1546,554,17,1817000,272600,8000,2097600
CASE-2026-NW-02231,Pahang,Industry,Urban,Leasehold,19638,16161,22,34962000,5244300,8000,40214300
CASE-2026-NW-02232,Selangor,Agriculture,Urban,Freehold,10709,2406,9,2471000,370600,8000,2849600
CASE-2026-NW-02233,Johor,Agriculture,Suburban,Leasehold,5380,3677,29,1920000,288000,8000,2216000
CASE-2026-NW-02234,Terengganu,Agriculture,Suburban,Freehold,4242,2576,21,1288000,193200,8000,1489200
CASE-2026-NW-02235,Kelantan,Building,Urban,Freehold,2971,1487,2,4764000,714600,8000,5486600
CASE-2026-NW-02236,Johor,Building,Urban,Freehold,580,166,1,733000,110000,8000,851000
CASE-2026-NW-02237,Kelantan,Building,Suburban,Leasehold,1043,556,20,1484000,222600,8000,1714600
CASE-2026-NW-02238,Negeri Sembilan,Agriculture,Urban,Leasehold,2868,1135,32,765000,114800,8000,887800
CASE-2026-NW-02239,Johor,Industry,Urban,Leasehold,19579,17844,18,46638000,6995700,8000,53641700
CASE-2026-NW-02240,Kedah,Agriculture,Urban,Freehold,14970,7077,26,4011000,601600,8000,4620600
CASE-2026-NW-02241,Johor,Agriculture,Rural,Freehold,19729,8711,32,4555000,683200,8000,5246200
CASE-2026-NW-02242,Selangor,Agriculture,Rural,Freehold,4314,1749,10,1115000,167200,8000,1290200
CASE-2026-NW-02243,Terengganu,Agriculture,Urban,Freehold,4542,3585,27,1953000,293000,8000,2254000
CASE-2026-NW-02244,Selangor,Building,Suburban,Leasehold,341,279,12,1062000,159300,8000,1229300
CASE-2026-NW-02245,Pahang,Building,Rural,Leasehold,478,315,13,709000,106400,8000,823400
CASE-2026-NW-02246,Perak,Agriculture,Suburban,Freehold,15664,6503,1,3516000,527400,8000,4051400
CASE-2026-NW-02247,Wilayah Persekutuan Kuala Lumpur,Agriculture,Rural,Freehold,9053,5795,15,3441000,516200,8000,3965200
CASE-2026-NW-02248,Pulau Pinang,Industry,Suburban,Freehold,4973,3308,27,8299000,1244800,8000,9551800
CASE-2026-NW-02249,Pulau Pinang,Industry,Urban,Leasehold,9608,6630,27,18872000,2830800,8000,21710800
CASE-2026-NW-02250,Negeri Sembilan,Agriculture,Suburban,Leasehold,3854,2887,36,1257000,188600,8000,1453600
CASE-2026-NW-02251,Negeri Sembilan,Agriculture,Suburban,Leasehold,3515,3134,2,1698000,254700,8000,1960700
CASE-2026-NW-02252,Selangor,Agriculture,Suburban,Malay Reserve,3675,2674,33,1620000,243000,8000,1871000
CASE-2026-NW-02253,Pulau Pinang,Building,Urban,Freehold,1650,450,14,2048000,307200,8000,2363200
CASE-2026-NW-02254,Negeri Sembilan,Building,Urban,Leasehold,346,142,14,441000,66200,8000,515200
CASE-2026-NW-02255,Pulau Pinang,Agriculture,Suburban,Freehold,2382,537,25,384000,57600,8000,449600
CASE-2026-NW-02256,Melaka,Agriculture,Rural,Leasehold,18790,12225,7,5634000,845100,8000,6487100
CASE-2026-NW-02257,Melaka,Building,Suburban,Leasehold,2453,984,18,2741000,411200,8000,3160200
CASE-2026-NW-02258,Johor,Building,Suburban,Freehold,199,107,16,366000,54900,8000,428900
CASE-2026-NW-02259,Kelantan,Agriculture,Rural,Malay Reserve,10108,6306,8,2336000,350400,8000,2694400
CASE-2026-NW-02260,Selangor,Building,Suburban,Leasehold,818,683,23,2348000,352200,8000,2708200
CASE-2026-NW-02261,Wilayah Persekutuan Kuala Lumpur,Agriculture,Urban,Freehold,9301,4129,9,4382000,657300,8000,5047300
CASE-2026-NW-02262,Negeri Sembilan,Building,Suburban,Leasehold,2314,1107,27,2735000,410200,8000,3153200
CASE-2026-NW-02263,Wilayah Persekutuan Kuala Lumpur,Agriculture,Urban,Freehold,5093,2944,32,2859000,428800,8000,3295800
CASE-2026-NW-02264,Wilayah Persekutuan Kuala Lumpur,Agriculture,Rural,Freehold,5904,3811,5,2624000,393600,8000,3025600
CASE-2026-NW-02265,Sarawak,Agriculture,Rural,Freehold,16393,7219,21,3540000,531000,8000,4079000
CASE-2026-NW-02266,Johor,Building,Urban,Freehold,2338,1153,10,5015000,752200,8000,5775200
CASE-2026-NW-02267,Negeri Sembilan,Agriculture,Urban,Leasehold,16302,12790,17,7197000,1079600,8000,8284600
CASE-2026-NW-02268,Selangor,Agriculture,Suburban,Leasehold,10881,6975,8,4266000,639900,8000,4913900
CASE-2026-NW-02269,Johor,Agriculture,Rural,Freehold,10915,4250,30,1897000,284600,8000,2189600
CASE-2026-NW-02270,Johor,Agriculture,Suburban,Freehold,4944,3081,3,1856000,278400,8000,2142400
CASE-2026-NW-02271,Pahang,Agriculture,Suburban,Freehold,16160,12824,36,5710000,856500,8000,6574500
CASE-2026-NW-02272,Perak,Agriculture,Urban,Freehold,12133,5265,29,3041000,456200,8000,3505200
CASE-2026-NW-02273,Johor,Agriculture,Urban,Leasehold,2695,731,12,509000,76400,8000,593400
CASE-2026-NW-02274,Kelantan,Building,Suburban,Malay Reserve,2391,1827,27,4056000,608400,8000,4672400
CASE-2026-NW-02275,Pahang,Building,Rural,Freehold,1781,794,16,2180000,327000,8000,2515000
CASE-2026-NW-02276,Perak,Agriculture,Urban,Freehold,6410,4239,32,2495000,374200,8000,2877200
CASE-2026-NW-02277,Johor,Building,Suburban,Leasehold,2164,1428,5,5235000,785200,8000,6028200
CASE-2026-NW-02278,Perak,Agriculture,Rural,Freehold,11854,5283,1,2425000,363800,8000,2796800
CASE-2026-NW-02279,Pulau Pinang,Building,Suburban,Freehold,1380,1005,4,4252000,637800,8000,4897800
CASE-2026-NW-02280,Wilayah Persekutuan Kuala Lumpur,Building,Suburban,Malay Reserve,2178,807,14,3292000,493800,8000,3793800
CASE-2026-NW-02281,Johor,Building,Urban,Freehold,599,444,30,1606000,240900,8000,1854900
CASE-2026-NW-02282,Melaka,Agriculture,Urban,Leasehold,6349,4134,13,2734000,410100,8000,3152100
CASE-2026-NW-02283,Terengganu,Building,Urban,Leasehold,1276,863,36,2078000,311700,8000,2397700
CASE-2026-NW-02284,Pahang,Building,Suburban,Leasehold,2773,1921,25,4660000,699000,8000,5367000
CASE-2026-NW-02285,Pahang,Agriculture,Urban,Leasehold,4054,2240,37,1242000,186300,8000,1436300
CASE-2026-NW-02286,Kedah,Agriculture,Suburban,Freehold,14599,11160,5,4625000,693800,8000,5326800
CASE-2026-NW-02287,Selangor,Agriculture,Rural,Freehold,14077,6237,29,3918000,587700,8000,4513700
CASE-2026-NW-02288,Kelantan,Building,Suburban,Freehold,1018,786,10,1872000,280800,8000,2160800
CASE-2026-NW-02289,Selangor,Agriculture,Rural,Freehold,3949,2924,8,1619000,242800,8000,1869800
CASE-2026-NW-02290,Pulau Pinang,Building,Urban,Leasehold,2713,1759,32,5997000,899600,8000,6904600
CASE-2026-NW-02291,Selangor,Building,Suburban,Freehold,2900,2113,3,8201000,1230200,8000,9439200
CASE-2026-NW-02292,Kedah,Building,Suburban,Malay Reserve,489,153,34,346000,51900,8000,405900
CASE-2026-NW-02293,Selangor,Agriculture,Urban,Leasehold,12047,8346,8,6440000,966000,8000,7414000
CASE-2026-NW-02294,Sarawak,Building,Suburban,Freehold,1260,725,18,1919000,287800,8000,2214800
CASE-2026-NW-02295,Selangor,Agriculture,Suburban,Freehold,12735,3883,18,3069000,460400,8000,3537400
CASE-2026-NW-02296,Selangor,Building,Rural,Leasehold,1536,698,17,2119000,317800,8000,2444800
CASE-2026-NW-02297,Pulau Pinang,Building,Urban,Freehold,1220,1039,28,4132000,619800,8000,4759800
CASE-2026-NW-02298,Melaka,Agriculture,Suburban,Leasehold,2261,506,32,278000,41700,8000,327700
CASE-2026-NW-02299,Perak,Agriculture,Suburban,Leasehold,9154,3672,36,1632000,244800,8000,1884800
CASE-2026-NW-02300,Sabah,Building,Urban,Freehold,2805,2237,20,6913000,1037000,8000,7958000
CASE-2026-NW-02301,Perak,Building,Urban,Freehold,2080,952,34,2688000,403200,8000,3099200
CASE-2026-NW-02302,Johor,Agriculture,Urban,Leasehold,8193,3525,32,2404000,360600,8000,2772600
CASE-2026-NW-02303,Wilayah Persekutuan Kuala Lumpur,Building,Urban,Freehold,729,197,15,1114000,167100,8000,1289100
CASE-2026-NW-02304,Pulau Pinang,Agriculture,Rural,Freehold,3754,2097,37,1201000,180200,8000,1389200
CASE-2026-NW-02305,Wilayah Persekutuan Putrajaya,Agriculture,Urban,Freehold,15489,8337,38,7351000,1102600,8000,8461600
CASE-2026-NW-02306,Negeri Sembilan,Building,Suburban,Freehold,2697,1035,17,3080000,462000,8000,3550000
CASE-2026-NW-02307,Johor,Building,Urban,Leasehold,608,295,5,1120000,168000,8000,1296000
CASE-2026-NW-02308,Terengganu,Building,Urban,Freehold,509,473,27,1306000,195900,8000,1509900
CASE-2026-NW-02309,Selangor,Agriculture,Urban,Leasehold,11215,3275,28,3068000,460200,8000,3536200
CASE-2026-NW-02310,Wilayah Persekutuan Kuala Lumpur,Building,Urban,Freehold,2700,2174,38,9515000,1427200,8000,10950200
CASE-2026-NW-02311,Negeri Sembilan,Industry,Urban,Leasehold,20684,16858,6,37066000,5559900,8000,42633900
CASE-2026-NW-02312,Johor,Building,Rural,Freehold,1062,706,30,1748000,262200,8000,2018200
CASE-2026-NW-02313,Perak,Agriculture,Suburban,Freehold,5687,2682,26,1267000,190000,8000,1465000
CASE-2026-NW-02314,Perak,Agriculture,Suburban,Leasehold,8423,6536,6,3051000,457600,8000,3516600
CASE-2026-NW-02315,Pahang,Building,Suburban,Freehold,1081,694,38,1559000,233800,8000,1800800
CASE-2026-NW-02316,Pulau Pinang,Building,Urban,Malay Reserve,1308,494,13,1898000,284700,8000,2190700
CASE-2026-NW-02317,Negeri Sembilan,Agriculture,Urban,Freehold,13475,6858,21,4334000,650100,8000,4992100
CASE-2026-NW-02318,Melaka,Building,Suburban,Malay Reserve,2599,730,17,2333000,350000,8000,2691000
CASE-2026-NW-02319,Pulau Pinang,Building,Suburban,Freehold,1230,700,6,2684000,402600,8000,3094600
CASE-2026-NW-02320,Kelantan,Agriculture,Suburban,Leasehold,11350,2302,32,1067000,160000,8000,1235000
CASE-2026-NW-02321,Kedah,Agriculture,Urban,Malay Reserve,9552,5038,23,2582000,387300,8000,2977300
CASE-2026-NW-02322,Selangor,Agriculture,Rural,Leasehold,4634,2100,23,1247000,187000,8000,1442000
CASE-2026-NW-02323,Kelantan,Building,Urban,Malay Reserve,1498,430,4,1389000,208400,8000,1605400
CASE-2026-NW-02324,Negeri Sembilan,Building,Urban,Leasehold,2057,621,7,1956000,293400,8000,2257400
CASE-2026-NW-02325,Sarawak,Building,Suburban,Freehold,438,257,36,669000,100400,8000,777400
CASE-2026-NW-02326,Pulau Pinang,Building,Urban,Freehold,1832,842,16,3799000,569800,8000,4376800
CASE-2026-NW-02327,Wilayah Persekutuan Kuala Lumpur,Building,Urban,Freehold,1441,1082,34,4996000,749400,8000,5753400
CASE-2026-NW-02328,Kelantan,Building,Suburban,Leasehold,1860,842,2,2345000,351800,8000,2704800
CASE-2026-NW-02329,Wilayah Persekutuan Putrajaya,Agriculture,Rural,Freehold,11435,8925,25,4267000,640000,8000,4915000
CASE-2026-NW-02330,Selangor,Agriculture,Rural,Freehold,13510,3918,23,2299000,344800,8000,2651800
CASE-2026-NW-02331,Melaka,Building,Urban,Freehold,301,219,7,751000,112600,8000,871600
CASE-2026-NW-02332,Pahang,Agriculture,Urban,Leasehold,12311,8180,18,4074000,611100,8000,4693100
CASE-2026-NW-02333,Selangor,Agriculture,Urban,Leasehold,16559,3816,34,3173000,476000,8000,3657000
CASE-2026-NW-02334,Johor,Agriculture,Urban,Leasehold,10959,9859,14,6966000,1044900,8000,8018900
CASE-2026-NW-02335,Kelantan,Building,Urban,Leasehold,2000,574,5,1667000,250000,8000,1925000
CASE-2026-NW-02336,Kedah,Agriculture,Urban,Leasehold,7073,4290,1,2346000,351900,8000,2705900
CASE-2026-NW-02337,Negeri Sembilan,Building,Urban,Freehold,1261,481,32,1404000,210600,8000,1622600
CASE-2026-NW-02338,Melaka,Building,Urban,Leasehold,2126,1405,23,4481000,672200,8000,5161200
CASE-2026-NW-02339,Kedah,Agriculture,Urban,Leasehold,8379,5211,28,2762000,414300,8000,3184300
CASE-2026-NW-02340,Johor,Building,Rural,Freehold,2814,2593,18,6823000,1023400,8000,7854400
CASE-2026-NW-02341,Negeri Sembilan,Building,Urban,Freehold,2202,900,15,3043000,456400,8000,3507400
CASE-2026-NW-02342,Selangor,Agriculture,Urban,Leasehold,2490,693,25,615000,92200,8000,715200
CASE-2026-NW-02343,Pulau Pinang,Agriculture,Urban,Freehold,16646,10019,11,7221000,1083200,8000,8312200
CASE-2026-NW-02344,Kelantan,Agriculture,Urban,Freehold,11329,8414,15,4502000,675300,8000,5185300
CASE-2026-NW-02345,Terengganu,Industry,Suburban,Freehold,11555,5224,19,11110000,1666500,8000,12784500
CASE-2026-NW-02346,Pulau Pinang,Building,Rural,Freehold,1432,462,5,1525000,228800,8000,1761800
CASE-2026-NW-02347,Wilayah Persekutuan Kuala Lumpur,Agriculture,Rural,Leasehold,12214,9517,1,5352000,802800,8000,6162800
CASE-2026-NW-02348,Pulau Pinang,Building,Urban,Leasehold,964,656,23,2523000,378400,8000,2909400
CASE-2026-NW-02349,Wilayah Persekutuan Kuala Lumpur,Agriculture,Urban,Freehold,5526,4745,4,4359000,653800,8000,5020800
CASE-2026-NW-02350,Johor,Building,Urban,Leasehold,1397,603,9,2358000,353700,8000,2719700
CASE-2026-NW-02351,Pulau Pinang,Agriculture,Suburban,Leasehold,15541,6109,26,4253000,638000,8000,4899000
CASE-2026-NW-02352,Perak,Agriculture,Suburban,Freehold,19696,7350,11,3549000,532400,8000,4089400
CASE-2026-NW-02353,Pulau Pinang,Building,Urban,Leasehold,480,296,4,1246000,186900,8000,1440900
CASE-2026-NW-02354,Wilayah Persekutuan Kuala Lumpur,Agriculture,Urban,Leasehold,12956,5470,12,5013000,752000,8000,5773000
CASE-2026-NW-02355,Selangor,Building,Suburban,Malay Reserve,1120,380,39,1251000,187600,8000,1446600
CASE-2026-NW-02356,Johor,Building,Urban,Freehold,2546,1752,19,6758000,1013700,8000,7779700
CASE-2026-NW-02357,Kedah,Agriculture,Suburban,Leasehold,6814,4039,1,2167000,325000,8000,2500000
CASE-2026-NW-02358,Sarawak,Building,Urban,Freehold,1650,455,33,1450000,217500,8000,1675500
CASE-2026-NW-02359,Pulau Pinang,Agriculture,Suburban,Freehold,15605,10164,24,6248000,937200,8000,7193200
CASE-2026-NW-02360,Melaka,Agriculture,Urban,Freehold,3488,1953,28,1224000,183600,8000,1415600
CASE-2026-NW-02361,Wilayah Persekutuan Kuala Lumpur,Building,Urban,Leasehold,759,595,23,2619000,392800,8000,3019800
CASE-2026-NW-02362,Melaka,Building,Urban,Malay Reserve,1179,1098,9,3662000,549300,8000,4219300
CASE-2026-NW-02363,Johor,Building,Rural,Leasehold,1290,690,38,1666000,249900,8000,1923900
CASE-2026-NW-02364,Selangor,Building,Suburban,Leasehold,2392,1692,26,5665000,849800,8000,6522800
CASE-2026-NW-02365,Kedah,Agriculture,Urban,Leasehold,18749,6498,10,3818000,572700,8000,4398700
CASE-2026-NW-02366,Johor,Building,Suburban,Freehold,1020,514,26,1610000,241500,8000,1859500
CASE-2026-NW-02367,Sabah,Building,Urban,Freehold,707,652,32,1654000,248100,8000,1910100
CASE-2026-NW-02368,Kedah,Agriculture,Urban,Freehold,6817,3668,4,2093000,314000,8000,2415000
CASE-2026-NW-02369,Pulau Pinang,Building,Urban,Freehold,1986,1810,27,7230000,1084500,8000,8322500
CASE-2026-NW-02370,Selangor,Building,Urban,Malay Reserve,446,350,4,1378000,206700,8000,1592700
CASE-2026-NW-02371,Wilayah Persekutuan Kuala Lumpur,Building,Urban,Freehold,1092,764,2,3792000,568800,8000,4368800
CASE-2026-NW-02372,Melaka,Building,Urban,Freehold,357,205,16,736000,110400,8000,854400
CASE-2026-NW-02373,Pulau Pinang,Building,Urban,Malay Reserve,1592,1108,8,4667000,700000,8000,5375000
CASE-2026-NW-02374,Selangor,Agriculture,Urban,Freehold,7302,4114,16,3705000,555800,8000,4268800
CASE-2026-NW-02375,Johor,Building,Suburban,Leasehold,708,629,23,1808000,271200,8000,2087200
CASE-2026-NW-02376,Pulau Pinang,Industry,Urban,Malay Reserve,6064,4925,28,13184000,1977600,8000,15169600
CASE-2026-NW-02377,Pulau Pinang,Building,Urban,Freehold,1815,1064,3,4561000,684200,8000,5253200
CASE-2026-NW-02378,Johor,Building,Suburban,Leasehold,1885,1471,34,4150000,622500,8000,4780500
CASE-2026-NW-02379,Melaka,Agriculture,Urban,Leasehold,12620,7177,13,4166000,624900,8000,4798900
CASE-2026-NW-02380,Pahang,Agriculture,Urban,Freehold,17295,8290,35,4763000,714400,8000,5485400
CASE-2026-NW-02381,Wilayah Persekutuan Kuala Lumpur,Agriculture,Suburban,Leasehold,6393,3632,30,2735000,410200,8000,3153200
CASE-2026-NW-02382,Perak,Building,Rural,Freehold,1565,903,38,1681000,252200,8000,1941200
CASE-2026-NW-02383,Sabah,Building,Urban,Leasehold,862,652,3,2014000,302100,8000,2324100
CASE-2026-NW-02384,Pulau Pinang,Building,Rural,Leasehold,1122,848,14,2513000,377000,8000,2898000
CASE-2026-NW-02385,Pahang,Industry,Urban,Leasehold,17860,15716,22,31550000,4732500,8000,36290500
CASE-2026-NW-02386,Melaka,Building,Rural,Freehold,2284,1613,9,4600000,690000,8000,5298000
CASE-2026-NW-02387,Pulau Pinang,Agriculture,Urban,Freehold,15258,5905,23,4736000,710400,8000,5454400
CASE-2026-NW-02388,Melaka,Agriculture,Rural,Leasehold,4196,1458,12,622000,93300,8000,723300
CASE-2026-NW-02389,Pulau Pinang,Agriculture,Urban,Freehold,6316,4978,11,3984000,597600,8000,4589600
CASE-2026-NW-02390,Pulau Pinang,Building,Urban,Leasehold,946,363,12,1433000,215000,8000,1656000
CASE-2026-NW-02391,Pulau Pinang,Industry,Urban,Freehold,1493,1241,6,4243000,636400,8000,4887400
CASE-2026-NW-02392,Selangor,Building,Suburban,Freehold,2700,1567,32,5850000,877500,8000,6735500
CASE-2026-NW-02393,Melaka,Building,Urban,Freehold,647,536,12,1823000,273400,8000,2104400
CASE-2026-NW-02394,Johor,Building,Suburban,Leasehold,1538,406,14,1494000,224100,8000,1726100
CASE-2026-NW-02395,Wilayah Persekutuan Kuala Lumpur,Agriculture,Urban,Leasehold,2889,1152,8,1205000,180800,8000,1393800
CASE-2026-NW-02396,Wilayah Persekutuan Kuala Lumpur,Agriculture,Urban,Freehold,6170,4049,37,3865000,579800,8000,4452800
CASE-2026-NW-02397,Wilayah Persekutuan Kuala Lumpur,Agriculture,Urban,Leasehold,19630,15206,34,12081000,1812200,8000,13901200
CASE-2026-NW-02398,Kedah,Agriculture,Urban,Freehold,6997,3251,5,1728000,259200,8000,1995200
CASE-2026-NW-02399,Perak,Building,Urban,Leasehold,174,76,30,192000,28800,8000,228800
CASE-2026-NW-02400,Terengganu,Building,Urban,Leasehold,2098,1578,23,4458000,668700,8000,5134700
CASE-2026-NW-02401,Perak,Building,Rural,Malay Reserve,2198,2001,37,3447000,517000,8000,3972000
CASE-2026-NW-02402,Johor,Building,Rural,Freehold,2418,632,15,2130000,319500,8000,2457500
CASE-2026-NW-02403,Johor,Building,Suburban,Leasehold,981,552,1,1686000,252900,8000,1946900
CASE-2026-NW-02404,Wilayah Persekutuan Kuala Lumpur,Building,Suburban,Freehold,2447,1067,32,4407000,661000,8000,5076000
CASE-2026-NW-02405,Wilayah Persekutuan Kuala Lumpur,Building,Rural,Freehold,1289,1045,1,4017000,602600,8000,4627600
CASE-2026-NW-02406,Terengganu,Agriculture,Suburban,Leasehold,4774,2810,16,1277000,191600,8000,1476600
CASE-2026-NW-02407,Pulau Pinang,Building,Urban,Leasehold,2274,1002,32,3863000,579400,8000,4450400
CASE-2026-NW-02408,Perak,Agriculture,Rural,Leasehold,18922,12259,21,4453000,668000,8000,5129000
CASE-2026-NW-02409,Pulau Pinang,Agriculture,Suburban,Leasehold,15930,12817,11,8270000,1240500,8000,9518500
CASE-2026-NW-02410,Terengganu,Agriculture,Urban,Freehold,6407,2246,36,1146000,171900,8000,1325900
CASE-2026-NW-02411,Perak,Building,Urban,Leasehold,371,168,14,494000,74100,8000,576100
CASE-2026-NW-02412,Pahang,Agriculture,Urban,Freehold,6470,5045,34,2742000,411300,8000,3161300
CASE-2026-NW-02413,Selangor,Building,Suburban,Leasehold,1721,1494,21,5373000,806000,8000,6187000
CASE-2026-NW-02414,Kelantan,Industry,Rural,Freehold,5018,1662,29,2648000,397200,8000,3053200
CASE-2026-NW-02415,Johor,Building,Suburban,Freehold,1444,1227,31,3727000,559000,8000,4294000
CASE-2026-NW-02416,Wilayah Persekutuan Labuan,Industry,Suburban,Leasehold,18045,10006,4,26294000,3944100,8000,30246100
CASE-2026-NW-02417,Wilayah Persekutuan Kuala Lumpur,Agriculture,Suburban,Freehold,10385,8895,18,6106000,915900,8000,7029900
CASE-2026-NW-02418,Sabah,Agriculture,Rural,Leasehold,14469,11415,14,3900000,585000,8000,4493000
CASE-2026-NW-02419,Johor,Building,Urban,Leasehold,1056,590,21,1880000,282000,8000,2170000
CASE-2026-NW-02420,Selangor,Agriculture,Suburban,Leasehold,16954,14166,17,8573000,1286000,8000,9867000
CASE-2026-NW-02421,Pahang,Agriculture,Urban,Freehold,3885,1833,14,1289000,193400,8000,1490400
CASE-2026-NW-02422,Selangor,Building,Rural,Leasehold,1417,1047,35,2810000,421500,8000,3239500
CASE-2026-NW-02423,Perak,Industry,Rural,Leasehold,22829,15864,1,25945000,3891800,8000,29844800
CASE-2026-NW-02424,Pahang,Agriculture,Urban,Freehold,19478,13272,23,7401000,1110200,8000,8519200
CASE-2026-NW-02425,Kedah,Agriculture,Urban,Freehold,4976,2952,37,1750000,262500,8000,2020500
CASE-2026-NW-02426,Pahang,Agriculture,Suburban,Freehold,7897,4736,19,2320000,348000,8000,2676000
CASE-2026-NW-02427,Johor,Building,Suburban,Freehold,2558,2021,31,6053000,908000,8000,6969000
CASE-2026-NW-02428,Wilayah Persekutuan Kuala Lumpur,Agriculture,Urban,Freehold,8228,3869,25,3696000,554400,8000,4258400
CASE-2026-NW-02429,Pulau Pinang,Agriculture,Suburban,Malay Reserve,12440,10640,13,6893000,1034000,8000,7935000
CASE-2026-NW-02430,Wilayah Persekutuan Kuala Lumpur,Building,Suburban,Freehold,2205,1375,9,6131000,919600,8000,7058600
CASE-2026-NW-02431,Kelantan,Building,Suburban,Leasehold,1776,974,39,1845000,276800,8000,2129800
CASE-2026-NW-02432,Pulau Pinang,Agriculture,Suburban,Leasehold,14882,12594,36,6660000,999000,8000,7667000
CASE-2026-NW-02433,Wilayah Persekutuan Kuala Lumpur,Building,Suburban,Freehold,1820,778,34,3455000,518200,8000,3981200
CASE-2026-NW-02434,Johor,Building,Suburban,Freehold,412,148,35,446000,66900,8000,520900
CASE-2026-NW-02435,Selangor,Agriculture,Suburban,Freehold,2292,1060,13,876000,131400,8000,1015400
CASE-2026-NW-02436,Melaka,Building,Rural,Malay Reserve,2214,1983,8,5057000,758600,8000,5823600
CASE-2026-NW-02437,Melaka,Agriculture,Suburban,Freehold,18972,11545,7,6676000,1001400,8000,7685400
CASE-2026-NW-02438,Melaka,Agriculture,Rural,Malay Reserve,12771,8568,14,3644000,546600,8000,4198600
CASE-2026-NW-02439,Selangor,Building,Rural,Freehold,919,628,30,1785000,267800,8000,2060800
CASE-2026-NW-02440,Sabah,Building,Urban,Freehold,2950,2131,1,7705000,1155800,8000,8868800
CASE-2026-NW-02441,Negeri Sembilan,Building,Urban,Freehold,261,209,20,702000,105300,8000,815300
CASE-2026-NW-02442,Pulau Pinang,Industry,Rural,Freehold,18059,10506,12,21675000,3251200,8000,24934200
CASE-2026-NW-02443,Johor,Agriculture,Suburban,Leasehold,17466,14053,35,7576000,1136400,8000,8720400
CASE-2026-NW-02444,Melaka,Agriculture,Rural,Freehold,10945,4119,13,2183000,327400,8000,2518400
CASE-2026-NW-02445,Wilayah Persekutuan Kuala Lumpur,Building,Urban,Leasehold,1694,625,27,2725000,408800,8000,3141800
CASE-2026-NW-02446,Selangor,Industry,Suburban,Leasehold,1092,636,33,1586000,237900,8000,1831900
CASE-2026-NW-02447,Kedah,Agriculture,Urban,Freehold,8296,7220,4,3577000,536600,8000,4121600
CASE-2026-NW-02448,Kelantan,Building,Urban,Freehold,2213,1823,1,5076000,761400,8000,5845400
CASE-2026-NW-02449,Pahang,Agriculture,Rural,Leasehold,16688,4357,29,1617000,242600,8000,1867600
CASE-2026-NW-02450,Wilayah Persekutuan Kuala Lumpur,Agriculture,Suburban,Malay Reserve,12122,7003,26,5181000,777200,8000,5966200
CASE-2026-NW-02451,Kedah,Building,Suburban,Leasehold,944,504,8,1367000,205000,8000,1580000
CASE-2026-NW-02452,Wilayah Persekutuan Kuala Lumpur,Building,Urban,Leasehold,1670,1113,30,4867000,730000,8000,5605000
CASE-2026-NW-02453,Pulau Pinang,Agriculture,Suburban,Leasehold,2397,480,32,339000,50800,8000,397800
CASE-2026-NW-02454,Melaka,Agriculture,Urban,Freehold,13809,10325,34,6392000,958800,8000,7358800
CASE-2026-NW-02455,Wilayah Persekutuan Kuala Lumpur,Agriculture,Urban,Leasehold,11131,4553,12,4362000,654300,8000,5024300
CASE-2026-NW-02456,Johor,Agriculture,Suburban,Freehold,6938,4083,15,2565000,384800,8000,2957800
CASE-2026-NW-02457,Perak,Industry,Urban,Freehold,2669,1305,1,3364000,504600,8000,3876600
CASE-2026-NW-02458,Wilayah Persekutuan Kuala Lumpur,Building,Urban,Leasehold,1588,741,30,3291000,493600,8000,3792600
CASE-2026-NW-02459,Selangor,Agriculture,Urban,Freehold,16077,7499,36,6469000,970400,8000,7447400
CASE-2026-NW-02460,Pulau Pinang,Building,Urban,Leasehold,1491,991,38,3810000,571500,8000,4389500
CASE-2026-NW-02461,Terengganu,Building,Urban,Freehold,2346,1085,29,3486000,522900,8000,4016900
CASE-2026-NW-02462,Terengganu,Industry,Urban,Leasehold,9561,3164,5,7642000,1146300,8000,8796300
CASE-2026-NW-02463,Pahang,Building,Suburban,Leasehold,1099,444,3,1340000,201000,8000,1549000
CASE-2026-NW-02464,Selangor,Agriculture,Suburban,Leasehold,15204,9292,8,6727000,1009000,8000,7744000
CASE-2026-NW-02465,Wilayah Persekutuan Kuala Lumpur,Building,Urban,Freehold,1751,690,32,3138000,470700,8000,3616700
CASE-2026-NW-02466,Selangor,Industry,Suburban,Leasehold,10612,9778,28,25440000,3816000,8000,29264000
CASE-2026-NW-02467,Melaka,Agriculture,Suburban,Freehold,10140,8161,23,4384000,657600,8000,5049600
CASE-2026-NW-02468,Wilayah Persekutuan Kuala Lumpur,Building,Urban,Freehold,2792,1061,18,5672000,850800,8000,6530800
CASE-2026-NW-02469,Johor,Industry,Suburban,Freehold,18936,6464,17,18021000,2703200,8000,20732200
CASE-2026-NW-02470,Johor,Agriculture,Rural,Freehold,11554,9362,38,4338000,650700,8000,4996700
CASE-2026-NW-02471,Perlis,Agriculture,Suburban,Freehold,4193,2854,32,1179000,176800,8000,1363800
CASE-2026-NW-02472,Wilayah Persekutuan Kuala Lumpur,Building,Suburban,Freehold,769,238,5,1173000,176000,8000,1357000
CASE-2026-NW-02473,Wilayah Persekutuan Kuala Lumpur,Industry,Urban,Leasehold,24160,10294,16,31859000,4778800,8000,36645800
CASE-2026-NW-02474,Pulau Pinang,Building,Suburban,Freehold,1932,565,31,2054000,308100,8000,2370100
CASE-2026-NW-02475,Johor,Building,Suburban,Freehold,2643,1672,19,5099000,764800,8000,5871800
CASE-2026-NW-02476,Kelantan,Agriculture,Urban,Freehold,3692,764,30,461000,69200,8000,538200
CASE-2026-NW-02477,Selangor,Agriculture,Suburban,Freehold,18122,4341,29,3492000,523800,8000,4023800
CASE-2026-NW-02478,Perak,Building,Urban,Leasehold,1218,1007,10,2938000,440700,8000,3386700
CASE-2026-NW-02479,Selangor,Building,Urban,Leasehold,800,482,17,2096000,314400,8000,2418400
CASE-2026-NW-02480,Melaka,Agriculture,Rural,Leasehold,18795,10650,19,4591000,688600,8000,5287600
CASE-2026-NW-02481,Wilayah Persekutuan Kuala Lumpur,Agriculture,Urban,Leasehold,16604,7591,36,7105000,1065800,8000,8178800
CASE-2026-NW-02482,Wilayah Persekutuan Putrajaya,Agriculture,Urban,Leasehold,13312,3691,29,3046000,456900,8000,3510900
CASE-2026-NW-02483,Selangor,Building,Rural,Leasehold,1912,1183,16,3777000,566600,8000,4351600
CASE-2026-NW-02484,Pulau Pinang,Building,Suburban,Freehold,2304,1988,2,7530000,1129500,8000,8667500
CASE-2026-NW-02485,Wilayah Persekutuan Kuala Lumpur,Building,Rural,Leasehold,1084,1009,37,2563000,384400,8000,2955400
CASE-2026-NW-02486,Selangor,Building,Suburban,Freehold,1628,527,14,2400000,360000,8000,2768000
CASE-2026-NW-02487,Pahang,Building,Urban,Freehold,1864,960,11,3032000,454800,8000,3494800
CASE-2026-NW-02488,Perak,Building,Rural,Freehold,309,185,34,341000,51200,8000,400200
CASE-2026-NW-02489,Wilayah Persekutuan Labuan,Industry,Urban,Freehold,20838,16457,15,39089000,5863400,8000,44960400
CASE-2026-NW-02490,Sarawak,Industry,Urban,Freehold,7588,5283,26,12412000,1861800,8000,14281800
CASE-2026-NW-02491,Pulau Pinang,Agriculture,Urban,Leasehold,11096,6826,30,4637000,695600,8000,5340600
CASE-2026-NW-02492,Selangor,Agriculture,Suburban,Leasehold,9939,5065,37,3362000,504300,8000,3874300
CASE-2026-NW-02493,Kedah,Building,Suburban,Freehold,2001,903,39,2328000,349200,8000,2685200
CASE-2026-NW-02494,Johor,Agriculture,Suburban,Freehold,14912,12801,28,7333000,1100000,8000,8441000
CASE-2026-NW-02495,Selangor,Industry,Urban,Leasehold,2530,2151,14,6664000,999600,8000,7671600
CASE-2026-NW-02496,Pahang,Building,Rural,Malay Reserve,2353,644,18,1494000,224100,8000,1726100
CASE-2026-NW-02497,Johor,Building,Rural,Freehold,2558,1064,6,2904000,435600,8000,3347600
CASE-2026-NW-02498,Sabah,Building,Suburban,Freehold,501,129,24,350000,52500,8000,410500
CASE-2026-NW-02499,Johor,Agriculture,Suburban,Freehold,3192,2770,7,1518000,227700,8000,1753700
CASE-2026-NW-02500,Johor,Building,Urban,Freehold,2106,1992,19,7203000,1080400,8000,8291400
CASE-2026-NW-02501,Pulau Pinang,Agriculture,Urban,Leasehold,19448,5510,29,4247000,637000,8000,4892000
CASE-2026-NW-02502,Pulau Pinang,Agriculture,Rural,Freehold,15687,3305,21,2026000,303900,8000,2337900
CASE-2026-NW-02503,Wilayah Persekutuan Kuala Lumpur,Building,Rural,Leasehold,977,470,23,1699000,254800,8000,1961800
CASE-2026-NW-02504,Pulau Pinang,Building,Suburban,Freehold,2674,1627,2,6608000,991200,8000,7607200
CASE-2026-NW-02505,Johor,Building,Urban,Freehold,2223,741,38,2674000,401100,8000,3083100
CASE-2026-NW-02506,Pulau Pinang,Agriculture,Suburban,Leasehold,16706,3724,17,2710000,406500,8000,3124500
CASE-2026-NW-02507,Melaka,Building,Suburban,Leasehold,1237,454,24,1292000,193800,8000,1493800
CASE-2026-NW-02508,Negeri Sembilan,Building,Rural,Leasehold,2522,1279,3,3302000,495300,8000,3805300
CASE-2026-NW-02509,Terengganu,Building,Suburban,Freehold,1867,886,10,2379000,356800,8000,2743800
CASE-2026-NW-02510,Wilayah Persekutuan Kuala Lumpur,Building,Suburban,Freehold,2744,1468,10,6683000,1002400,8000,7693400
CASE-2026-NW-02511,Selangor,Industry,Rural,Freehold,20501,6590,14,16320000,2448000,8000,18776000
CASE-2026-NW-02512,Kedah,Building,Urban,Malay Reserve,2464,1632,26,4073000,611000,8000,4692000
CASE-2026-NW-02513,Selangor,Building,Suburban,Freehold,2356,2078,35,7004000,1050600,8000,8062600
CASE-2026-NW-02514,Selangor,Agriculture,Urban,Freehold,19903,13025,31,11690000,1753500,8000,13451500
CASE-2026-NW-02515,Johor,Building,Suburban,Leasehold,1390,956,6,2931000,439600,8000,3378600
CASE-2026-NW-02516,Pulau Pinang,Building,Rural,Malay Reserve,1578,1339,23,3745000,561800,8000,4314800
CASE-2026-NW-02517,Melaka,Building,Urban,Leasehold,1841,583,21,1815000,272200,8000,2095200
CASE-2026-NW-02518,Perak,Industry,Urban,Leasehold,14403,7784,32,15530000,2329500,8000,17867500
CASE-2026-NW-02519,Pulau Pinang,Building,Urban,Freehold,2211,1961,5,9292000,1393800,8000,10693800
CASE-2026-NW-02520,Perak,Building,Suburban,Malay Reserve,292,181,17,399000,59800,8000,466800
CASE-2026-NW-02521,Wilayah Persekutuan Kuala Lumpur,Building,Suburban,Leasehold,1118,501,2,2098000,314700,8000,2420700
CASE-2026-NW-02522,Selangor,Building,Rural,Freehold,1764,1568,3,5401000,810200,8000,6219200
CASE-2026-NW-02523,Selangor,Agriculture,Urban,Freehold,7760,3768,38,3396000,509400,8000,3913400
CASE-2026-NW-02524,Pahang,Agriculture,Suburban,Freehold,15029,8627,22,4130000,619500,8000,4757500
CASE-2026-NW-02525,Pulau Pinang,Building,Suburban,Freehold,214,105,33,371000,55600,8000,434600
CASE-2026-NW-02526,Melaka,Building,Suburban,Freehold,667,527,1,1588000,238200,8000,1834200
CASE-2026-NW-02527,Selangor,Agriculture,Urban,Leasehold,16467,9297,35,7073000,1061000,8000,8142000
CASE-2026-NW-02528,Johor,Industry,Suburban,Freehold,21167,16179,30,36357000,5453600,8000,41818600
CASE-2026-NW-02529,Negeri Sembilan,Building,Suburban,Leasehold,2710,2130,25,5026000,753900,8000,5787900
CASE-2026-NW-02530,Sabah,Building,Suburban,Freehold,1065,312,31,772000,115800,8000,895800
CASE-2026-NW-02531,Melaka,Agriculture,Urban,Leasehold,5344,2850,39,1708000,256200,8000,1972200
CASE-2026-NW-02532,Kelantan,Building,Urban,Leasehold,2594,1218,12,3581000,537200,8000,4126200
CASE-2026-NW-02533,Johor,Building,Urban,Freehold,1254,916,2,3934000,590100,8000,4532100
CASE-2026-NW-02534,Pahang,Agriculture,Rural,Freehold,17118,3687,7,1549000,232400,8000,1789400
CASE-2026-NW-02535,Pulau Pinang,Building,Suburban,Freehold,2255,2079,13,7013000,1052000,8000,8073000
CASE-2026-NW-02536,Johor,Agriculture,Urban,Leasehold,12889,8984,38,5077000,761600,8000,5846600
CASE-2026-NW-02537,Johor,Building,Suburban,Leasehold,2828,1136,2,3788000,568200,8000,4364200
CASE-2026-NW-02538,Selangor,Agriculture,Suburban,Freehold,13390,6690,36,5206000,780900,8000,5994900
CASE-2026-NW-02539,Kelantan,Building,Rural,Freehold,625,571,22,1195000,179200,8000,1382200
CASE-2026-NW-02540,Johor,Building,Rural,Freehold,2083,1896,34,4282000,642300,8000,4932300
CASE-2026-NW-02541,Pahang,Building,Urban,Leasehold,1919,754,20,2341000,351200,8000,2700200
CASE-2026-NW-02542,Wilayah Persekutuan Kuala Lumpur,Building,Urban,Leasehold,276,186,32,744000,111600,8000,863600
CASE-2026-NW-02543,Kelantan,Building,Suburban,Freehold,2344,1600,20,3862000,579300,8000,4449300
CASE-2026-NW-02544,Johor,Agriculture,Suburban,Freehold,12112,3734,11,2802000,420300,8000,3230300
CASE-2026-NW-02545,Kedah,Building,Suburban,Freehold,455,332,16,916000,137400,8000,1061400
CASE-2026-NW-02546,Johor,Agriculture,Suburban,Freehold,3939,3057,0,1974000,296100,8000,2278100
CASE-2026-NW-02547,Selangor,Building,Suburban,Freehold,1601,959,24,3614000,542100,8000,4164100
CASE-2026-NW-02548,Melaka,Building,Rural,Freehold,2399,763,38,1626000,243900,8000,1877900
CASE-2026-NW-02549,Johor,Building,Suburban,Freehold,2965,2552,20,7587000,1138000,8000,8733000
CASE-2026-NW-02550,Kedah,Agriculture,Rural,Freehold,10659,8111,2,3105000,465800,8000,3578800
CASE-2026-NW-02551,Pulau Pinang,Building,Urban,Freehold,1922,527,21,2318000,347700,8000,2673700
CASE-2026-NW-02552,Selangor,Building,Suburban,Leasehold,1228,630,1,2635000,395200,8000,3038200
CASE-2026-NW-02553,Terengganu,Industry,Urban,Freehold,5258,4836,26,9922000,1488300,8000,11418300
CASE-2026-NW-02554,Melaka,Building,Urban,Freehold,2203,1090,31,3653000,548000,8000,4209000
CASE-2026-NW-02555,Wilayah Persekutuan Kuala Lumpur,Agriculture,Rural,Leasehold,3225,1397,4,998000,149700,8000,1155700
CASE-2026-NW-02556,Pahang,Building,Suburban,Freehold,1945,1812,37,3762000,564300,8000,4334300
CASE-2026-NW-02557,Sarawak,Building,Suburban,Freehold,1078,915,6,3025000,453800,8000,3486800
CASE-2026-NW-02558,Pulau Pinang,Agriculture,Urban,Leasehold,11923,10672,17,7608000,1141200,8000,8757200
CASE-2026-NW-02559,Perak,Building,Rural,Leasehold,2585,2392,25,4432000,664800,8000,5104800
CASE-2026-NW-02560,Kedah,Building,Suburban,Leasehold,1648,1361,33,3117000,467600,8000,3592600
CASE-2026-NW-02561,Melaka,Building,Urban,Freehold,1160,696,31,2319000,347800,8000,2674800
CASE-2026-NW-02562,Johor,Agriculture,Suburban,Freehold,10645,8198,0,4934000,740100,8000,5682100
CASE-2026-NW-02563,Kedah,Building,Urban,Freehold,867,575,24,1756000,263400,8000,2027400
CASE-2026-NW-02564,Wilayah Persekutuan Kuala Lumpur,Building,Urban,Leasehold,1502,1116,11,5070000,760500,8000,5838500
CASE-2026-NW-02565,Melaka,Industry,Suburban,Leasehold,4727,2606,28,4902000,735300,8000,5645300
CASE-2026-NW-02566,Pulau Pinang,Agriculture,Urban,Leasehold,2062,1394,30,1024000,153600,8000,1185600
CASE-2026-NW-02567,Wilayah Persekutuan Kuala Lumpur,Building,Urban,Leasehold,1205,638,22,2796000,419400,8000,3223400
CASE-2026-NW-02568,Wilayah Persekutuan Kuala Lumpur,Building,Suburban,Leasehold,840,466,16,1770000,265500,8000,2043500
CASE-2026-NW-02569,Wilayah Persekutuan Kuala Lumpur,Agriculture,Urban,Freehold,14351,5938,10,6240000,936000,8000,7184000
CASE-2026-NW-02570,Terengganu,Building,Suburban,Freehold,640,251,37,530000,79500,8000,617500
CASE-2026-NW-02571,Pulau Pinang,Building,Urban,Leasehold,2648,1818,25,6520000,978000,8000,7506000
CASE-2026-NW-02572,Kelantan,Building,Suburban,Leasehold,1299,978,17,2274000,341100,8000,2623100
CASE-2026-NW-02573,Wilayah Persekutuan Kuala Lumpur,Building,Suburban,Freehold,1494,925,2,3923000,588400,8000,4519400
CASE-2026-NW-02574,Wilayah Persekutuan Kuala Lumpur,Agriculture,Suburban,Freehold,10928,9263,14,7092000,1063800,8000,8163800
CASE-2026-NW-02575,Sabah,Industry,Suburban,Leasehold,23194,7004,27,15867000,2380000,8000,18255000
CASE-2026-NW-02576,Kedah,Agriculture,Rural,Freehold,10894,6503,39,2333000,350000,8000,2691000
CASE-2026-NW-02577,Johor,Agriculture,Urban,Freehold,3240,1319,10,1014000,152100,8000,1174100
CASE-2026-NW-02578,Sabah,Building,Suburban,Malay Reserve,1445,1218,17,3216000,482400,8000,3706400
CASE-2026-NW-02579,Johor,Building,Rural,Leasehold,1307,708,20,1760000,264000,8000,2032000
CASE-2026-NW-02580,Pulau Pinang,Industry,Urban,Freehold,22048,11284,13,37947000,5692000,8000,43647000
CASE-2026-NW-02581,Wilayah Persekutuan Putrajaya,Building,Suburban,Freehold,1880,1236,35,4352000,652800,8000,5012800
CASE-2026-NW-02582,Wilayah Persekutuan Kuala Lumpur,Building,Suburban,Malay Reserve,1124,504,30,1867000,280000,8000,2155000
CASE-2026-NW-02583,Pahang,Building,Urban,Leasehold,1087,699,8,2000000,300000,8000,2308000
CASE-2026-NW-02584,Melaka,Building,Urban,Leasehold,1278,387,39,1204000,180600,8000,1392600
CASE-2026-NW-02585,Selangor,Building,Urban,Freehold,600,557,1,2320000,348000,8000,2676000
CASE-2026-NW-02586,Sarawak,Agriculture,Rural,Leasehold,14645,4838,12,2065000,309800,8000,2382800
CASE-2026-NW-02587,Kelantan,Agriculture,Urban,Malay Reserve,4973,2949,12,1442000,216300,8000,1666300
CASE-2026-NW-02588,Selangor,Building,Rural,Freehold,2403,1104,38,3323000,498400,8000,3829400
CASE-2026-NW-02589,Pulau Pinang,Industry,Urban,Leasehold,7969,4824,8,13740000,2061000,8000,15809000
CASE-2026-NW-02590,Selangor,Industry,Urban,Freehold,18270,7000,26,23882000,3582300,8000,27472300
CASE-2026-NW-02591,Wilayah Persekutuan Putrajaya,Agriculture,Urban,Freehold,2271,476,23,460000,69000,8000,537000
CASE-2026-NW-02592,Selangor,Industry,Urban,Leasehold,10226,7526,12,24664000,3699600,8000,28371600
CASE-2026-NW-02593,Wilayah Persekutuan Kuala Lumpur,Agriculture,Suburban,Leasehold,13517,6232,10,4913000,737000,8000,5658000
CASE-2026-NW-02594,Pahang,Agriculture,Urban,Leasehold,2741,1543,32,768000,115200,8000,891200
CASE-2026-NW-02595,Selangor,Building,Suburban,Leasehold,2326,1056,36,3667000,550000,8000,4225000
CASE-2026-NW-02596,Pulau Pinang,Agriculture,Urban,Leasehold,10789,5494,19,4656000,698400,8000,5362400
CASE-2026-NW-02597,Wilayah Persekutuan Kuala Lumpur,Building,Urban,Leasehold,2862,818,37,3564000,534600,8000,4106600
CASE-2026-NW-02598,Kedah,Building,Suburban,Freehold,2583,2205,35,5228000,784200,8000,6020200
CASE-2026-NW-02599,Wilayah Persekutuan Kuala Lumpur,Building,Suburban,Freehold,2226,1449,17,6170000,925500,8000,7103500
CASE-2026-NW-02600,Perak,Building,Suburban,Freehold,1774,1111,29,2677000,401600,8000,3086600
CASE-2026-NW-02601,Kedah,Building,Urban,Freehold,2983,2682,30,7686000,1152900,8000,8846900
CASE-2026-NW-02602,Selangor,Building,Rural,Leasehold,1444,1284,5,3659000,548800,8000,4215800
CASE-2026-NW-02603,Wilayah Persekutuan Kuala Lumpur,Building,Urban,Freehold,1343,782,8,4073000,611000,8000,4692000
CASE-2026-NW-02604,Melaka,Building,Urban,Malay Reserve,1786,1691,10,5291000,793600,8000,6092600
CASE-2026-NW-02605,Wilayah Persekutuan Kuala Lumpur,Agriculture,Urban,Malay Reserve,16012,8736,5,7866000,1179900,8000,9053900
CASE-2026-NW-02606,Selangor,Building,Urban,Freehold,2083,1526,38,6528000,979200,8000,7515200
CASE-2026-NW-02607,Kedah,Agriculture,Suburban,Leasehold,3864,1249,7,640000,96000,8000,744000
CASE-2026-NW-02608,Kelantan,Building,Suburban,Leasehold,223,57,15,151000,22600,8000,181600
CASE-2026-NW-02609,Selangor,Agriculture,Suburban,Freehold,11691,3915,29,3111000,466600,8000,3585600
CASE-2026-NW-02610,Melaka,Agriculture,Urban,Leasehold,6730,3918,33,2646000,396900,8000,3050900
CASE-2026-NW-02611,Pahang,Building,Suburban,Freehold,542,164,13,466000,69900,8000,543900
CASE-2026-NW-02612,Sabah,Agriculture,Urban,Leasehold,6316,4461,23,2280000,342000,8000,2630000
CASE-2026-NW-02613,Perak,Industry,Urban,Leasehold,17387,16056,7,32931000,4939600,8000,37878600
CASE-2026-NW-02614,Johor,Building,Urban,Freehold,1025,618,34,2044000,306600,8000,2358600
CASE-2026-NW-02615,Pulau Pinang,Agriculture,Suburban,Freehold,19010,11655,37,8084000,1212600,8000,9304600
CASE-2026-NW-02616,Perak,Building,Suburban,Leasehold,2078,550,6,1516000,227400,8000,1751400
CASE-2026-NW-02617,Pulau Pinang,Building,Urban,Freehold,1476,1187,28,4451000,667600,8000,5126600
CASE-2026-NW-02618,Selangor,Agriculture,Urban,Leasehold,18063,12306,10,9823000,1473400,8000,11304400
CASE-2026-NW-02619,Kelantan,Industry,Urban,Freehold,6291,3404,3,7359000,1103800,8000,8470800
CASE-2026-NW-02620,Selangor,Agriculture,Rural,Malay Reserve,17415,9574,17,5205000,780800,8000,5993800
CASE-2026-NW-02621,Wilayah Persekutuan Kuala Lumpur,Building,Suburban,Freehold,892,773,18,2989000,448400,8000,3445400
CASE-2026-NW-02622,Selangor,Agriculture,Suburban,Freehold,17745,8924,32,6626000,993900,8000,7627900
CASE-2026-NW-02623,Selangor,Building,Suburban,Malay Reserve,886,565,39,1893000,284000,8000,2185000
CASE-2026-NW-02624,Johor,Building,Suburban,Leasehold,946,619,11,2241000,336200,8000,2585200
CASE-2026-NW-02625,Selangor,Industry,Suburban,Freehold,8812,4688,5,14288000,2143200,8000,16439200
CASE-2026-NW-02626,Terengganu,Building,Rural,Freehold,432,237,16,612000,91800,8000,711800
CASE-2026-NW-02627,Pahang,Building,Rural,Freehold,607,274,18,622000,93300,8000,723300
CASE-2026-NW-02628,Johor,Agriculture,Suburban,Malay Reserve,12949,7616,21,4495000,674200,8000,5177200
CASE-2026-NW-02629,Selangor,Industry,Suburban,Leasehold,19850,14271,25,33552000,5032800,8000,38592800
CASE-2026-NW-02630,Pahang,Building,Suburban,Leasehold,2554,2220,31,4796000,719400,8000,5523400
CASE-2026-NW-02631,Selangor,Building,Suburban,Freehold,618,443,37,1678000,251700,8000,1937700
CASE-2026-NW-02632,Melaka,Building,Urban,Freehold,281,116,38,394000,59100,8000,461100
CASE-2026-NW-02633,Terengganu,Agriculture,Suburban,Leasehold,8049,4134,29,1765000,264800,8000,2037800
CASE-2026-NW-02634,Pulau Pinang,Building,Urban,Freehold,1724,431,37,1852000,277800,8000,2137800
CASE-2026-NW-02635,Pulau Pinang,Building,Suburban,Leasehold,2171,1700,3,5920000,888000,8000,6816000
CASE-2026-NW-02636,Perlis,Agriculture,Urban,Freehold,10229,5287,29,2987000,448000,8000,3443000
CASE-2026-NW-02637,Johor,Industry,Rural,Freehold,14677,9454,26,17213000,2582000,8000,19803000
CASE-2026-NW-02638,Selangor,Building,Suburban,Leasehold,2539,1096,10,4171000,625600,8000,4804600
CASE-2026-NW-02639,Perak,Agriculture,Urban,Malay Reserve,19390,15323,11,7390000,1108500,8000,8506500
CASE-2026-NW-02640,Terengganu,Building,Rural,Freehold,1662,1372,38,2345000,351800,8000,2704800
CASE-2026-NW-02641,Negeri Sembilan,Agriculture,Rural,Freehold,7259,3320,4,1471000,220600,8000,1699600
CASE-2026-NW-02642,Wilayah Persekutuan Putrajaya,Building,Suburban,Freehold,279,250,17,776000,116400,8000,900400
CASE-2026-NW-02643,Wilayah Persekutuan Kuala Lumpur,Agriculture,Suburban,Freehold,2015,499,8,429000,64400,8000,501400
CASE-2026-NW-02644,Terengganu,Building,Suburban,Freehold,457,130,37,299000,44800,8000,351800
CASE-2026-NW-02645,Melaka,Agriculture,Urban,Leasehold,9037,5419,13,3521000,528200,8000,4057200
CASE-2026-NW-02646,Perak,Agriculture,Suburban,Freehold,17556,9817,28,4536000,680400,8000,5224400
CASE-2026-NW-02647,Kedah,Building,Rural,Freehold,2310,1362,34,2807000,421000,8000,3236000
CASE-2026-NW-02648,Melaka,Industry,Rural,Freehold,6081,2466,17,5196000,779400,8000,5983400
CASE-2026-NW-02649,Kelantan,Building,Urban,Leasehold,1543,1281,23,3147000,472000,8000,3627000
CASE-2026-NW-02650,Pulau Pinang,Building,Rural,Freehold,1220,939,33,2449000,367400,8000,2824400
CASE-2026-NW-02651,Kedah,Building,Suburban,Leasehold,341,190,31,482000,72300,8000,562300
CASE-2026-NW-02652,Selangor,Industry,Urban,Freehold,7950,4598,17,16906000,2535900,8000,19449900
CASE-2026-NW-02653,Terengganu,Agriculture,Urban,Freehold,5846,3641,28,1914000,287100,8000,2209100
CASE-2026-NW-02654,Melaka,Agriculture,Urban,Leasehold,11634,7798,31,4391000,658600,8000,5057600
CASE-2026-NW-02655,Negeri Sembilan,Building,Suburban,Freehold,1227,615,25,1867000,280000,8000,2155000
CASE-2026-NW-02656,Pulau Pinang,Agriculture,Rural,Leasehold,8786,7758,26,3434000,515100,8000,3957100
CASE-2026-NW-02657,Johor,Agriculture,Suburban,Freehold,18049,15707,35,8332000,1249800,8000,9589800
CASE-2026-NW-02658,Wilayah Persekutuan Kuala Lumpur,Building,Suburban,Leasehold,2033,1138,7,5148000,772200,8000,5928200
CASE-2026-NW-02659,Selangor,Building,Urban,Leasehold,228,59,39,242000,36300,8000,286300
CASE-2026-NW-02660,Pulau Pinang,Agriculture,Suburban,Leasehold,5835,3344,14,2125000,318800,8000,2451800
CASE-2026-NW-02661,Wilayah Persekutuan Kuala Lumpur,Building,Suburban,Freehold,857,461,21,1933000,290000,8000,2231000
CASE-2026-NW-02662,Selangor,Building,Rural,Leasehold,1884,609,1,2215000,332200,8000,2555200
CASE-2026-NW-02663,Pahang,Industry,Rural,Freehold,22632,16340,15,25973000,3896000,8000,29877000
CASE-2026-NW-02664,Melaka,Agriculture,Suburban,Malay Reserve,2507,565,25,292000,43800,8000,343800
CASE-2026-NW-02665,Melaka,Building,Suburban,Malay Reserve,415,237,30,676000,101400,8000,785400
CASE-2026-NW-02666,Pulau Pinang,Agriculture,Urban,Leasehold,8518,3812,30,2750000,412500,8000,3170500
CASE-2026-NW-02667,Johor,Agriculture,Urban,Malay Reserve,10878,8649,0,5417000,812600,8000,6237600
CASE-2026-NW-02668,Kelantan,Agriculture,Rural,Freehold,2408,1380,22,531000,79600,8000,618600
CASE-2026-NW-02669,Negeri Sembilan,Industry,Suburban,Leasehold,22903,11294,4,26339000,3950800,8000,30297800
CASE-2026-NW-02670,Pulau Pinang,Agriculture,Suburban,Freehold,6451,5194,26,3445000,516800,8000,3969800
CASE-2026-NW-02671,Johor,Agriculture,Rural,Freehold,16306,10297,39,4683000,702400,8000,5393400
CASE-2026-NW-02672,Wilayah Persekutuan Kuala Lumpur,Industry,Rural,Leasehold,16736,10319,6,29504000,4425600,8000,33937600
CASE-2026-NW-02673,Pulau Pinang,Building,Urban,Leasehold,1368,969,38,3228000,484200,8000,3720200
CASE-2026-NW-02674,Kedah,Building,Urban,Malay Reserve,544,175,27,472000,70800,8000,550800
CASE-2026-NW-02675,Johor,Building,Urban,Leasehold,491,422,23,1215000,182200,8000,1405200
CASE-2026-NW-02676,Selangor,Agriculture,Urban,Freehold,14169,4894,23,4436000,665400,8000,5109400
CASE-2026-NW-02677,Pulau Pinang,Building,Suburban,Leasehold,2828,2500,1,9285000,1392800,8000,10685800
CASE-2026-NW-02678,Johor,Agriculture,Suburban,Freehold,15539,5361,6,3496000,524400,8000,4028400
CASE-2026-NW-02679,Kedah,Agriculture,Suburban,Leasehold,18617,9164,3,4507000,676000,8000,5191000
CASE-2026-NW-02680,Wilayah Persekutuan Kuala Lumpur,Agriculture,Urban,Freehold,18022,11102,30,9791000,1468600,8000,11267600
CASE-2026-NW-02681,Selangor,Agriculture,Suburban,Leasehold,12912,9383,23,5977000,896600,8000,6881600
CASE-2026-NW-02682,Johor,Industry,Rural,Freehold,4527,2510,5,5738000,860700,8000,6606700
CASE-2026-NW-02683,Pulau Pinang,Agriculture,Suburban,Freehold,14180,6403,29,4241000,636200,8000,4885200
CASE-2026-NW-02684,Pulau Pinang,Industry,Urban,Leasehold,10824,8617,6,26847000,4027000,8000,30882000
CASE-2026-NW-02685,Wilayah Persekutuan Labuan,Building,Suburban,Freehold,425,125,9,374000,56100,8000,438100
CASE-2026-NW-02686,Wilayah Persekutuan Kuala Lumpur,Building,Urban,Freehold,541,207,28,1017000,152600,8000,1177600
CASE-2026-NW-02687,Selangor,Building,Urban,Leasehold,1568,1049,25,4168000,625200,8000,4801200
CASE-2026-NW-02688,Pulau Pinang,Agriculture,Urban,Malay Reserve,5224,1121,6,977000,146600,8000,1131600
CASE-2026-NW-02689,Sabah,Building,Urban,Freehold,2409,2047,24,6364000,954600,8000,7326600
CASE-2026-NW-02690,Pulau Pinang,Agriculture,Urban,Leasehold,16224,7605,3,6029000,904400,8000,6941400
CASE-2026-NW-02691,Johor,Building,Rural,Freehold,1593,661,6,2095000,314200,8000,2417200
CASE-2026-NW-02692,Pahang,Industry,Rural,Freehold,9703,8607,11,16273000,2441000,8000,18722000
CASE-2026-NW-02693,Selangor,Building,Urban,Leasehold,2305,739,5,3187000,478000,8000,3673000
CASE-2026-NW-02694,Melaka,Building,Urban,Leasehold,2497,2226,15,7204000,1080600,8000,8292600
CASE-2026-NW-02695,Terengganu,Building,Suburban,Leasehold,1060,698,21,1733000,260000,8000,2001000
CASE-2026-NW-02696,Perak,Building,Suburban,Leasehold,712,565,9,1458000,218700,8000,1684700
CASE-2026-NW-02697,Selangor,Agriculture,Urban,Freehold,11256,2771,38,2645000,396800,8000,3049800
CASE-2026-NW-02698,Selangor,Building,Suburban,Malay Reserve,714,534,15,1628000,244200,8000,1880200
CASE-2026-NW-02699,Pulau Pinang,Agriculture,Rural,Freehold,9047,5139,8,2839000,425800,8000,3272800
CASE-2026-NW-02700,Selangor,Building,Suburban,Freehold,414,381,28,1423000,213400,8000,1644400
CASE-2026-NW-02701,Selangor,Agriculture,Rural,Freehold,13359,9356,34,5131000,769600,8000,5908600
CASE-2026-NW-02702,Pahang,Building,Suburban,Freehold,2633,773,10,2484000,372600,8000,2864600
CASE-2026-NW-02703,Perak,Building,Urban,Leasehold,354,146,2,481000,72200,8000,561200
CASE-2026-NW-02704,Wilayah Persekutuan Kuala Lumpur,Industry,Urban,Leasehold,18801,15375,13,50154000,7523100,8000,57685100
CASE-2026-NW-02705,Selangor,Building,Rural,Freehold,785,588,3,1844000,276600,8000,2128600
CASE-2026-NW-02706,Kedah,Agriculture,Rural,Freehold,19137,3980,6,1961000,294200,8000,2263200
CASE-2026-NW-02707,Sabah,Agriculture,Urban,Malay Reserve,10755,6672,9,3714000,557100,8000,4279100
CASE-2026-NW-02708,Selangor,Building,Suburban,Malay Reserve,538,338,29,1145000,171800,8000,1324800
CASE-2026-NW-02709,Johor,Building,Urban,Freehold,510,218,9,832000,124800,8000,964800
CASE-2026-NW-02710,Melaka,Agriculture,Urban,Leasehold,15019,9376,38,5091000,763600,8000,5862600
CASE-2026-NW-02711,Selangor,Building,Urban,Malay Reserve,1479,626,34,2598000,389700,8000,2995700
CASE-2026-NW-02712,Wilayah Persekutuan Kuala Lumpur,Building,Urban,Freehold,168,100,21,453000,68000,8000,529000
CASE-2026-NW-02713,Kedah,Building,Urban,Freehold,852,267,3,987000,148000,8000,1143000
CASE-2026-NW-02714,Negeri Sembilan,Agriculture,Rural,Leasehold,4000,822,12,399000,59800,8000,466800
CASE-2026-NW-02715,Perak,Building,Suburban,Malay Reserve,2824,2277,35,4360000,654000,8000,5022000
CASE-2026-NW-02716,Pulau Pinang,Building,Urban,Freehold,595,543,19,2234000,335100,8000,2577100
CASE-2026-NW-02717,Kedah,Agriculture,Urban,Freehold,2087,797,27,501000,75200,8000,584200
CASE-2026-NW-02718,Terengganu,Industry,Urban,Freehold,9320,7855,34,15888000,2383200,8000,18279200
CASE-2026-NW-02719,Wilayah Persekutuan Kuala Lumpur,Agriculture,Urban,Freehold,10467,5528,19,5666000,849900,8000,6523900
CASE-2026-NW-02720,Wilayah Persekutuan Kuala Lumpur,Building,Urban,Freehold,697,378,3,1825000,273800,8000,2106800
CASE-2026-NW-02721,Wilayah Persekutuan Kuala Lumpur,Building,Urban,Leasehold,821,776,34,2970000,445500,8000,3423500
CASE-2026-NW-02722,Kelantan,Building,Urban,Leasehold,1993,1165,36,2831000,424600,8000,3263600
CASE-2026-NW-02723,Pulau Pinang,Building,Urban,Freehold,2420,1203,30,5144000,771600,8000,5923600
CASE-2026-NW-02724,Negeri Sembilan,Building,Suburban,Freehold,1665,686,6,2471000,370600,8000,2849600
CASE-2026-NW-02725,Melaka,Industry,Urban,Leasehold,16487,10614,5,26228000,3934200,8000,30170200
CASE-2026-NW-02726,Kedah,Building,Urban,Freehold,2185,1153,15,3912000,586800,8000,4506800
CASE-2026-NW-02727,Perak,Building,Suburban,Freehold,1218,687,14,1863000,279400,8000,2150400
CASE-2026-NW-02728,Johor,Building,Urban,Malay Reserve,2918,2115,28,6026000,903900,8000,6937900
CASE-2026-NW-02729,Terengganu,Agriculture,Urban,Leasehold,8591,5039,37,2363000,354400,8000,2725400
CASE-2026-NW-02730,Perak,Building,Urban,Freehold,2193,1231,14,4330000,649500,8000,4987500
CASE-2026-NW-02731,Negeri Sembilan,Agriculture,Urban,Freehold,3315,1114,1,810000,121500,8000,939500
CASE-2026-NW-02732,Melaka,Agriculture,Urban,Freehold,3682,2870,18,1614000,242100,8000,1864100
CASE-2026-NW-02733,Terengganu,Building,Suburban,Freehold,2089,1374,38,3296000,494400,8000,3798400
CASE-2026-NW-02734,Wilayah Persekutuan Kuala Lumpur,Building,Rural,Freehold,1637,756,38,2173000,326000,8000,2507000
CASE-2026-NW-02735,Terengganu,Industry,Urban,Leasehold,12386,9502,28,18636000,2795400,8000,21439400
CASE-2026-NW-02736,Johor,Agriculture,Suburban,Freehold,19959,15110,19,8712000,1306800,8000,10026800
CASE-2026-NW-02737,Johor,Industry,Rural,Freehold,18672,10557,2,22811000,3421600,8000,26240600
CASE-2026-NW-02738,Johor,Building,Suburban,Freehold,508,428,15,1258000,188700,8000,1454700
CASE-2026-NW-02739,Sarawak,Agriculture,Urban,Freehold,6993,5963,5,3356000,503400,8000,3867400
CASE-2026-NW-02740,Kedah,Agriculture,Urban,Freehold,7573,2669,11,1700000,255000,8000,1963000
CASE-2026-NW-02741,Pulau Pinang,Building,Suburban,Freehold,2673,2307,8,7905000,1185800,8000,9098800
CASE-2026-NW-02742,Terengganu,Industry,Suburban,Leasehold,8591,3829,14,7928000,1189200,8000,9125200
CASE-2026-NW-02743,Terengganu,Building,Urban,Leasehold,1081,368,26,993000,149000,8000,1150000
CASE-2026-NW-02744,Johor,Agriculture,Rural,Freehold,9909,5789,22,3037000,455600,8000,3500600
CASE-2026-NW-02745,Perak,Agriculture,Suburban,Freehold,18396,5828,29,2706000,405900,8000,3119900
CASE-2026-NW-02746,Pulau Pinang,Agriculture,Rural,Leasehold,15838,13668,5,7152000,1072800,8000,8232800
CASE-2026-NW-02747,Terengganu,Agriculture,Suburban,Leasehold,18726,10511,7,4168000,625200,8000,4801200
CASE-2026-NW-02748,Melaka,Building,Suburban,Malay Reserve,2374,1115,21,3441000,516200,8000,3965200
CASE-2026-NW-02749,Melaka,Building,Suburban,Leasehold,2789,2551,27,6942000,1041300,8000,7991300
CASE-2026-NW-02750,Pulau Pinang,Agriculture,Urban,Freehold,17506,4694,0,4022000,603300,8000,4633300
CASE-2026-NW-02751,Melaka,Building,Suburban,Leasehold,381,179,34,444000,66600,8000,518600
CASE-2026-NW-02752,Pulau Pinang,Building,Suburban,Freehold,163,106,12,441000,66200,8000,515200
CASE-2026-NW-02753,Melaka,Building,Suburban,Freehold,2442,1424,12,4706000,705900,8000,5419900
CASE-2026-NW-02754,Selangor,Agriculture,Rural,Leasehold,16488,6240,3,4326000,648900,8000,4982900
CASE-2026-NW-02755,Selangor,Building,Rural,Freehold,425,256,24,734000,110100,8000,852100
CASE-2026-NW-02756,Selangor,Agriculture,Urban,Freehold,18944,15544,12,12978000,1946700,8000,14932700
CASE-2026-NW-02757,Johor,Agriculture,Urban,Leasehold,11486,5045,20,3500000,525000,8000,4033000
CASE-2026-NW-02758,Wilayah Persekutuan Labuan,Building,Rural,Freehold,637,261,26,737000,110600,8000,855600
CASE-2026-NW-02759,Sabah,Industry,Urban,Freehold,22843,9813,12,23778000,3566700,8000,27352700
CASE-2026-NW-02760,Selangor,Building,Suburban,Malay Reserve,2639,1772,9,6483000,972400,8000,7463400
CASE-2026-NW-02761,Negeri Sembilan,Building,Suburban,Leasehold,1937,1103,33,2491000,373600,8000,2872600
CASE-2026-NW-02762,Sarawak,Building,Urban,Leasehold,1450,572,23,1813000,272000,8000,2093000
CASE-2026-NW-02763,Melaka,Agriculture,Urban,Leasehold,18208,5532,1,3838000,575700,8000,4421700
CASE-2026-NW-02764,Sarawak,Agriculture,Rural,Leasehold,13960,11542,10,5008000,751200,8000,5767200
CASE-2026-NW-02765,Wilayah Persekutuan Kuala Lumpur,Building,Suburban,Leasehold,2331,1873,1,6947000,1042000,8000,7997000
CASE-2026-NW-02766,Selangor,Building,Suburban,Freehold,1537,914,4,3434000,515100,8000,3957100
CASE-2026-NW-02767,Melaka,Agriculture,Rural,Malay Reserve,19562,13883,29,5172000,775800,8000,5955800
CASE-2026-NW-02768,Pahang,Building,Rural,Freehold,2705,1033,30,2159000,323800,8000,2490800
CASE-2026-NW-02769,Melaka,Building,Urban,Freehold,725,423,30,1448000,217200,8000,1673200
CASE-2026-NW-02770,Melaka,Building,Rural,Leasehold,2518,2383,39,4713000,707000,8000,5428000
CASE-2026-NW-02771,Kedah,Agriculture,Urban,Leasehold,8640,4747,12,2639000,395800,8000,3042800
CASE-2026-NW-02772,Pulau Pinang,Building,Urban,Freehold,1588,1056,29,3824000,573600,8000,4405600
CASE-2026-NW-02773,Pulau Pinang,Agriculture,Urban,Freehold,2294,1128,35,908000,136200,8000,1052200
CASE-2026-NW-02774,Selangor,Agriculture,Urban,Freehold,15944,5913,15,5388000,808200,8000,6204200
CASE-2026-NW-02775,Melaka,Building,Urban,Leasehold,1651,1459,5,4712000,706800,8000,5426800
CASE-2026-NW-02776,Pahang,Agriculture,Suburban,Freehold,11825,3064,14,1521000,228200,8000,1757200
CASE-2026-NW-02777,Perak,Agriculture,Rural,Freehold,11096,7821,25,2634000,395100,8000,3037100
CASE-2026-NW-02778,Pahang,Agriculture,Urban,Leasehold,14594,8182,35,4286000,642900,8000,4936900
CASE-2026-NW-02779,Selangor,Building,Rural,Freehold,1475,536,7,2059000,308800,8000,2375800
CASE-2026-NW-02780,Negeri Sembilan,Agriculture,Suburban,Leasehold,7041,2750,24,1484000,222600,8000,1714600
CASE-2026-NW-02781,Kedah,Agriculture,Rural,Malay Reserve,4428,1701,4,760000,114000,8000,882000
CASE-2026-NW-02782,Wilayah Persekutuan Kuala Lumpur,Building,Suburban,Freehold,2016,1833,25,6413000,962000,8000,7383000
CASE-2026-NW-02783,Terengganu,Agriculture,Suburban,Leasehold,15137,13228,33,4850000,727500,8000,5585500
CASE-2026-NW-02784,Selangor,Agriculture,Suburban,Malay Reserve,13554,6762,29,4183000,627400,8000,4818400
CASE-2026-NW-02785,Selangor,Building,Rural,Leasehold,694,212,3,679000,101800,8000,788800
CASE-2026-NW-02786,Kelantan,Building,Urban,Malay Reserve,2898,2502,35,5976000,896400,8000,6880400
CASE-2026-NW-02787,Perak,Building,Urban,Freehold,891,437,9,1314000,197100,8000,1519100
CASE-2026-NW-02788,Pulau Pinang,Agriculture,Suburban,Malay Reserve,6397,3011,39,1848000,277200,8000,2133200
CASE-2026-NW-02789,Wilayah Persekutuan Kuala Lumpur,Agriculture,Suburban,Malay Reserve,13168,11366,14,7312000,1096800,8000,8416800
CASE-2026-NW-02790,Pulau Pinang,Agriculture,Suburban,Freehold,4815,1558,22,1116000,167400,8000,1291400
CASE-2026-NW-02791,Johor,Building,Suburban,Freehold,486,371,10,1251000,187600,8000,1446600
CASE-2026-NW-02792,Johor,Building,Suburban,Freehold,295,93,38,290000,43500,8000,341500
CASE-2026-NW-02793,Kelantan,Agriculture,Urban,Freehold,10437,6507,38,3001000,450200,8000,3459200
CASE-2026-NW-02794,Selangor,Agriculture,Urban,Freehold,3400,1527,11,1379000,206800,8000,1593800
CASE-2026-NW-02795,Selangor,Building,Rural,Freehold,695,629,13,2039000,305800,8000,2352800
CASE-2026-NW-02796,Johor,Building,Rural,Freehold,2333,1422,23,3954000,593100,8000,4555100
CASE-2026-NW-02797,Sarawak,Agriculture,Suburban,Freehold,16998,11977,6,6032000,904800,8000,6944800
CASE-2026-NW-02798,Terengganu,Agriculture,Suburban,Freehold,6103,3251,15,1410000,211500,8000,1629500
CASE-2026-NW-02799,Terengganu,Industry,Urban,Freehold,22952,12444,5,30166000,4524900,8000,34698900
CASE-2026-NW-02800,Pahang,Building,Urban,Freehold,1739,1438,36,3713000,557000,8000,4278000
CASE-2026-NW-02801,Terengganu,Agriculture,Suburban,Leasehold,9714,5928,3,3034000,455100,8000,3497100
CASE-2026-NW-02802,Selangor,Building,Suburban,Leasehold,1260,766,18,2898000,434700,8000,3340700
CASE-2026-NW-02803,Pahang,Agriculture,Suburban,Leasehold,3970,1944,38,933000,140000,8000,1081000
CASE-2026-NW-02804,Selangor,Building,Urban,Leasehold,2207,1986,25,7896000,1184400,8000,9088400
CASE-2026-NW-02805,Terengganu,Building,Urban,Leasehold,1448,890,38,2240000,336000,8000,2584000
CASE-2026-NW-02806,Wilayah Persekutuan Kuala Lumpur,Building,Suburban,Freehold,252,107,38,436000,65400,8000,509400
CASE-2026-NW-02807,Terengganu,Industry,Urban,Leasehold,11719,10744,30,20545000,3081800,8000,23634800
CASE-2026-NW-02808,Wilayah Persekutuan Kuala Lumpur,Building,Suburban,Freehold,1779,527,18,2512000,376800,8000,2896800
CASE-2026-NW-02809,Pulau Pinang,Building,Urban,Freehold,2083,607,1,2908000,436200,8000,3352200
CASE-2026-NW-02810,Melaka,Building,Suburban,Leasehold,2687,1059,38,2706000,405900,8000,3119900
CASE-2026-NW-02811,Pulau Pinang,Building,Urban,Freehold,433,161,7,781000,117200,8000,906200
CASE-2026-NW-02812,Selangor,Agriculture,Suburban,Leasehold,17581,7456,26,5029000,754400,8000,5791400
CASE-2026-NW-02813,Perak,Building,Suburban,Leasehold,2039,874,32,2276000,341400,8000,2625400
CASE-2026-NW-02814,Selangor,Building,Urban,Freehold,751,696,19,2708000,406200,8000,3122200
CASE-2026-NW-02815,Melaka,Building,Urban,Freehold,379,122,20,460000,69000,8000,537000
CASE-2026-NW-02816,Wilayah Persekutuan Kuala Lumpur,Agriculture,Suburban,Leasehold,13007,8878,14,5747000,862000,8000,6617000
CASE-2026-NW-02817,Selangor,Building,Suburban,Freehold,1141,297,20,1332000,199800,8000,1539800
CASE-2026-NW-02818,Negeri Sembilan,Industry,Suburban,Leasehold,9759,2743,8,6320000,948000,8000,7276000
CASE-2026-NW-02819,Negeri Sembilan,Building,Urban,Leasehold,462,395,29,1244000,186600,8000,1438600
CASE-2026-NW-02820,Negeri Sembilan,Agriculture,Suburban,Freehold,8010,6768,23,3179000,476800,8000,3663800
CASE-2026-NW-02821,Sabah,Agriculture,Rural,Leasehold,9100,6261,34,2227000,334000,8000,2569000
CASE-2026-NW-02822,Kedah,Building,Suburban,Freehold,2218,1733,13,4694000,704100,8000,5406100
CASE-2026-NW-02823,Wilayah Persekutuan Labuan,Building,Suburban,Freehold,2346,1663,1,6134000,920100,8000,7062100
CASE-2026-NW-02824,Wilayah Persekutuan Kuala Lumpur,Building,Rural,Leasehold,1497,1198,9,3683000,552400,8000,4243400
CASE-2026-NW-02825,Johor,Building,Urban,Freehold,1489,1060,25,4075000,611200,8000,4694200
CASE-2026-NW-02826,Selangor,Agriculture,Suburban,Freehold,3775,2783,5,1884000,282600,8000,2174600
CASE-2026-NW-02827,Perak,Building,Urban,Leasehold,619,392,16,1159000,173800,8000,1340800
CASE-2026-NW-02828,Sabah,Building,Suburban,Malay Reserve,713,448,12,1105000,165800,8000,1278800
CASE-2026-NW-02829,Selangor,Agriculture,Suburban,Leasehold,2169,545,18,441000,66200,8000,515200
CASE-2026-NW-02830,Pulau Pinang,Building,Suburban,Leasehold,376,270,8,943000,141400,8000,1092400
CASE-2026-NW-02831,Kedah,Building,Rural,Freehold,784,418,8,1186000,177900,8000,1371900
CASE-2026-NW-02832,Pahang,Building,Rural,Leasehold,1503,1323,30,2510000,376500,8000,2894500
CASE-2026-NW-02833,Selangor,Building,Rural,Leasehold,969,743,20,2395000,359200,8000,2762200
CASE-2026-NW-02834,Negeri Sembilan,Building,Suburban,Freehold,2773,1197,14,3350000,502500,8000,3860500
CASE-2026-NW-02835,Pulau Pinang,Building,Suburban,Freehold,2447,674,12,2971000,445600,8000,3424600
CASE-2026-NW-02836,Johor,Building,Rural,Freehold,2651,1627,8,4236000,635400,8000,4879400
CASE-2026-NW-02837,Melaka,Building,Suburban,Freehold,2033,687,10,2482000,372300,8000,2862300
CASE-2026-NW-02838,Kedah,Building,Urban,Freehold,1036,876,23,2620000,393000,8000,3021000
CASE-2026-NW-02839,Wilayah Persekutuan Putrajaya,Building,Urban,Freehold,1450,659,36,2792000,418800,8000,3218800
CASE-2026-NW-02840,Kedah,Agriculture,Suburban,Leasehold,3544,2255,9,1057000,158600,8000,1223600
CASE-2026-NW-02841,Selangor,Industry,Suburban,Leasehold,14595,13539,34,32243000,4836400,8000,37087400
CASE-2026-NW-02842,Johor,Agriculture,Urban,Leasehold,13751,5833,8,3753000,563000,8000,4324000
CASE-2026-NW-02843,Kelantan,Agriculture,Suburban,Freehold,13784,4818,4,2465000,369800,8000,2842800
CASE-2026-NW-02844,Selangor,Building,Suburban,Freehold,1806,1354,24,4761000,714200,8000,5483200
CASE-2026-NW-02845,Johor,Building,Suburban,Freehold,856,313,11,1173000,176000,8000,1357000
CASE-2026-NW-02846,Selangor,Agriculture,Suburban,Freehold,4751,1708,9,1336000,200400,8000,1544400
CASE-2026-NW-02847,Johor,Agriculture,Suburban,Freehold,11055,9637,25,5351000,802600,8000,6161600
CASE-2026-NW-02848,Melaka,Building,Urban,Freehold,2817,1169,1,4144000,621600,8000,4773600
CASE-2026-NW-02849,Johor,Industry,Suburban,Leasehold,11195,8814,28,19839000,2975800,8000,22822800
CASE-2026-NW-02850,Johor,Agriculture,Suburban,Freehold,19921,17561,13,11087000,1663000,8000,12758000
CASE-2026-NW-02851,Melaka,Agriculture,Suburban,Leasehold,19431,10711,3,5896000,884400,8000,6788400
CASE-2026-NW-02852,Pulau Pinang,Agriculture,Suburban,Leasehold,7130,2442,8,1781000,267200,8000,2056200
CASE-2026-NW-02853,Kedah,Agriculture,Rural,Freehold,9516,5024,19,1978000,296700,8000,2282700
CASE-2026-NW-02854,Wilayah Persekutuan Kuala Lumpur,Building,Urban,Leasehold,774,237,9,1269000,190400,8000,1467400
CASE-2026-NW-02855,Pulau Pinang,Building,Rural,Freehold,2948,1698,31,4924000,738600,8000,5670600
CASE-2026-NW-02856,Pulau Pinang,Building,Suburban,Freehold,2028,1001,6,3586000,537900,8000,4131900
CASE-2026-NW-02857,Selangor,Agriculture,Suburban,Freehold,11027,2622,1,2056000,308400,8000,2372400
CASE-2026-NW-02858,Johor,Agriculture,Suburban,Malay Reserve,6437,5786,21,3096000,464400,8000,3568400
CASE-2026-NW-02859,Melaka,Building,Suburban,Leasehold,2896,2667,13,7940000,1191000,8000,9139000
CASE-2026-NW-02860,Wilayah Persekutuan Kuala Lumpur,Building,Urban,Freehold,2638,1013,23,4897000,734600,8000,5639600
CASE-2026-NW-02861,Pulau Pinang,Building,Urban,Malay Reserve,2318,1639,21,5533000,830000,8000,6371000
CASE-2026-NW-02862,Terengganu,Building,Urban,Malay Reserve,2947,1108,31,2820000,423000,8000,3251000
CASE-2026-NW-02863,Kedah,Building,Rural,Freehold,1841,1659,27,3407000,511000,8000,3926000
CASE-2026-NW-02864,Melaka,Building,Suburban,Leasehold,704,368,33,982000,147300,8000,1137300
CASE-2026-NW-02865,Perak,Agriculture,Urban,Leasehold,3930,3389,37,1437000,215600,8000,1660600
CASE-2026-NW-02866,Melaka,Agriculture,Suburban,Leasehold,15683,10511,5,6182000,927300,8000,7117300
CASE-2026-NW-02867,Selangor,Building,Urban,Malay Reserve,1003,732,17,3153000,473000,8000,3634000
CASE-2026-NW-02868,Wilayah Persekutuan Kuala Lumpur,Agriculture,Urban,Freehold,18078,11433,13,11867000,1780000,8000,13655000
CASE-2026-NW-02869,Kelantan,Industry,Suburban,Leasehold,9661,4145,28,7668000,1150200,8000,8826200
CASE-2026-NW-02870,Pulau Pinang,Building,Urban,Freehold,2587,762,17,3652000,547800,8000,4207800
CASE-2026-NW-02871,Terengganu,Agriculture,Urban,Freehold,10757,6605,22,3471000,520600,8000,3999600
CASE-2026-NW-02872,Selangor,Agriculture,Rural,Freehold,15083,6968,13,4193000,629000,8000,4830000
CASE-2026-NW-02873,Pulau Pinang,Building,Urban,Freehold,2796,1100,22,4917000,737600,8000,5662600
CASE-2026-NW-02874,Sarawak,Building,Rural,Freehold,741,359,30,823000,123400,8000,954400
CASE-2026-NW-02875,Kelantan,Building,Suburban,Leasehold,1144,361,32,750000,112500,8000,870500
CASE-2026-NW-02876,Kedah,Industry,Suburban,Leasehold,4026,1989,10,4499000,674800,8000,5181800
CASE-2026-NW-02877,Selangor,Building,Suburban,Freehold,454,419,38,1273000,191000,8000,1472000
CASE-2026-NW-02878,Johor,Building,Rural,Leasehold,187,146,30,356000,53400,8000,417400
CASE-2026-NW-02879,Terengganu,Agriculture,Urban,Freehold,17963,14211,12,7508000,1126200,8000,8642200
CASE-2026-NW-02880,Selangor,Building,Rural,Malay Reserve,2550,943,23,2922000,438300,8000,3368300
CASE-2026-NW-02881,Pulau Pinang,Agriculture,Suburban,Freehold,15925,7299,11,5143000,771400,8000,5922400
CASE-2026-NW-02882,Pahang,Industry,Urban,Freehold,21481,13635,8,38535000,5780200,8000,44323200
CASE-2026-NW-02883,Melaka,Building,Rural,Freehold,705,417,34,1009000,151400,8000,1168400
CASE-2026-NW-02884,Terengganu,Building,Urban,Leasehold,241,147,16,383000,57400,8000,448400
CASE-2026-NW-02885,Johor,Agriculture,Rural,Freehold,5634,4012,12,2032000,304800,8000,2344800
CASE-2026-NW-02886,Negeri Sembilan,Industry,Suburban,Freehold,13110,10952,3,22719000,3407800,8000,26134800
CASE-2026-NW-02887,Wilayah Persekutuan Kuala Lumpur,Building,Urban,Leasehold,2540,1788,2,8389000,1258400,8000,9655400
CASE-2026-NW-02888,Wilayah Persekutuan Labuan,Building,Suburban,Leasehold,2827,1199,5,3414000,512100,8000,3934100
CASE-2026-NW-02889,Selangor,Agriculture,Urban,Freehold,4502,1497,39,1318000,197700,8000,1523700
CASE-2026-NW-02890,Kelantan,Agriculture,Urban,Leasehold,15928,7884,38,4043000,606400,8000,4657400
CASE-2026-NW-02891,Kelantan,Agriculture,Urban,Leasehold,14476,10868,5,6138000,920700,8000,7066700
CASE-2026-NW-02892,Selangor,Building,Suburban,Freehold,2731,2529,39,7409000,1111400,8000,8528400
CASE-2026-NW-02893,Kedah,Building,Rural,Freehold,347,244,35,519000,77800,8000,604800
CASE-2026-NW-02894,Kedah,Building,Rural,Freehold,1893,964,9,2811000,421600,8000,3240600
CASE-2026-NW-02895,Kelantan,Agriculture,Urban,Malay Reserve,5500,2782,39,1194000,179100,8000,1381100
CASE-2026-NW-02896,Kedah,Building,Rural,Freehold,1383,672,20,1735000,260200,8000,2003200
CASE-2026-NW-02897,Wilayah Persekutuan Kuala Lumpur,Agriculture,Rural,Leasehold,11273,4387,13,3149000,472400,8000,3629400
CASE-2026-NW-02898,Johor,Building,Rural,Freehold,857,686,10,2026000,303900,8000,2337900
CASE-2026-NW-02899,Selangor,Building,Suburban,Freehold,1984,1680,13,6533000,980000,8000,7521000
CASE-2026-NW-02900,Wilayah Persekutuan Putrajaya,Agriculture,Suburban,Malay Reserve,10872,8189,36,4380000,657000,8000,5045000
CASE-2026-NW-02901,Terengganu,Agriculture,Urban,Leasehold,5762,3933,2,2047000,307000,8000,2362000
CASE-2026-NW-02902,Kedah,Industry,Rural,Freehold,17850,6299,3,13389000,2008400,8000,15405400
CASE-2026-NW-02903,Kedah,Agriculture,Rural,Freehold,11439,9671,38,3611000,541600,8000,4160600
CASE-2026-NW-02904,Kelantan,Building,Suburban,Leasehold,639,464,31,1107000,166000,8000,1281000
CASE-2026-NW-02905,Wilayah Persekutuan Labuan,Building,Suburban,Freehold,680,536,12,1343000,201400,8000,1552400
CASE-2026-NW-02906,Pulau Pinang,Agriculture,Suburban,Leasehold,6399,4271,6,2907000,436000,8000,3351000
CASE-2026-NW-02907,Selangor,Building,Suburban,Leasehold,795,414,14,1690000,253500,8000,1951500
CASE-2026-NW-02908,Johor,Building,Rural,Freehold,541,286,36,806000,120900,8000,934900
CASE-2026-NW-02909,Melaka,Agriculture,Rural,Malay Reserve,18450,10327,4,5155000,773200,8000,5936200
CASE-2026-NW-02910,Kelantan,Agriculture,Rural,Freehold,16407,6422,30,2315000,347200,8000,2670200
CASE-2026-NW-02911,Pahang,Building,Rural,Freehold,2647,1548,19,3653000,548000,8000,4209000
CASE-2026-NW-02912,Melaka,Agriculture,Urban,Freehold,12017,2585,26,1912000,286800,8000,2206800
CASE-2026-NW-02913,Selangor,Agriculture,Rural,Freehold,12180,8641,39,5013000,752000,8000,5773000
CASE-2026-NW-02914,Selangor,Building,Rural,Malay Reserve,242,197,10,594000,89100,8000,691100
CASE-2026-NW-02915,Negeri Sembilan,Agriculture,Suburban,Leasehold,10878,4834,37,2381000,357200,8000,2746200
CASE-2026-NW-02916,Selangor,Building,Rural,Leasehold,174,151,34,386000,57900,8000,451900
CASE-2026-NW-02917,Perak,Building,Urban,Freehold,1923,936,4,3235000,485200,8000,3728200
CASE-2026-NW-02918,Johor,Industry,Suburban,Leasehold,8131,2751,26,6740000,1011000,8000,7759000
CASE-2026-NW-02919,Selangor,Building,Suburban,Freehold,227,148,8,554000,83100,8000,645100
CASE-2026-NW-02920,Negeri Sembilan,Agriculture,Rural,Freehold,6923,2342,1,1256000,188400,8000,1452400
CASE-2026-NW-02921,Melaka,Agriculture,Rural,Freehold,13455,3062,10,1681000,252200,8000,1941200
CASE-2026-NW-02922,Selangor,Agriculture,Urban,Leasehold,4006,2963,1,2312000,346800,8000,2666800
CASE-2026-NW-02923,Melaka,Building,Suburban,Freehold,1816,1262,30,3476000,521400,8000,4005400
CASE-2026-NW-02924,Selangor,Building,Urban,Freehold,246,100,22,473000,71000,8000,552000
CASE-2026-NW-02925,Negeri Sembilan,Building,Urban,Leasehold,1767,1060,29,3151000,472600,8000,3631600
CASE-2026-NW-02926,Selangor,Industry,Rural,Freehold,19682,7361,28,18302000,2745300,8000,21055300
CASE-2026-NW-02927,Pahang,Building,Urban,Leasehold,308,269,16,734000,110100,8000,852100
CASE-2026-NW-02928,Perak,Agriculture,Urban,Leasehold,16594,14286,17,6867000,1030000,8000,7905000
CASE-2026-NW-02929,Kelantan,Agriculture,Urban,Freehold,2048,1731,37,790000,118500,8000,916500
CASE-2026-NW-02930,Kelantan,Building,Rural,Freehold,2945,2103,24,4620000,693000,8000,5321000
CASE-2026-NW-02931,Selangor,Agriculture,Suburban,Freehold,18114,14383,4,10751000,1612600,8000,12371600
CASE-2026-NW-02932,Pulau Pinang,Agriculture,Suburban,Freehold,4770,3709,34,2558000,383700,8000,2949700
CASE-2026-NW-02933,Selangor,Building,Suburban,Malay Reserve,1903,1056,4,4141000,621200,8000,4770200
CASE-2026-NW-02934,Kelantan,Industry,Urban,Freehold,15834,10827,27,24372000,3655800,8000,28035800
CASE-2026-NW-02935,Pahang,Industry,Urban,Freehold,20728,17773,3,39652000,5947800,8000,45607800
CASE-2026-NW-02936,Selangor,Agriculture,Suburban,Leasehold,3592,755,21,567000,85000,8000,660000
CASE-2026-NW-02937,Kelantan,Building,Urban,Leasehold,1477,791,26,2407000,361000,8000,2776000
CASE-2026-NW-02938,Wilayah Persekutuan Kuala Lumpur,Agriculture,Suburban,Leasehold,10976,3907,3,3085000,462800,8000,3555800
CASE-2026-NW-02939,Selangor,Agriculture,Suburban,Leasehold,9597,5820,24,4183000,627400,8000,4818400
CASE-2026-NW-02940,Selangor,Agriculture,Urban,Freehold,4788,2812,8,2490000,373500,8000,2871500
CASE-2026-NW-02941,Pulau Pinang,Industry,Suburban,Freehold,17728,13012,9,34281000,5142200,8000,39431200
CASE-2026-NW-02942,Selangor,Building,Urban,Freehold,1782,866,39,3455000,518200,8000,3981200
CASE-2026-NW-02943,Johor,Building,Rural,Freehold,2111,592,9,1985000,297800,8000,2290800
CASE-2026-NW-02944,Negeri Sembilan,Agriculture,Suburban,Freehold,15459,8176,39,4412000,661800,8000,5081800
CASE-2026-NW-02945,Selangor,Agriculture,Urban,Freehold,19564,8524,12,7774000,1166100,8000,8948100
CASE-2026-NW-02946,Wilayah Persekutuan Kuala Lumpur,Agriculture,Rural,Freehold,18997,7466,21,4993000,749000,8000,5750000
CASE-2026-NW-02947,Sarawak,Industry,Suburban,Leasehold,1517,1078,28,2222000,333300,8000,2563300
CASE-2026-NW-02948,Melaka,Agriculture,Suburban,Freehold,2986,1887,22,1039000,155800,8000,1202800
CASE-2026-NW-02949,Melaka,Agriculture,Rural,Malay Reserve,13488,9028,25,3378000,506700,8000,3892700
CASE-2026-NW-02950,Johor,Agriculture,Suburban,Freehold,12253,3820,19,2305000,345800,8000,2658800
CASE-2026-NW-02951,Pulau Pinang,Building,Suburban,Freehold,1903,733,35,2613000,392000,8000,3013000
CASE-2026-NW-02952,Wilayah Persekutuan Kuala Lumpur,Agriculture,Suburban,Malay Reserve,7211,2199,23,1689000,253400,8000,1950400
CASE-2026-NW-02953,Wilayah Persekutuan Kuala Lumpur,Building,Urban,Freehold,1447,766,21,3576000,536400,8000,4120400
CASE-2026-NW-02954,Terengganu,Agriculture,Suburban,Leasehold,4160,2498,6,1118000,167700,8000,1293700
CASE-2026-NW-02955,Negeri Sembilan,Agriculture,Suburban,Leasehold,9439,8290,21,4039000,605800,8000,4652800
CASE-2026-NW-02956,Pahang,Agriculture,Rural,Leasehold,5520,4040,30,1553000,233000,8000,1794000
CASE-2026-NW-02957,Pahang,Building,Rural,Leasehold,690,330,2,896000,134400,8000,1038400
CASE-2026-NW-02958,Selangor,Building,Urban,Malay Reserve,1896,1051,10,4687000,703000,8000,5398000
CASE-2026-NW-02959,Pahang,Agriculture,Suburban,Leasehold,9272,3836,1,1983000,297400,8000,2288400
CASE-2026-NW-02960,Sarawak,Agriculture,Rural,Freehold,17092,6183,21,3006000,450900,8000,3464900
CASE-2026-NW-02961,Pulau Pinang,Agriculture,Urban,Freehold,13723,3794,36,3270000,490500,8000,3768500
CASE-2026-NW-02962,Johor,Agriculture,Suburban,Freehold,19731,8376,4,5409000,811400,8000,6228400
CASE-2026-NW-02963,Wilayah Persekutuan Putrajaya,Building,Urban,Leasehold,1371,683,6,3270000,490500,8000,3768500
CASE-2026-NW-02964,Selangor,Building,Suburban,Leasehold,2743,1663,24,6325000,948800,8000,7281800
CASE-2026-NW-02965,Selangor,Agriculture,Urban,Leasehold,18930,14966,30,11471000,1720600,8000,13199600
CASE-2026-NW-02966,Selangor,Agriculture,Urban,Leasehold,16137,13128,12,10890000,1633500,8000,12531500
CASE-2026-NW-02967,Negeri Sembilan,Building,Suburban,Malay Reserve,200,110,17,303000,45400,8000,356400
CASE-2026-NW-02968,Selangor,Agriculture,Suburban,Freehold,16404,6316,35,4361000,654200,8000,5023200
CASE-2026-NW-02969,Melaka,Building,Urban,Freehold,2056,1630,21,5471000,820600,8000,6299600
CASE-2026-NW-02970,Kedah,Building,Urban,Freehold,1733,476,4,1635000,245200,8000,1888200
CASE-2026-NW-02971,Wilayah Persekutuan Kuala Lumpur,Building,Rural,Leasehold,2087,1391,22,4558000,683700,8000,5249700
CASE-2026-NW-02972,Negeri Sembilan,Building,Rural,Freehold,207,145,38,306000,45900,8000,359900
CASE-2026-NW-02973,Johor,Building,Suburban,Freehold,667,627,26,1816000,272400,8000,2096400
CASE-2026-NW-02974,Pulau Pinang,Building,Suburban,Leasehold,2499,1731,6,6008000,901200,8000,6917200
CASE-2026-NW-02975,Wilayah Persekutuan Kuala Lumpur,Building,Urban,Freehold,2419,1419,30,6075000,911200,8000,6994200
CASE-2026-NW-02976,Terengganu,Industry,Suburban,Freehold,17331,6047,9,14344000,2151600,8000,16503600
CASE-2026-NW-02977,Kedah,Building,Suburban,Freehold,881,674,25,1831000,274600,8000,2113600
CASE-2026-NW-02978,Pahang,Building,Suburban,Freehold,1437,1057,21,2970000,445500,8000,3423500
CASE-2026-NW-02979,Wilayah Persekutuan Kuala Lumpur,Agriculture,Rural,Freehold,14712,6272,12,4663000,699400,8000,5370400
CASE-2026-NW-02980,Selangor,Agriculture,Rural,Leasehold,17900,6404,21,3891000,583600,8000,4482600
CASE-2026-NW-02981,Wilayah Persekutuan Kuala Lumpur,Agriculture,Urban,Freehold,3166,2587,37,2213000,332000,8000,2553000
CASE-2026-NW-02982,Pulau Pinang,Industry,Rural,Leasehold,2409,1062,34,2058000,308700,8000,2374700
CASE-2026-NW-02983,Johor,Building,Urban,Freehold,1446,1337,33,4561000,684200,8000,5253200
CASE-2026-NW-02984,Perak,Agriculture,Suburban,Leasehold,3922,2918,4,1345000,201800,8000,1554800
CASE-2026-NW-02985,Melaka,Agriculture,Rural,Freehold,7013,1936,20,902000,135300,8000,1045300
CASE-2026-NW-02986,Selangor,Agriculture,Suburban,Leasehold,9141,5958,29,4155000,623200,8000,4786200
CASE-2026-NW-02987,Johor,Industry,Urban,Freehold,21795,15678,14,49164000,7374600,8000,56546600
CASE-2026-NW-02988,Kelantan,Agriculture,Rural,Leasehold,11559,6362,7,2787000,418000,8000,3213000
CASE-2026-NW-02989,Kedah,Building,Suburban,Leasehold,2936,2294,16,6237000,935600,8000,7180600
CASE-2026-NW-02990,Pulau Pinang,Agriculture,Suburban,Leasehold,17807,13507,1,8693000,1304000,8000,10005000
CASE-2026-NW-02991,Pulau Pinang,Building,Suburban,Freehold,2814,2310,6,9322000,1398300,8000,10728300
CASE-2026-NW-02992,Selangor,Agriculture,Suburban,Leasehold,9974,4070,32,2576000,386400,8000,2970400
CASE-2026-NW-02993,Wilayah Persekutuan Kuala Lumpur,Agriculture,Urban,Freehold,4318,1122,24,1174000,176100,8000,1358100
CASE-2026-NW-02994,Selangor,Industry,Urban,Freehold,9999,7267,33,22697000,3404600,8000,26109600
CASE-2026-NW-02995,Negeri Sembilan,Building,Urban,Freehold,1631,641,16,2451000,367600,8000,2826600
CASE-2026-NW-02996,Wilayah Persekutuan Kuala Lumpur,Building,Suburban,Leasehold,2120,1878,24,6583000,987400,8000,7578400
CASE-2026-NW-02997,Perak,Agriculture,Urban,Freehold,19234,5573,2,3784000,567600,8000,4359600
CASE-2026-NW-02998,Perak,Building,Suburban,Leasehold,2027,1308,16,3740000,561000,8000,4309000
CASE-2026-NW-02999,Wilayah Persekutuan Kuala Lumpur,Agriculture,Urban,Leasehold,15944,3749,0,3763000,564400,8000,4335400
CASE-2026-NW-03000,Terengganu,Building,Urban,Malay Reserve,1980,1275,4,3814000,572100,8000,4394100
CASE-2026-NW-03001,Terengganu,Industry,Rural,Freehold,14542,12951,32,19600000,2940000,8000,22548000
CASE-2026-NW-03002,Perak,Building,Suburban,Freehold,1955,1753,9,4770000,715500,8000,5493500
CASE-2026-NW-03003,Johor,Agriculture,Rural,Freehold,4224,3297,5,1715000,257200,8000,1980200
CASE-2026-NW-03004,Melaka,Building,Suburban,Leasehold,1034,936,25,2241000,336200,8000,2585200
CASE-2026-NW-03005,Selangor,Building,Suburban,Freehold,2657,1232,15,4712000,706800,8000,5426800
CASE-2026-NW-03006,Selangor,Building,Suburban,Leasehold,1170,980,29,3285000,492800,8000,3785800
CASE-2026-NW-03007,Pulau Pinang,Building,Rural,Freehold,1118,334,18,984000,147600,8000,1139600
CASE-2026-NW-03008,Selangor,Agriculture,Urban,Freehold,16869,6790,15,6040000,906000,8000,6954000
CASE-2026-NW-03009,Wilayah Persekutuan Putrajaya,Agriculture,Urban,Freehold,8942,3415,16,2953000,443000,8000,3404000
CASE-2026-NW-03010,Pulau Pinang,Building,Urban,Leasehold,160,138,29,438000,65700,8000,511700
CASE-2026-NW-03011,Selangor,Building,Urban,Freehold,329,274,1,1167000,175000,8000,1350000
CASE-2026-NW-03012,Wilayah Persekutuan Kuala Lumpur,Agriculture,Rural,Freehold,5599,4989,10,3236000,485400,8000,3729400
CASE-2026-NW-03013,Selangor,Agriculture,Suburban,Leasehold,3282,712,21,591000,88600,8000,687600
CASE-2026-NW-03014,Terengganu,Building,Suburban,Freehold,2617,1929,38,4160000,624000,8000,4792000
CASE-2026-NW-03015,Perak,Building,Urban,Leasehold,2983,1052,38,2920000,438000,8000,3366000
CASE-2026-NW-03016,Perak,Building,Urban,Freehold,2567,2229,1,7441000,1116200,8000,8565200
CASE-2026-NW-03017,Pulau Pinang,Industry,Suburban,Freehold,13814,10627,14,28667000,4300000,8000,32975000
CASE-2026-NW-03018,Wilayah Persekutuan Kuala Lumpur,Building,Rural,Freehold,1718,1442,17,4699000,704800,8000,5411800
CASE-2026-NW-03019,Wilayah Persekutuan Kuala Lumpur,Industry,Suburban,Freehold,11333,4808,7,16793000,2519000,8000,19320000
CASE-2026-NW-03020,Pulau Pinang,Building,Suburban,Freehold,1552,619,20,2424000,363600,8000,2795600
CASE-2026-NW-03021,Wilayah Persekutuan Kuala Lumpur,Building,Urban,Freehold,2080,706,24,3563000,534400,8000,4105400
CASE-2026-NW-03022,Wilayah Persekutuan Kuala Lumpur,Building,Urban,Freehold,1798,1275,4,6659000,998800,8000,7665800
CASE-2026-NW-03023,Selangor,Building,Urban,Leasehold,1566,424,16,1967000,295000,8000,2270000
CASE-2026-NW-03024,Kedah,Building,Urban,Freehold,2574,2343,19,6122000,918300,8000,7048300
CASE-2026-NW-03025,Melaka,Building,Rural,Freehold,1647,748,7,2182000,327300,8000,2517300
CASE-2026-NW-03026,Selangor,Building,Suburban,Freehold,1087,824,32,2848000,427200,8000,3283200
CASE-2026-NW-03027,Perak,Agriculture,Suburban,Freehold,3624,2063,12,1060000,159000,8000,1227000
CASE-2026-NW-03028,Selangor,Building,Urban,Freehold,2690,2275,24,8851000,1327600,8000,10186600
CASE-2026-NW-03029,Wilayah Persekutuan Kuala Lumpur,Building,Suburban,Leasehold,2216,1462,12,6041000,906200,8000,6955200
CASE-2026-NW-03030,Selangor,Agriculture,Rural,Leasehold,11459,6642,28,3226000,483900,8000,3717900
CASE-2026-NW-03031,Wilayah Persekutuan Kuala Lumpur,Agriculture,Rural,Freehold,6923,3457,11,2485000,372800,8000,2865800
CASE-2026-NW-03032,Terengganu,Building,Urban,Leasehold,304,189,34,468000,70200,8000,546200
CASE-2026-NW-03033,Wilayah Persekutuan Kuala Lumpur,Agriculture,Suburban,Leasehold,15225,8738,11,6625000,993800,8000,7626800
CASE-2026-NW-03034,Kelantan,Building,Suburban,Freehold,1444,1229,38,2659000,398800,8000,3065800
CASE-2026-NW-03035,Selangor,Agriculture,Suburban,Freehold,7041,3198,33,2349000,352400,8000,2709400
CASE-2026-NW-03036,Johor,Building,Suburban,Freehold,472,391,23,1143000,171400,8000,1322400
CASE-2026-NW-03037,Selangor,Agriculture,Rural,Leasehold,2681,1444,16,903000,135400,8000,1046400
CASE-2026-NW-03038,Kedah,Building,Urban,Freehold,811,474,22,1546000,231900,8000,1785900
CASE-2026-NW-03039,Pulau Pinang,Agriculture,Urban,Leasehold,13455,8874,2,6538000,980700,8000,7526700
CASE-2026-NW-03040,Pulau Pinang,Building,Urban,Leasehold,2303,1368,34,4929000,739400,8000,5676400
CASE-2026-NW-03041,Selangor,Agriculture,Suburban,Malay Reserve,16666,10132,15,6180000,927000,8000,7115000
CASE-2026-NW-03042,Sarawak,Building,Rural,Leasehold,555,168,37,359000,53800,8000,420800
CASE-2026-NW-03043,Selangor,Building,Suburban,Freehold,722,573,6,2193000,329000,8000,2530000
CASE-2026-NW-03044,Kelantan,Agriculture,Urban,Malay Reserve,19117,16102,12,6364000,954600,8000,7326600
CASE-2026-NW-03045,Perak,Agriculture,Urban,Freehold,9387,6084,24,3383000,507400,8000,3898400
CASE-2026-NW-03046,Johor,Building,Suburban,Freehold,2378,2108,14,6819000,1022800,8000,7849800
CASE-2026-NW-03047,Negeri Sembilan,Industry,Suburban,Malay Reserve,4918,4519,30,7247000,1087000,8000,8342000
CASE-2026-NW-03048,Melaka,Agriculture,Suburban,Leasehold,14225,11515,16,5427000,814000,8000,6249000
CASE-2026-NW-03049,Johor,Agriculture,Suburban,Leasehold,7944,4837,29,2965000,444800,8000,3417800
CASE-2026-NW-03050,Johor,Building,Rural,Leasehold,1086,405,35,984000,147600,8000,1139600
CASE-2026-NW-03051,Negeri Sembilan,Building,Suburban,Freehold,1472,1047,9,2929000,439400,8000,3376400
CASE-2026-NW-03052,Kelantan,Building,Urban,Freehold,193,70,25,195000,29200,8000,232200
CASE-2026-NW-03053,Pulau Pinang,Agriculture,Rural,Freehold,13367,11075,34,5299000,794800,8000,6101800
CASE-2026-NW-03054,Sabah,Building,Urban,Freehold,342,105,34,347000,52000,8000,407000
CASE-2026-NW-03055,Perlis,Agriculture,Rural,Leasehold,8894,3814,16,1366000,204900,8000,1578900
CASE-2026-NW-03056,Kelantan,Agriculture,Rural,Malay Reserve,2690,1651,30,459000,68800,8000,535800
CASE-2026-NW-03057,Melaka,Building,Suburban,Leasehold,2308,672,3,2426000,363900,8000,2797900
CASE-2026-NW-03058,Selangor,Building,Rural,Leasehold,821,704,1,2433000,365000,8000,2806000
CASE-2026-NW-03059,Selangor,Building,Rural,Leasehold,2655,1511,23,4060000,609000,8000,4677000
CASE-2026-NW-03060,Melaka,Building,Suburban,Leasehold,2823,2376,31,6122000,918300,8000,7048300
CASE-2026-NW-03061,Kelantan,Agriculture,Rural,Leasehold,15397,7399,11,3004000,450600,8000,3462600
CASE-2026-NW-03062,Sarawak,Building,Rural,Malay Reserve,1974,504,32,1045000,156800,8000,1209800
CASE-2026-NW-03063,Perlis,Building,Rural,Freehold,2784,2047,19,4278000,641700,8000,4927700
CASE-2026-NW-03064,Selangor,Building,Suburban,Freehold,2011,677,39,2600000,390000,8000,2998000
CASE-2026-NW-03065,Sabah,Building,Rural,Leasehold,1584,1147,8,3145000,471800,8000,3624800
CASE-2026-NW-03066,Perak,Agriculture,Rural,Leasehold,5268,1378,13,582000,87300,8000,677300
CASE-2026-NW-03067,Kelantan,Industry,Suburban,Freehold,3316,1127,6,2531000,379600,8000,2918600
CASE-2026-NW-03068,Pulau Pinang,Building,Rural,Leasehold,415,259,38,645000,96800,8000,749800
CASE-2026-NW-03069,Selangor,Building,Suburban,Malay Reserve,2676,1033,34,3477000,521600,8000,4006600
CASE-2026-NW-03070,Sabah,Agriculture,Suburban,Freehold,7274,6128,19,2826000,423900,8000,3257900
CASE-2026-NW-03071,Kelantan,Industry,Suburban,Leasehold,14171,12117,23,19106000,2865900,8000,21979900
CASE-2026-NW-03072,Selangor,Agriculture,Urban,Freehold,5393,2968,15,2690000,403500,8000,3101500
CASE-2026-NW-03073,Pahang,Building,Urban,Freehold,545,452,9,1360000,204000,8000,1572000
CASE-2026-NW-03074,Wilayah Persekutuan Kuala Lumpur,Building,Suburban,Leasehold,1530,1151,8,4763000,714400,8000,5485400
CASE-2026-NW-03075,Selangor,Agriculture,Urban,Leasehold,12706,6043,1,5452000,817800,8000,6277800
CASE-2026-NW-03076,Melaka,Building,Urban,Leasehold,1689,640,25,2108000,316200,8000,2432200
CASE-2026-NW-03077,Perak,Agriculture,Rural,Leasehold,18208,8077,21,3181000,477200,8000,3666200
CASE-2026-NW-03078,Melaka,Industry,Urban,Freehold,8810,6946,7,18761000,2814200,8000,21583200
CASE-2026-NW-03079,Negeri Sembilan,Building,Urban,Freehold,1595,656,7,2303000,345400,8000,2656400
CASE-2026-NW-03080,Sabah,Building,Suburban,Leasehold,1813,847,4,2505000,375800,8000,2888800
CASE-2026-NW-03081,Pulau Pinang,Building,Urban,Leasehold,2579,878,29,3732000,559800,8000,4299800
CASE-2026-NW-03082,Johor,Agriculture,Suburban,Leasehold,14340,12402,19,6883000,1032400,8000,7923400
CASE-2026-NW-03083,Perlis,Building,Urban,Freehold,279,264,12,731000,109600,8000,848600
CASE-2026-NW-03084,Melaka,Building,Urban,Malay Reserve,2247,710,15,2310000,346500,8000,2664500
CASE-2026-NW-03085,Negeri Sembilan,Agriculture,Suburban,Leasehold,7488,3971,17,2065000,309800,8000,2382800
CASE-2026-NW-03086,Johor,Building,Rural,Leasehold,2310,725,1,2562000,384300,8000,2954300
CASE-2026-NW-03087,Selangor,Industry,Suburban,Freehold,2866,2617,15,7163000,1074400,8000,8245400
CASE-2026-NW-03088,Perak,Agriculture,Urban,Leasehold,18971,9141,12,4825000,723800,8000,5556800
CASE-2026-NW-03089,Sabah,Agriculture,Suburban,Malay Reserve,8092,4729,34,2004000,300600,8000,2312600
CASE-2026-NW-03090,Perak,Building,Urban,Freehold,440,333,14,935000,140200,8000,1083200
CASE-2026-NW-03091,Pulau Pinang,Building,Urban,Freehold,2078,662,13,3021000,453200,8000,3482200
CASE-2026-NW-03092,Sarawak,Agriculture,Rural,Leasehold,5144,2543,28,991000,148600,8000,1147600
CASE-2026-NW-03093,Johor,Building,Suburban,Leasehold,1733,782,2,2853000,428000,8000,3289000
CASE-2026-NW-03094,Kedah,Building,Suburban,Malay Reserve,2808,1710,7,4555000,683200,8000,5246200
CASE-2026-NW-03095,Pahang,Agriculture,Urban,Freehold,5486,1233,23,801000,120200,8000,929200
CASE-2026-NW-03096,Wilayah Persekutuan Kuala Lumpur,Agriculture,Rural,Leasehold,10940,9711,31,4789000,718400,8000,5515400
CASE-2026-NW-03097,Terengganu,Building,Suburban,Freehold,1382,1173,32,2331000,349600,8000,2688600
CASE-2026-NW-03098,Melaka,Agriculture,Suburban,Leasehold,17437,13422,0,7534000,1130100,8000,8672100
CASE-2026-NW-03099,Johor,Agriculture,Urban,Freehold,17410,6414,13,5079000,761800,8000,5848800
CASE-2026-NW-03100,Terengganu,Agriculture,Rural,Leasehold,4670,3763,30,1357000,203600,8000,1568600
CASE-2026-NW-03101,Johor,Agriculture,Urban,Freehold,13557,8112,38,5653000,848000,8000,6509000
CASE-2026-NW-03102,Pulau Pinang,Building,Urban,Freehold,2689,1635,27,6182000,927300,8000,7117300
CASE-2026-NW-03103,Perlis,Industry,Urban,Freehold,14868,6974,18,17038000,2555700,8000,19601700
CASE-2026-NW-03104,Selangor,Building,Urban,Freehold,2980,2780,27,10679000,1601800,8000,12288800
CASE-2026-NW-03105,Pahang,Agriculture,Rural,Leasehold,9654,7894,5,3228000,484200,8000,3720200
CASE-2026-NW-03106,Pulau Pinang,Building,Rural,Leasehold,323,148,22,498000,74700,8000,580700
CASE-2026-NW-03107,Pahang,Agriculture,Suburban,Freehold,5897,1991,14,1119000,167800,8000,1294800
CASE-2026-NW-03108,Johor,Building,Suburban,Freehold,835,366,12,1206000,180900,8000,1394900
CASE-2026-NW-03109,Johor,Building,Urban,Leasehold,1300,878,36,2919000,437800,8000,3364800
CASE-2026-NW-03110,Kelantan,Agriculture,Rural,Leasehold,19619,15538,31,4724000,708600,8000,5440600
CASE-2026-NW-03111,Pulau Pinang,Industry,Rural,Leasehold,17833,12014,24,22910000,3436500,8000,26354500
CASE-2026-NW-03112,Perak,Agriculture,Suburban,Leasehold,7463,2882,21,1475000,221200,8000,1704200
CASE-2026-NW-03113,Melaka,Building,Suburban,Freehold,2281,2125,10,6212000,931800,8000,7151800
CASE-2026-NW-03114,Perak,Building,Suburban,Freehold,1155,1028,7,3190000,478500,8000,3676500
CASE-2026-NW-03115,Negeri Sembilan,Agriculture,Urban,Freehold,15611,5510,33,3382000,507300,8000,3897300
CASE-2026-NW-03116,Sarawak,Building,Rural,Freehold,1147,830,39,1743000,261400,8000,2012400
CASE-2026-NW-03117,Kedah,Agriculture,Rural,Freehold,5904,4552,20,1553000,233000,8000,1794000
CASE-2026-NW-03118,Melaka,Building,Urban,Freehold,2623,1338,30,4391000,658600,8000,5057600
CASE-2026-NW-03119,Wilayah Persekutuan Kuala Lumpur,Building,Urban,Leasehold,349,278,31,1047000,157000,8000,1212000
CASE-2026-NW-03120,Johor,Building,Suburban,Freehold,1883,1664,4,5719000,857800,8000,6584800
CASE-2026-NW-03121,Johor,Agriculture,Rural,Freehold,14682,6137,28,3226000,483900,8000,3717900
CASE-2026-NW-03122,Melaka,Building,Suburban,Freehold,1658,544,9,1720000,258000,8000,1986000
CASE-2026-NW-03123,Pahang,Building,Urban,Freehold,2296,721,37,2302000,345300,8000,2655300
CASE-2026-NW-03124,Wilayah Persekutuan Kuala Lumpur,Building,Urban,Freehold,646,241,33,1074000,161100,8000,1243100
CASE-2026-NW-03125,Kedah,Building,Suburban,Freehold,2237,1238,33,3043000,456400,8000,3507400
CASE-2026-NW-03126,Johor,Industry,Suburban,Freehold,14958,7386,8,21994000,3299100,8000,25301100
CASE-2026-NW-03127,Sabah,Agriculture,Suburban,Freehold,9123,5120,27,2609000,391400,8000,3008400
CASE-2026-NW-03128,Selangor,Agriculture,Suburban,Freehold,12801,2687,14,2231000,334600,8000,2573600
CASE-2026-NW-03129,Pahang,Agriculture,Suburban,Leasehold,4635,2612,20,1157000,173600,8000,1338600
CASE-2026-NW-03130,Pahang,Building,Suburban,Leasehold,821,726,27,1878000,281700,8000,2167700
CASE-2026-NW-03131,Kedah,Building,Urban,Freehold,2548,1980,35,5276000,791400,8000,6075400
CASE-2026-NW-03132,Selangor,Building,Rural,Freehold,1848,610,24,1859000,278800,8000,2145800
CASE-2026-NW-03133,Wilayah Persekutuan Kuala Lumpur,Agriculture,Rural,Freehold,11596,10130,13,6287000,943000,8000,7238000
CASE-2026-NW-03134,Perak,Building,Urban,Malay Reserve,790,437,19,1330000,199500,8000,1537500
CASE-2026-NW-03135,Kelantan,Building,Suburban,Freehold,1170,377,13,1145000,171800,8000,1324800
CASE-2026-NW-03136,Pulau Pinang,Agriculture,Rural,Leasehold,5439,4852,19,2544000,381600,8000,2933600
CASE-2026-NW-03137,Selangor,Building,Suburban,Freehold,333,298,28,1010000,151500,8000,1169500
CASE-2026-NW-03138,Sarawak,Agriculture,Urban,Malay Reserve,13815,7932,36,4133000,620000,8000,4761000
CASE-2026-NW-03139,Johor,Building,Suburban,Freehold,1977,762,27,2364000,354600,8000,2726600
CASE-2026-NW-03140,Kedah,Agriculture,Urban,Malay Reserve,8973,5572,25,2856000,428400,8000,3292400
CASE-2026-NW-03141,Selangor,Industry,Urban,Freehold,1865,1143,30,3660000,549000,8000,4217000
CASE-2026-NW-03142,Pulau Pinang,Building,Suburban,Freehold,2162,1027,29,3787000,568000,8000,4363000
CASE-2026-NW-03143,Kedah,Building,Rural,Freehold,2799,1875,24,4035000,605200,8000,4648200
CASE-2026-NW-03144,Kelantan,Agriculture,Rural,Freehold,5824,3796,14,1229000,184400,8000,1421400
CASE-2026-NW-03145,Kedah,Building,Rural,Freehold,238,122,21,272000,40800,8000,320800
CASE-2026-NW-03146,Johor,Building,Urban,Leasehold,2964,1041,19,3563000,534400,8000,4105400
CASE-2026-NW-03147,Perak,Agriculture,Suburban,Freehold,19898,8074,26,4162000,624300,8000,4794300
CASE-2026-NW-03148,Wilayah Persekutuan Kuala Lumpur,Agriculture,Suburban,Leasehold,2486,2153,9,1536000,230400,8000,1774400
CASE-2026-NW-03149,Selangor,Building,Rural,Freehold,408,201,36,588000,88200,8000,684200
CASE-2026-NW-03150,Pulau Pinang,Building,Suburban,Leasehold,1678,849,37,2697000,404600,8000,3109600
CASE-2026-NW-03151,Wilayah Persekutuan Kuala Lumpur,Building,Urban,Freehold,369,312,29,1372000,205800,8000,1585800
CASE-2026-NW-03152,Kedah,Building,Urban,Leasehold,2444,1877,35,4673000,701000,8000,5382000
CASE-2026-NW-03153,Selangor,Agriculture,Suburban,Leasehold,14913,4090,4,2911000,436600,8000,3355600
CASE-2026-NW-03154,Kedah,Agriculture,Rural,Leasehold,16466,10916,32,3631000,544600,8000,4183600
CASE-2026-NW-03155,Sarawak,Agriculture,Urban,Leasehold,14139,7113,21,4196000,629400,8000,4833400
CASE-2026-NW-03156,Selangor,Agriculture,Rural,Leasehold,3192,1047,6,701000,105200,8000,814200
CASE-2026-NW-03157,Selangor,Industry,Rural,Freehold,8190,5521,22,11536000,1730400,8000,13274400
CASE-2026-NW-03158,Perak,Agriculture,Rural,Freehold,4600,1950,24,797000,119600,8000,924600
CASE-2026-NW-03159,Wilayah Persekutuan Kuala Lumpur,Building,Urban,Freehold,2853,2526,36,10140000,1521000,8000,11669000
CASE-2026-NW-03160,Terengganu,Industry,Urban,Freehold,11113,7413,31,14047000,2107000,8000,16162000
CASE-2026-NW-03161,Pahang,Agriculture,Suburban,Freehold,3823,3366,34,1540000,231000,8000,1779000
CASE-2026-NW-03162,Selangor,Industry,Urban,Freehold,5214,2956,2,11396000,1709400,8000,13113400
CASE-2026-NW-03163,Kedah,Building,Urban,Freehold,2774,1292,29,3991000,598600,8000,4597600
CASE-2026-NW-03164,Pahang,Agriculture,Suburban,Leasehold,3018,2150,4,1128000,169200,8000,1305200
CASE-2026-NW-03165,Selangor,Building,Suburban,Freehold,660,516,37,1614000,242100,8000,1864100
CASE-2026-NW-03166,Kelantan,Building,Suburban,Malay Reserve,788,253,27,535000,80200,8000,623200
CASE-2026-NW-03167,Pulau Pinang,Building,Suburban,Leasehold,1722,1599,20,4818000,722700,8000,5548700
CASE-2026-NW-03168,Wilayah Persekutuan Kuala Lumpur,Agriculture,Suburban,Freehold,7421,6021,35,4115000,617200,8000,4740200
CASE-2026-NW-03169,Pahang,Agriculture,Urban,Freehold,5344,3957,14,2313000,347000,8000,2668000
CASE-2026-NW-03170,Sarawak,Industry,Suburban,Freehold,12600,7795,29,16192000,2428800,8000,18628800
CASE-2026-NW-03171,Pulau Pinang,Agriculture,Urban,Leasehold,16494,9617,22,6762000,1014300,8000,7784300
CASE-2026-NW-03172,Terengganu,Building,Urban,Malay Reserve,2919,1234,8,3499000,524800,8000,4031800
CASE-2026-NW-03173,Terengganu,Building,Suburban,Freehold,2202,1757,37,4244000,636600,8000,4888600
CASE-2026-NW-03174,Perak,Building,Rural,Freehold,2659,2394,11,5134000,770100,8000,5912100
CASE-2026-NW-03175,Melaka,Agriculture,Suburban,Leasehold,2467,2043,17,1024000,153600,8000,1185600
CASE-2026-NW-03176,Kelantan,Industry,Rural,Malay Reserve,1691,1215,5,2059000,308800,8000,2375800
CASE-2026-NW-03177,Pulau Pinang,Agriculture,Urban,Leasehold,8615,2327,17,1889000,283400,8000,2180400
CASE-2026-NW-03178,Pulau Pinang,Building,Suburban,Leasehold,2443,1710,33,5400000,810000,8000,6218000
CASE-2026-NW-03179,Kedah,Building,Urban,Malay Reserve,2695,2319,33,5727000,859000,8000,6594000
CASE-2026-NW-03180,Wilayah Persekutuan Labuan,Agriculture,Suburban,Freehold,2318,690,28,368000,55200,8000,431200
CASE-2026-NW-03181,Melaka,Industry,Rural,Freehold,16918,5573,15,12923000,1938400,8000,14869400
CASE-2026-NW-03182,Johor,Industry,Urban,Freehold,10210,5995,3,18162000,2724300,8000,20894300
CASE-2026-NW-03183,Perak,Building,Suburban,Freehold,2624,1310,35,3512000,526800,8000,4046800
CASE-2026-NW-03184,Terengganu,Building,Rural,Leasehold,2132,703,31,1182000,177300,8000,1367300
CASE-2026-NW-03185,Melaka,Agriculture,Suburban,Leasehold,3104,1893,13,1028000,154200,8000,1190200
CASE-2026-NW-03186,Johor,Agriculture,Suburban,Malay Reserve,19239,6025,23,3406000,510900,8000,3924900
CASE-2026-NW-03187,Johor,Agriculture,Urban,Leasehold,5535,1329,27,964000,144600,8000,1116600
CASE-2026-NW-03188,Selangor,Agriculture,Urban,Leasehold,2048,1732,35,1291000,193600,8000,1492600
CASE-2026-NW-03189,Selangor,Building,Suburban,Freehold,1905,834,4,3460000,519000,8000,3987000
CASE-2026-NW-03190,Selangor,Building,Suburban,Freehold,514,148,8,581000,87200,8000,676200
CASE-2026-NW-03191,Selangor,Agriculture,Suburban,Freehold,14562,8924,5,6646000,996900,8000,7650900
CASE-2026-NW-03192,Negeri Sembilan,Building,Suburban,Freehold,1291,720,1,2409000,361400,8000,2778400
CASE-2026-NW-03193,Johor,Agriculture,Urban,Leasehold,9708,8230,27,5250000,787500,8000,6045500
CASE-2026-NW-03194,Perak,Industry,Urban,Leasehold,17583,6084,22,14279000,2141800,8000,16428800
CASE-2026-NW-03195,Selangor,Building,Suburban,Freehold,1650,839,19,3191000,478600,8000,3677600
CASE-2026-NW-03196,Perak,Agriculture,Rural,Freehold,10377,3668,0,1362000,204300,8000,1574300
CASE-2026-NW-03197,Pulau Pinang,Industry,Suburban,Freehold,4070,3774,22,9793000,1469000,8000,11270000
CASE-2026-NW-03198,Pahang,Industry,Rural,Malay Reserve,22619,10518,31,15754000,2363100,8000,18125100
CASE-2026-NW-03199,Kedah,Agriculture,Urban,Freehold,9001,5378,35,3071000,460600,8000,3539600
CASE-2026-NW-03200,Selangor,Industry,Urban,Leasehold,4255,1360,22,4087000,613000,8000,4708000
CASE-2026-NW-03201,Sabah,Agriculture,Rural,Freehold,14359,8943,18,3706000,555900,8000,4269900
CASE-2026-NW-03202,Selangor,Agriculture,Rural,Freehold,15283,5804,22,3643000,546400,8000,4197400
CASE-2026-NW-03203,Selangor,Agriculture,Urban,Freehold,11073,5290,21,5029000,754400,8000,5791400
CASE-2026-NW-03204,Selangor,Building,Suburban,Freehold,388,157,33,610000,91500,8000,709500
CASE-2026-NW-03205,Selangor,Agriculture,Rural,Leasehold,3905,2686,35,1488000,223200,8000,1719200
CASE-2026-NW-03206,Selangor,Industry,Rural,Freehold,14249,10928,28,25746000,3861900,8000,29615900
CASE-2026-NW-03207,Perak,Building,Urban,Leasehold,2311,2065,12,5149000,772400,8000,5929400
CASE-2026-NW-03208,Pulau Pinang,Agriculture,Suburban,Freehold,5179,1978,35,1450000,217500,8000,1675500
CASE-2026-NW-03209,Johor,Building,Suburban,Freehold,1410,424,16,1616000,242400,8000,1866400
CASE-2026-NW-03210,Wilayah Persekutuan Kuala Lumpur,Agriculture,Urban,Malay Reserve,17742,13430,5,11604000,1740600,8000,13352600
CASE-2026-NW-03211,Negeri Sembilan,Agriculture,Suburban,Freehold,15803,5258,16,3306000,495900,8000,3809900
CASE-2026-NW-03212,Wilayah Persekutuan Labuan,Agriculture,Urban,Malay Reserve,18782,11092,3,6406000,960900,8000,7374900
CASE-2026-NW-03213,Wilayah Persekutuan Kuala Lumpur,Agriculture,Suburban,Malay Reserve,13408,4471,3,3828000,574200,8000,4410200
CASE-2026-NW-03214,Wilayah Persekutuan Kuala Lumpur,Agriculture,Rural,Freehold,17063,15186,3,9881000,1482200,8000,11371200
CASE-2026-NW-03215,Wilayah Persekutuan Kuala Lumpur,Agriculture,Rural,Leasehold,5973,3302,12,1941000,291200,8000,2240200
CASE-2026-NW-03216,Wilayah Persekutuan Kuala Lumpur,Agriculture,Urban,Leasehold,14462,7796,15,6980000,1047000,8000,8035000
CASE-2026-NW-03217,Pulau Pinang,Agriculture,Urban,Freehold,2193,1652,23,1333000,200000,8000,1541000
CASE-2026-NW-03218,Kelantan,Building,Suburban,Freehold,336,269,24,703000,105400,8000,816400
CASE-2026-NW-03219,Terengganu,Agriculture,Urban,Freehold,15593,4102,34,2308000,346200,8000,2662200
CASE-2026-NW-03220,Negeri Sembilan,Building,Suburban,Freehold,2488,2097,33,5112000,766800,8000,5886800
CASE-2026-NW-03221,Selangor,Building,Rural,Freehold,328,285,31,880000,132000,8000,1020000
CASE-2026-NW-03222,Pulau Pinang,Agriculture,Suburban,Malay Reserve,18965,13422,18,7788000,1168200,8000,8964200
CASE-2026-NW-03223,Johor,Building,Suburban,Malay Reserve,1607,498,21,1615000,242200,8000,1865200
CASE-2026-NW-03224,Selangor,Agriculture,Rural,Leasehold,5267,2040,23,1163000,174400,8000,1345400
CASE-2026-NW-03225,Melaka,Agriculture,Urban,Freehold,14401,4094,5,3019000,452800,8000,3479800
CASE-2026-NW-03226,Selangor,Building,Rural,Leasehold,943,844,19,2494000,374100,8000,2876100
CASE-2026-NW-03227,Pulau Pinang,Building,Suburban,Freehold,1474,1366,13,4870000,730500,8000,5608500
CASE-2026-NW-03228,Perak,Agriculture,Suburban,Malay Reserve,6870,4305,32,1898000,284700,8000,2190700
CASE-2026-NW-03229,Terengganu,Building,Rural,Malay Reserve,246,104,36,207000,31000,8000,246000
CASE-2026-NW-03230,Pahang,Industry,Urban,Malay Reserve,19705,17023,33,31286000,4692900,8000,35986900
CASE-2026-NW-03231,Kedah,Building,Urban,Freehold,173,94,2,292000,43800,8000,343800
CASE-2026-NW-03232,Johor,Agriculture,Urban,Freehold,10469,5521,23,4127000,619000,8000,4754000
CASE-2026-NW-03233,Johor,Agriculture,Suburban,Freehold,8205,5960,27,3541000,531200,8000,4080200
CASE-2026-NW-03234,Johor,Building,Urban,Leasehold,2732,912,21,3752000,562800,8000,4322800
CASE-2026-NW-03235,Perak,Building,Suburban,Leasehold,2852,1136,11,3683000,552400,8000,4243400
CASE-2026-NW-03236,Sabah,Agriculture,Urban,Leasehold,12645,8926,20,5150000,772500,8000,5930500
CASE-2026-NW-03237,Sarawak,Agriculture,Urban,Malay Reserve,4834,2312,30,1370000,205500,8000,1583500
CASE-2026-NW-03238,Pulau Pinang,Building,Suburban,Malay Reserve,1600,528,26,1773000,266000,8000,2047000
CASE-2026-NW-03239,Selangor,Building,Suburban,Freehold,368,145,9,641000,96200,8000,745200
CASE-2026-NW-03240,Melaka,Building,Urban,Freehold,2466,1412,2,5357000,803600,8000,6168600
CASE-2026-NW-03241,Wilayah Persekutuan Kuala Lumpur,Agriculture,Suburban,Freehold,7764,2613,27,2279000,341800,8000,2628800
CASE-2026-NW-03242,Kedah,Industry,Suburban,Freehold,21856,11966,10,25885000,3882800,8000,29775800
CASE-2026-NW-03243,Terengganu,Building,Suburban,Freehold,2084,1913,2,5659000,848800,8000,6515800
CASE-2026-NW-03244,Melaka,Agriculture,Suburban,Freehold,15522,12869,0,7133000,1070000,8000,8211000
CASE-2026-NW-03245,Johor,Agriculture,Suburban,Freehold,14456,7090,8,4037000,605600,8000,4650600
CASE-2026-NW-03246,Selangor,Building,Suburban,Leasehold,2250,1155,5,4712000,706800,8000,5426800
CASE-2026-NW-03247,Johor,Industry,Urban,Malay Reserve,3899,3697,14,9339000,1400800,8000,10747800
CASE-2026-NW-03248,Selangor,Agriculture,Suburban,Freehold,16244,11966,0,8524000,1278600,8000,9810600
CASE-2026-NW-03249,Selangor,Building,Suburban,Freehold,2915,2604,9,9989000,1498400,8000,11495400
CASE-2026-NW-03250,Selangor,Agriculture,Suburban,Leasehold,3990,1342,17,1044000,156600,8000,1208600
CASE-2026-NW-03251,Sabah,Building,Rural,Freehold,1345,1255,37,2464000,369600,8000,2841600
CASE-2026-NW-03252,Perak,Building,Urban,Leasehold,248,167,29,453000,68000,8000,529000
CASE-2026-NW-03253,Selangor,Agriculture,Urban,Malay Reserve,4841,3811,17,2643000,396400,8000,3047400
CASE-2026-NW-03254,Kedah,Building,Urban,Freehold,1608,602,25,1736000,260400,8000,2004400
CASE-2026-NW-03255,Pulau Pinang,Agriculture,Urban,Leasehold,7106,4647,25,3478000,521700,8000,4007700
CASE-2026-NW-03256,Kelantan,Building,Suburban,Freehold,2412,872,7,2374000,356100,8000,2738100
CASE-2026-NW-03257,Johor,Building,Urban,Leasehold,1206,530,20,1934000,290100,8000,2232100
CASE-2026-NW-03258,Selangor,Building,Urban,Freehold,1951,1385,2,6175000,926200,8000,7109200
CASE-2026-NW-03259,Wilayah Persekutuan Kuala Lumpur,Industry,Suburban,Leasehold,22752,15219,5,48140000,7221000,8000,55369000
CASE-2026-NW-03260,Johor,Building,Urban,Leasehold,885,692,12,2729000,409400,8000,3146400
CASE-2026-NW-03261,Terengganu,Building,Suburban,Leasehold,2520,630,8,1962000,294300,8000,2264300
CASE-2026-NW-03262,Terengganu,Agriculture,Suburban,Malay Reserve,15551,13194,29,5205000,780800,8000,5993800
CASE-2026-NW-03263,Perlis,Agriculture,Urban,Malay Reserve,16124,11288,12,5227000,784000,8000,6019000
CASE-2026-NW-03264,Johor,Building,Rural,Malay Reserve,589,426,12,1037000,155600,8000,1200600
CASE-2026-NW-03265,Selangor,Building,Suburban,Malay Reserve,2193,1187,9,4298000,644700,8000,4950700
CASE-2026-NW-03266,Negeri Sembilan,Building,Suburban,Leasehold,365,304,21,763000,114400,8000,885400
CASE-2026-NW-03267,Selangor,Building,Urban,Leasehold,1603,1508,25,5890000,883500,8000,6781500
CASE-2026-NW-03268,Wilayah Persekutuan Putrajaya,Building,Suburban,Freehold,1124,1058,6,3713000,557000,8000,4278000
CASE-2026-NW-03269,Terengganu,Industry,Urban,Freehold,11746,4575,12,11256000,1688400,8000,12952400
CASE-2026-NW-03270,Johor,Agriculture,Urban,Freehold,7356,4881,10,3530000,529500,8000,4067500
CASE-2026-NW-03271,Johor,Agriculture,Suburban,Malay Reserve,16554,10931,12,6615000,992200,8000,7615200
CASE-2026-NW-03272,Negeri Sembilan,Agriculture,Urban,Malay Reserve,17178,3917,27,2279000,341800,8000,2628800
CASE-2026-NW-03273,Johor,Building,Suburban,Leasehold,803,454,33,1425000,213800,8000,1646800
CASE-2026-NW-03274,Johor,Agriculture,Suburban,Freehold,7443,2639,38,1792000,268800,8000,2068800
CASE-2026-NW-03275,Wilayah Persekutuan Kuala Lumpur,Agriculture,Suburban,Leasehold,11198,9582,24,6474000,971100,8000,7453100
CASE-2026-NW-03276,Johor,Agriculture,Suburban,Freehold,16854,4351,15,3002000,450300,8000,3460300
CASE-2026-NW-03277,Perak,Agriculture,Rural,Leasehold,14749,8951,5,3674000,551100,8000,4233100
CASE-2026-NW-03278,Pulau Pinang,Agriculture,Rural,Malay Reserve,8029,5838,28,2754000,413100,8000,3175100
CASE-2026-NW-03279,Pulau Pinang,Building,Suburban,Freehold,1864,1754,15,5855000,878200,8000,6741200
CASE-2026-NW-03280,Wilayah Persekutuan Kuala Lumpur,Building,Suburban,Freehold,2312,1178,5,5367000,805000,8000,6180000
CASE-2026-NW-03281,Pulau Pinang,Building,Rural,Freehold,2572,1040,19,3548000,532200,8000,4088200
CASE-2026-NW-03282,Kedah,Building,Suburban,Leasehold,1200,793,27,1812000,271800,8000,2091800
CASE-2026-NW-03283,Selangor,Building,Urban,Freehold,981,346,29,1411000,211600,8000,1630600
CASE-2026-NW-03284,Wilayah Persekutuan Kuala Lumpur,Building,Suburban,Freehold,809,404,35,1762000,264300,8000,2034300
CASE-2026-NW-03285,Pulau Pinang,Industry,Suburban,Freehold,8082,5235,1,16718000,2507700,8000,19233700
CASE-2026-NW-03286,Sarawak,Building,Suburban,Leasehold,782,578,14,1605000,240800,8000,1853800
CASE-2026-NW-03287,Kedah,Building,Rural,Freehold,2939,1154,15,3018000,452700,8000,3478700
CASE-2026-NW-03288,Pahang,Agriculture,Suburban,Leasehold,5228,2325,22,1295000,194200,8000,1497200
CASE-2026-NW-03289,Kedah,Building,Urban,Leasehold,1621,1022,36,2543000,381400,8000,2932400
CASE-2026-NW-03290,Kelantan,Building,Urban,Leasehold,2726,2114,37,5273000,791000,8000,6072000
CASE-2026-NW-03291,Pahang,Building,Urban,Leasehold,2302,2078,39,4781000,717200,8000,5506200
CASE-2026-NW-03292,Perak,Building,Urban,Freehold,2969,1948,29,5804000,870600,8000,6682600
CASE-2026-NW-03293,Selangor,Building,Suburban,Freehold,2294,2147,38,7292000,1093800,8000,8393800
CASE-2026-NW-03294,Perak,Agriculture,Urban,Freehold,5169,2054,6,1365000,204800,8000,1577800
CASE-2026-NW-03295,Pahang,Agriculture,Urban,Freehold,3313,2507,26,1308000,196200,8000,1512200
CASE-2026-NW-03296,Kedah,Building,Urban,Freehold,2664,2203,37,5575000,836200,8000,6419200
CASE-2026-NW-03297,Terengganu,Agriculture,Suburban,Malay Reserve,15848,4143,15,1945000,291800,8000,2244800
CASE-2026-NW-03298,Sarawak,Agriculture,Urban,Freehold,4494,4040,26,2291000,343600,8000,2642600
CASE-2026-NW-03299,Perak,Building,Urban,Leasehold,959,854,38,2110000,316500,8000,2434500
CASE-2026-NW-03300,Terengganu,Agriculture,Rural,Freehold,15869,8881,31,3303000,495400,8000,3806400
CASE-2026-NW-03301,Johor,Agriculture,Suburban,Leasehold,16976,6462,28,4126000,618900,8000,4752900
CASE-2026-NW-03302,Selangor,Agriculture,Suburban,Leasehold,2929,861,39,617000,92600,8000,717600
CASE-2026-NW-03303,Selangor,Building,Urban,Leasehold,1906,929,25,4193000,629000,8000,4830000
CASE-2026-NW-03304,Pulau Pinang,Building,Suburban,Malay Reserve,195,108,5,395000,59200,8000,462200
CASE-2026-NW-03305,Kedah,Building,Suburban,Leasehold,2960,921,6,2693000,404000,8000,3105000
CASE-2026-NW-03306,Perak,Building,Urban,Leasehold,745,573,36,1429000,214400,8000,1651400
CASE-2026-NW-03307,Perak,Agriculture,Rural,Freehold,7843,4314,34,1602000,240300,8000,1850300
CASE-2026-NW-03308,Pulau Pinang,Agriculture,Suburban,Freehold,15718,8236,11,6107000,916000,8000,7031000
CASE-2026-NW-03309,Pulau Pinang,Building,Suburban,Freehold,689,270,7,1057000,158600,8000,1223600
CASE-2026-NW-03310,Wilayah Persekutuan Kuala Lumpur,Agriculture,Urban,Freehold,10793,5572,37,4982000,747300,8000,5737300
CASE-2026-NW-03311,Wilayah Persekutuan Kuala Lumpur,Agriculture,Suburban,Leasehold,14009,5944,36,4620000,693000,8000,5321000
CASE-2026-NW-03312,Wilayah Persekutuan Kuala Lumpur,Building,Urban,Freehold,1717,734,16,3788000,568200,8000,4364200
CASE-2026-NW-03313,Sarawak,Agriculture,Urban,Malay Reserve,8014,6885,27,3730000,559500,8000,4297500
CASE-2026-NW-03314,Johor,Building,Suburban,Leasehold,2656,2205,20,6897000,1034600,8000,7939600
CASE-2026-NW-03315,Perak,Building,Urban,Freehold,1118,780,27,1994000,299100,8000,2301100
CASE-2026-NW-03316,Negeri Sembilan,Building,Urban,Leasehold,2309,1197,6,3682000,552300,8000,4242300
CASE-2026-NW-03317,Melaka,Building,Suburban,Freehold,448,421,21,1225000,183800,8000,1416800
CASE-2026-NW-03318,Selangor,Agriculture,Urban,Leasehold,14322,8602,21,7513000,1127000,8000,8648000
CASE-2026-NW-03319,Johor,Agriculture,Rural,Leasehold,6333,5388,12,2671000,400600,8000,3079600
CASE-2026-NW-03320,Pahang,Agriculture,Suburban,Malay Reserve,10433,4730,22,2012000,301800,8000,2321800
CASE-2026-NW-03321,Kelantan,Building,Urban,Freehold,248,82,6,267000,40000,8000,315000
CASE-2026-NW-03322,Kedah,Building,Rural,Freehold,567,199,24,492000,73800,8000,573800
CASE-2026-NW-03323,Kelantan,Industry,Urban,Leasehold,4895,1504,27,3262000,489300,8000,3759300
CASE-2026-NW-03324,Melaka,Agriculture,Urban,Leasehold,7154,2980,15,2202000,330300,8000,2540300
CASE-2026-NW-03325,Melaka,Agriculture,Urban,Leasehold,16327,10510,13,6584000,987600,8000,7579600
CASE-2026-NW-03326,Pahang,Building,Rural,Freehold,409,175,29,355000,53200,8000,416200
CASE-2026-NW-03327,Perak,Building,Suburban,Freehold,1991,531,32,1371000,205600,8000,1584600
CASE-2026-NW-03328,Sarawak,Building,Rural,Leasehold,525,190,6,447000,67000,8000,522000
CASE-2026-NW-03329,Selangor,Building,Rural,Freehold,2952,1037,34,3324000,498600,8000,3830600
CASE-2026-NW-03330,Selangor,Building,Urban,Freehold,1411,391,7,2074000,311100,8000,2393100
CASE-2026-NW-03331,Johor,Building,Suburban,Leasehold,357,178,33,486000,72900,8000,566900
CASE-2026-NW-03332,Selangor,Building,Suburban,Leasehold,817,709,5,2590000,388500,8000,2986500
CASE-2026-NW-03333,Melaka,Industry,Suburban,Leasehold,3384,2695,20,5998000,899700,8000,6905700
CASE-2026-NW-03334,Pahang,Agriculture,Urban,Malay Reserve,16128,3589,37,1892000,283800,8000,2183800
CASE-2026-NW-03335,Pulau Pinang,Agriculture,Urban,Freehold,7389,4202,37,3275000,491200,8000,3774200
CASE-2026-NW-03336,Selangor,Building,Urban,Malay Reserve,943,381,11,1679000,251800,8000,1938800
CASE-2026-NW-03337,Negeri Sembilan,Building,Suburban,Freehold,2459,1671,22,4744000,711600,8000,5463600
CASE-2026-NW-03338,Sabah,Agriculture,Rural,Freehold,10872,3633,11,1609000,241400,8000,1858400
CASE-2026-NW-03339,Wilayah Persekutuan Kuala Lumpur,Industry,Suburban,Freehold,21483,15117,20,41947000,6292000,8000,48247000
CASE-2026-NW-03340,Perak,Building,Suburban,Freehold,532,266,14,694000,104100,8000,806100
CASE-2026-NW-03341,Pulau Pinang,Building,Suburban,Leasehold,1044,370,16,1391000,208600,8000,1607600
CASE-2026-NW-03342,Kedah,Agriculture,Urban,Leasehold,11933,4891,1,2916000,437400,8000,3361400
CASE-2026-NW-03343,Melaka,Agriculture,Urban,Leasehold,2861,1623,5,1171000,175600,8000,1354600
CASE-2026-NW-03344,Pahang,Building,Suburban,Leasehold,1236,1017,6,2855000,428200,8000,3291200
CASE-2026-NW-03345,Terengganu,Agriculture,Suburban,Leasehold,19190,5456,27,2843000,426400,8000,3277400
CASE-2026-NW-03346,Perak,Building,Rural,Freehold,781,481,30,924000,138600,8000,1070600
CASE-2026-NW-03347,Johor,Agriculture,Rural,Freehold,6421,5068,30,2382000,357300,8000,2747300
CASE-2026-NW-03348,Selangor,Building,Suburban,Freehold,167,136,7,524000,78600,8000,610600
CASE-2026-NW-03349,Kedah,Industry,Suburban,Freehold,1304,971,19,1889000,283400,8000,2180400
CASE-2026-NW-03350,Wilayah Persekutuan Kuala Lumpur,Agriculture,Urban,Freehold,10555,4481,5,4750000,712500,8000,5470500
CASE-2026-NW-03351,Selangor,Building,Suburban,Freehold,2487,1631,38,6107000,916000,8000,7031000
CASE-2026-NW-03352,Selangor,Building,Suburban,Freehold,490,172,11,741000,111200,8000,860200
CASE-2026-NW-03353,Melaka,Agriculture,Urban,Leasehold,12759,8361,16,5405000,810800,8000,6223800
CASE-2026-NW-03354,Selangor,Agriculture,Urban,Freehold,17456,4391,17,4136000,620400,8000,4764400
CASE-2026-NW-03355,Terengganu,Building,Rural,Leasehold,1119,989,26,1945000,291800,8000,2244800
CASE-2026-NW-03356,Pulau Pinang,Agriculture,Urban,Leasehold,5649,2040,21,1570000,235500,8000,1813500
CASE-2026-NW-03357,Johor,Building,Urban,Freehold,1432,478,3,2226000,333900,8000,2567900
CASE-2026-NW-03358,Wilayah Persekutuan Kuala Lumpur,Building,Urban,Freehold,2149,929,10,4734000,710100,8000,5452100
CASE-2026-NW-03359,Perak,Building,Urban,Leasehold,1648,942,17,2815000,422200,8000,3245200
CASE-2026-NW-03360,Pulau Pinang,Building,Urban,Freehold,1905,1126,32,4609000,691400,8000,5308400
CASE-2026-NW-03361,Johor,Building,Suburban,Freehold,2979,1145,13,4339000,650800,8000,4997800
CASE-2026-NW-03362,Sarawak,Agriculture,Suburban,Leasehold,5514,1214,6,664000,99600,8000,771600
CASE-2026-NW-03363,Selangor,Agriculture,Urban,Freehold,9124,6847,28,5573000,836000,8000,6417000
CASE-2026-NW-03364,Perak,Industry,Urban,Malay Reserve,5831,3477,5,7063000,1059400,8000,8130400
CASE-2026-NW-03365,Wilayah Persekutuan Kuala Lumpur,Agriculture,Urban,Freehold,13139,7820,35,6985000,1047800,8000,8040800
CASE-2026-NW-03366,Negeri Sembilan,Building,Suburban,Freehold,457,135,25,341000,51200,8000,400200
CASE-2026-NW-03367,Kedah,Building,Suburban,Freehold,1324,332,2,1096000,164400,8000,1268400
CASE-2026-NW-03368,Negeri Sembilan,Building,Rural,Malay Reserve,2745,2530,14,5905000,885800,8000,6798800
CASE-2026-NW-03369,Pahang,Agriculture,Suburban,Leasehold,6949,4901,19,1989000,298400,8000,2295400
CASE-2026-NW-03370,Wilayah Persekutuan Kuala Lumpur,Industry,Urban,Freehold,23873,21105,16,69062000,10359300,8000,79429300
CASE-2026-NW-03371,Sarawak,Building,Urban,Freehold,1418,983,10,3220000,483000,8000,3711000
CASE-2026-NW-03372,Wilayah Persekutuan Kuala Lumpur,Agriculture,Urban,Leasehold,13255,8718,21,7829000,1174400,8000,9011400
CASE-2026-NW-03373,Perak,Agriculture,Suburban,Malay Reserve,8704,6333,0,2751000,412600,8000,3171600
CASE-2026-NW-03374,Pulau Pinang,Agriculture,Rural,Leasehold,3617,933,29,477000,71600,8000,556600
CASE-2026-NW-03375,Kedah,Building,Rural,Freehold,2044,854,18,2013000,302000,8000,2323000
CASE-2026-NW-03376,Pulau Pinang,Building,Suburban,Leasehold,829,687,39,2031000,304600,8000,2343600
CASE-2026-NW-03377,Wilayah Persekutuan Putrajaya,Agriculture,Urban,Leasehold,8652,4896,31,3706000,555900,8000,4269900
CASE-2026-NW-03378,Kelantan,Building,Urban,Freehold,2203,1803,38,4235000,635200,8000,4878200
CASE-2026-NW-03379,Pulau Pinang,Building,Urban,Freehold,2293,1527,1,6896000,1034400,8000,7938400
CASE-2026-NW-03380,Johor,Building,Urban,Leasehold,1939,1350,12,5156000,773400,8000,5937400
CASE-2026-NW-03381,Wilayah Persekutuan Kuala Lumpur,Industry,Urban,Freehold,7232,3961,1,16001000,2400200,8000,18409200
CASE-2026-NW-03382,Johor,Agriculture,Rural,Leasehold,8647,3002,25,1441000,216200,8000,1665200
CASE-2026-NW-03383,Pahang,Building,Urban,Freehold,250,126,18,397000,59600,8000,464600
CASE-2026-NW-03384,Wilayah Persekutuan Labuan,Agriculture,Suburban,Freehold,7219,2349,13,1370000,205500,8000,1583500
CASE-2026-NW-03385,Negeri Sembilan,Building,Suburban,Freehold,2663,952,8,3248000,487200,8000,3743200
CASE-2026-NW-03386,Wilayah Persekutuan Kuala Lumpur,Agriculture,Urban,Leasehold,8379,2860,38,2616000,392400,8000,3016400
CASE-2026-NW-03387,Selangor,Building,Urban,Freehold,409,258,14,1205000,180800,8000,1393800
CASE-2026-NW-03388,Pulau Pinang,Agriculture,Suburban,Leasehold,18078,14080,28,7897000,1184600,8000,9089600
CASE-2026-NW-03389,Kelantan,Building,Rural,Freehold,2912,993,37,1813000,272000,8000,2093000
CASE-2026-NW-03390,Selangor,Agriculture,Suburban,Leasehold,19840,6288,30,4182000,627300,8000,4817300
CASE-2026-NW-03391,Sabah,Building,Suburban,Leasehold,1899,1091,34,2807000,421000,8000,3236000
CASE-2026-NW-03392,Terengganu,Agriculture,Urban,Leasehold,5301,3285,33,1468000,220200,8000,1696200
CASE-2026-NW-03393,Johor,Agriculture,Rural,Freehold,16785,14408,7,7294000,1094100,8000,8396100
CASE-2026-NW-03394,Pulau Pinang,Building,Suburban,Freehold,2727,2560,34,7512000,1126800,8000,8646800
CASE-2026-NW-03395,Melaka,Building,Rural,Leasehold,2232,1790,27,4484000,672600,8000,5164600
CASE-2026-NW-03396,Selangor,Agriculture,Suburban,Freehold,4364,1368,8,1121000,168200,8000,1297200
CASE-2026-NW-03397,Wilayah Persekutuan Kuala Lumpur,Building,Urban,Freehold,1593,1013,4,4636000,695400,8000,5339400
CASE-2026-NW-03398,Wilayah Persekutuan Kuala Lumpur,Agriculture,Urban,Freehold,10053,6936,37,6380000,957000,8000,7345000
CASE-2026-NW-03399,Selangor,Industry,Urban,Leasehold,4133,3853,1,12776000,1916400,8000,14700400
CASE-2026-NW-03400,Johor,Agriculture,Urban,Freehold,7010,5417,23,3666000,549900,8000,4223900
CASE-2026-NW-03401,Sarawak,Agriculture,Suburban,Malay Reserve,15067,3532,3,1990000,298500,8000,2296500
CASE-2026-NW-03402,Kedah,Building,Suburban,Freehold,1568,903,8,3163000,474400,8000,3645400
CASE-2026-NW-03403,Pahang,Building,Rural,Leasehold,2456,1148,2,3240000,486000,8000,3734000
CASE-2026-NW-03404,Perak,Building,Urban,Leasehold,2537,671,25,2093000,314000,8000,2415000
CASE-2026-NW-03405,Pulau Pinang,Building,Rural,Freehold,1600,1304,34,3582000,537300,8000,4127300
CASE-2026-NW-03406,Wilayah Persekutuan Kuala Lumpur,Building,Suburban,Freehold,1843,1036,33,3986000,597900,8000,4591900
CASE-2026-NW-03407,Selangor,Agriculture,Urban,Malay Reserve,17934,14336,20,10345000,1551800,8000,11904800
CASE-2026-NW-03408,Wilayah Persekutuan Kuala Lumpur,Building,Suburban,Freehold,2269,1442,15,5876000,881400,8000,6765400
CASE-2026-NW-03409,Wilayah Persekutuan Kuala Lumpur,Building,Urban,Malay Reserve,2505,1701,5,7831000,1174600,8000,9013600
CASE-2026-NW-03410,Selangor,Agriculture,Suburban,Leasehold,16405,14723,26,9095000,1364200,8000,10467200
CASE-2026-NW-03411,Kelantan,Building,Rural,Freehold,1292,552,14,1239000,185800,8000,1432800
CASE-2026-NW-03412,Perak,Building,Suburban,Leasehold,660,474,16,1089000,163400,8000,1260400
CASE-2026-NW-03413,Sarawak,Building,Suburban,Freehold,433,194,14,581000,87200,8000,676200
CASE-2026-NW-03414,Pahang,Agriculture,Suburban,Leasehold,11121,2233,8,1218000,182700,8000,1408700
CASE-2026-NW-03415,Pulau Pinang,Agriculture,Urban,Leasehold,14167,6106,7,5170000,775500,8000,5953500
CASE-2026-NW-03416,Pahang,Building,Urban,Leasehold,657,564,7,1683000,252400,8000,1943400
CASE-2026-NW-03417,Selangor,Building,Urban,Leasehold,1436,1135,11,4625000,693800,8000,5326800
CASE-2026-NW-03418,Wilayah Persekutuan Kuala Lumpur,Agriculture,Urban,Freehold,19500,9512,19,9296000,1394400,8000,10698400
CASE-2026-NW-03419,Johor,Industry,Suburban,Freehold,1356,1033,23,2260000,339000,8000,2607000
CASE-2026-NW-03420,Pulau Pinang,Building,Suburban,Freehold,1199,1071,28,3320000,498000,8000,3826000
CASE-2026-NW-03421,Wilayah Persekutuan Kuala Lumpur,Agriculture,Urban,Freehold,5000,2178,18,1978000,296700,8000,2282700
CASE-2026-NW-03422,Pulau Pinang,Agriculture,Suburban,Freehold,18781,15206,6,11364000,1704600,8000,13076600
CASE-2026-NW-03423,Kelantan,Building,Urban,Freehold,560,423,4,1254000,188100,8000,1450100
CASE-2026-NW-03424,Wilayah Persekutuan Putrajaya,Agriculture,Urban,Freehold,13159,5021,8,4271000,640600,8000,4919600
CASE-2026-NW-03425,Pulau Pinang,Agriculture,Urban,Freehold,15951,8605,38,6999000,1049800,8000,8056800
CASE-2026-NW-03426,Pulau Pinang,Building,Suburban,Leasehold,1146,1006,20,3349000,502400,8000,3859400
CASE-2026-NW-03427,Pahang,Agriculture,Urban,Freehold,16343,11395,39,6127000,919000,8000,7054000
CASE-2026-NW-03428,Selangor,Agriculture,Rural,Freehold,4533,2195,29,1269000,190400,8000,1467400
CASE-2026-NW-03429,Negeri Sembilan,Building,Urban,Leasehold,1999,1439,14,4163000,624400,8000,4795400
CASE-2026-NW-03430,Selangor,Agriculture,Rural,Leasehold,13465,6662,3,3785000,567800,8000,4360800
CASE-2026-NW-03431,Selangor,Building,Suburban,Leasehold,2601,1065,10,4205000,630800,8000,4843800
CASE-2026-NW-03432,Johor,Building,Suburban,Freehold,901,495,28,1713000,257000,8000,1978000
CASE-2026-NW-03433,Wilayah Persekutuan Kuala Lumpur,Agriculture,Urban,Leasehold,3204,1581,33,1360000,204000,8000,1572000
CASE-2026-NW-03434,Pulau Pinang,Agriculture,Rural,Freehold,5449,3956,22,1908000,286200,8000,2202200
CASE-2026-NW-03435,Kelantan,Building,Urban,Freehold,1529,1108,9,2814000,422100,8000,3244100
CASE-2026-NW-03436,Pahang,Building,Suburban,Leasehold,1031,871,32,1892000,283800,8000,2183800
CASE-2026-NW-03437,Pahang,Building,Suburban,Freehold,2342,894,33,2307000,346000,8000,2661000
CASE-2026-NW-03438,Negeri Sembilan,Agriculture,Suburban,Freehold,15540,13248,22,6594000,989100,8000,7591100
CASE-2026-NW-03439,Kelantan,Agriculture,Suburban,Freehold,9975,8024,23,3242000,486300,8000,3736300
CASE-2026-NW-03440,Pulau Pinang,Building,Suburban,Freehold,1654,732,1,3062000,459300,8000,3529300
CASE-2026-NW-03441,Kedah,Building,Urban,Freehold,2463,2127,18,5992000,898800,8000,6898800
CASE-2026-NW-03442,Pulau Pinang,Building,Suburban,Malay Reserve,1743,1338,35,4052000,607800,8000,4667800
CASE-2026-NW-03443,Selangor,Building,Urban,Leasehold,2422,1515,2,7119000,1067800,8000,8194800
CASE-2026-NW-03444,Selangor,Building,Suburban,Leasehold,405,171,12,686000,102900,8000,796900
CASE-2026-NW-03445,Selangor,Agriculture,Urban,Freehold,15873,12757,4,10441000,1566200,8000,12015200
CASE-2026-NW-03446,Perak,Industry,Urban,Leasehold,8130,6561,3,15461000,2319200,8000,17788200
CASE-2026-NW-03447,Pahang,Agriculture,Urban,Leasehold,11522,6395,17,3565000,534800,8000,4107800
CASE-2026-NW-03448,Wilayah Persekutuan Kuala Lumpur,Agriculture,Suburban,Leasehold,6815,1396,11,1247000,187000,8000,1442000
CASE-2026-NW-03449,Pulau Pinang,Agriculture,Urban,Leasehold,2727,2288,13,1464000,219600,8000,1691600
CASE-2026-NW-03450,Pulau Pinang,Building,Urban,Freehold,1597,964,14,4079000,611800,8000,4698800
CASE-2026-NW-03451,Kelantan,Building,Suburban,Leasehold,1344,397,1,1066000,159900,8000,1233900
CASE-2026-NW-03452,Johor,Agriculture,Urban,Leasehold,6163,5314,13,3364000,504600,8000,3876600
CASE-2026-NW-03453,Wilayah Persekutuan Putrajaya,Building,Suburban,Freehold,2091,747,31,2727000,409000,8000,3144000
CASE-2026-NW-03454,Pahang,Agriculture,Urban,Freehold,5305,1175,24,732000,109800,8000,849800
CASE-2026-NW-03455,Kedah,Building,Suburban,Freehold,475,256,10,766000,114900,8000,888900
CASE-2026-NW-03456,Johor,Building,Urban,Leasehold,831,592,7,2274000,341100,8000,2623100
CASE-2026-NW-03457,Melaka,Agriculture,Suburban,Leasehold,17789,6710,12,4086000,612900,8000,4706900
CASE-2026-NW-03458,Johor,Industry,Rural,Freehold,2846,1656,32,3707000,556000,8000,4271000
CASE-2026-NW-03459,Pulau Pinang,Building,Rural,Leasehold,2046,749,36,1940000,291000,8000,2239000
CASE-2026-NW-03460,Selangor,Agriculture,Suburban,Freehold,8066,7109,38,4958000,743700,8000,5709700
CASE-2026-NW-03461,Sabah,Agriculture,Suburban,Freehold,3768,2679,30,1397000,209600,8000,1614600
CASE-2026-NW-03462,Selangor,Agriculture,Urban,Freehold,3746,2115,24,1781000,267200,8000,2056200
CASE-2026-NW-03463,Selangor,Building,Suburban,Freehold,2100,1919,36,6218000,932700,8000,7158700
CASE-2026-NW-03464,Selangor,Agriculture,Suburban,Freehold,19977,9780,7,7504000,1125600,8000,8637600
CASE-2026-NW-03465,Selangor,Agriculture,Suburban,Freehold,6368,1679,11,1424000,213600,8000,1645600
CASE-2026-NW-03466,Selangor,Agriculture,Urban,Freehold,15027,9494,32,8173000,1226000,8000,9407000
CASE-2026-NW-03467,Terengganu,Industry,Suburban,Leasehold,17649,5304,16,10356000,1553400,8000,11917400
CASE-2026-NW-03468,Johor,Agriculture,Suburban,Malay Reserve,2529,602,20,358000,53700,8000,419700
CASE-2026-NW-03469,Perak,Agriculture,Suburban,Leasehold,17485,5079,21,2944000,441600,8000,3393600
CASE-2026-NW-03470,Johor,Building,Urban,Malay Reserve,2091,1590,30,5430000,814500,8000,6252500
CASE-2026-NW-03471,Kedah,Building,Suburban,Leasehold,867,440,1,1296000,194400,8000,1498400
CASE-2026-NW-03472,Selangor,Agriculture,Suburban,Freehold,2146,1571,19,1005000,150800,8000,1163800
CASE-2026-NW-03473,Kelantan,Building,Rural,Malay Reserve,2612,1758,37,3042000,456300,8000,3506300
CASE-2026-NW-03474,Perak,Building,Urban,Leasehold,2515,1928,32,5084000,762600,8000,5854600
CASE-2026-NW-03475,Selangor,Agriculture,Rural,Leasehold,9706,7980,4,4430000,664500,8000,5102500
CASE-2026-NW-03476,Pulau Pinang,Building,Rural,Freehold,1987,1440,16,4313000,647000,8000,4968000
CASE-2026-NW-03477,Selangor,Building,Rural,Freehold,1510,503,22,1602000,240300,8000,1850300
CASE-2026-NW-03478,Negeri Sembilan,Building,Urban,Freehold,772,677,21,2215000,332200,8000,2555200
CASE-2026-NW-03479,Sabah,Building,Urban,Freehold,2097,1919,10,6751000,1012600,8000,7771600
CASE-2026-NW-03480,Negeri Sembilan,Agriculture,Suburban,Freehold,16672,12092,8,6634000,995100,8000,7637100
CASE-2026-NW-03481,Johor,Agriculture,Urban,Freehold,16618,5741,22,4351000,652600,8000,5011600
CASE-2026-NW-03482,Kelantan,Agriculture,Suburban,Freehold,7570,3199,24,1351000,202600,8000,1561600
CASE-2026-NW-03483,Kelantan,Agriculture,Urban,Leasehold,5083,3214,23,1454000,218100,8000,1680100
CASE-2026-NW-03484,Perak,Agriculture,Suburban,Freehold,18653,6971,3,4189000,628400,8000,4825400
CASE-2026-NW-03485,Selangor,Agriculture,Rural,Freehold,6186,2025,24,1306000,195900,8000,1509900
CASE-2026-NW-03486,Selangor,Building,Urban,Freehold,1153,497,2,2348000,352200,8000,2708200
CASE-2026-NW-03487,Pulau Pinang,Industry,Urban,Freehold,18065,9734,2,33892000,5083800,8000,38983800
CASE-2026-NW-03488,Melaka,Building,Urban,Leasehold,1440,842,4,2918000,437700,8000,3363700
CASE-2026-NW-03489,Pulau Pinang,Industry,Suburban,Freehold,3516,1520,6,4447000,667000,8000,5122000
CASE-2026-NW-03490,Kedah,Building,Suburban,Freehold,2044,1205,7,3330000,499500,8000,3837500
CASE-2026-NW-03491,Perak,Agriculture,Urban,Freehold,12805,3909,38,2234000,335100,8000,2577100
CASE-2026-NW-03492,Pulau Pinang,Building,Rural,Leasehold,231,106,13,319000,47800,8000,374800
CASE-2026-NW-03493,Melaka,Agriculture,Suburban,Leasehold,11301,5606,1,2691000,403600,8000,3102600
CASE-2026-NW-03494,Sabah,Building,Suburban,Malay Reserve,2716,1678,10,4762000,714300,8000,5484300
CASE-2026-NW-03495,Selangor,Building,Suburban,Freehold,2198,657,3,3034000,455100,8000,3497100
CASE-2026-NW-03496,Kedah,Building,Suburban,Freehold,533,375,11,1121000,168200,8000,1297200
CASE-2026-NW-03497,Perak,Industry,Urban,Freehold,23921,21499,17,45378000,6806700,8000,52192700
CASE-2026-NW-03498,Negeri Sembilan,Building,Urban,Freehold,1126,661,20,2258000,338700,8000,2604700
CASE-2026-NW-03499,Perak,Building,Rural,Malay Reserve,1171,720,23,1277000,191600,8000,1476600
CASE-2026-NW-03500,Selangor,Building,Suburban,Malay Reserve,1608,1357,1,4920000,738000,8000,5666000
CASE-2026-NW-03501,Perak,Building,Rural,Freehold,841,567,2,1525000,228800,8000,1761800
CASE-2026-NW-03502,Kelantan,Building,Suburban,Leasehold,439,303,11,683000,102400,8000,793400
CASE-2026-NW-03503,Selangor,Agriculture,Suburban,Freehold,19281,7274,30,5775000,866200,8000,6649200
CASE-2026-NW-03504,Selangor,Building,Urban,Freehold,2632,768,29,3145000,471800,8000,3624800
CASE-2026-NW-03505,Wilayah Persekutuan Kuala Lumpur,Agriculture,Suburban,Leasehold,4054,3380,37,2459000,368800,8000,2835800
CASE-2026-NW-03506,Pulau Pinang,Building,Urban,Leasehold,2151,1735,9,7017000,1052600,8000,8077600
CASE-2026-NW-03507,Kelantan,Industry,Urban,Leasehold,12968,4836,34,9878000,1481700,8000,11367700
CASE-2026-NW-03508,Perak,Agriculture,Rural,Freehold,12660,5211,19,2360000,354000,8000,2722000
CASE-2026-NW-03509,Kedah,Industry,Rural,Leasehold,14909,13571,14,23273000,3491000,8000,26772000
CASE-2026-NW-03510,Perak,Agriculture,Urban,Freehold,18037,10614,26,6091000,913600,8000,7012600
CASE-2026-NW-03511,Sarawak,Building,Urban,Freehold,1980,1218,5,4578000,686700,8000,5272700
CASE-2026-NW-03512,Selangor,Building,Suburban,Freehold,1753,965,31,3672000,550800,8000,4230800
CASE-2026-NW-03513,Wilayah Persekutuan Kuala Lumpur,Building,Suburban,Leasehold,1933,703,3,2823000,423400,8000,3254400
CASE-2026-NW-03514,Pulau Pinang,Industry,Urban,Freehold,19740,12955,31,35807000,5371000,8000,41186000
CASE-2026-NW-03515,Pulau Pinang,Agriculture,Suburban,Leasehold,11704,9840,18,6970000,1045500,8000,8023500
CASE-2026-NW-03516,Wilayah Persekutuan Labuan,Agriculture,Rural,Freehold,8137,4092,32,1781000,267200,8000,2056200
CASE-2026-NW-03517,Pulau Pinang,Agriculture,Suburban,Freehold,2121,1850,21,1237000,185600,8000,1430600
CASE-2026-NW-03518,Melaka,Building,Urban,Malay Reserve,1693,987,34,2726000,408900,8000,3142900
CASE-2026-NW-03519,Johor,Agriculture,Suburban,Leasehold,11944,7763,36,4019000,602800,8000,4629800
CASE-2026-NW-03520,Selangor,Building,Urban,Leasehold,1673,539,32,2106000,315900,8000,2429900
CASE-2026-NW-03521,Johor,Agriculture,Rural,Freehold,17642,13337,33,7059000,1058800,8000,8125800
CASE-2026-NW-03522,Selangor,Building,Urban,Leasehold,154,38,7,174000,26100,8000,208100
CASE-2026-NW-03523,Wilayah Persekutuan Kuala Lumpur,Building,Suburban,Freehold,304,153,39,644000,96600,8000,748600
CASE-2026-NW-03524,Johor,Building,Urban,Freehold,303,178,36,585000,87800,8000,680800
CASE-2026-NW-03525,Pulau Pinang,Building,Urban,Freehold,2637,1066,35,4739000,710800,8000,5457800
CASE-2026-NW-03526,Wilayah Persekutuan Kuala Lumpur,Agriculture,Urban,Leasehold,5205,4203,3,3729000,559400,8000,4296400
CASE-2026-NW-03527,Melaka,Building,Suburban,Leasehold,1797,636,29,1697000,254600,8000,1959600
CASE-2026-NW-03528,Perlis,Building,Suburban,Freehold,2930,2649,25,6632000,994800,8000,7634800
CASE-2026-NW-03529,Selangor,Agriculture,Suburban,Malay Reserve,10806,2894,28,2021000,303200,8000,2332200
CASE-2026-NW-03530,Johor,Industry,Rural,Freehold,6686,4602,7,8831000,1324600,8000,10163600
CASE-2026-NW-03531,Perak,Agriculture,Urban,Leasehold,4894,1824,20,998000,149700,8000,1155700
CASE-2026-NW-03532,Selangor,Agriculture,Urban,Leasehold,16948,4035,28,3753000,563000,8000,4324000
CASE-2026-NW-03533,Melaka,Agriculture,Urban,Malay Reserve,8474,6545,13,3216000,482400,8000,3706400
CASE-2026-NW-03534,Perak,Industry,Rural,Leasehold,21043,12187,1,19853000,2978000,8000,22839000
CASE-2026-NW-03535,Pulau Pinang,Agriculture,Suburban,Leasehold,6242,4201,5,2735000,410200,8000,3153200
CASE-2026-NW-03536,Johor,Building,Suburban,Freehold,2703,1965,32,6148000,922200,8000,7078200
CASE-2026-NW-03537,Pulau Pinang,Building,Suburban,Freehold,2058,1152,37,3553000,533000,8000,4094000
CASE-2026-NW-03538,Kedah,Agriculture,Suburban,Malay Reserve,7742,3751,36,1618000,242700,8000,1868700
CASE-2026-NW-03539,Terengganu,Agriculture,Urban,Freehold,5858,1514,17,843000,126400,8000,977400
CASE-2026-NW-03540,Pulau Pinang,Building,Urban,Malay Reserve,2061,1435,33,4995000,749200,8000,5752200
CASE-2026-NW-03541,Pulau Pinang,Building,Suburban,Leasehold,1566,1368,12,4753000,713000,8000,5474000
CASE-2026-NW-03542,Selangor,Agriculture,Urban,Freehold,14567,5777,39,5346000,801900,8000,6155900
CASE-2026-NW-03543,Wilayah Persekutuan Kuala Lumpur,Agriculture,Rural,Freehold,13003,8823,39,4886000,732900,8000,5626900
CASE-2026-NW-03544,Johor,Industry,Urban,Leasehold,20728,7026,32,18439000,2765800,8000,21212800
CASE-2026-NW-03545,Wilayah Persekutuan Kuala Lumpur,Agriculture,Suburban,Leasehold,19923,9345,5,6690000,1003500,8000,7701500
CASE-2026-NW-03546,Terengganu,Building,Suburban,Leasehold,1621,993,23,2196000,329400,8000,2533400
CASE-2026-NW-03547,Kelantan,Agriculture,Suburban,Leasehold,16212,7256,36,3325000,498800,8000,3831800
CASE-2026-NW-03548,Pahang,Agriculture,Suburban,Freehold,3818,2295,19,1185000,177800,8000,1370800
CASE-2026-NW-03549,Perlis,Agriculture,Suburban,Freehold,17149,6732,1,3765000,564800,8000,4337800
CASE-2026-NW-03550,Kelantan,Building,Rural,Leasehold,2398,1415,23,3027000,454000,8000,3489000
CASE-2026-NW-03551,Pulau Pinang,Building,Urban,Leasehold,2770,833,39,3144000,471600,8000,3623600
CASE-2026-NW-03552,Perak,Agriculture,Rural,Freehold,6617,3208,8,1407000,211000,8000,1626000
CASE-2026-NW-03553,Wilayah Persekutuan Labuan,Agriculture,Urban,Leasehold,13092,8365,8,4490000,673500,8000,5171500
CASE-2026-NW-03554,Terengganu,Building,Rural,Freehold,1221,538,21,1104000,165600,8000,1277600
CASE-2026-NW-03555,Perak,Building,Urban,Freehold,1695,1606,39,3869000,580400,8000,4457400
CASE-2026-NW-03556,Kelantan,Agriculture,Urban,Freehold,8781,2163,25,1262000,189300,8000,1459300
CASE-2026-NW-03557,Melaka,Building,Urban,Freehold,793,669,34,1978000,296700,8000,2282700
CASE-2026-NW-03558,Johor,Building,Urban,Malay Reserve,2508,2148,21,6840000,1026000,8000,7874000
CASE-2026-NW-03559,Wilayah Persekutuan Labuan,Building,Suburban,Freehold,776,247,6,848000,127200,8000,983200
CASE-2026-NW-03560,Wilayah Persekutuan Putrajaya,Agriculture,Suburban,Leasehold,7488,3311,19,2281000,342200,8000,2631200
CASE-2026-NW-03561,Kelantan,Building,Suburban,Leasehold,2665,2218,30,4690000,703500,8000,5401500
CASE-2026-NW-03562,Melaka,Building,Rural,Freehold,1254,1072,1,3068000,460200,8000,3536200
CASE-2026-NW-03563,Johor,Building,Urban,Leasehold,357,157,39,545000,81800,8000,634800
CASE-2026-NW-03564,Terengganu,Building,Suburban,Freehold,991,728,21,1969000,295400,8000,2272400
CASE-2026-NW-03565,Selangor,Building,Urban,Freehold,1255,1068,3,4581000,687200,8000,5276200
CASE-2026-NW-03566,Pulau Pinang,Building,Urban,Freehold,333,308,5,1261000,189200,8000,1458200
CASE-2026-NW-03567,Johor,Agriculture,Urban,Freehold,13529,8620,0,6160000,924000,8000,7092000
CASE-2026-NW-03568,Selangor,Agriculture,Suburban,Leasehold,16264,7063,10,5563000,834400,8000,6405400
CASE-2026-NW-03569,Kedah,Agriculture,Suburban,Freehold,11036,7556,26,3807000,571000,8000,4386000
CASE-2026-NW-03570,Selangor,Building,Suburban,Freehold,1495,1104,38,3297000,494600,8000,3799600
CASE-2026-NW-03571,Melaka,Building,Urban,Leasehold,584,264,38,811000,121600,8000,940600
CASE-2026-NW-03572,Melaka,Building,Suburban,Leasehold,1632,653,21,2045000,306800,8000,2359800
CASE-2026-NW-03573,Terengganu,Building,Urban,Leasehold,723,313,21,875000,131200,8000,1014200
CASE-2026-NW-03574,Kelantan,Agriculture,Suburban,Leasehold,5572,4853,20,1823000,273400,8000,2104400
CASE-2026-NW-03575,Johor,Agriculture,Suburban,Leasehold,6770,4963,27,2755000,413200,8000,3176200
CASE-2026-NW-03576,Selangor,Agriculture,Urban,Leasehold,8650,3580,29,3085000,462800,8000,3555800
CASE-2026-NW-03577,Selangor,Agriculture,Urban,Freehold,7271,2851,18,2701000,405200,8000,3114200
CASE-2026-NW-03578,Pulau Pinang,Building,Urban,Freehold,2880,1191,29,5154000,773100,8000,5935100
CASE-2026-NW-03579,Perlis,Agriculture,Urban,Leasehold,9294,8157,33,3680000,552000,8000,4240000
CASE-2026-NW-03580,Selangor,Agriculture,Urban,Leasehold,7389,3575,28,2792000,418800,8000,3218800
CASE-2026-NW-03581,Johor,Building,Urban,Leasehold,2414,1760,15,6353000,953000,8000,7314000
CASE-2026-NW-03582,Melaka,Agriculture,Suburban,Freehold,8001,5629,13,2962000,444300,8000,3414300
CASE-2026-NW-03583,Selangor,Building,Suburban,Freehold,1244,667,24,2701000,405200,8000,3114200
CASE-2026-NW-03584,Johor,Agriculture,Urban,Malay Reserve,5972,1849,29,1230000,184500,8000,1422500
CASE-2026-NW-03585,Negeri Sembilan,Agriculture,Suburban,Freehold,9427,6056,10,3852000,577800,8000,4437800
CASE-2026-NW-03586,Melaka,Building,Urban,Freehold,461,200,30,665000,99800,8000,772800
CASE-2026-NW-03587,Terengganu,Building,Rural,Freehold,428,328,13,846000,126900,8000,980900
CASE-2026-NW-03588,Perak,Building,Suburban,Freehold,2541,1022,19,2890000,433500,8000,3331500
CASE-2026-NW-03589,Kedah,Agriculture,Rural,Leasehold,3732,2023,6,826000,123900,8000,957900
CASE-2026-NW-03590,Negeri Sembilan,Building,Suburban,Freehold,178,132,27,363000,54400,8000,425400
CASE-2026-NW-03591,Johor,Building,Rural,Freehold,351,233,13,679000,101800,8000,788800
CASE-2026-NW-03592,Selangor,Agriculture,Urban,Leasehold,6720,3459,18,2570000,385500,8000,2963500
CASE-2026-NW-03593,Kedah,Building,Rural,Leasehold,1206,788,7,1667000,250000,8000,1925000
CASE-2026-NW-03594,Selangor,Building,Suburban,Freehold,1358,1024,10,3791000,568600,8000,4367600
CASE-2026-NW-03595,Selangor,Industry,Urban,Leasehold,5867,3629,12,11857000,1778600,8000,13643600
CASE-2026-NW-03596,Kelantan,Building,Suburban,Leasehold,1992,534,29,1300000,195000,8000,1503000
CASE-2026-NW-03597,Johor,Agriculture,Suburban,Freehold,9681,5282,24,3284000,492600,8000,3784600
CASE-2026-NW-03598,Selangor,Building,Suburban,Freehold,2538,1756,17,6696000,1004400,8000,7708400
CASE-2026-NW-03599,Melaka,Agriculture,Rural,Leasehold,8433,5198,25,2112000,316800,8000,2436800
CASE-2026-NW-03600,Pahang,Building,Urban,Freehold,1457,1280,27,3466000,519900,8000,3993900
CASE-2026-NW-03601,Perak,Building,Suburban,Leasehold,1764,541,13,1538000,230700,8000,1776700
CASE-2026-NW-03602,Pahang,Building,Suburban,Freehold,1926,707,39,1791000,268600,8000,2067600
CASE-2026-NW-03603,Pulau Pinang,Building,Rural,Leasehold,535,375,30,928000,139200,8000,1075200
CASE-2026-NW-03604,Negeri Sembilan,Agriculture,Suburban,Freehold,14251,4616,34,2320000,348000,8000,2676000
CASE-2026-NW-03605,Selangor,Agriculture,Urban,Malay Reserve,15225,12227,14,9015000,1352200,8000,10375200
CASE-2026-NW-03606,Wilayah Persekutuan Kuala Lumpur,Industry,Suburban,Freehold,17006,13153,33,37092000,5563800,8000,42663800
CASE-2026-NW-03607,Johor,Agriculture,Urban,Freehold,9618,2845,5,2353000,353000,8000,2714000
CASE-2026-NW-03608,Selangor,Agriculture,Rural,Leasehold,8129,5367,10,2839000,425800,8000,3272800
CASE-2026-NW-03609,Johor,Building,Urban,Leasehold,1124,898,6,3262000,489300,8000,3759300
CASE-2026-NW-03610,Selangor,Building,Suburban,Malay Reserve,186,73,5,258000,38700,8000,304700
CASE-2026-NW-03611,Negeri Sembilan,Building,Suburban,Leasehold,1981,998,1,3305000,495800,8000,3808800
CASE-2026-NW-03612,Wilayah Persekutuan Kuala Lumpur,Building,Suburban,Leasehold,1680,1175,4,4817000,722600,8000,5547600
CASE-2026-NW-03613,Negeri Sembilan,Agriculture,Rural,Leasehold,19312,13340,34,4935000,740200,8000,5683200
CASE-2026-NW-03614,Pahang,Building,Suburban,Leasehold,1736,1427,27,3216000,482400,8000,3706400
CASE-2026-NW-03615,Selangor,Building,Suburban,Freehold,1706,907,6,3831000,574600,8000,4413600
CASE-2026-NW-03616,Pulau Pinang,Building,Suburban,Freehold,1416,1314,35,3849000,577400,8000,4434400
CASE-2026-NW-03617,Selangor,Building,Rural,Malay Reserve,918,379,31,1128000,169200,8000,1305200
CASE-2026-NW-03618,Kelantan,Building,Urban,Freehold,1569,576,2,1959000,293800,8000,2260800
CASE-2026-NW-03619,Pulau Pinang,Building,Urban,Leasehold,1348,375,8,1876000,281400,8000,2165400
CASE-2026-NW-03620,Johor,Building,Rural,Freehold,199,60,5,173000,26000,8000,207000
CASE-2026-NW-03621,Perak,Building,Urban,Malay Reserve,668,600,2,1968000,295200,8000,2271200
CASE-2026-NW-03622,Selangor,Agriculture,Suburban,Leasehold,18610,8501,39,5927000,889000,8000,6824000
CASE-2026-NW-03623,Wilayah Persekutuan Kuala Lumpur,Building,Rural,Freehold,2586,664,27,2243000,336400,8000,2587400
CASE-2026-NW-03624,Johor,Industry,Urban,Freehold,15148,6869,16,19936000,2990400,8000,22934400
CASE-2026-NW-03625,Perak,Agriculture,Rural,Malay Reserve,7669,3175,22,1034000,155100,8000,1197100
CASE-2026-NW-03626,Pulau Pinang,Agriculture,Suburban,Freehold,5892,2491,13,2003000,300400,8000,2311400
CASE-2026-NW-03627,Johor,Building,Urban,Leasehold,2998,2031,19,6515000,977200,8000,7500200
CASE-2026-NW-03628,Pulau Pinang,Agriculture,Suburban,Leasehold,5219,2661,35,1729000,259400,8000,1996400
CASE-2026-NW-03629,Negeri Sembilan,Building,Rural,Freehold,1209,303,26,795000,119200,8000,922200
CASE-2026-NW-03630,Selangor,Agriculture,Rural,Leasehold,3221,1526,20,976000,146400,8000,1130400
CASE-2026-NW-03631,Negeri Sembilan,Building,Suburban,Freehold,746,526,19,1392000,208800,8000,1608800
CASE-2026-NW-03632,Melaka,Building,Urban,Leasehold,1555,1457,2,4784000,717600,8000,5509600
CASE-2026-NW-03633,Kelantan,Agriculture,Suburban,Freehold,6770,2823,7,1330000,199500,8000,1537500
CASE-2026-NW-03634,Pulau Pinang,Agriculture,Suburban,Freehold,2967,2648,11,1447000,217000,8000,1672000
CASE-2026-NW-03635,Melaka,Agriculture,Suburban,Freehold,12621,9870,37,4533000,680000,8000,5221000
CASE-2026-NW-03636,Negeri Sembilan,Agriculture,Rural,Leasehold,3994,1940,24,772000,115800,8000,895800
CASE-2026-NW-03637,Terengganu,Building,Urban,Freehold,578,273,29,770000,115500,8000,893500
CASE-2026-NW-03638,Perlis,Building,Urban,Malay Reserve,214,172,5,463000,69400,8000,540400
CASE-2026-NW-03639,Melaka,Agriculture,Suburban,Leasehold,13213,7876,32,4294000,644100,8000,4946100
CASE-2026-NW-03640,Pulau Pinang,Building,Urban,Freehold,1941,1271,32,4778000,716700,8000,5502700
CASE-2026-NW-03641,Negeri Sembilan,Building,Suburban,Malay Reserve,1734,1509,20,3737000,560600,8000,4305600
CASE-2026-NW-03642,Johor,Building,Suburban,Leasehold,835,285,27,869000,130400,8000,1007400
CASE-2026-NW-03643,Wilayah Persekutuan Labuan,Building,Urban,Leasehold,1360,1148,30,3288000,493200,8000,3789200
CASE-2026-NW-03644,Wilayah Persekutuan Kuala Lumpur,Building,Suburban,Freehold,1562,947,15,3817000,572600,8000,4397600
CASE-2026-NW-03645,Perak,Building,Suburban,Leasehold,1803,560,11,1685000,252800,8000,1945800
CASE-2026-NW-03646,Melaka,Agriculture,Rural,Freehold,4691,2214,11,1017000,152600,8000,1177600
CASE-2026-NW-03647,Wilayah Persekutuan Labuan,Industry,Urban,Freehold,22515,6423,18,17273000,2591000,8000,19872000
CASE-2026-NW-03648,Melaka,Agriculture,Urban,Freehold,3786,2146,21,1383000,207400,8000,1598400
CASE-2026-NW-03649,Selangor,Agriculture,Urban,Freehold,12972,3122,26,3005000,450800,8000,3463800
CASE-2026-NW-03650,Selangor,Building,Suburban,Malay Reserve,1348,701,19,2230000,334500,8000,2572500
CASE-2026-NW-03651,Wilayah Persekutuan Putrajaya,Agriculture,Rural,Freehold,15855,5003,11,3318000,497700,8000,3823700
CASE-2026-NW-03652,Selangor,Building,Suburban,Freehold,2807,916,11,3851000,577600,8000,4436600
CASE-2026-NW-03653,Perak,Building,Suburban,Leasehold,1771,1553,27,3702000,555300,8000,4265300
CASE-2026-NW-03654,Pulau Pinang,Agriculture,Suburban,Malay Reserve,11462,3707,34,2384000,357600,8000,2749600
CASE-2026-NW-03655,Johor,Building,Urban,Freehold,2724,1312,17,4731000,709600,8000,5448600
CASE-2026-NW-03656,Johor,Building,Urban,Freehold,1541,660,5,2684000,402600,8000,3094600
CASE-2026-NW-03657,Pulau Pinang,Agriculture,Urban,Freehold,6532,4531,9,3801000,570200,8000,4379200
CASE-2026-NW-03658,Wilayah Persekutuan Labuan,Agriculture,Suburban,Freehold,2817,2263,28,1206000,180900,8000,1394900
CASE-2026-NW-03659,Selangor,Building,Urban,Malay Reserve,953,871,34,2926000,438900,8000,3372900
CASE-2026-NW-03660,Kedah,Agriculture,Suburban,Freehold,12519,9650,34,4362000,654300,8000,5024300
CASE-2026-NW-03661,Selangor,Building,Suburban,Freehold,2607,1827,24,6512000,976800,8000,7496800
CASE-2026-NW-03662,Wilayah Persekutuan Putrajaya,Industry,Urban,Freehold,21792,19165,34,50690000,7603500,8000,58301500
CASE-2026-NW-03663,Selangor,Agriculture,Urban,Leasehold,19884,15478,15,11119000,1667800,8000,12794800
CASE-2026-NW-03664,Wilayah Persekutuan Kuala Lumpur,Building,Suburban,Freehold,724,292,25,1279000,191800,8000,1478800
CASE-2026-NW-03665,Kelantan,Agriculture,Urban,Freehold,9649,3631,23,1807000,271000,8000,2086000
CASE-2026-NW-03666,Johor,Agriculture,Urban,Freehold,19021,10364,5,8082000,1212300,8000,9302300
CASE-2026-NW-03667,Negeri Sembilan,Building,Suburban,Leasehold,1896,1524,19,4308000,646200,8000,4962200
CASE-2026-NW-03668,Perak,Agriculture,Suburban,Malay Reserve,14302,10121,32,3898000,584700,8000,4490700
CASE-2026-NW-03669,Kelantan,Agriculture,Suburban,Leasehold,10705,6192,32,2425000,363800,8000,2796800
CASE-2026-NW-03670,Johor,Building,Urban,Freehold,2647,1408,32,5114000,767100,8000,5889100
CASE-2026-NW-03671,Johor,Industry,Urban,Freehold,24148,18882,32,48372000,7255800,8000,55635800
CASE-2026-NW-03672,Kedah,Building,Suburban,Freehold,1641,1385,25,3316000,497400,8000,3821400
CASE-2026-NW-03673,Wilayah Persekutuan Labuan,Building,Rural,Freehold,1065,872,28,1940000,291000,8000,2239000
CASE-2026-NW-03674,Wilayah Persekutuan Kuala Lumpur,Agriculture,Rural,Leasehold,17909,6358,30,4000000,600000,8000,4608000
CASE-2026-NW-03675,Pulau Pinang,Industry,Suburban,Freehold,7790,3340,14,9449000,1417400,8000,10874400
CASE-2026-NW-03676,Selangor,Building,Urban,Leasehold,299,77,16,378000,56700,8000,442700
CASE-2026-NW-03677,Johor,Building,Suburban,Freehold,1730,1422,2,4802000,720300,8000,5530300
CASE-2026-NW-03678,Selangor,Agriculture,Suburban,Leasehold,6395,2380,27,1718000,257700,8000,1983700
CASE-2026-NW-03679,Selangor,Building,Rural,Freehold,552,424,9,1371000,205600,8000,1584600
CASE-2026-NW-03680,Selangor,Building,Suburban,Freehold,2209,585,21,2447000,367000,8000,2822000
CASE-2026-NW-03681,Perak,Agriculture,Rural,Freehold,3811,1880,32,646000,96900,8000,750900
CASE-2026-NW-03682,Kelantan,Agriculture,Urban,Freehold,5236,2768,1,1567000,235000,8000,1810000
CASE-2026-NW-03683,Selangor,Building,Urban,Freehold,2236,707,14,3430000,514500,8000,3952500
CASE-2026-NW-03684,Selangor,Agriculture,Suburban,Freehold,9754,7047,7,5037000,755600,8000,5800600
CASE-2026-NW-03685,Wilayah Persekutuan Kuala Lumpur,Agriculture,Suburban,Freehold,5839,1273,2,1276000,191400,8000,1475400
CASE-2026-NW-03686,Selangor,Agriculture,Rural,Freehold,9347,5133,27,2965000,444800,8000,3417800
CASE-2026-NW-03687,Selangor,Agriculture,Urban,Freehold,15568,9225,38,7845000,1176800,8000,9029800
CASE-2026-NW-03688,Terengganu,Industry,Suburban,Freehold,1913,865,33,1614000,242100,8000,1864100
CASE-2026-NW-03689,Wilayah Persekutuan Putrajaya,Agriculture,Suburban,Leasehold,10887,8983,9,5502000,825300,8000,6335300
CASE-2026-NW-03690,Pahang,Building,Rural,Freehold,1035,424,17,1046000,156900,8000,1210900
CASE-2026-NW-03691,Selangor,Building,Urban,Malay Reserve,1973,1706,38,6296000,944400,8000,7248400
CASE-2026-NW-03692,Pulau Pinang,Building,Suburban,Freehold,907,514,4,2190000,328500,8000,2526500
CASE-2026-NW-03693,Terengganu,Industry,Suburban,Malay Reserve,20961,15404,10,26756000,4013400,8000,30777400
CASE-2026-NW-03694,Melaka,Building,Urban,Freehold,2051,1408,1,5308000,796200,8000,6112200
CASE-2026-NW-03695,Kelantan,Building,Urban,Leasehold,919,809,19,2008000,301200,8000,2317200
CASE-2026-NW-03696,Pulau Pinang,Agriculture,Urban,Freehold,6278,2867,35,2191000,328600,8000,2527600
CASE-2026-NW-03697,Selangor,Building,Urban,Leasehold,178,74,16,319000,47800,8000,374800
CASE-2026-NW-03698,Melaka,Building,Suburban,Freehold,2987,2221,3,6933000,1040000,8000,7981000
CASE-2026-NW-03699,Selangor,Building,Urban,Leasehold,1096,325,26,1333000,200000,8000,1541000
CASE-2026-NW-03700,Sarawak,Building,Urban,Leasehold,1251,1108,30,2899000,434800,8000,3341800
CASE-2026-NW-03701,Johor,Agriculture,Suburban,Leasehold,10291,6438,32,3588000,538200,8000,4134200
CASE-2026-NW-03702,Melaka,Agriculture,Suburban,Freehold,12344,10855,30,5330000,799500,8000,6137500
CASE-2026-NW-03703,Negeri Sembilan,Industry,Rural,Leasehold,15016,6668,15,11473000,1721000,8000,13202000
CASE-2026-NW-03704,Wilayah Persekutuan Kuala Lumpur,Building,Suburban,Freehold,1761,518,23,1946000,291900,8000,2245900
CASE-2026-NW-03705,Pulau Pinang,Agriculture,Suburban,Freehold,2278,814,12,615000,92200,8000,715200
CASE-2026-NW-03706,Sarawak,Agriculture,Urban,Freehold,18868,5558,20,3542000,531300,8000,4081300
CASE-2026-NW-03707,Selangor,Agriculture,Suburban,Freehold,19521,13970,2,10989000,1648400,8000,12645400
CASE-2026-NW-03708,Pahang,Building,Suburban,Freehold,2642,2327,13,6364000,954600,8000,7326600
CASE-2026-NW-03709,Selangor,Agriculture,Urban,Leasehold,18594,16357,24,12250000,1837500,8000,14095500
CASE-2026-NW-03710,Pulau Pinang,Agriculture,Urban,Leasehold,12181,8183,27,5573000,836000,8000,6417000
CASE-2026-NW-03711,Selangor,Building,Suburban,Freehold,2882,1207,23,4414000,662100,8000,5084100
CASE-2026-NW-03712,Melaka,Building,Suburban,Leasehold,2549,1676,15,4934000,740100,8000,5682100
CASE-2026-NW-03713,Selangor,Building,Suburban,Leasehold,1279,981,14,3825000,573800,8000,4406800
CASE-2026-NW-03714,Negeri Sembilan,Building,Suburban,Malay Reserve,1123,308,18,891000,133600,8000,1032600
CASE-2026-NW-03715,Wilayah Persekutuan Kuala Lumpur,Agriculture,Urban,Freehold,9268,3516,31,3404000,510600,8000,3922600
CASE-2026-NW-03716,Melaka,Agriculture,Suburban,Malay Reserve,6823,5398,33,2574000,386100,8000,2968100
CASE-2026-NW-03717,Melaka,Agriculture,Suburban,Leasehold,18925,6959,5,4160000,624000,8000,4792000
CASE-2026-NW-03718,Pahang,Building,Urban,Freehold,1523,475,12,1657000,248600,8000,1913600
CASE-2026-NW-03719,Wilayah Persekutuan Kuala Lumpur,Industry,Urban,Freehold,23038,14753,16,60201000,9030200,8000,69239200
CASE-2026-NW-03720,Perak,Building,Rural,Malay Reserve,2719,2217,7,4725000,708800,8000,5441800
CASE-2026-NW-03721,Kedah,Agriculture,Suburban,Leasehold,17373,15132,29,5980000,897000,8000,6885000
CASE-2026-NW-03722,Kedah,Building,Urban,Leasehold,2090,1132,30,3358000,503700,8000,3869700
CASE-2026-NW-03723,Perak,Building,Rural,Freehold,1348,568,28,1068000,160200,8000,1236200
CASE-2026-NW-03724,Negeri Sembilan,Industry,Rural,Malay Reserve,20345,18728,32,25678000,3851700,8000,29537700
CASE-2026-NW-03725,Pahang,Building,Urban,Freehold,686,455,29,1095000,164200,8000,1267200
CASE-2026-NW-03726,Sabah,Agriculture,Urban,Leasehold,3158,1103,26,674000,101100,8000,783100
CASE-2026-NW-03727,Pulau Pinang,Agriculture,Suburban,Leasehold,4792,1804,30,1271000,190600,8000,1469600
CASE-2026-NW-03728,Johor,Industry,Urban,Freehold,2672,965,31,2729000,409400,8000,3146400
CASE-2026-NW-03729,Selangor,Agriculture,Urban,Leasehold,10223,7549,14,5832000,874800,8000,6714800
CASE-2026-NW-03730,Wilayah Persekutuan Kuala Lumpur,Agriculture,Suburban,Leasehold,2883,2302,19,1588000,238200,8000,1834200
CASE-2026-NW-03731,Kelantan,Building,Suburban,Freehold,974,396,21,977000,146600,8000,1131600
CASE-2026-NW-03732,Johor,Building,Suburban,Freehold,1517,1360,19,4359000,653800,8000,5020800
CASE-2026-NW-03733,Wilayah Persekutuan Kuala Lumpur,Agriculture,Urban,Freehold,10604,3351,17,3477000,521600,8000,4006600
CASE-2026-NW-03734,Johor,Building,Urban,Freehold,1250,1018,24,3489000,523400,8000,4020400
CASE-2026-NW-03735,Perak,Agriculture,Suburban,Leasehold,8285,6772,6,2822000,423300,8000,3253300
CASE-2026-NW-03736,Terengganu,Industry,Rural,Freehold,10046,5179,2,10651000,1597600,8000,12256600
CASE-2026-NW-03737,Wilayah Persekutuan Kuala Lumpur,Industry,Suburban,Freehold,2265,1351,28,4041000,606200,8000,4655200
CASE-2026-NW-03738,Johor,Agriculture,Urban,Freehold,4315,1129,24,904000,135600,8000,1047600
CASE-2026-NW-03739,Terengganu,Agriculture,Urban,Freehold,9220,7883,5,4277000,641600,8000,4926600
CASE-2026-NW-03740,Pulau Pinang,Agriculture,Suburban,Freehold,12154,9007,30,5738000,860700,8000,6606700
CASE-2026-NW-03741,Terengganu,Building,Urban,Freehold,1228,393,22,1237000,185600,8000,1430600
CASE-2026-NW-03742,Wilayah Persekutuan Kuala Lumpur,Agriculture,Suburban,Freehold,18436,13706,11,11399000,1709800,8000,13116800
CASE-2026-NW-03743,Pulau Pinang,Building,Rural,Freehold,264,178,12,583000,87400,8000,678400
CASE-2026-NW-03744,Sabah,Industry,Suburban,Freehold,10615,9176,18,16461000,2469200,8000,18938200
CASE-2026-NW-03745,Pahang,Building,Suburban,Leasehold,2622,1015,27,2600000,390000,8000,2998000
CASE-2026-NW-03746,Selangor,Agriculture,Suburban,Leasehold,7391,3556,24,2608000,391200,8000,3007200
CASE-2026-NW-03747,Pulau Pinang,Agriculture,Suburban,Freehold,17334,11224,29,7341000,1101200,8000,8450200
CASE-2026-NW-03748,Wilayah Persekutuan Kuala Lumpur,Agriculture,Suburban,Freehold,11734,8959,25,6975000,1046200,8000,8029200
CASE-2026-NW-03749,Terengganu,Agriculture,Urban,Freehold,11687,3319,25,2070000,310500,8000,2388500
CASE-2026-NW-03750,Johor,Agriculture,Rural,Freehold,15590,10165,29,4661000,699200,8000,5368200
CASE-2026-NW-03751,Melaka,Agriculture,Urban,Malay Reserve,11712,6872,26,4421000,663200,8000,5092200
CASE-2026-NW-03752,Pahang,Agriculture,Urban,Malay Reserve,14030,8888,16,4374000,656100,8000,5038100
CASE-2026-NW-03753,Selangor,Agriculture,Urban,Freehold,18669,5553,26,5128000,769200,8000,5905200
CASE-2026-NW-03754,Pulau Pinang,Building,Suburban,Freehold,2514,1007,30,3436000,515400,8000,3959400
CASE-2026-NW-03755,Wilayah Persekutuan Labuan,Building,Urban,Freehold,2987,1073,18,3430000,514500,8000,3952500
CASE-2026-NW-03756,Perak,Building,Suburban,Freehold,1549,641,12,1586000,237900,8000,1831900
CASE-2026-NW-03757,Selangor,Agriculture,Urban,Leasehold,4916,1963,9,1738000,260700,8000,2006700
CASE-2026-NW-03758,Selangor,Building,Suburban,Freehold,1614,1021,31,3540000,531000,8000,4079000
CASE-2026-NW-03759,Kelantan,Building,Rural,Freehold,1428,1268,21,2406000,360900,8000,2774900
CASE-2026-NW-03760,Pulau Pinang,Agriculture,Urban,Freehold,11517,6539,0,5818000,872700,8000,6698700
CASE-2026-NW-03761,Perak,Building,Urban,Malay Reserve,1186,406,13,1392000,208800,8000,1608800
CASE-2026-NW-03762,Pulau Pinang,Building,Urban,Leasehold,2228,1558,27,5670000,850500,8000,6528500
CASE-2026-NW-03763,Selangor,Building,Rural,Freehold,1680,445,6,1790000,268500,8000,2066500
CASE-2026-NW-03764,Kedah,Industry,Suburban,Freehold,18833,6264,15,13603000,2040400,8000,15651400
CASE-2026-NW-03765,Wilayah Persekutuan Kuala Lumpur,Agriculture,Urban,Freehold,10850,7540,39,6946000,1041900,8000,7995900
CASE-2026-NW-03766,Sabah,Agriculture,Urban,Leasehold,16482,6635,35,3965000,594800,8000,4567800
CASE-2026-NW-03767,Terengganu,Industry,Urban,Freehold,15492,6420,2,16730000,2509500,8000,19247500
CASE-2026-NW-03768,Perak,Building,Rural,Leasehold,532,172,31,365000,54800,8000,427800
CASE-2026-NW-03769,Wilayah Persekutuan Kuala Lumpur,Industry,Urban,Freehold,17735,15206,28,49897000,7484600,8000,57389600
CASE-2026-NW-03770,Selangor,Building,Urban,Leasehold,2386,1174,36,4911000,736600,8000,5655600
CASE-2026-NW-03771,Kelantan,Building,Suburban,Leasehold,1471,548,1,1554000,233100,8000,1795100
CASE-2026-NW-03772,Terengganu,Agriculture,Urban,Freehold,17843,8457,2,4942000,741300,8000,5691300
CASE-2026-NW-03773,Melaka,Building,Suburban,Leasehold,2774,1216,3,3507000,526000,8000,4041000
CASE-2026-NW-03774,Wilayah Persekutuan Kuala Lumpur,Agriculture,Urban,Freehold,18685,7680,9,7383000,1107400,8000,8498400
CASE-2026-NW-03775,Selangor,Building,Urban,Freehold,1806,1451,28,6207000,931000,8000,7146000
CASE-2026-NW-03776,Selangor,Agriculture,Suburban,Freehold,4822,3628,11,2374000,356100,8000,2738100
CASE-2026-NW-03777,Pulau Pinang,Building,Rural,Freehold,1266,497,24,1515000,227200,8000,1750200
CASE-2026-NW-03778,Kelantan,Building,Rural,Freehold,2838,1900,20,3640000,546000,8000,4194000
CASE-2026-NW-03779,Pulau Pinang,Industry,Urban,Malay Reserve,5274,3174,17,8664000,1299600,8000,9971600
CASE-2026-NW-03780,Johor,Building,Urban,Leasehold,673,582,21,1825000,273800,8000,2106800
CASE-2026-NW-03781,Selangor,Building,Rural,Leasehold,2708,1990,36,5693000,854000,8000,6555000
CASE-2026-NW-03782,Johor,Building,Suburban,Leasehold,1456,803,4,2648000,397200,8000,3053200
CASE-2026-NW-03783,Pulau Pinang,Building,Suburban,Leasehold,833,356,2,1427000,214000,8000,1649000
CASE-2026-NW-03784,Selangor,Agriculture,Urban,Leasehold,16265,4166,13,3989000,598400,8000,4595400
CASE-2026-NW-03785,Sarawak,Agriculture,Rural,Freehold,19479,16750,2,7649000,1147400,8000,8804400
CASE-2026-NW-03786,Negeri Sembilan,Building,Rural,Leasehold,1205,922,37,1703000,255400,8000,1966400
CASE-2026-NW-03787,Selangor,Building,Rural,Leasehold,1967,840,14,2731000,409600,8000,3148600
CASE-2026-NW-03788,Kedah,Agriculture,Suburban,Leasehold,6158,1614,6,780000,117000,8000,905000
CASE-2026-NW-03789,Pahang,Industry,Suburban,Freehold,22473,16115,15,30529000,4579400,8000,35116400
CASE-2026-NW-03790,Selangor,Agriculture,Urban,Leasehold,15962,9287,7,7476000,1121400,8000,8605400
CASE-2026-NW-03791,Pulau Pinang,Agriculture,Urban,Leasehold,12410,5048,13,3764000,564600,8000,4336600
CASE-2026-NW-03792,Terengganu,Agriculture,Suburban,Freehold,16502,11958,12,5719000,857800,8000,6584800
CASE-2026-NW-03793,Pulau Pinang,Industry,Suburban,Freehold,21341,10448,17,30797000,4619600,8000,35424600
CASE-2026-NW-03794,Pulau Pinang,Industry,Suburban,Leasehold,7958,3333,22,8482000,1272300,8000,9762300
CASE-2026-NW-03795,Selangor,Agriculture,Suburban,Freehold,8016,4606,11,3424000,513600,8000,3945600
CASE-2026-NW-03796,Terengganu,Agriculture,Rural,Leasehold,19848,8317,37,2760000,414000,8000,3182000
CASE-2026-NW-03797,Melaka,Agriculture,Suburban,Freehold,11664,8023,8,4765000,714800,8000,5487800
CASE-2026-NW-03798,Sarawak,Building,Rural,Freehold,1376,496,32,1226000,183900,8000,1417900
CASE-2026-NW-03799,Perak,Building,Urban,Malay Reserve,1693,1087,14,3131000,469600,8000,3608600
CASE-2026-NW-03800,Johor,Building,Suburban,Freehold,1600,582,38,1726000,258900,8000,1992900
CASE-2026-NW-03801,Perlis,Agriculture,Urban,Leasehold,16946,11915,2,6925000,1038800,8000,7971800
CASE-2026-NW-03802,Selangor,Industry,Suburban,Freehold,1128,731,17,2078000,311700,8000,2397700
CASE-2026-NW-03803,Kelantan,Building,Suburban,Freehold,1107,866,21,1990000,298500,8000,2296500
CASE-2026-NW-03804,Selangor,Building,Rural,Freehold,1948,624,25,2035000,305200,8000,2348200
CASE-2026-NW-03805,Wilayah Persekutuan Kuala Lumpur,Building,Urban,Freehold,2779,1710,14,7908000,1186200,8000,9102200
CASE-2026-NW-03806,Negeri Sembilan,Building,Urban,Freehold,2823,992,3,3545000,531800,8000,4084800
CASE-2026-NW-03807,Negeri Sembilan,Agriculture,Rural,Leasehold,11118,9659,36,3314000,497100,8000,3819100
CASE-2026-NW-03808,Selangor,Agriculture,Suburban,Leasehold,14552,6504,10,4766000,714900,8000,5488900
CASE-2026-NW-03809,Selangor,Agriculture,Suburban,Freehold,11113,7743,4,6250000,937500,8000,7195500
CASE-2026-NW-03810,Selangor,Agriculture,Suburban,Freehold,6291,2001,0,1690000,253500,8000,1951500
CASE-2026-NW-03811,Melaka,Agriculture,Urban,Freehold,15755,6503,30,4059000,608800,8000,4675800
CASE-2026-NW-03812,Selangor,Building,Urban,Leasehold,2187,1969,37,7109000,1066400,8000,8183400
CASE-2026-NW-03813,Melaka,Agriculture,Suburban,Leasehold,5941,4324,7,2131000,319600,8000,2458600
CASE-2026-NW-03814,Terengganu,Agriculture,Suburban,Freehold,10006,3375,28,1653000,248000,8000,1909000
CASE-2026-NW-03815,Kedah,Agriculture,Urban,Leasehold,15602,3774,27,2163000,324400,8000,2495400
CASE-2026-NW-03816,Kedah,Industry,Urban,Freehold,22591,16373,14,37602000,5640300,8000,43250300
CASE-2026-NW-03817,Wilayah Persekutuan Kuala Lumpur,Agriculture,Rural,Malay Reserve,9523,5714,32,3202000,480300,8000,3690300
CASE-2026-NW-03818,Johor,Building,Suburban,Freehold,2291,1502,29,4659000,698800,8000,5365800
CASE-2026-NW-03819,Selangor,Building,Urban,Freehold,774,453,18,2289000,343400,8000,2640400
CASE-2026-NW-03820,Pulau Pinang,Building,Urban,Leasehold,1663,655,19,2971000,445600,8000,3424600
CASE-2026-NW-03821,Perak,Agriculture,Suburban,Leasehold,12316,5869,14,3039000,455800,8000,3502800
CASE-2026-NW-03822,Melaka,Building,Rural,Freehold,2966,1731,8,4351000,652600,8000,5011600
CASE-2026-NW-03823,Johor,Building,Suburban,Freehold,1662,653,5,2812000,421800,8000,3241800
CASE-2026-NW-03824,Wilayah Persekutuan Kuala Lumpur,Building,Urban,Freehold,1922,1501,9,7427000,1114000,8000,8549000
CASE-2026-NW-03825,Perak,Agriculture,Urban,Freehold,12255,11024,14,6267000,940000,8000,7215000
CASE-2026-NW-03826,Pulau Pinang,Building,Rural,Freehold,419,208,20,645000,96800,8000,749800
CASE-2026-NW-03827,Selangor,Building,Urban,Leasehold,399,258,27,983000,147400,8000,1138400
CASE-2026-NW-03828,Wilayah Persekutuan Kuala Lumpur,Agriculture,Urban,Malay Reserve,6887,2612,33,2329000,349400,8000,2686400
CASE-2026-NW-03829,Selangor,Building,Rural,Freehold,581,333,39,931000,139600,8000,1078600
CASE-2026-NW-03830,Perak,Building,Urban,Freehold,576,494,24,1357000,203600,8000,1568600
CASE-2026-NW-03831,Terengganu,Building,Urban,Leasehold,2048,1275,39,2869000,430400,8000,3307400
CASE-2026-NW-03832,Selangor,Building,Suburban,Freehold,934,529,32,1901000,285200,8000,2194200
CASE-2026-NW-03833,Johor,Building,Suburban,Freehold,2715,1772,24,5627000,844000,8000,6479000
CASE-2026-NW-03834,Selangor,Building,Suburban,Freehold,1146,955,4,4470000,670500,8000,5148500
CASE-2026-NW-03835,Negeri Sembilan,Agriculture,Suburban,Leasehold,4128,2939,6,1333000,200000,8000,1541000
CASE-2026-NW-03836,Wilayah Persekutuan Kuala Lumpur,Agriculture,Suburban,Freehold,14776,5146,19,4395000,659200,8000,5062200
CASE-2026-NW-03837,Terengganu,Building,Urban,Freehold,1846,563,3,1966000,294900,8000,2268900
CASE-2026-NW-03838,Melaka,Building,Urban,Freehold,2056,1578,36,4286000,642900,8000,4936900
CASE-2026-NW-03839,Selangor,Building,Urban,Freehold,2346,1315,5,6846000,1026900,8000,7880900
CASE-2026-NW-03840,Pulau Pinang,Building,Rural,Freehold,1381,587,10,1993000,299000,8000,2300000
CASE-2026-NW-03841,Johor,Building,Rural,Freehold,800,739,1,2443000,366400,8000,2817400
CASE-2026-NW-03842,Selangor,Building,Urban,Leasehold,1059,664,24,2696000,404400,8000,3108400
CASE-2026-NW-03843,Selangor,Industry,Urban,Freehold,19509,9550,17,31208000,4681200,8000,35897200
CASE-2026-NW-03844,Pulau Pinang,Agriculture,Suburban,Freehold,12351,10565,28,6428000,964200,8000,7400200
CASE-2026-NW-03845,Wilayah Persekutuan Kuala Lumpur,Industry,Urban,Freehold,20858,5940,27,23736000,3560400,8000,27304400
CASE-2026-NW-03846,Selangor,Building,Suburban,Leasehold,1877,1289,35,4200000,630000,8000,4838000
CASE-2026-NW-03847,Pahang,Agriculture,Suburban,Malay Reserve,19991,4742,3,2636000,395400,8000,3039400
CASE-2026-NW-03848,Johor,Agriculture,Suburban,Leasehold,11542,5780,26,3112000,466800,8000,3586800
CASE-2026-NW-03849,Pahang,Agriculture,Rural,Freehold,12016,8707,29,3399000,509800,8000,3916800
CASE-2026-NW-03850,Terengganu,Agriculture,Urban,Freehold,17328,11266,9,5855000,878200,8000,6741200
CASE-2026-NW-03851,Melaka,Building,Suburban,Freehold,1512,1091,24,3135000,470200,8000,3613200
CASE-2026-NW-03852,Wilayah Persekutuan Kuala Lumpur,Building,Suburban,Freehold,1041,576,16,2377000,356600,8000,2741600
CASE-2026-NW-03853,Selangor,Agriculture,Urban,Freehold,11298,2890,22,2422000,363300,8000,2793300
CASE-2026-NW-03854,Pahang,Building,Urban,Freehold,2854,1436,10,4415000,662200,8000,5085200
CASE-2026-NW-03855,Melaka,Agriculture,Suburban,Leasehold,15583,4307,6,2455000,368200,8000,2831200
CASE-2026-NW-03856,Negeri Sembilan,Building,Urban,Freehold,2486,712,28,2143000,321400,8000,2472400
CASE-2026-NW-03857,Wilayah Persekutuan Kuala Lumpur,Agriculture,Suburban,Malay Reserve,10165,2692,24,1845000,276800,8000,2129800
CASE-2026-NW-03858,Pulau Pinang,Agriculture,Urban,Freehold,15528,9893,25,8031000,1204600,8000,9243600
CASE-2026-NW-03859,Selangor,Building,Urban,Leasehold,2427,944,35,3918000,587700,8000,4513700
CASE-2026-NW-03860,Selangor,Building,Rural,Freehold,1106,586,9,1733000,260000,8000,2001000
CASE-2026-NW-03861,Perak,Agriculture,Urban,Freehold,12126,3958,38,2403000,360400,8000,2771400
CASE-2026-NW-03862,Kedah,Agriculture,Suburban,Freehold,10224,4240,34,2165000,324800,8000,2497800
CASE-2026-NW-03863,Sabah,Agriculture,Rural,Freehold,14415,8209,17,3432000,514800,8000,3954800
CASE-2026-NW-03864,Selangor,Agriculture,Urban,Leasehold,13458,5054,1,4965000,744800,8000,5717800
CASE-2026-NW-03865,Pahang,Building,Suburban,Freehold,1937,1637,27,4027000,604000,8000,4639000
CASE-2026-NW-03866,Perak,Agriculture,Urban,Freehold,16881,8538,26,4830000,724500,8000,5562500
CASE-2026-NW-03867,Negeri Sembilan,Building,Suburban,Freehold,956,254,26,793000,119000,8000,920000
CASE-2026-NW-03868,Kelantan,Industry,Urban,Freehold,2189,1729,1,4411000,661600,8000,5080600
CASE-2026-NW-03869,Kedah,Industry,Suburban,Freehold,14788,4592,8,10307000,1546000,8000,11861000
CASE-2026-NW-03870,Johor,Agriculture,Suburban,Malay Reserve,6898,4542,22,2476000,371400,8000,2855400
CASE-2026-NW-03871,Perak,Industry,Suburban,Freehold,1834,1029,10,2266000,339900,8000,2613900
CASE-2026-NW-03872,Negeri Sembilan,Industry,Urban,Malay Reserve,19015,5096,5,11952000,1792800,8000,13752800
CASE-2026-NW-03873,Johor,Agriculture,Urban,Freehold,3825,987,9,797000,119600,8000,924600
CASE-2026-NW-03874,Kelantan,Agriculture,Suburban,Freehold,6797,3602,18,1706000,255900,8000,1969900
CASE-2026-NW-03875,Wilayah Persekutuan Kuala Lumpur,Building,Urban,Freehold,2397,2237,16,11042000,1656300,8000,12706300
CASE-2026-NW-03876,Selangor,Building,Rural,Freehold,1852,1318,33,4182000,627300,8000,4817300
CASE-2026-NW-03877,Melaka,Agriculture,Urban,Freehold,17857,5445,15,3707000,556000,8000,4271000
CASE-2026-NW-03878,Selangor,Industry,Urban,Leasehold,20018,17814,23,44896000,6734400,8000,51638400
CASE-2026-NW-03879,Johor,Agriculture,Rural,Leasehold,3705,2898,11,1280000,192000,8000,1480000
CASE-2026-NW-03880,Negeri Sembilan,Building,Rural,Leasehold,1359,1146,27,2296000,344400,8000,2648400
CASE-2026-NW-03881,Selangor,Agriculture,Rural,Freehold,15733,12148,2,7913000,1187000,8000,9108000
CASE-2026-NW-03882,Johor,Agriculture,Rural,Freehold,6516,3948,8,1960000,294000,8000,2262000
CASE-2026-NW-03883,Wilayah Persekutuan Kuala Lumpur,Agriculture,Urban,Leasehold,12088,9015,31,7285000,1092800,8000,8385800
CASE-2026-NW-03884,Wilayah Persekutuan Kuala Lumpur,Building,Suburban,Leasehold,641,252,37,883000,132400,8000,1023400
CASE-2026-NW-03885,Sabah,Agriculture,Rural,Leasehold,2280,1731,15,675000,101200,8000,784200
CASE-2026-NW-03886,Pulau Pinang,Building,Urban,Freehold,1767,448,36,2069000,310400,8000,2387400
CASE-2026-NW-03887,Selangor,Building,Urban,Freehold,2673,1073,24,4406000,660900,8000,5074900
CASE-2026-NW-03888,Wilayah Persekutuan Kuala Lumpur,Building,Suburban,Freehold,219,184,18,734000,110100,8000,852100
CASE-2026-NW-03889,Kedah,Agriculture,Urban,Malay Reserve,4633,1910,38,975000,146200,8000,1129200
CASE-2026-NW-03890,Melaka,Building,Urban,Freehold,1947,1700,11,5660000,849000,8000,6517000
CASE-2026-NW-03891,Wilayah Persekutuan Kuala Lumpur,Building,Urban,Leasehold,2012,567,30,2679000,401800,8000,3088800
CASE-2026-NW-03892,Johor,Agriculture,Suburban,Freehold,9319,3323,20,2085000,312800,8000,2405800
CASE-2026-NW-03893,Wilayah Persekutuan Kuala Lumpur,Industry,Suburban,Freehold,18242,13177,16,44637000,6695600,8000,51340600
CASE-2026-NW-03894,Perak,Agriculture,Suburban,Leasehold,14558,7460,36,2923000,438400,8000,3369400
CASE-2026-NW-03895,Pulau Pinang,Building,Urban,Freehold,2694,2492,27,9390000,1408500,8000,10806500
CASE-2026-NW-03896,Kelantan,Agriculture,Urban,Leasehold,3940,2377,39,1163000,174400,8000,1345400
CASE-2026-NW-03897,Sarawak,Agriculture,Rural,Freehold,3861,1886,25,753000,113000,8000,874000
CASE-2026-NW-03898,Kelantan,Building,Rural,Freehold,2933,1502,18,3331000,499600,8000,3838600
CASE-2026-NW-03899,Kedah,Building,Urban,Freehold,1825,1034,21,2992000,448800,8000,3448800
CASE-2026-NW-03900,Negeri Sembilan,Building,Suburban,Leasehold,1178,721,28,1689000,253400,8000,1950400
CASE-2026-NW-03901,Wilayah Persekutuan Kuala Lumpur,Agriculture,Urban,Freehold,9520,6783,12,6161000,924200,8000,7093200
CASE-2026-NW-03902,Wilayah Persekutuan Kuala Lumpur,Building,Rural,Leasehold,208,174,13,503000,75400,8000,586400
CASE-2026-NW-03903,Pulau Pinang,Building,Rural,Malay Reserve,1341,1012,26,2552000,382800,8000,2942800
CASE-2026-NW-03904,Perak,Building,Suburban,Leasehold,447,333,24,765000,114800,8000,887800
CASE-2026-NW-03905,Wilayah Persekutuan Kuala Lumpur,Agriculture,Urban,Freehold,2715,1377,21,1522000,228300,8000,1758300
CASE-2026-NW-03906,Pahang,Building,Urban,Leasehold,2963,1895,30,4802000,720300,8000,5530300
CASE-2026-NW-03907,Selangor,Agriculture,Suburban,Leasehold,6193,2604,21,1712000,256800,8000,1976800
CASE-2026-NW-03908,Selangor,Agriculture,Suburban,Freehold,5440,1187,26,972000,145800,8000,1125800
CASE-2026-NW-03909,Selangor,Building,Rural,Freehold,1173,742,6,2897000,434600,8000,3339600
CASE-2026-NW-03910,Wilayah Persekutuan Kuala Lumpur,Agriculture,Urban,Freehold,10288,4429,30,4133000,620000,8000,4761000
CASE-2026-NW-03911,Selangor,Building,Suburban,Freehold,658,617,27,2255000,338200,8000,2601200
CASE-2026-NW-03912,Wilayah Persekutuan Labuan,Building,Suburban,Freehold,1406,757,13,2428000,364200,8000,2800200
CASE-2026-NW-03913,Melaka,Building,Urban,Freehold,1032,890,13,3368000,505200,8000,3881200
CASE-2026-NW-03914,Selangor,Building,Urban,Leasehold,2335,1226,24,5488000,823200,8000,6319200
CASE-2026-NW-03915,Kelantan,Building,Suburban,Leasehold,2839,1134,28,2646000,396900,8000,3050900
CASE-2026-NW-03916,Wilayah Persekutuan Kuala Lumpur,Agriculture,Rural,Leasehold,6592,5872,6,3522000,528300,8000,4058300
CASE-2026-NW-03917,Perak,Building,Suburban,Malay Reserve,2577,2221,4,6661000,999200,8000,7668200
CASE-2026-NW-03918,Pulau Pinang,Building,Suburban,Freehold,480,441,21,1579000,236800,8000,1823800
CASE-2026-NW-03919,Wilayah Persekutuan Kuala Lumpur,Building,Suburban,Leasehold,2850,1964,15,7414000,1112100,8000,8534100
CASE-2026-NW-03920,Kedah,Industry,Rural,Freehold,14934,8807,25,13652000,2047800,8000,15707800
CASE-2026-NW-03921,Selangor,Building,Suburban,Freehold,1083,738,29,2493000,374000,8000,2875000
CASE-2026-NW-03922,Perlis,Building,Suburban,Freehold,2112,1318,11,4053000,608000,8000,4669000
CASE-2026-NW-03923,Wilayah Persekutuan Kuala Lumpur,Building,Suburban,Freehold,2239,2019,11,8161000,1224200,8000,9393200
CASE-2026-NW-03924,Selangor,Agriculture,Suburban,Freehold,3543,2091,20,1583000,237400,8000,1828400
CASE-2026-NW-03925,Sabah,Agriculture,Urban,Leasehold,10945,6143,32,3304000,495600,8000,3807600
CASE-2026-NW-03926,Kedah,Building,Suburban,Malay Reserve,1962,1854,24,4364000,654600,8000,5026600
CASE-2026-NW-03927,Johor,Building,Urban,Freehold,586,401,18,1576000,236400,8000,1820400
CASE-2026-NW-03928,Selangor,Building,Suburban,Freehold,2852,1731,22,5815000,872200,8000,6695200
CASE-2026-NW-03929,Kelantan,Building,Rural,Freehold,1103,280,39,527000,79000,8000,614000
CASE-2026-NW-03930,Kelantan,Building,Rural,Freehold,949,556,8,1197000,179600,8000,1384600
CASE-2026-NW-03931,Melaka,Agriculture,Suburban,Freehold,13283,7267,27,4033000,605000,8000,4646000
CASE-2026-NW-03932,Kelantan,Agriculture,Urban,Leasehold,17540,11088,31,4932000,739800,8000,5679800
CASE-2026-NW-03933,Kedah,Agriculture,Urban,Leasehold,18810,7947,30,4496000,674400,8000,5178400
CASE-2026-NW-03934,Melaka,Agriculture,Suburban,Freehold,8863,7654,38,3738000,560700,8000,4306700
CASE-2026-NW-03935,Selangor,Agriculture,Suburban,Leasehold,11745,7952,17,5085000,762800,8000,5855800
CASE-2026-NW-03936,Selangor,Building,Urban,Leasehold,1720,961,30,3814000,572100,8000,4394100
CASE-2026-NW-03937,Terengganu,Agriculture,Urban,Leasehold,5900,2749,39,1396000,209400,8000,1613400
CASE-2026-NW-03938,Pahang,Industry,Suburban,Freehold,8128,4940,3,10937000,1640600,8000,12585600
CASE-2026-NW-03939,Terengganu,Agriculture,Urban,Leasehold,9227,4230,29,2396000,359400,8000,2763400
CASE-2026-NW-03940,Kedah,Building,Urban,Freehold,1884,488,35,1373000,206000,8000,1587000
CASE-2026-NW-03941,Pahang,Agriculture,Suburban,Leasehold,15020,6488,5,3475000,521200,8000,4004200
CASE-2026-NW-03942,Pahang,Agriculture,Suburban,Freehold,13536,8507,11,4845000,726800,8000,5579800
CASE-2026-NW-03943,Wilayah Persekutuan Kuala Lumpur,Agriculture,Suburban,Leasehold,9307,4286,36,3187000,478000,8000,3673000
CASE-2026-NW-03944,Negeri Sembilan,Agriculture,Suburban,Leasehold,4689,2742,18,1507000,226000,8000,1741000
CASE-2026-NW-03945,Melaka,Agriculture,Suburban,Leasehold,9378,3765,15,2175000,326200,8000,2509200
CASE-2026-NW-03946,Melaka,Agriculture,Urban,Freehold,9332,7698,29,4262000,639300,8000,4909300
CASE-2026-NW-03947,Johor,Building,Suburban,Leasehold,2368,1855,6,5822000,873300,8000,6703300
CASE-2026-NW-03948,Perak,Building,Urban,Freehold,1523,1271,2,3783000,567400,8000,4358400
CASE-2026-NW-03949,Wilayah Persekutuan Kuala Lumpur,Agriculture,Rural,Freehold,13802,9034,38,5678000,851700,8000,6537700
CASE-2026-NW-03950,Kelantan,Agriculture,Suburban,Freehold,18717,7550,6,4007000,601000,8000,4616000
CASE-2026-NW-03951,Sarawak,Building,Suburban,Freehold,595,555,22,1452000,217800,8000,1677800
CASE-2026-NW-03952,Wilayah Persekutuan Kuala Lumpur,Agriculture,Suburban,Leasehold,4787,3788,34,2711000,406600,8000,3125600
CASE-2026-NW-03953,Perak,Agriculture,Urban,Freehold,9847,4635,26,2573000,386000,8000,2967000
CASE-2026-NW-03954,Melaka,Building,Urban,Freehold,994,629,24,2159000,323800,8000,2490800
CASE-2026-NW-03955,Sarawak,Building,Urban,Freehold,2501,2149,4,7177000,1076600,8000,8261600
CASE-2026-NW-03956,Johor,Building,Urban,Freehold,1857,1442,27,4702000,705300,8000,5415300
CASE-2026-NW-03957,Pulau Pinang,Building,Suburban,Freehold,181,76,38,260000,39000,8000,307000
CASE-2026-NW-03958,Pulau Pinang,Building,Urban,Malay Reserve,765,258,12,1087000,163000,8000,1258000
CASE-2026-NW-03959,Melaka,Agriculture,Suburban,Freehold,19544,15866,30,8029000,1204400,8000,9241400
CASE-2026-NW-03960,Pulau Pinang,Building,Urban,Freehold,2180,628,12,2876000,431400,8000,3315400
CASE-2026-NW-03961,Johor,Building,Urban,Leasehold,186,102,14,371000,55600,8000,434600
CASE-2026-NW-03962,Selangor,Building,Suburban,Freehold,1650,1341,3,5143000,771400,8000,5922400
CASE-2026-NW-03963,Kelantan,Agriculture,Suburban,Freehold,8634,5959,24,2440000,366000,8000,2814000
CASE-2026-NW-03964,Kedah,Agriculture,Urban,Freehold,9724,4783,1,2827000,424000,8000,3259000
CASE-2026-NW-03965,Terengganu,Building,Suburban,Freehold,996,682,32,1635000,245200,8000,1888200
CASE-2026-NW-03966,Wilayah Persekutuan Kuala Lumpur,Industry,Suburban,Freehold,12106,11007,1,35122000,5268300,8000,40398300
CASE-2026-NW-03967,Wilayah Persekutuan Kuala Lumpur,Industry,Urban,Leasehold,17084,12241,24,41926000,6288900,8000,48222900
CASE-2026-NW-03968,Selangor,Agriculture,Urban,Freehold,7127,3574,35,3105000,465800,8000,3578800
CASE-2026-NW-03969,Kedah,Industry,Rural,Freehold,11620,4132,9,8151000,1222600,8000,9381600
CASE-2026-NW-03970,Terengganu,Building,Suburban,Leasehold,2696,2062,6,6395000,959200,8000,7362200
CASE-2026-NW-03971,Kelantan,Agriculture,Urban,Freehold,8758,6480,28,3374000,506100,8000,3888100
CASE-2026-NW-03972,Melaka,Agriculture,Rural,Freehold,14860,3927,34,1877000,281600,8000,2166600
CASE-2026-NW-03973,Wilayah Persekutuan Putrajaya,Building,Urban,Freehold,566,452,25,1767000,265000,8000,2040000
CASE-2026-NW-03974,Negeri Sembilan,Agriculture,Urban,Freehold,15239,5110,20,2848000,427200,8000,3283200
CASE-2026-NW-03975,Kelantan,Building,Suburban,Malay Reserve,798,583,23,1324000,198600,8000,1530600
CASE-2026-NW-03976,Pulau Pinang,Building,Suburban,Freehold,1125,712,20,2640000,396000,8000,3044000
CASE-2026-NW-03977,Selangor,Agriculture,Urban,Freehold,2215,759,27,707000,106000,8000,821000
CASE-2026-NW-03978,Melaka,Building,Suburban,Freehold,510,298,1,994000,149100,8000,1151100
CASE-2026-NW-03979,Kedah,Building,Suburban,Freehold,1955,1322,11,3414000,512100,8000,3934100
CASE-2026-NW-03980,Selangor,Agriculture,Rural,Malay Reserve,19510,10480,30,5339000,800800,8000,6147800
CASE-2026-NW-03981,Johor,Building,Urban,Leasehold,1235,962,19,3118000,467700,8000,3593700
CASE-2026-NW-03982,Wilayah Persekutuan Kuala Lumpur,Building,Urban,Leasehold,894,358,31,1706000,255900,8000,1969900
CASE-2026-NW-03983,Pulau Pinang,Building,Urban,Freehold,800,312,18,1358000,203700,8000,1569700
CASE-2026-NW-03984,Pahang,Building,Urban,Freehold,1360,1038,29,2983000,447400,8000,3438400
CASE-2026-NW-03985,Johor,Agriculture,Urban,Malay Reserve,19936,7812,35,4772000,715800,8000,5495800
CASE-2026-NW-03986,Johor,Industry,Rural,Leasehold,20321,6719,10,14786000,2217900,8000,17011900
CASE-2026-NW-03987,Pulau Pinang,Agriculture,Suburban,Freehold,8697,4110,38,2700000,405000,8000,3113000
CASE-2026-NW-03988,Johor,Agriculture,Rural,Leasehold,3003,1870,11,861000,129200,8000,998200
CASE-2026-NW-03989,Perak,Agriculture,Suburban,Freehold,12765,7371,32,3893000,584000,8000,4485000
CASE-2026-NW-03990,Wilayah Persekutuan Kuala Lumpur,Building,Urban,Freehold,2966,1136,4,6444000,966600,8000,7418600
CASE-2026-NW-03991,Wilayah Persekutuan Putrajaya,Industry,Urban,Leasehold,15539,12083,11,38255000,5738200,8000,44001200
CASE-2026-NW-03992,Selangor,Agriculture,Suburban,Freehold,8789,3396,27,2469000,370400,8000,2847400
CASE-2026-NW-03993,Selangor,Building,Suburban,Freehold,1129,1033,6,3739000,560800,8000,4307800
CASE-2026-NW-03994,Johor,Building,Rural,Leasehold,373,202,13,502000,75300,8000,585300
CASE-2026-NW-03995,Johor,Building,Suburban,Freehold,966,913,28,2454000,368100,8000,2830100
CASE-2026-NW-03996,Selangor,Industry,Urban,Freehold,12814,9068,2,33262000,4989300,8000,38259300
CASE-2026-NW-03997,Wilayah Persekutuan Kuala Lumpur,Building,Urban,Freehold,2934,2381,36,10826000,1623900,8000,12457900
CASE-2026-NW-03998,Wilayah Persekutuan Kuala Lumpur,Agriculture,Rural,Malay Reserve,7741,5559,4,3083000,462400,8000,3553400
CASE-2026-NW-03999,Johor,Building,Rural,Malay Reserve,2831,1619,2,5437000,815600,8000,6260600
CASE-2026-NW-04000,Selangor,Agriculture,Suburban,Freehold,16528,11604,17,8689000,1303400,8000,10000400
CASE-2026-NW-04001,Johor,Industry,Urban,Freehold,1551,974,7,2812000,421800,8000,3241800
CASE-2026-NW-04002,Pulau Pinang,Industry,Suburban,Freehold,15208,4059,9,13418000,2012700,8000,15438700
CASE-2026-NW-04003,Pulau Pinang,Building,Urban,Freehold,2169,967,35,4019000,602800,8000,4629800
CASE-2026-NW-04004,Negeri Sembilan,Building,Urban,Freehold,1161,935,15,2899000,434800,8000,3341800
CASE-2026-NW-04005,Negeri Sembilan,Building,Urban,Leasehold,2101,880,16,2902000,435300,8000,3345300
CASE-2026-NW-04006,Wilayah Persekutuan Kuala Lumpur,Agriculture,Urban,Freehold,11598,9004,5,9548000,1432200,8000,10988200
CASE-2026-NW-04007,Selangor,Building,Urban,Freehold,1540,692,6,3259000,488800,8000,3755800
CASE-2026-NW-04008,Kelantan,Industry,Suburban,Freehold,10993,6220,7,14080000,2112000,8000,16200000
CASE-2026-NW-04009,Pulau Pinang,Agriculture,Suburban,Malay Reserve,9360,3588,19,2445000,366800,8000,2819800
CASE-2026-NW-04010,Selangor,Building,Urban,Leasehold,371,300,37,1086000,162900,8000,1256900
CASE-2026-NW-04011,Sarawak,Agriculture,Urban,Freehold,7737,1567,25,992000,148800,8000,1148800
CASE-2026-NW-04012,Pulau Pinang,Agriculture,Rural,Freehold,2752,1159,18,678000,101700,8000,787700
CASE-2026-NW-04013,Negeri Sembilan,Industry,Suburban,Malay Reserve,17041,14409,5,29686000,4452900,8000,34146900
CASE-2026-NW-04014,Wilayah Persekutuan Kuala Lumpur,Agriculture,Rural,Freehold,13107,10252,13,6935000,1040200,8000,7983200
CASE-2026-NW-04015,Selangor,Building,Urban,Freehold,1564,688,12,3262000,489300,8000,3759300
CASE-2026-NW-04016,Johor,Building,Urban,Freehold,2847,1121,37,3864000,579600,8000,4451600
CASE-2026-NW-04017,Perak,Building,Rural,Malay Reserve,2334,972,4,2457000,368600,8000,2833600
CASE-2026-NW-04018,Sabah,Building,Urban,Leasehold,350,90,2,335000,50200,8000,393200
CASE-2026-NW-04019,Kelantan,Agriculture,Urban,Malay Reserve,10198,7797,6,3850000,577500,8000,4435500
CASE-2026-NW-04020,Pulau Pinang,Agriculture,Suburban,Leasehold,14177,7626,19,4720000,708000,8000,5436000
CASE-2026-NW-04021,Kedah,Industry,Suburban,Freehold,1503,939,13,1887000,283000,8000,2178000
CASE-2026-NW-04022,Selangor,Building,Urban,Leasehold,997,868,18,3635000,545200,8000,4188200
CASE-2026-NW-04023,Pulau Pinang,Building,Rural,Leasehold,2975,1493,6,5046000,756900,8000,5810900
CASE-2026-NW-04024,Wilayah Persekutuan Kuala Lumpur,Agriculture,Urban,Leasehold,9326,2609,9,2667000,400000,8000,3075000
CASE-2026-NW-04025,Terengganu,Building,Suburban,Leasehold,666,277,10,878000,131700,8000,1017700
CASE-2026-NW-04026,Johor,Building,Suburban,Leasehold,1432,1226,19,3840000,576000,8000,4424000
CASE-2026-NW-04027,Melaka,Building,Urban,Freehold,2013,927,18,3633000,545000,8000,4186000
CASE-2026-NW-04028,Sarawak,Agriculture,Suburban,Freehold,8216,6427,5,3286000,492900,8000,3786900
CASE-2026-NW-04029,Kedah,Building,Rural,Freehold,2600,927,5,2324000,348600,8000,2680600
CASE-2026-NW-04030,Wilayah Persekutuan Kuala Lumpur,Building,Urban,Leasehold,1313,651,33,2669000,400400,8000,3077400
CASE-2026-NW-04031,Wilayah Persekutuan Putrajaya,Building,Suburban,Freehold,2385,1420,5,5739000,860800,8000,6607800
CASE-2026-NW-04032,Wilayah Persekutuan Kuala Lumpur,Building,Urban,Malay Reserve,1627,1149,28,4385000,657800,8000,5050800
CASE-2026-NW-04033,Wilayah Persekutuan Kuala Lumpur,Agriculture,Suburban,Leasehold,14952,8635,30,6079000,911800,8000,6998800
CASE-2026-NW-04034,Kedah,Agriculture,Urban,Leasehold,6175,2595,6,1429000,214400,8000,1651400
CASE-2026-NW-04035,Kedah,Industry,Rural,Freehold,20022,17487,24,25468000,3820200,8000,29296200
CASE-2026-NW-04036,Pahang,Industry,Urban,Freehold,1860,658,32,1413000,212000,8000,1633000
CASE-2026-NW-04037,Negeri Sembilan,Agriculture,Urban,Freehold,16166,10863,36,6522000,978300,8000,7508300
CASE-2026-NW-04038,Wilayah Persekutuan Kuala Lumpur,Agriculture,Suburban,Freehold,15137,4890,30,4211000,631600,8000,4850600
CASE-2026-NW-04039,Kedah,Building,Suburban,Leasehold,1760,1093,28,2542000,381300,8000,2931300
CASE-2026-NW-04040,Melaka,Building,Urban,Leasehold,1472,608,5,1943000,291400,8000,2242400
CASE-2026-NW-04041,Johor,Building,Rural,Freehold,571,515,37,1184000,177600,8000,1369600
CASE-2026-NW-04042,Wilayah Persekutuan Kuala Lumpur,Agriculture,Urban,Leasehold,17653,10822,25,9599000,1439800,8000,11046800
CASE-2026-NW-04043,Perlis,Agriculture,Rural,Freehold,17739,11388,5,4341000,651200,8000,5000200
CASE-2026-NW-04044,Johor,Agriculture,Suburban,Freehold,15761,6960,8,5259000,788800,8000,6055800
CASE-2026-NW-04045,Selangor,Agriculture,Urban,Leasehold,10992,6867,17,5645000,846800,8000,6499800
CASE-2026-NW-04046,Kedah,Agriculture,Rural,Freehold,2271,1754,10,688000,103200,8000,799200
CASE-2026-NW-04047,Negeri Sembilan,Agriculture,Rural,Malay Reserve,13883,11339,31,3996000,599400,8000,4603400
CASE-2026-NW-04048,Johor,Building,Suburban,Freehold,2262,1842,13,5633000,845000,8000,6486000
CASE-2026-NW-04049,Negeri Sembilan,Building,Urban,Freehold,1341,1010,38,2871000,430600,8000,3309600
CASE-2026-NW-04050,Pulau Pinang,Agriculture,Suburban,Freehold,10989,9882,19,6498000,974700,8000,7480700
CASE-2026-NW-04051,Selangor,Agriculture,Suburban,Leasehold,2217,1665,26,1012000,151800,8000,1171800
CASE-2026-NW-04052,Kelantan,Agriculture,Rural,Leasehold,10628,5029,26,1868000,280200,8000,2156200
CASE-2026-NW-04053,Wilayah Persekutuan Kuala Lumpur,Building,Rural,Freehold,2968,1298,35,3968000,595200,8000,4571200
CASE-2026-NW-04054,Negeri Sembilan,Agriculture,Urban,Leasehold,4552,1841,5,1118000,167700,8000,1293700
CASE-2026-NW-04055,Negeri Sembilan,Agriculture,Suburban,Freehold,15089,11249,13,4685000,702800,8000,5395800
CASE-2026-NW-04056,Kedah,Building,Suburban,Freehold,2370,2011,7,5402000,810300,8000,6220300
CASE-2026-NW-04057,Johor,Building,Suburban,Freehold,2646,1872,29,5150000,772500,8000,5930500
CASE-2026-NW-04058,Melaka,Building,Rural,Leasehold,1817,1421,8,3413000,512000,8000,3933000
CASE-2026-NW-04059,Pulau Pinang,Building,Urban,Freehold,2177,1036,16,4686000,702900,8000,5396900
CASE-2026-NW-04060,Negeri Sembilan,Building,Suburban,Freehold,588,298,8,829000,124400,8000,961400
CASE-2026-NW-04061,Selangor,Building,Urban,Leasehold,834,724,39,2538000,380700,8000,2926700
CASE-2026-NW-04062,Kedah,Building,Urban,Freehold,2845,1089,24,3415000,512200,8000,3935200
CASE-2026-NW-04063,Kelantan,Building,Urban,Leasehold,1717,1028,21,2961000,444200,8000,3413200
CASE-2026-NW-04064,Wilayah Persekutuan Labuan,Building,Urban,Freehold,1200,527,35,1734000,260100,8000,2002100
CASE-2026-NW-04065,Pulau Pinang,Agriculture,Suburban,Freehold,13954,5544,33,3991000,598600,8000,4597600
CASE-2026-NW-04066,Selangor,Building,Suburban,Leasehold,2584,872,30,3362000,504300,8000,3874300
CASE-2026-NW-04067,Pahang,Building,Rural,Freehold,2444,2146,23,4296000,644400,8000,4948400
CASE-2026-NW-04068,Perak,Building,Suburban,Leasehold,2518,1436,27,3742000,561300,8000,4311300
CASE-2026-NW-04069,Wilayah Persekutuan Kuala Lumpur,Building,Urban,Freehold,376,217,32,960000,144000,8000,1112000
CASE-2026-NW-04070,Pahang,Agriculture,Suburban,Freehold,12987,7672,36,3670000,550500,8000,4228500
CASE-2026-NW-04071,Selangor,Agriculture,Suburban,Freehold,5302,2714,38,1957000,293600,8000,2258600
CASE-2026-NW-04072,Pulau Pinang,Building,Urban,Leasehold,829,624,16,2315000,347200,8000,2670200
CASE-2026-NW-04073,Negeri Sembilan,Building,Suburban,Leasehold,1967,1760,31,4080000,612000,8000,4700000
CASE-2026-NW-04074,Selangor,Industry,Suburban,Freehold,23552,21129,31,57420000,8613000,8000,66041000
CASE-2026-NW-04075,Perak,Agriculture,Urban,Malay Reserve,15736,10583,1,5797000,869600,8000,6674600
CASE-2026-NW-04076,Kedah,Building,Urban,Freehold,1699,1408,39,3519000,527800,8000,4054800
CASE-2026-NW-04077,Selangor,Building,Urban,Malay Reserve,2369,2060,2,7862000,1179300,8000,9049300
CASE-2026-NW-04078,Terengganu,Agriculture,Urban,Leasehold,12182,6416,22,2912000,436800,8000,3356800
CASE-2026-NW-04079,Wilayah Persekutuan Putrajaya,Agriculture,Suburban,Freehold,17533,14404,6,10211000,1531600,8000,11750600
CASE-2026-NW-04080,Selangor,Agriculture,Rural,Freehold,9233,2663,12,1654000,248100,8000,1910100
CASE-2026-NW-04081,Wilayah Persekutuan Kuala Lumpur,Agriculture,Urban,Freehold,4797,3032,23,2883000,432400,8000,3323400
CASE-2026-NW-04082,Selangor,Building,Urban,Malay Reserve,1403,799,6,3411000,511600,8000,3930600
CASE-2026-NW-04083,Johor,Building,Rural,Freehold,1387,1082,25,2812000,421800,8000,3241800
CASE-2026-NW-04084,Selangor,Building,Suburban,Malay Reserve,1719,1007,21,3201000,480200,8000,3689200
CASE-2026-NW-04085,Kedah,Agriculture,Suburban,Leasehold,7259,4635,38,2165000,324800,8000,2497800
CASE-2026-NW-04086,Kedah,Agriculture,Rural,Freehold,7411,6362,35,2299000,344800,8000,2651800
CASE-2026-NW-04087,Wilayah Persekutuan Putrajaya,Industry,Suburban,Freehold,11886,8082,21,20110000,3016500,8000,23134500
CASE-2026-NW-04088,Pulau Pinang,Building,Urban,Malay Reserve,978,724,9,2722000,408300,8000,3138300
CASE-2026-NW-04089,Negeri Sembilan,Building,Urban,Leasehold,1327,458,10,1403000,210400,8000,1621400
CASE-2026-NW-04090,Terengganu,Building,Urban,Leasehold,2461,1626,15,4888000,733200,8000,5629200
CASE-2026-NW-04091,Selangor,Agriculture,Urban,Freehold,11722,2740,0,3024000,453600,8000,3485600
CASE-2026-NW-04092,Johor,Building,Urban,Freehold,937,361,6,1500000,225000,8000,1733000
CASE-2026-NW-04093,Pahang,Agriculture,Rural,Freehold,3013,2095,8,838000,125700,8000,971700
CASE-2026-NW-04094,Kelantan,Agriculture,Rural,Leasehold,11847,10024,33,3116000,467400,8000,3591400
CASE-2026-NW-04095,Negeri Sembilan,Building,Urban,Freehold,1134,979,26,3031000,454600,8000,3493600
CASE-2026-NW-04096,Selangor,Agriculture,Urban,Freehold,19619,13582,38,10477000,1571600,8000,12056600
CASE-2026-NW-04097,Melaka,Building,Suburban,Leasehold,2807,1219,4,4350000,652500,8000,5010500
CASE-2026-NW-04098,Selangor,Industry,Urban,Freehold,1884,805,13,3164000,474600,8000,3646600
CASE-2026-NW-04099,Johor,Building,Urban,Malay Reserve,2048,1622,10,4999000,749800,8000,5756800
CASE-2026-NW-04100,Wilayah Persekutuan Kuala Lumpur,Building,Suburban,Freehold,2465,2308,8,9404000,1410600,8000,10822600
CASE-2026-NW-04101,Pulau Pinang,Agriculture,Suburban,Freehold,9930,6496,28,4271000,640600,8000,4919600
CASE-2026-NW-04102,Wilayah Persekutuan Kuala Lumpur,Agriculture,Rural,Freehold,19016,6014,30,3944000,591600,8000,4543600
CASE-2026-NW-04103,Perak,Building,Urban,Leasehold,1313,556,19,1601000,240200,8000,1849200
CASE-2026-NW-04104,Pulau Pinang,Building,Suburban,Freehold,1489,1188,6,4297000,644600,8000,4949600
CASE-2026-NW-04105,Selangor,Building,Urban,Freehold,1486,1209,26,4660000,699000,8000,5367000
CASE-2026-NW-04106,Perak,Agriculture,Urban,Leasehold,6735,3834,33,1981000,297200,8000,2286200
CASE-2026-NW-04107,Kelantan,Agriculture,Rural,Freehold,8459,3827,12,1301000,195200,8000,1504200
CASE-2026-NW-04108,Wilayah Persekutuan Kuala Lumpur,Agriculture,Suburban,Freehold,5453,3268,2,2622000,393300,8000,3023300
CASE-2026-NW-04109,Wilayah Persekutuan Kuala Lumpur,Building,Suburban,Leasehold,2052,818,2,3628000,544200,8000,4180200
CASE-2026-NW-04110,Johor,Agriculture,Urban,Freehold,5117,3654,33,2358000,353700,8000,2719700
CASE-2026-NW-04111,Kelantan,Industry,Suburban,Freehold,11392,5134,33,8821000,1323200,8000,10152200
CASE-2026-NW-04112,Kedah,Building,Urban,Freehold,2392,2148,27,5624000,843600,8000,6475600
CASE-2026-NW-04113,Negeri Sembilan,Industry,Urban,Freehold,6728,5690,25,13306000,1995900,8000,15309900
CASE-2026-NW-04114,Terengganu,Agriculture,Urban,Freehold,6459,3832,7,2574000,386100,8000,2968100
CASE-2026-NW-04115,Negeri Sembilan,Building,Suburban,Freehold,2895,981,18,2930000,439500,8000,3377500
CASE-2026-NW-04116,Pulau Pinang,Building,Urban,Freehold,481,233,36,1001000,150200,8000,1159200
CASE-2026-NW-04117,Johor,Agriculture,Urban,Freehold,11684,8947,25,5922000,888300,8000,6818300
CASE-2026-NW-04118,Wilayah Persekutuan Kuala Lumpur,Building,Suburban,Freehold,2143,1129,1,5321000,798200,8000,6127200
CASE-2026-NW-04119,Melaka,Building,Suburban,Malay Reserve,1866,1261,17,3186000,477900,8000,3671900
CASE-2026-NW-04120,Perak,Agriculture,Rural,Freehold,11898,10459,24,3826000,573900,8000,4407900
CASE-2026-NW-04121,Kelantan,Industry,Rural,Freehold,19891,17872,17,31192000,4678800,8000,35878800
CASE-2026-NW-04122,Sarawak,Agriculture,Urban,Malay Reserve,12371,11040,26,6081000,912200,8000,7001200
CASE-2026-NW-04123,Kelantan,Building,Urban,Freehold,2490,650,23,1680000,252000,8000,1940000
CASE-2026-NW-04124,Johor,Industry,Urban,Leasehold,22386,16574,11,43734000,6560100,8000,50302100
CASE-2026-NW-04125,Johor,Building,Suburban,Leasehold,2859,1500,11,5455000,818200,8000,6281200
CASE-2026-NW-04126,Melaka,Building,Rural,Freehold,1045,942,6,2776000,416400,8000,3200400
CASE-2026-NW-04127,Selangor,Building,Rural,Freehold,624,334,18,1256000,188400,8000,1452400
CASE-2026-NW-04128,Perak,Agriculture,Suburban,Freehold,12135,4145,37,2061000,309200,8000,2378200
CASE-2026-NW-04129,Johor,Agriculture,Suburban,Leasehold,4131,3624,33,1756000,263400,8000,2027400
CASE-2026-NW-04130,Selangor,Industry,Suburban,Freehold,14738,7868,15,21503000,3225400,8000,24736400
CASE-2026-NW-04131,Wilayah Persekutuan Kuala Lumpur,Industry,Urban,Leasehold,11954,8347,20,29341000,4401200,8000,33750200
CASE-2026-NW-04132,Melaka,Agriculture,Suburban,Freehold,12981,5680,33,2958000,443700,8000,3409700
CASE-2026-NW-04133,Selangor,Agriculture,Rural,Freehold,8275,3980,19,2443000,366400,8000,2817400
CASE-2026-NW-04134,Pahang,Agriculture,Suburban,Freehold,6731,4607,36,1981000,297200,8000,2286200
CASE-2026-NW-04135,Johor,Building,Urban,Leasehold,2541,2138,32,6706000,1005900,8000,7719900
CASE-2026-NW-04136,Negeri Sembilan,Building,Suburban,Freehold,2093,1804,16,5171000,775600,8000,5954600
CASE-2026-NW-04137,Johor,Industry,Suburban,Leasehold,23690,10527,12,26997000,4049600,8000,31054600
CASE-2026-NW-04138,Selangor,Agriculture,Rural,Freehold,9756,5154,9,3377000,506600,8000,3891600
CASE-2026-NW-04139,Selangor,Agriculture,Suburban,Freehold,5909,5120,0,3537000,530600,8000,4075600
CASE-2026-NW-04140,Perak,Building,Rural,Malay Reserve,1905,543,5,1477000,221600,8000,1706600
CASE-2026-NW-04141,Selangor,Agriculture,Urban,Leasehold,18905,7071,18,6595000,989200,8000,7592200
CASE-2026-NW-04142,Pulau Pinang,Industry,Rural,Leasehold,22899,8705,7,20532000,3079800,8000,23619800
CASE-2026-NW-04143,Johor,Agriculture,Urban,Freehold,10180,7300,1,5293000,794000,8000,6095000
CASE-2026-NW-04144,Pulau Pinang,Agriculture,Rural,Leasehold,7317,6550,31,3027000,454000,8000,3489000
CASE-2026-NW-04145,Melaka,Building,Urban,Freehold,1550,508,17,1958000,293700,8000,2259700
CASE-2026-NW-04146,Selangor,Industry,Rural,Freehold,11604,8437,17,19870000,2980500,8000,22858500
CASE-2026-NW-04147,Wilayah Persekutuan Kuala Lumpur,Building,Urban,Leasehold,1840,1609,29,6370000,955500,8000,7333500
CASE-2026-NW-04148,Johor,Agriculture,Urban,Malay Reserve,5264,4421,28,2684000,402600,8000,3094600
CASE-2026-NW-04149,Kelantan,Agriculture,Urban,Leasehold,8685,5607,16,3012000,451800,8000,3471800
CASE-2026-NW-04150,Terengganu,Agriculture,Urban,Freehold,2397,897,38,454000,68100,8000,530100
CASE-2026-NW-04151,Wilayah Persekutuan Kuala Lumpur,Agriculture,Urban,Freehold,4907,1161,0,1195000,179200,8000,1382200
CASE-2026-NW-04152,Pahang,Building,Urban,Freehold,1483,1090,24,3443000,516400,8000,3967400
CASE-2026-NW-04153,Pulau Pinang,Agriculture,Suburban,Freehold,16549,8737,37,6266000,939900,8000,7213900
CASE-2026-NW-04154,Selangor,Building,Suburban,Leasehold,2865,1745,21,6407000,961000,8000,7376000
CASE-2026-NW-04155,Wilayah Persekutuan Kuala Lumpur,Building,Urban,Freehold,1758,1153,21,5893000,884000,8000,6785000
CASE-2026-NW-04156,Perak,Building,Suburban,Leasehold,381,346,21,839000,125800,8000,972800
CASE-2026-NW-04157,Negeri Sembilan,Building,Urban,Leasehold,199,124,4,459000,68800,8000,535800
CASE-2026-NW-04158,Sabah,Building,Suburban,Freehold,1013,513,28,1302000,195300,8000,1505300
CASE-2026-NW-04159,Terengganu,Agriculture,Urban,Freehold,3463,906,32,528000,79200,8000,615200
CASE-2026-NW-04160,Perak,Building,Urban,Freehold,1587,450,14,1476000,221400,8000,1705400
CASE-2026-NW-04161,Wilayah Persekutuan Kuala Lumpur,Building,Urban,Leasehold,2504,2260,9,8034000,1205100,8000,9247100
CASE-2026-NW-04162,Pulau Pinang,Building,Suburban,Freehold,461,396,24,1347000,202000,8000,1557000
CASE-2026-NW-04163,Wilayah Persekutuan Labuan,Agriculture,Urban,Leasehold,9850,3200,23,1968000,295200,8000,2271200
CASE-2026-NW-04164,Sabah,Agriculture,Suburban,Freehold,15254,3796,4,2185000,327800,8000,2520800
CASE-2026-NW-04165,Selangor,Building,Suburban,Freehold,1463,1372,6,6018000,902700,8000,6928700
CASE-2026-NW-04166,Wilayah Persekutuan Kuala Lumpur,Building,Urban,Leasehold,899,279,26,1398000,209700,8000,1615700
CASE-2026-NW-04167,Kedah,Building,Urban,Freehold,2360,1332,38,3640000,546000,8000,4194000
CASE-2026-NW-04168,Kedah,Building,Rural,Leasehold,2333,660,14,1733000,260000,8000,2001000
CASE-2026-NW-04169,Selangor,Building,Urban,Freehold,607,382,35,1497000,224600,8000,1729600
CASE-2026-NW-04170,Selangor,Agriculture,Suburban,Leasehold,9221,3740,26,2648000,397200,8000,3053200
CASE-2026-NW-04171,Selangor,Agriculture,Suburban,Freehold,10532,6951,13,5145000,771800,8000,5924800
CASE-2026-NW-04172,Wilayah Persekutuan Kuala Lumpur,Building,Rural,Leasehold,2713,1576,15,5066000,759900,8000,5833900
CASE-2026-NW-04173,Terengganu,Agriculture,Urban,Leasehold,6853,4500,1,2683000,402400,8000,3093400
CASE-2026-NW-04174,Negeri Sembilan,Agriculture,Urban,Leasehold,8203,3044,6,1858000,278700,8000,2144700
CASE-2026-NW-04175,Selangor,Building,Urban,Freehold,2350,1923,9,8793000,1319000,8000,10120000
CASE-2026-NW-04176,Perak,Building,Suburban,Leasehold,358,132,9,375000,56200,8000,439200
CASE-2026-NW-04177,Johor,Building,Urban,Leasehold,952,243,3,1039000,155800,8000,1202800
CASE-2026-NW-04178,Wilayah Persekutuan Kuala Lumpur,Agriculture,Urban,Leasehold,8700,6136,38,5092000,763800,8000,5863800
CASE-2026-NW-04179,Wilayah Persekutuan Putrajaya,Agriculture,Suburban,Freehold,18132,7084,11,5124000,768600,8000,5900600
CASE-2026-NW-04180,Pulau Pinang,Agriculture,Suburban,Leasehold,4604,3628,11,2385000,357800,8000,2750800
CASE-2026-NW-04181,Johor,Building,Rural,Freehold,1597,1165,20,3241000,486200,8000,3735200
CASE-2026-NW-04182,Selangor,Building,Suburban,Freehold,1338,844,2,3490000,523500,8000,4021500
CASE-2026-NW-04183,Selangor,Agriculture,Suburban,Leasehold,9718,6401,5,4437000,665600,8000,5110600
CASE-2026-NW-04184,Selangor,Industry,Urban,Freehold,24105,20245,34,64583000,9687400,8000,74278400
CASE-2026-NW-04185,Negeri Sembilan,Agriculture,Suburban,Leasehold,2634,1351,9,754000,113100,8000,875100
CASE-2026-NW-04186,Perak,Building,Suburban,Freehold,2825,1572,32,3418000,512700,8000,3938700
CASE-2026-NW-04187,Wilayah Persekutuan Kuala Lumpur,Industry,Urban,Leasehold,24557,11490,5,45437000,6815600,8000,52260600
CASE-2026-NW-04188,Melaka,Building,Urban,Freehold,1282,691,2,2635000,395200,8000,3038200
CASE-2026-NW-04189,Wilayah Persekutuan Kuala Lumpur,Building,Rural,Leasehold,2222,672,34,2175000,326200,8000,2509200
CASE-2026-NW-04190,Pahang,Agriculture,Rural,Leasehold,2644,1214,19,424000,63600,8000,495600
CASE-2026-NW-04191,Pulau Pinang,Agriculture,Suburban,Freehold,15177,8608,30,5072000,760800,8000,5840800
CASE-2026-NW-04192,Kelantan,Building,Urban,Freehold,1846,1444,24,3930000,589500,8000,4527500
CASE-2026-NW-04193,Kedah,Agriculture,Rural,Leasehold,15141,12501,29,3950000,592500,8000,4550500
CASE-2026-NW-04194,Pahang,Agriculture,Urban,Freehold,5277,2668,9,1642000,246300,8000,1896300
CASE-2026-NW-04195,Pahang,Building,Suburban,Freehold,796,505,12,1179000,176800,8000,1363800
CASE-2026-NW-04196,Sarawak,Building,Suburban,Freehold,1841,1495,36,3471000,520600,8000,3999600
CASE-2026-NW-04197,Pulau Pinang,Agriculture,Urban,Freehold,16060,7971,4,7071000,1060600,8000,8139600
CASE-2026-NW-04198,Kelantan,Building,Urban,Freehold,880,736,10,2232000,334800,8000,2574800
CASE-2026-NW-04199,Selangor,Building,Suburban,Freehold,642,399,6,1564000,234600,8000,1806600
CASE-2026-NW-04200,Selangor,Agriculture,Urban,Freehold,2307,1501,8,1232000,184800,8000,1424800
CASE-2026-NW-04201,Selangor,Building,Suburban,Malay Reserve,1868,720,25,2450000,367500,8000,2825500
CASE-2026-NW-04202,Melaka,Building,Urban,Freehold,1391,1081,36,3239000,485800,8000,3732800
CASE-2026-NW-04203,Kedah,Agriculture,Urban,Leasehold,13054,7373,31,3916000,587400,8000,4511400
CASE-2026-NW-04204,Johor,Building,Suburban,Freehold,2543,1330,13,4420000,663000,8000,5091000
CASE-2026-NW-04205,Kelantan,Building,Suburban,Freehold,1491,941,13,2754000,413100,8000,3175100
CASE-2026-NW-04206,Perlis,Industry,Rural,Freehold,4717,4027,4,6607000,991000,8000,7606000
CASE-2026-NW-04207,Selangor,Industry,Rural,Freehold,8464,3832,8,10791000,1618600,8000,12417600
CASE-2026-NW-04208,Pulau Pinang,Agriculture,Urban,Freehold,15651,5803,29,5275000,791200,8000,6074200
CASE-2026-NW-04209,Sarawak,Agriculture,Suburban,Freehold,13509,6676,12,3796000,569400,8000,4373400
CASE-2026-NW-04210,Pahang,Building,Suburban,Malay Reserve,1549,1072,12,2974000,446100,8000,3428100
CASE-2026-NW-04211,Pahang,Industry,Suburban,Leasehold,9317,3239,28,6155000,923200,8000,7086200
CASE-2026-NW-04212,Selangor,Building,Rural,Leasehold,504,321,39,886000,132900,8000,1026900
CASE-2026-NW-04213,Melaka,Agriculture,Suburban,Freehold,5296,4746,39,2156000,323400,8000,2487400
CASE-2026-NW-04214,Wilayah Persekutuan Kuala Lumpur,Agriculture,Rural,Leasehold,10323,7674,34,4162000,624300,8000,4794300
CASE-2026-NW-04215,Pulau Pinang,Industry,Suburban,Freehold,19231,9411,30,24737000,3710600,8000,28455600
CASE-2026-NW-04216,Melaka,Building,Suburban,Freehold,2474,1516,17,4330000,649500,8000,4987500
CASE-2026-NW-04217,Pahang,Building,Suburban,Leasehold,2508,2190,14,5534000,830100,8000,6372100
CASE-2026-NW-04218,Kedah,Building,Urban,Freehold,1764,1621,34,4186000,627900,8000,4821900
CASE-2026-NW-04219,Johor,Building,Suburban,Leasehold,1116,497,38,1460000,219000,8000,1687000
CASE-2026-NW-04220,Selangor,Building,Rural,Leasehold,1678,1309,13,4120000,618000,8000,4746000
CASE-2026-NW-04221,Melaka,Agriculture,Suburban,Freehold,12602,4968,3,3256000,488400,8000,3752400
CASE-2026-NW-04222,Selangor,Industry,Suburban,Freehold,22634,13946,7,41157000,6173600,8000,47338600
CASE-2026-NW-04223,Kedah,Building,Suburban,Leasehold,761,216,9,679000,101800,8000,788800
CASE-2026-NW-04224,Pulau Pinang,Building,Suburban,Freehold,1645,1396,37,4229000,634400,8000,4871400
CASE-2026-NW-04225,Sabah,Building,Urban,Freehold,1451,719,31,2243000,336400,8000,2587400
CASE-2026-NW-04226,Perak,Building,Suburban,Freehold,2991,2839,38,6248000,937200,8000,7193200
CASE-2026-NW-04227,Selangor,Building,Suburban,Leasehold,837,741,19,2546000,381900,8000,2935900
CASE-2026-NW-04228,Selangor,Building,Urban,Freehold,1477,1246,31,4718000,707700,8000,5433700
CASE-2026-NW-04229,Kedah,Industry,Suburban,Leasehold,13282,8863,3,20218000,3032700,8000,23258700
CASE-2026-NW-04230,Pahang,Building,Suburban,Malay Reserve,1250,328,32,706000,105900,8000,819900
CASE-2026-NW-04231,Johor,Industry,Rural,Leasehold,14308,10909,10,23213000,3482000,8000,26703000
CASE-2026-NW-04232,Perlis,Building,Suburban,Freehold,2094,1300,34,2839000,425800,8000,3272800
CASE-2026-NW-04233,Johor,Building,Suburban,Freehold,807,486,16,1611000,241600,8000,1860600
CASE-2026-NW-04234,Selangor,Building,Rural,Freehold,414,231,10,709000,106400,8000,823400
CASE-2026-NW-04235,Pahang,Building,Suburban,Freehold,2758,1406,37,3121000,468200,8000,3597200
CASE-2026-NW-04236,Sabah,Building,Urban,Freehold,2098,1971,1,5867000,880000,8000,6755000
CASE-2026-NW-04237,Wilayah Persekutuan Kuala Lumpur,Building,Suburban,Freehold,1716,739,36,2946000,441900,8000,3395900
CASE-2026-NW-04238,Perak,Industry,Urban,Leasehold,6398,2227,1,6088000,913200,8000,7009200
CASE-2026-NW-04239,Wilayah Persekutuan Kuala Lumpur,Agriculture,Urban,Freehold,19788,11282,27,10415000,1562200,8000,11985200
CASE-2026-NW-04240,Pulau Pinang,Agriculture,Urban,Leasehold,5935,1699,38,1369000,205400,8000,1582400
CASE-2026-NW-04241,Selangor,Industry,Rural,Leasehold,4950,4179,34,9066000,1359900,8000,10433900
CASE-2026-NW-04242,Negeri Sembilan,Building,Suburban,Freehold,1204,591,1,1860000,279000,8000,2147000
CASE-2026-NW-04243,Wilayah Persekutuan Kuala Lumpur,Building,Suburban,Leasehold,2391,1956,38,6627000,994000,8000,7629000
CASE-2026-NW-04244,Selangor,Building,Suburban,Freehold,2238,1944,27,7093000,1064000,8000,8165000
CASE-2026-NW-04245,Selangor,Agriculture,Suburban,Leasehold,3088,1449,39,970000,145500,8000,1123500
CASE-2026-NW-04246,Wilayah Persekutuan Kuala Lumpur,Building,Suburban,Leasehold,1657,1465,37,4644000,696600,8000,5348600
CASE-2026-NW-04247,Selangor,Building,Suburban,Leasehold,1037,767,7,2902000,435300,8000,3345300
CASE-2026-NW-04248,Pahang,Building,Urban,Leasehold,754,529,12,1630000,244500,8000,1882500
CASE-2026-NW-04249,Perak,Building,Suburban,Leasehold,1262,322,6,896000,134400,8000,1038400
CASE-2026-NW-04250,Pulau Pinang,Agriculture,Suburban,Freehold,2263,474,20,362000,54300,8000,424300
CASE-2026-NW-04251,Selangor,Building,Urban,Freehold,654,617,36,2403000,360400,8000,2771400
CASE-2026-NW-04252,Johor,Agriculture,Urban,Leasehold,5684,1226,2,903000,135400,8000,1046400
CASE-2026-NW-04253,Pulau Pinang,Building,Urban,Leasehold,940,706,7,2886000,432900,8000,3326900
CASE-2026-NW-04254,Selangor,Agriculture,Suburban,Leasehold,18788,9449,38,6204000,930600,8000,7142600
CASE-2026-NW-04255,Selangor,Building,Rural,Freehold,2715,1716,25,5267000,790000,8000,6065000
CASE-2026-NW-04256,Wilayah Persekutuan Kuala Lumpur,Agriculture,Rural,Leasehold,8369,3186,4,2108000,316200,8000,2432200
CASE-2026-NW-04257,Wilayah Persekutuan Kuala Lumpur,Agriculture,Suburban,Freehold,9364,2865,28,2422000,363300,8000,2793300
CASE-2026-NW-04258,Kedah,Building,Suburban,Freehold,1667,640,25,1566000,234900,8000,1808900
CASE-2026-NW-04259,Perak,Building,Suburban,Malay Reserve,2878,2209,26,5006000,750900,8000,5764900
CASE-2026-NW-04260,Johor,Building,Suburban,Malay Reserve,1471,808,7,2711000,406600,8000,3125600
CASE-2026-NW-04261,Kedah,Building,Urban,Freehold,2158,1538,9,4625000,693800,8000,5326800
CASE-2026-NW-04262,Wilayah Persekutuan Kuala Lumpur,Building,Urban,Leasehold,1829,1630,29,6200000,930000,8000,7138000
CASE-2026-NW-04263,Johor,Building,Urban,Leasehold,2339,1000,39,3016000,452400,8000,3476400
CASE-2026-NW-04264,Selangor,Agriculture,Rural,Leasehold,5403,4367,6,2606000,390900,8000,3004900
CASE-2026-NW-04265,Wilayah Persekutuan Kuala Lumpur,Agriculture,Suburban,Leasehold,5811,2597,5,2379000,356800,8000,2743800
CASE-2026-NW-04266,Pulau Pinang,Agriculture,Suburban,Leasehold,8815,3404,36,2364000,354600,8000,2726600
CASE-2026-NW-04267,Negeri Sembilan,Building,Urban,Freehold,2363,905,29,3036000,455400,8000,3499400
CASE-2026-NW-04268,Negeri Sembilan,Agriculture,Rural,Freehold,11497,4601,15,2140000,321000,8000,2469000
CASE-2026-NW-04269,Selangor,Agriculture,Suburban,Leasehold,6671,2620,30,1806000,270900,8000,2084900
CASE-2026-NW-04270,Selangor,Building,Rural,Leasehold,1449,1122,23,3365000,504800,8000,3877800
CASE-2026-NW-04271,Selangor,Building,Suburban,Freehold,258,120,3,482000,72300,8000,562300
CASE-2026-NW-04272,Perak,Building,Suburban,Leasehold,2272,789,20,2359000,353800,8000,2720800
CASE-2026-NW-04273,Selangor,Building,Suburban,Freehold,2771,2243,13,8314000,1247100,8000,9569100
CASE-2026-NW-04274,Kelantan,Industry,Urban,Freehold,19796,16684,16,33780000,5067000,8000,38855000
CASE-2026-NW-04275,Perak,Agriculture,Urban,Leasehold,8010,5544,5,3025000,453800,8000,3486800
CASE-2026-NW-04276,Selangor,Building,Suburban,Leasehold,2470,1361,27,4748000,712200,8000,5468200
CASE-2026-NW-04277,Selangor,Building,Suburban,Freehold,2627,1590,38,5865000,879800,8000,6752800
CASE-2026-NW-04278,Terengganu,Agriculture,Suburban,Leasehold,16075,9710,33,4469000,670400,8000,5147400
CASE-2026-NW-04279,Wilayah Persekutuan Kuala Lumpur,Agriculture,Suburban,Leasehold,4133,2210,5,1726000,258900,8000,1992900
CASE-2026-NW-04280,Selangor,Building,Suburban,Freehold,2549,964,28,3979000,596800,8000,4583800
CASE-2026-NW-04281,Wilayah Persekutuan Kuala Lumpur,Industry,Urban,Leasehold,15629,8992,17,29491000,4423600,8000,33922600
CASE-2026-NW-04282,Pulau Pinang,Agriculture,Urban,Malay Reserve,14348,12220,21,8987000,1348000,8000,10343000
CASE-2026-NW-04283,Selangor,Agriculture,Urban,Freehold,18119,5264,4,5165000,774800,8000,5947800
CASE-2026-NW-04284,Pahang,Building,Suburban,Malay Reserve,2323,1033,29,2639000,395800,8000,3042800
CASE-2026-NW-04285,Johor,Building,Rural,Freehold,1710,905,23,2758000,413700,8000,3179700
CASE-2026-NW-04286,Sabah,Building,Urban,Freehold,2143,818,5,2808000,421200,8000,3237200
CASE-2026-NW-04287,Terengganu,Industry,Rural,Freehold,9202,3092,16,5913000,887000,8000,6808000
CASE-2026-NW-04288,Wilayah Persekutuan Kuala Lumpur,Agriculture,Suburban,Freehold,3292,918,24,814000,122100,8000,944100
CASE-2026-NW-04289,Kedah,Agriculture,Rural,Leasehold,10401,5892,9,2431000,364600,8000,2803600
CASE-2026-NW-04290,Perak,Building,Urban,Freehold,1145,566,34,1464000,219600,8000,1691600
CASE-2026-NW-04291,Terengganu,Agriculture,Rural,Leasehold,7608,3249,7,1514000,227100,8000,1749100
CASE-2026-NW-04292,Pulau Pinang,Industry,Rural,Malay Reserve,16197,8929,10,19779000,2966800,8000,22753800
CASE-2026-NW-04293,Wilayah Persekutuan Kuala Lumpur,Agriculture,Urban,Leasehold,18794,5216,4,5062000,759300,8000,5829300
CASE-2026-NW-04294,Johor,Industry,Urban,Leasehold,10285,4748,23,13448000,2017200,8000,15473200
CASE-2026-NW-04295,Selangor,Agriculture,Urban,Malay Reserve,11056,2493,23,1983000,297400,8000,2288400
CASE-2026-NW-04296,Pahang,Agriculture,Urban,Freehold,4708,1061,31,628000,94200,8000,730200
CASE-2026-NW-04297,Selangor,Building,Suburban,Freehold,2827,1889,14,7563000,1134400,8000,8705400
CASE-2026-NW-04298,Perak,Building,Rural,Freehold,789,333,35,654000,98100,8000,760100
CASE-2026-NW-04299,Selangor,Agriculture,Suburban,Freehold,2421,1963,30,1379000,206800,8000,1593800
CASE-2026-NW-04300,Pulau Pinang,Agriculture,Urban,Leasehold,3414,2836,17,2155000,323200,8000,2486200
CASE-2026-NW-04301,Kelantan,Building,Suburban,Freehold,890,350,16,952000,142800,8000,1102800
CASE-2026-NW-04302,Sabah,Agriculture,Urban,Freehold,9774,5125,9,3499000,524800,8000,4031800
CASE-2026-NW-04303,Selangor,Agriculture,Urban,Leasehold,5440,4530,10,3865000,579800,8000,4452800
CASE-2026-NW-04304,Pulau Pinang,Agriculture,Rural,Leasehold,11863,3472,37,1880000,282000,8000,2170000
CASE-2026-NW-04305,Pahang,Agriculture,Suburban,Freehold,6688,5612,20,2723000,408400,8000,3139400
CASE-2026-NW-04306,Melaka,Building,Suburban,Freehold,877,617,11,2083000,312400,8000,2403400
CASE-2026-NW-04307,Selangor,Agriculture,Suburban,Freehold,16341,9675,38,6860000,1029000,8000,7897000
CASE-2026-NW-04308,Selangor,Agriculture,Rural,Leasehold,12982,11244,34,5783000,867400,8000,6658400
CASE-2026-NW-04309,Wilayah Persekutuan Kuala Lumpur,Building,Suburban,Freehold,1473,595,15,2656000,398400,8000,3062400
CASE-2026-NW-04310,Selangor,Industry,Suburban,Freehold,3641,1955,30,5431000,814600,8000,6253600
CASE-2026-NW-04311,Kedah,Building,Urban,Leasehold,1636,997,35,2343000,351400,8000,2702400
CASE-2026-NW-04312,Negeri Sembilan,Building,Rural,Freehold,2051,1861,39,3491000,523600,8000,4022600
CASE-2026-NW-04313,Kedah,Building,Urban,Leasehold,1873,1288,39,3391000,508600,8000,3907600
CASE-2026-NW-04314,Wilayah Persekutuan Kuala Lumpur,Building,Rural,Leasehold,2991,1850,21,6329000,949400,8000,7286400
CASE-2026-NW-04315,Perak,Building,Rural,Freehold,2490,1898,26,3617000,542600,8000,4167600
CASE-2026-NW-04316,Wilayah Persekutuan Putrajaya,Agriculture,Suburban,Leasehold,11412,7035,22,4873000,731000,8000,5612000
CASE-2026-NW-04317,Selangor,Industry,Urban,Freehold,9261,7595,32,22467000,3370000,8000,25845000
CASE-2026-NW-04318,Johor,Agriculture,Rural,Freehold,19156,12835,17,5809000,871400,8000,6688400
CASE-2026-NW-04319,Perak,Building,Urban,Freehold,151,49,21,148000,22200,8000,178200
CASE-2026-NW-04320,Perak,Building,Suburban,Leasehold,1834,1614,8,3803000,570400,8000,4381400
CASE-2026-NW-04321,Selangor,Agriculture,Suburban,Leasehold,10733,2707,29,1958000,293700,8000,2259700
CASE-2026-NW-04322,Kedah,Agriculture,Suburban,Freehold,5560,1500,10,901000,135200,8000,1044200
CASE-2026-NW-04323,Melaka,Agriculture,Suburban,Leasehold,18549,14668,28,6512000,976800,8000,7496800
CASE-2026-NW-04324,Sabah,Building,Suburban,Freehold,2954,2121,16,6522000,978300,8000,7508300
CASE-2026-NW-04325,Pahang,Agriculture,Suburban,Malay Reserve,5456,3559,30,1550000,232500,8000,1790500
CASE-2026-NW-04326,Selangor,Building,Rural,Leasehold,2001,1035,14,2845000,426800,8000,3279800
CASE-2026-NW-04327,Wilayah Persekutuan Kuala Lumpur,Industry,Urban,Freehold,10772,8817,21,32666000,4899900,8000,37573900
CASE-2026-NW-04328,Melaka,Building,Suburban,Malay Reserve,2919,1972,39,4636000,695400,8000,5339400
CASE-2026-NW-04329,Kedah,Building,Suburban,Freehold,2781,1317,10,4074000,611100,8000,4693100
CASE-2026-NW-04330,Wilayah Persekutuan Kuala Lumpur,Agriculture,Urban,Freehold,15745,5822,11,6201000,930200,8000,7139200
CASE-2026-NW-04331,Pahang,Agriculture,Urban,Leasehold,3561,828,22,473000,71000,8000,552000
CASE-2026-NW-04332,Wilayah Persekutuan Kuala Lumpur,Building,Suburban,Freehold,437,327,32,1207000,181000,8000,1396000
CASE-2026-NW-04333,Selangor,Industry,Urban,Freehold,21802,17602,3,60136000,9020400,8000,69164400
CASE-2026-NW-04334,Johor,Building,Rural,Freehold,2807,2299,1,7113000,1067000,8000,8188000
CASE-2026-NW-04335,Negeri Sembilan,Agriculture,Rural,Freehold,14577,10272,4,3766000,564900,8000,4338900
CASE-2026-NW-04336,Johor,Agriculture,Urban,Leasehold,6879,2631,33,1931000,289600,8000,2228600
CASE-2026-NW-04337,Selangor,Industry,Urban,Freehold,24591,14665,15,52703000,7905400,8000,60616400
CASE-2026-NW-04338,Kedah,Agriculture,Suburban,Leasehold,17613,13419,24,6227000,934000,8000,7169000
CASE-2026-NW-04339,Johor,Agriculture,Urban,Leasehold,3661,2346,2,1779000,266800,8000,2053800
CASE-2026-NW-04340,Selangor,Building,Urban,Malay Reserve,1979,736,38,2775000,416200,8000,3199200
CASE-2026-NW-04341,Selangor,Building,Suburban,Freehold,393,182,11,789000,118400,8000,915400
CASE-2026-NW-04342,Selangor,Industry,Rural,Leasehold,15351,12862,12,26207000,3931000,8000,30146000
CASE-2026-NW-04343,Kelantan,Agriculture,Suburban,Freehold,8887,2906,30,1381000,207200,8000,1596200
CASE-2026-NW-04344,Pahang,Building,Urban,Leasehold,2034,617,15,2022000,303300,8000,2333300
CASE-2026-NW-04345,Wilayah Persekutuan Labuan,Building,Rural,Leasehold,194,138,21,291000,43600,8000,342600
CASE-2026-NW-04346,Perak,Building,Rural,Leasehold,1137,313,39,646000,96900,8000,750900
CASE-2026-NW-04347,Johor,Building,Urban,Leasehold,1484,408,32,1480000,222000,8000,1710000
CASE-2026-NW-04348,Melaka,Building,Suburban,Freehold,2140,1093,17,3061000,459200,8000,3528200
CASE-2026-NW-04349,Selangor,Agriculture,Rural,Freehold,14596,7313,17,4413000,662000,8000,5083000
CASE-2026-NW-04350,Pulau Pinang,Agriculture,Rural,Leasehold,7445,1550,10,865000,129800,8000,1002800
CASE-2026-NW-04351,Perak,Building,Urban,Leasehold,378,307,25,811000,121600,8000,940600
CASE-2026-NW-04352,Selangor,Building,Rural,Freehold,601,314,28,937000,140600,8000,1085600
CASE-2026-NW-04353,Selangor,Building,Suburban,Freehold,2356,989,29,3756000,563400,8000,4327400
CASE-2026-NW-04354,Wilayah Persekutuan Kuala Lumpur,Industry,Rural,Freehold,9026,3097,24,8299000,1244800,8000,9551800
CASE-2026-NW-04355,Pahang,Agriculture,Urban,Leasehold,9662,3512,7,2187000,328000,8000,2523000
CASE-2026-NW-04356,Terengganu,Agriculture,Rural,Freehold,5354,3691,29,1355000,203200,8000,1566200
CASE-2026-NW-04357,Selangor,Industry,Urban,Leasehold,23530,16457,28,49599000,7439800,8000,57046800
CASE-2026-NW-04358,Kelantan,Building,Suburban,Malay Reserve,1099,883,38,1740000,261000,8000,2009000
CASE-2026-NW-04359,Pulau Pinang,Building,Rural,Leasehold,1285,945,4,3144000,471600,8000,3623600
CASE-2026-NW-04360,Negeri Sembilan,Building,Rural,Malay Reserve,1114,583,18,1234000,185100,8000,1427100
CASE-2026-NW-04361,Pahang,Agriculture,Rural,Malay Reserve,3045,2566,27,938000,140700,8000,1086700
CASE-2026-NW-04362,Selangor,Building,Urban,Freehold,2300,1233,32,4990000,748500,8000,5746500
CASE-2026-NW-04363,Pulau Pinang,Agriculture,Rural,Freehold,5573,4425,37,2354000,353100,8000,2715100
CASE-2026-NW-04364,Selangor,Industry,Urban,Malay Reserve,7138,5736,34,15401000,2310200,8000,17719200
CASE-2026-NW-04365,Johor,Building,Rural,Malay Reserve,2317,2184,32,4517000,677600,8000,5202600
CASE-2026-NW-04366,Perak,Agriculture,Urban,Leasehold,10257,6150,4,3405000,510800,8000,3923800
CASE-2026-NW-04367,Pahang,Building,Urban,Leasehold,2432,870,15,2906000,435900,8000,3349900
CASE-2026-NW-04368,Melaka,Building,Rural,Freehold,320,150,39,335000,50200,8000,393200
CASE-2026-NW-04369,Negeri Sembilan,Agriculture,Suburban,Freehold,18136,13055,15,8148000,1222200,8000,9378200
CASE-2026-NW-04370,Terengganu,Building,Rural,Leasehold,2156,1228,31,2253000,338000,8000,2599000
CASE-2026-NW-04371,Pulau Pinang,Building,Rural,Leasehold,1344,594,25,1936000,290400,8000,2234400
CASE-2026-NW-04372,Pulau Pinang,Building,Suburban,Leasehold,688,647,17,2124000,318600,8000,2450600
CASE-2026-NW-04373,Johor,Agriculture,Suburban,Freehold,9703,1965,17,1312000,196800,8000,1516800
CASE-2026-NW-04374,Kelantan,Building,Suburban,Freehold,2894,921,26,2305000,345800,8000,2658800
CASE-2026-NW-04375,Selangor,Building,Urban,Leasehold,2586,2125,25,8696000,1304400,8000,10008400
CASE-2026-NW-04376,Johor,Agriculture,Suburban,Freehold,5020,2885,14,1918000,287700,8000,2213700
CASE-2026-NW-04377,Sabah,Agriculture,Rural,Leasehold,7674,2682,21,1019000,152800,8000,1179800
CASE-2026-NW-04378,Kedah,Building,Suburban,Freehold,2731,2426,5,6318000,947700,8000,7273700
CASE-2026-NW-04379,Wilayah Persekutuan Kuala Lumpur,Building,Suburban,Leasehold,1106,816,31,3101000,465200,8000,3574200
CASE-2026-NW-04380,Wilayah Persekutuan Kuala Lumpur,Building,Urban,Freehold,2133,1061,37,5080000,762000,8000,5850000
CASE-2026-NW-04381,Selangor,Building,Rural,Leasehold,1183,797,19,2291000,343600,8000,2642600
CASE-2026-NW-04382,Wilayah Persekutuan Kuala Lumpur,Industry,Urban,Freehold,4269,1327,13,5178000,776700,8000,5962700
CASE-2026-NW-04383,Sabah,Agriculture,Urban,Leasehold,8820,4454,30,2226000,333900,8000,2567900
CASE-2026-NW-04384,Selangor,Agriculture,Suburban,Freehold,16668,12179,38,8249000,1237400,8000,9494400
CASE-2026-NW-04385,Sabah,Building,Suburban,Freehold,1272,839,17,2407000,361000,8000,2776000
CASE-2026-NW-04386,Terengganu,Industry,Suburban,Freehold,15479,11391,9,21224000,3183600,8000,24415600
CASE-2026-NW-04387,Perak,Building,Urban,Freehold,2040,1538,22,4414000,662100,8000,5084100
CASE-2026-NW-04388,Negeri Sembilan,Building,Urban,Freehold,914,780,16,2754000,413100,8000,3175100
CASE-2026-NW-04389,Negeri Sembilan,Agriculture,Suburban,Leasehold,2756,2309,2,1333000,200000,8000,1541000
CASE-2026-NW-04390,Melaka,Agriculture,Urban,Freehold,7222,4483,13,2986000,447900,8000,3441900
CASE-2026-NW-04391,Wilayah Persekutuan Kuala Lumpur,Building,Rural,Freehold,1685,869,11,3107000,466000,8000,3581000
CASE-2026-NW-04392,Johor,Agriculture,Rural,Malay Reserve,7817,2597,36,1191000,178600,8000,1377600
CASE-2026-NW-04393,Pahang,Agriculture,Urban,Freehold,10952,7258,29,3885000,582800,8000,4475800
CASE-2026-NW-04394,Johor,Building,Rural,Malay Reserve,2983,1730,27,3966000,594900,8000,4568900
CASE-2026-NW-04395,Melaka,Building,Suburban,Freehold,723,291,19,813000,122000,8000,943000
CASE-2026-NW-04396,Kelantan,Building,Rural,Malay Reserve,778,542,33,1022000,153300,8000,1183300
CASE-2026-NW-04397,Negeri Sembilan,Building,Suburban,Leasehold,2805,905,31,2694000,404100,8000,3106100
CASE-2026-NW-04398,Pulau Pinang,Agriculture,Rural,Leasehold,5278,4689,18,2225000,333800,8000,2566800
CASE-2026-NW-04399,Perak,Building,Urban,Freehold,2144,1480,20,4526000,678900,8000,5212900
CASE-2026-NW-04400,Selangor,Agriculture,Rural,Freehold,3827,1654,14,1046000,156900,8000,1210900
CASE-2026-NW-04401,Johor,Building,Suburban,Freehold,1006,555,33,1664000,249600,8000,1921600
CASE-2026-NW-04402,Negeri Sembilan,Industry,Rural,Malay Reserve,4619,2240,12,3796000,569400,8000,4373400
CASE-2026-NW-04403,Pulau Pinang,Building,Suburban,Freehold,1618,1452,26,4494000,674100,8000,5176100
CASE-2026-NW-04404,Selangor,Industry,Urban,Freehold,16666,11223,32,33502000,5025300,8000,38535300
CASE-2026-NW-04405,Kelantan,Agriculture,Suburban,Malay Reserve,9144,7009,9,2602000,390300,8000,3000300
CASE-2026-NW-04406,Negeri Sembilan,Building,Rural,Freehold,251,193,17,488000,73200,8000,569200
CASE-2026-NW-04407,Pulau Pinang,Building,Suburban,Leasehold,1840,726,39,2407000,361000,8000,2776000
CASE-2026-NW-04408,Johor,Building,Urban,Freehold,2703,2127,27,7339000,1100800,8000,8447800
CASE-2026-NW-04409,Pahang,Building,Rural,Leasehold,2284,2079,23,3994000,599100,8000,4601100
CASE-2026-NW-04410,Wilayah Persekutuan Kuala Lumpur,Building,Rural,Leasehold,1244,619,29,1900000,285000,8000,2193000
CASE-2026-NW-04411,Sabah,Industry,Urban,Freehold,10009,8483,18,20162000,3024300,8000,23194300
CASE-2026-NW-04412,Selangor,Building,Suburban,Freehold,695,430,2,1794000,269100,8000,2071100
CASE-2026-NW-04413,Kedah,Agriculture,Urban,Freehold,19835,16919,16,8940000,1341000,8000,10289000
CASE-2026-NW-04414,Johor,Building,Urban,Freehold,245,61,13,277000,41600,8000,326600
CASE-2026-NW-04415,Selangor,Industry,Urban,Leasehold,5495,1990,13,6351000,952600,8000,7311600
CASE-2026-NW-04416,Selangor,Building,Suburban,Freehold,1398,990,1,4149000,622400,8000,4779400
CASE-2026-NW-04417,Johor,Building,Suburban,Leasehold,1868,1464,27,3761000,564200,8000,4333200
CASE-2026-NW-04418,Wilayah Persekutuan Kuala Lumpur,Building,Suburban,Leasehold,2309,989,14,4269000,640400,8000,4917400
CASE-2026-NW-04419,Pulau Pinang,Agriculture,Suburban,Freehold,10879,4321,36,3019000,452800,8000,3479800
CASE-2026-NW-04420,Perlis,Industry,Suburban,Malay Reserve,21563,18145,14,31691000,4753600,8000,36452600
CASE-2026-NW-04421,Melaka,Industry,Rural,Leasehold,9166,6130,16,12184000,1827600,8000,14019600
CASE-2026-NW-04422,Wilayah Persekutuan Labuan,Industry,Suburban,Malay Reserve,15964,11320,23,22504000,3375600,8000,25887600
CASE-2026-NW-04423,Pulau Pinang,Agriculture,Suburban,Freehold,5493,2108,33,1514000,227100,8000,1749100
CASE-2026-NW-04424,Selangor,Building,Urban,Freehold,2981,1079,38,4450000,667500,8000,5125500
CASE-2026-NW-04425,Sabah,Building,Suburban,Leasehold,1059,969,32,2241000,336200,8000,2585200
CASE-2026-NW-04426,Kelantan,Building,Rural,Malay Reserve,830,651,6,1620000,243000,8000,1871000
CASE-2026-NW-04427,Perak,Building,Urban,Freehold,2866,1934,9,6416000,962400,8000,7386400
CASE-2026-NW-04428,Wilayah Persekutuan Kuala Lumpur,Agriculture,Urban,Freehold,5184,3270,7,3514000,527100,8000,4049100
CASE-2026-NW-04429,Selangor,Building,Suburban,Leasehold,625,191,7,844000,126600,8000,978600
CASE-2026-NW-04430,Wilayah Persekutuan Kuala Lumpur,Industry,Suburban,Leasehold,12305,7803,1,25723000,3858400,8000,29589400
CASE-2026-NW-04431,Selangor,Building,Rural,Freehold,797,328,11,1167000,175000,8000,1350000
CASE-2026-NW-04432,Terengganu,Industry,Rural,Freehold,3718,3026,4,5426000,813900,8000,6247900
CASE-2026-NW-04433,Pulau Pinang,Agriculture,Suburban,Freehold,14378,6092,4,4304000,645600,8000,4957600
CASE-2026-NW-04434,Negeri Sembilan,Building,Rural,Freehold,2793,1065,36,2373000,356000,8000,2737000
CASE-2026-NW-04435,Sarawak,Building,Urban,Leasehold,2197,1065,24,3494000,524100,8000,4026100
CASE-2026-NW-04436,Johor,Building,Urban,Leasehold,1322,687,29,2172000,325800,8000,2505800
CASE-2026-NW-04437,Sarawak,Building,Suburban,Leasehold,2445,1312,12,3658000,548700,8000,4214700
CASE-2026-NW-04438,Selangor,Agriculture,Suburban,Leasehold,18079,10684,29,6978000,1046700,8000,8032700
CASE-2026-NW-04439,Pulau Pinang,Agriculture,Suburban,Leasehold,15289,4058,1,2783000,417400,8000,3208400
CASE-2026-NW-04440,Terengganu,Building,Urban,Leasehold,2160,1602,26,4614000,692100,8000,5314100
CASE-2026-NW-04441,Pulau Pinang,Agriculture,Suburban,Leasehold,4771,2367,38,1495000,224200,8000,1727200
CASE-2026-NW-04442,Perak,Industry,Rural,Leasehold,1916,1162,34,1646000,246900,8000,1900900
CASE-2026-NW-04443,Sarawak,Building,Urban,Leasehold,762,392,16,1104000,165600,8000,1277600
CASE-2026-NW-04444,Perak,Agriculture,Suburban,Leasehold,9035,4263,22,2059000,308800,8000,2375800
CASE-2026-NW-04445,Selangor,Building,Rural,Leasehold,1161,392,34,1103000,165400,8000,1276400
CASE-2026-NW-04446,Selangor,Industry,Suburban,Freehold,13500,5295,25,14845000,2226800,8000,17079800
CASE-2026-NW-04447,Selangor,Building,Urban,Freehold,188,112,26,491000,73600,8000,572600
CASE-2026-NW-04448,Negeri Sembilan,Building,Suburban,Freehold,241,163,36,378000,56700,8000,442700
CASE-2026-NW-04449,Pulau Pinang,Building,Urban,Freehold,1843,1555,29,6172000,925800,8000,7105800
CASE-2026-NW-04450,Negeri Sembilan,Building,Suburban,Freehold,586,333,38,840000,126000,8000,974000
CASE-2026-NW-04451,Terengganu,Building,Suburban,Leasehold,223,190,11,527000,79000,8000,614000
CASE-2026-NW-04452,Melaka,Agriculture,Rural,Freehold,3451,2432,3,1092000,163800,8000,1263800
CASE-2026-NW-04453,Pahang,Agriculture,Suburban,Leasehold,14906,9953,28,4675000,701200,8000,5384200
CASE-2026-NW-04454,Pulau Pinang,Industry,Rural,Freehold,24984,14310,4,34877000,5231600,8000,40116600
CASE-2026-NW-04455,Selangor,Building,Rural,Leasehold,2799,2599,26,7207000,1081000,8000,8296000
CASE-2026-NW-04456,Johor,Building,Urban,Leasehold,949,812,35,2318000,347700,8000,2673700
CASE-2026-NW-04457,Negeri Sembilan,Building,Suburban,Malay Reserve,1447,515,18,1421000,213200,8000,1642200
CASE-2026-NW-04458,Kedah,Agriculture,Suburban,Leasehold,3373,1885,13,938000,140700,8000,1086700
CASE-2026-NW-04459,Johor,Industry,Suburban,Freehold,7384,2054,30,4727000,709000,8000,5444000
CASE-2026-NW-04460,Pahang,Building,Urban,Freehold,1160,703,29,2004000,300600,8000,2312600
CASE-2026-NW-04461,Selangor,Building,Suburban,Freehold,1639,1176,31,3806000,570900,8000,4384900
CASE-2026-NW-04462,Wilayah Persekutuan Kuala Lumpur,Building,Suburban,Freehold,1733,973,38,3540000,531000,8000,4079000
CASE-2026-NW-04463,Terengganu,Agriculture,Rural,Freehold,16602,12888,6,4903000,735400,8000,5646400
CASE-2026-NW-04464,Pahang,Agriculture,Urban,Leasehold,13431,10925,10,5916000,887400,8000,6811400
CASE-2026-NW-04465,Kelantan,Building,Urban,Freehold,1959,1660,19,4847000,727000,8000,5582000
CASE-2026-NW-04466,Selangor,Agriculture,Suburban,Leasehold,2482,854,7,653000,98000,8000,759000
CASE-2026-NW-04467,Kedah,Building,Suburban,Leasehold,471,142,30,360000,54000,8000,422000
CASE-2026-NW-04468,Wilayah Persekutuan Labuan,Agriculture,Rural,Leasehold,18702,4456,38,1853000,278000,8000,2139000
CASE-2026-NW-04469,Selangor,Building,Urban,Leasehold,2949,2122,32,8565000,1284800,8000,9857800
CASE-2026-NW-04470,Selangor,Agriculture,Suburban,Freehold,14858,10323,10,7750000,1162500,8000,8920500
CASE-2026-NW-04471,Johor,Building,Rural,Freehold,268,146,7,382000,57300,8000,447300
CASE-2026-NW-04472,Pulau Pinang,Building,Urban,Freehold,1171,736,10,3366000,504900,8000,3878900
CASE-2026-NW-04473,Kedah,Agriculture,Urban,Freehold,5606,4561,2,2510000,376500,8000,2894500
CASE-2026-NW-04474,Johor,Agriculture,Urban,Leasehold,4443,2339,36,1635000,245200,8000,1888200
CASE-2026-NW-04475,Pulau Pinang,Building,Urban,Freehold,1130,1065,17,4272000,640800,8000,4920800
CASE-2026-NW-04476,Sabah,Agriculture,Urban,Freehold,7650,4232,1,2753000,413000,8000,3174000
CASE-2026-NW-04477,Wilayah Persekutuan Putrajaya,Building,Suburban,Freehold,915,426,17,1816000,272400,8000,2096400
CASE-2026-NW-04478,Johor,Building,Suburban,Freehold,2710,2370,13,7216000,1082400,8000,8306400
CASE-2026-NW-04479,Kelantan,Building,Suburban,Freehold,1151,957,32,2184000,327600,8000,2519600
CASE-2026-NW-04480,Wilayah Persekutuan Kuala Lumpur,Agriculture,Urban,Leasehold,5293,2054,1,2126000,318900,8000,2452900
CASE-2026-NW-04481,Kedah,Agriculture,Urban,Freehold,8614,7067,6,4226000,633900,8000,4867900
CASE-2026-NW-04482,Selangor,Building,Suburban,Freehold,1913,1289,16,4962000,744300,8000,5714300
CASE-2026-NW-04483,Kedah,Building,Urban,Leasehold,342,319,35,781000,117200,8000,906200
CASE-2026-NW-04484,Selangor,Building,Urban,Leasehold,313,117,2,584000,87600,8000,679600
CASE-2026-NW-04485,Negeri Sembilan,Building,Rural,Malay Reserve,2926,2261,1,5005000,750800,8000,5763800
CASE-2026-NW-04486,Melaka,Building,Urban,Leasehold,1967,652,38,2035000,305200,8000,2348200
CASE-2026-NW-04487,Melaka,Agriculture,Rural,Leasehold,12099,7306,1,3166000,474900,8000,3648900
CASE-2026-NW-04488,Negeri Sembilan,Industry,Suburban,Freehold,8905,3041,16,7525000,1128800,8000,8661800
CASE-2026-NW-04489,Wilayah Persekutuan Kuala Lumpur,Agriculture,Rural,Leasehold,13772,6856,19,4550000,682500,8000,5240500
CASE-2026-NW-04490,Pulau Pinang,Industry,Urban,Freehold,22849,6651,11,25285000,3792800,8000,29085800
CASE-2026-NW-04491,Perak,Agriculture,Rural,Freehold,13550,10377,30,4171000,625600,8000,4804600
CASE-2026-NW-04492,Pahang,Agriculture,Rural,Freehold,10485,5049,2,2317000,347600,8000,2672600
CASE-2026-NW-04493,Kelantan,Agriculture,Suburban,Leasehold,10253,7933,27,3040000,456000,8000,3504000
CASE-2026-NW-04494,Selangor,Agriculture,Suburban,Leasehold,19504,5463,0,4054000,608100,8000,4670100
CASE-2026-NW-04495,Johor,Building,Suburban,Leasehold,1561,1008,23,3276000,491400,8000,3775400
CASE-2026-NW-04496,Kedah,Building,Rural,Leasehold,2304,1595,33,3143000,471400,8000,3622400
CASE-2026-NW-04497,Kelantan,Building,Rural,Leasehold,481,129,9,363000,54400,8000,425400
CASE-2026-NW-04498,Perak,Agriculture,Suburban,Freehold,15330,6681,11,3321000,498200,8000,3827200
CASE-2026-NW-04499,Wilayah Persekutuan Kuala Lumpur,Industry,Suburban,Malay Reserve,21624,14009,28,39226000,5883900,8000,45117900
CASE-2026-NW-04500,Perlis,Agriculture,Rural,Leasehold,13503,7704,16,2839000,425800,8000,3272800
CASE-2026-NW-04501,Selangor,Building,Urban,Freehold,2227,1124,16,5585000,837800,8000,6430800
CASE-2026-NW-04502,Negeri Sembilan,Building,Urban,Freehold,344,118,32,398000,59700,8000,465700
CASE-2026-NW-04503,Kedah,Building,Suburban,Leasehold,2874,2126,24,4825000,723800,8000,5556800
CASE-2026-NW-04504,Pulau Pinang,Building,Suburban,Freehold,1617,553,18,2027000,304000,8000,2339000
CASE-2026-NW-04505,Johor,Building,Rural,Leasehold,2351,1865,38,4192000,628800,8000,4828800
CASE-2026-NW-04506,Kedah,Agriculture,Urban,Leasehold,10802,9092,26,4258000,638700,8000,4904700
CASE-2026-NW-04507,Melaka,Agriculture,Rural,Freehold,9141,4624,20,1932000,289800,8000,2229800
CASE-2026-NW-04508,Wilayah Persekutuan Kuala Lumpur,Agriculture,Urban,Freehold,18285,14539,17,13174000,1976100,8000,15158100
CASE-2026-NW-04509,Wilayah Persekutuan Labuan,Building,Suburban,Leasehold,1971,1344,33,3174000,476100,8000,3658100
CASE-2026-NW-04510,Sabah,Agriculture,Urban,Freehold,5308,1556,33,956000,143400,8000,1107400
CASE-2026-NW-04511,Perlis,Building,Suburban,Freehold,1192,1127,20,2941000,441200,8000,3390200
CASE-2026-NW-04512,Selangor,Building,Suburban,Leasehold,1625,1141,32,3790000,568500,8000,4366500
CASE-2026-NW-04513,Johor,Agriculture,Urban,Freehold,18934,15093,21,10240000,1536000,8000,11784000
CASE-2026-NW-04514,Pulau Pinang,Industry,Suburban,Freehold,1427,449,33,1205000,180800,8000,1393800
CASE-2026-NW-04515,Wilayah Persekutuan Kuala Lumpur,Building,Rural,Freehold,2928,1238,14,4754000,713100,8000,5475100
CASE-2026-NW-04516,Melaka,Agriculture,Suburban,Freehold,12202,9244,8,5330000,799500,8000,6137500
CASE-2026-NW-04517,Perak,Building,Rural,Leasehold,591,155,19,356000,53400,8000,417400
CASE-2026-NW-04518,Melaka,Agriculture,Urban,Leasehold,18920,8288,37,5284000,792600,8000,6084600
CASE-2026-NW-04519,Sabah,Building,Urban,Freehold,783,296,28,1022000,153300,8000,1183300
CASE-2026-NW-04520,Selangor,Agriculture,Urban,Freehold,5998,4719,16,3504000,525600,8000,4037600
CASE-2026-NW-04521,Johor,Building,Suburban,Freehold,1886,1730,32,4811000,721600,8000,5540600
CASE-2026-NW-04522,Negeri Sembilan,Building,Suburban,Leasehold,2724,1657,7,5109000,766400,8000,5883400
CASE-2026-NW-04523,Terengganu,Agriculture,Urban,Leasehold,18623,16146,14,7050000,1057500,8000,8115500
CASE-2026-NW-04524,Johor,Building,Urban,Freehold,2439,825,36,3118000,467700,8000,3593700
CASE-2026-NW-04525,Sarawak,Building,Rural,Leasehold,1169,358,16,886000,132900,8000,1026900
CASE-2026-NW-04526,Negeri Sembilan,Building,Suburban,Malay Reserve,741,512,16,1556000,233400,8000,1797400
CASE-2026-NW-04527,Wilayah Persekutuan Kuala Lumpur,Agriculture,Rural,Leasehold,5616,4140,16,2323000,348400,8000,2679400
CASE-2026-NW-04528,Johor,Industry,Suburban,Freehold,12115,9364,32,22547000,3382000,8000,25937000
CASE-2026-NW-04529,Sabah,Building,Urban,Leasehold,1619,547,39,1597000,239600,8000,1844600
CASE-2026-NW-04530,Johor,Building,Suburban,Freehold,568,266,6,1103000,165400,8000,1276400
CASE-2026-NW-04531,Wilayah Persekutuan Kuala Lumpur,Industry,Suburban,Freehold,22382,8778,22,29587000,4438000,8000,34033000
CASE-2026-NW-04532,Selangor,Agriculture,Urban,Freehold,17101,5976,10,5792000,868800,8000,6668800
CASE-2026-NW-04533,Johor,Industry,Urban,Freehold,9073,4714,34,12062000,1809300,8000,13879300
CASE-2026-NW-04534,Pulau Pinang,Agriculture,Urban,Freehold,12949,10071,27,8052000,1207800,8000,9267800
CASE-2026-NW-04535,Selangor,Agriculture,Suburban,Leasehold,13882,6616,39,4411000,661600,8000,5080600
CASE-2026-NW-04536,Selangor,Building,Urban,Leasehold,1544,1423,30,5282000,792300,8000,6082300
CASE-2026-NW-04537,Terengganu,Agriculture,Suburban,Freehold,2066,881,22,424000,63600,8000,495600
CASE-2026-NW-04538,Wilayah Persekutuan Kuala Lumpur,Building,Suburban,Malay Reserve,2874,991,3,4261000,639200,8000,4908200
CASE-2026-NW-04539,Sabah,Building,Urban,Leasehold,1199,589,4,1920000,288000,8000,2216000
CASE-2026-NW-04540,Negeri Sembilan,Building,Suburban,Freehold,438,151,13,442000,66300,8000,516300
CASE-2026-NW-04541,Negeri Sembilan,Agriculture,Rural,Freehold,4645,2230,8,1175000,176200,8000,1359200
CASE-2026-NW-04542,Pahang,Building,Suburban,Leasehold,2564,1980,30,4088000,613200,8000,4709200
CASE-2026-NW-04543,Perak,Building,Rural,Freehold,321,182,35,355000,53200,8000,416200
CASE-2026-NW-04544,Negeri Sembilan,Building,Suburban,Freehold,2923,949,18,2837000,425600,8000,3270600
CASE-2026-NW-04545,Melaka,Building,Suburban,Freehold,2176,560,15,1753000,263000,8000,2024000
CASE-2026-NW-04546,Selangor,Agriculture,Rural,Freehold,15534,4259,17,2738000,410700,8000,3156700
CASE-2026-NW-04547,Pahang,Building,Suburban,Leasehold,1169,520,22,1488000,223200,8000,1719200
CASE-2026-NW-04548,Selangor,Building,Urban,Freehold,1106,445,15,1891000,283600,8000,2182600
CASE-2026-NW-04549,Perak,Building,Urban,Leasehold,1101,421,13,1152000,172800,8000,1332800
CASE-2026-NW-04550,Negeri Sembilan,Agriculture,Suburban,Freehold,11046,6063,27,3157000,473600,8000,3638600
CASE-2026-NW-04551,Melaka,Building,Urban,Freehold,2215,744,14,3018000,452700,8000,3478700
CASE-2026-NW-04552,Sabah,Building,Suburban,Leasehold,1780,717,11,2336000,350400,8000,2694400
CASE-2026-NW-04553,Melaka,Agriculture,Suburban,Freehold,5110,3028,14,1715000,257200,8000,1980200
CASE-2026-NW-04554,Perak,Agriculture,Rural,Freehold,19935,6856,1,3537000,530600,8000,4075600
CASE-2026-NW-04555,Melaka,Building,Suburban,Freehold,506,248,19,749000,112400,8000,869400
CASE-2026-NW-04556,Perak,Agriculture,Urban,Leasehold,18819,4408,8,2797000,419600,8000,3224600
CASE-2026-NW-04557,Johor,Building,Suburban,Malay Reserve,2373,2154,15,7125000,1068800,8000,8201800
CASE-2026-NW-04558,Selangor,Building,Urban,Freehold,2429,1386,18,6192000,928800,8000,7128800
CASE-2026-NW-04559,Selangor,Building,Suburban,Leasehold,2405,1891,28,6090000,913500,8000,7011500
CASE-2026-NW-04560,Selangor,Building,Suburban,Freehold,654,507,10,1867000,280000,8000,2155000
CASE-2026-NW-04561,Selangor,Building,Urban,Leasehold,1004,494,15,1940000,291000,8000,2239000
CASE-2026-NW-04562,Wilayah Persekutuan Putrajaya,Building,Rural,Leasehold,1235,1162,3,3143000,471400,8000,3622400
CASE-2026-NW-04563,Wilayah Persekutuan Kuala Lumpur,Agriculture,Suburban,Freehold,18331,7626,10,6933000,1040000,8000,7981000
CASE-2026-NW-04564,Selangor,Building,Urban,Leasehold,580,479,39,1719000,257800,8000,1984800
CASE-2026-NW-04565,Selangor,Building,Suburban,Leasehold,222,76,26,270000,40500,8000,318500
CASE-2026-NW-04566,Terengganu,Agriculture,Suburban,Leasehold,15433,12846,39,4865000,729800,8000,5602800
CASE-2026-NW-04567,Pulau Pinang,Agriculture,Urban,Freehold,2433,1210,30,974000,146100,8000,1128100
CASE-2026-NW-04568,Perak,Building,Urban,Freehold,2849,1645,29,5059000,758800,8000,5825800
CASE-2026-NW-04569,Selangor,Agriculture,Suburban,Leasehold,18310,5001,5,4240000,636000,8000,4884000
CASE-2026-NW-04570,Wilayah Persekutuan Putrajaya,Industry,Suburban,Freehold,1560,661,5,1983000,297400,8000,2288400
CASE-2026-NW-04571,Perak,Agriculture,Suburban,Freehold,8659,7677,8,3808000,571200,8000,4387200
CASE-2026-NW-04572,Pulau Pinang,Agriculture,Rural,Leasehold,9815,7535,8,3734000,560100,8000,4302100
CASE-2026-NW-04573,Kedah,Agriculture,Suburban,Leasehold,8883,5030,39,2084000,312600,8000,2404600
CASE-2026-NW-04574,Negeri Sembilan,Building,Suburban,Freehold,1713,1114,36,2889000,433400,8000,3330400
CASE-2026-NW-04575,Johor,Agriculture,Suburban,Leasehold,2170,679,19,410000,61500,8000,479500
CASE-2026-NW-04576,Johor,Building,Rural,Leasehold,1648,1207,12,3159000,473800,8000,3640800
CASE-2026-NW-04577,Selangor,Agriculture,Urban,Freehold,6204,4248,19,3579000,536800,8000,4123800
CASE-2026-NW-04578,Pulau Pinang,Agriculture,Urban,Leasehold,18187,12560,28,9392000,1408800,8000,10808800
CASE-2026-NW-04579,Kelantan,Industry,Rural,Leasehold,13261,11902,20,18709000,2806400,8000,21523400
CASE-2026-NW-04580,Pulau Pinang,Industry,Rural,Freehold,22075,16455,7,42155000,6323200,8000,48486200
CASE-2026-NW-04581,Wilayah Persekutuan Labuan,Agriculture,Suburban,Freehold,16030,5346,8,3419000,512800,8000,3939800
CASE-2026-NW-04582,Pahang,Agriculture,Urban,Freehold,16417,6693,9,4104000,615600,8000,4727600
CASE-2026-NW-04583,Sarawak,Agriculture,Rural,Freehold,6837,2670,39,1128000,169200,8000,1305200
CASE-2026-NW-04584,Pulau Pinang,Agriculture,Urban,Freehold,12650,7616,18,6276000,941400,8000,7225400
CASE-2026-NW-04585,Kedah,Agriculture,Suburban,Freehold,16675,5077,19,2725000,408800,8000,3141800
CASE-2026-NW-04586,Selangor,Agriculture,Suburban,Freehold,6034,4439,14,3140000,471000,8000,3619000
CASE-2026-NW-04587,Wilayah Persekutuan Kuala Lumpur,Building,Suburban,Leasehold,2268,1500,8,5953000,893000,8000,6854000
CASE-2026-NW-04588,Wilayah Persekutuan Kuala Lumpur,Building,Urban,Freehold,2709,1908,26,8941000,1341200,8000,10290200
CASE-2026-NW-04589,Melaka,Industry,Suburban,Freehold,13597,5979,33,11940000,1791000,8000,13739000
CASE-2026-NW-04590,Selangor,Agriculture,Suburban,Malay Reserve,7489,5224,19,3496000,524400,8000,4028400
CASE-2026-NW-04591,Perak,Building,Urban,Leasehold,1529,1050,27,2781000,417200,8000,3206200
CASE-2026-NW-04592,Johor,Agriculture,Urban,Freehold,8980,5118,0,4058000,608700,8000,4674700
CASE-2026-NW-04593,Kedah,Building,Rural,Malay Reserve,1717,518,34,1072000,160800,8000,1240800
CASE-2026-NW-04594,Johor,Industry,Suburban,Freehold,15664,7770,15,20413000,3062000,8000,23483000
CASE-2026-NW-04595,Wilayah Persekutuan Kuala Lumpur,Agriculture,Urban,Freehold,4487,1227,21,1299000,194800,8000,1501800
CASE-2026-NW-04596,Melaka,Building,Rural,Freehold,2005,1420,8,3977000,596600,8000,4581600
CASE-2026-NW-04597,Wilayah Persekutuan Kuala Lumpur,Building,Suburban,Freehold,2961,2689,28,9704000,1455600,8000,11167600
CASE-2026-NW-04598,Selangor,Building,Suburban,Leasehold,1287,907,13,3800000,570000,8000,4378000
CASE-2026-NW-04599,Selangor,Agriculture,Suburban,Leasehold,7139,5164,1,3378000,506700,8000,3892700
CASE-2026-NW-04600,Selangor,Agriculture,Suburban,Freehold,5283,2477,3,1983000,297400,8000,2288400
CASE-2026-NW-04601,Perlis,Agriculture,Suburban,Leasehold,8381,3648,2,1708000,256200,8000,1972200
CASE-2026-NW-04602,Melaka,Building,Urban,Freehold,2558,2048,2,8218000,1232700,8000,9458700
CASE-2026-NW-04603,Perak,Building,Urban,Leasehold,897,739,31,1736000,260400,8000,2004400
CASE-2026-NW-04604,Melaka,Building,Urban,Freehold,601,450,11,1699000,254800,8000,1961800
CASE-2026-NW-04605,Pulau Pinang,Building,Suburban,Freehold,707,239,5,1047000,157000,8000,1212000
CASE-2026-NW-04606,Johor,Agriculture,Rural,Freehold,4082,2672,38,1240000,186000,8000,1434000
CASE-2026-NW-04607,Selangor,Agriculture,Suburban,Leasehold,2396,1493,14,1054000,158100,8000,1220100
CASE-2026-NW-04608,Melaka,Industry,Urban,Leasehold,6335,1699,17,4870000,730500,8000,5608500
CASE-2026-NW-04609,Selangor,Agriculture,Rural,Leasehold,16028,5519,30,3479000,521800,8000,4008800
CASE-2026-NW-04610,Pahang,Agriculture,Suburban,Freehold,5748,4928,27,2270000,340500,8000,2618500
CASE-2026-NW-04611,Pulau Pinang,Building,Suburban,Freehold,2204,1449,4,5694000,854100,8000,6556100
CASE-2026-NW-04612,Selangor,Building,Urban,Freehold,869,422,16,1972000,295800,8000,2275800
CASE-2026-NW-04613,Johor,Agriculture,Suburban,Freehold,13718,3715,20,2466000,369900,8000,2843900
CASE-2026-NW-04614,Terengganu,Agriculture,Suburban,Freehold,3279,1857,8,803000,120400,8000,931400
CASE-2026-NW-04615,Selangor,Building,Suburban,Leasehold,741,441,37,1504000,225600,8000,1737600
CASE-2026-NW-04616,Sarawak,Agriculture,Rural,Leasehold,15420,8394,24,3188000,478200,8000,3674200
CASE-2026-NW-04617,Johor,Agriculture,Suburban,Leasehold,13051,2757,25,1581000,237200,8000,1826200
CASE-2026-NW-04618,Pahang,Building,Urban,Freehold,2810,1910,12,5601000,840200,8000,6449200
CASE-2026-NW-04619,Johor,Building,Rural,Freehold,1622,494,34,1440000,216000,8000,1664000
CASE-2026-NW-04620,Selangor,Agriculture,Urban,Freehold,7682,3473,25,3233000,485000,8000,3726000
CASE-2026-NW-04621,Pulau Pinang,Building,Suburban,Freehold,2364,774,6,3297000,494600,8000,3799600
CASE-2026-NW-04622,Selangor,Agriculture,Rural,Freehold,2120,1806,28,1052000,157800,8000,1217800
CASE-2026-NW-04623,Pulau Pinang,Building,Urban,Freehold,1905,741,32,3407000,511000,8000,3926000
CASE-2026-NW-04624,Johor,Industry,Urban,Leasehold,2698,1583,26,3883000,582400,8000,4473400
CASE-2026-NW-04625,Selangor,Building,Urban,Leasehold,462,337,12,1578000,236700,8000,1822700
CASE-2026-NW-04626,Pulau Pinang,Building,Urban,Leasehold,2425,1171,39,4497000,674600,8000,5179600
CASE-2026-NW-04627,Johor,Industry,Rural,Freehold,13897,6831,28,12133000,1820000,8000,13961000
CASE-2026-NW-04628,Terengganu,Agriculture,Urban,Freehold,19613,4069,15,2345000,351800,8000,2704800
CASE-2026-NW-04629,Melaka,Building,Suburban,Freehold,162,73,4,240000,36000,8000,284000
CASE-2026-NW-04630,Negeri Sembilan,Agriculture,Suburban,Leasehold,15411,10488,9,4894000,734100,8000,5636100
CASE-2026-NW-04631,Selangor,Industry,Suburban,Freehold,23314,18133,7,52651000,7897600,8000,60556600
CASE-2026-NW-04632,Wilayah Persekutuan Kuala Lumpur,Building,Suburban,Leasehold,629,161,13,679000,101800,8000,788800
CASE-2026-NW-04633,Kelantan,Building,Urban,Leasehold,2949,929,10,2694000,404100,8000,3106100
CASE-2026-NW-04634,Wilayah Persekutuan Labuan,Industry,Urban,Freehold,12094,8230,1,21180000,3177000,8000,24365000
CASE-2026-NW-04635,Perak,Building,Rural,Freehold,1530,801,28,1676000,251400,8000,1935400
CASE-2026-NW-04636,Wilayah Persekutuan Kuala Lumpur,Building,Rural,Malay Reserve,2125,1436,5,4679000,701800,8000,5388800
CASE-2026-NW-04637,Wilayah Persekutuan Kuala Lumpur,Agriculture,Rural,Leasehold,10916,5299,4,3617000,542600,8000,4167600
CASE-2026-NW-04638,Negeri Sembilan,Building,Urban,Freehold,2924,964,13,3100000,465000,8000,3573000
CASE-2026-NW-04639,Selangor,Building,Urban,Freehold,2543,1723,28,7283000,1092400,8000,8383400
CASE-2026-NW-04640,Selangor,Building,Rural,Leasehold,1151,288,32,810000,121500,8000,939500
CASE-2026-NW-04641,Perak,Building,Urban,Leasehold,2156,1600,6,5511000,826600,8000,6345600
CASE-2026-NW-04642,Pulau Pinang,Building,Urban,Freehold,1022,742,17,2917000,437600,8000,3362600
CASE-2026-NW-04643,Johor,Building,Urban,Freehold,2269,1673,17,6423000,963400,8000,7394400
CASE-2026-NW-04644,Selangor,Building,Rural,Freehold,1936,1592,13,5042000,756300,8000,5806300
CASE-2026-NW-04645,Pahang,Agriculture,Suburban,Leasehold,14052,11463,12,4652000,697800,8000,5357800
CASE-2026-NW-04646,Terengganu,Industry,Urban,Leasehold,4235,2338,31,4656000,698400,8000,5362400
CASE-2026-NW-04647,Negeri Sembilan,Industry,Suburban,Leasehold,2033,1052,8,2310000,346500,8000,2664500
CASE-2026-NW-04648,Pulau Pinang,Industry,Suburban,Freehold,10663,7903,1,22633000,3395000,8000,26036000
CASE-2026-NW-04649,Pulau Pinang,Agriculture,Urban,Freehold,11399,9291,26,7530000,1129500,8000,8667500
CASE-2026-NW-04650,Wilayah Persekutuan Kuala Lumpur,Building,Suburban,Leasehold,2233,1558,7,6913000,1037000,8000,7958000
CASE-2026-NW-04651,Pulau Pinang,Agriculture,Suburban,Leasehold,4533,2093,1,1430000,214500,8000,1652500
CASE-2026-NW-04652,Perak,Building,Suburban,Malay Reserve,432,406,12,1000000,150000,8000,1158000
CASE-2026-NW-04653,Selangor,Agriculture,Urban,Leasehold,10078,8066,23,6361000,954200,8000,7323200
CASE-2026-NW-04654,Pahang,Building,Rural,Freehold,496,271,3,721000,108200,8000,837200
CASE-2026-NW-04655,Melaka,Building,Suburban,Leasehold,2112,1030,3,3192000,478800,8000,3678800
CASE-2026-NW-04656,Wilayah Persekutuan Kuala Lumpur,Agriculture,Rural,Freehold,2113,1086,29,669000,100400,8000,777400
CASE-2026-NW-04657,Selangor,Agriculture,Rural,Freehold,9226,2708,3,1923000,288400,8000,2219400
CASE-2026-NW-04658,Johor,Agriculture,Suburban,Malay Reserve,3319,2265,27,1122000,168300,8000,1298300
CASE-2026-NW-04659,Johor,Building,Rural,Freehold,2162,1929,22,5474000,821100,8000,6303100
CASE-2026-NW-04660,Selangor,Building,Urban,Malay Reserve,1409,475,30,2023000,303400,8000,2334400
CASE-2026-NW-04661,Selangor,Agriculture,Suburban,Leasehold,14649,6531,3,4894000,734100,8000,5636100
CASE-2026-NW-04662,Melaka,Building,Urban,Freehold,1155,815,13,2700000,405000,8000,3113000
CASE-2026-NW-04663,Melaka,Industry,Suburban,Leasehold,12790,7975,27,15435000,2315200,8000,17758200
CASE-2026-NW-04664,Kedah,Building,Suburban,Leasehold,593,174,35,384000,57600,8000,449600
CASE-2026-NW-04665,Wilayah Persekutuan Labuan,Agriculture,Urban,Leasehold,18511,14537,19,8377000,1256600,8000,9641600
CASE-2026-NW-04666,Selangor,Agriculture,Urban,Freehold,3751,2908,19,2427000,364000,8000,2799000
CASE-2026-NW-04667,Perak,Industry,Rural,Malay Reserve,8588,3241,23,4887000,733000,8000,5628000
CASE-2026-NW-04668,Selangor,Building,Urban,Freehold,1152,993,39,3825000,573800,8000,4406800
CASE-2026-NW-04669,Wilayah Persekutuan Kuala Lumpur,Agriculture,Urban,Freehold,18134,5908,34,6292000,943800,8000,7243800
CASE-2026-NW-04670,Pahang,Building,Rural,Freehold,2193,904,13,2479000,371800,8000,2858800
CASE-2026-NW-04671,Johor,Agriculture,Rural,Leasehold,2486,1006,26,518000,77700,8000,603700
CASE-2026-NW-04672,Kelantan,Building,Suburban,Freehold,957,850,35,1832000,274800,8000,2114800
CASE-2026-NW-04673,Wilayah Persekutuan Kuala Lumpur,Building,Urban,Leasehold,1286,1020,26,4448000,667200,8000,5123200
CASE-2026-NW-04674,Selangor,Agriculture,Suburban,Malay Reserve,14320,3173,3,2438000,365700,8000,2811700
CASE-2026-NW-04675,Selangor,Building,Urban,Malay Reserve,1725,557,37,2013000,302000,8000,2323000
CASE-2026-NW-04676,Sabah,Agriculture,Rural,Freehold,18687,6790,11,2958000,443700,8000,3409700
CASE-2026-NW-04677,Perak,Building,Suburban,Leasehold,230,113,20,299000,44800,8000,351800
CASE-2026-NW-04678,Pulau Pinang,Building,Urban,Leasehold,778,671,30,2360000,354000,8000,2722000
CASE-2026-NW-04679,Wilayah Persekutuan Kuala Lumpur,Building,Suburban,Leasehold,1939,1426,14,5300000,795000,8000,6103000
CASE-2026-NW-04680,Pulau Pinang,Building,Suburban,Leasehold,2091,1821,18,6194000,929100,8000,7131100
CASE-2026-NW-04681,Wilayah Persekutuan Putrajaya,Agriculture,Suburban,Freehold,8841,2806,14,1937000,290600,8000,2235600
CASE-2026-NW-04682,Kelantan,Agriculture,Rural,Leasehold,13270,7438,5,2562000,384300,8000,2954300
CASE-2026-NW-04683,Melaka,Agriculture,Urban,Freehold,16546,12288,26,7969000,1195400,8000,9172400
CASE-2026-NW-04684,Selangor,Building,Suburban,Leasehold,1816,1641,3,5422000,813300,8000,6243300
CASE-2026-NW-04685,Pahang,Agriculture,Suburban,Malay Reserve,3085,2462,33,1000000,150000,8000,1158000
CASE-2026-NW-04686,Selangor,Agriculture,Urban,Freehold,16554,8151,38,6751000,1012600,8000,7771600
CASE-2026-NW-04687,Kelantan,Building,Urban,Freehold,2603,2254,22,6145000,921800,8000,7074800
CASE-2026-NW-04688,Johor,Building,Suburban,Leasehold,517,228,8,778000,116700,8000,902700
CASE-2026-NW-04689,Selangor,Building,Urban,Leasehold,2369,872,31,3554000,533100,8000,4095100
CASE-2026-NW-04690,Wilayah Persekutuan Kuala Lumpur,Building,Urban,Freehold,777,554,15,2718000,407700,8000,3133700
CASE-2026-NW-04691,Pulau Pinang,Agriculture,Rural,Leasehold,5686,5026,34,2591000,388600,8000,2987600
CASE-2026-NW-04692,Pulau Pinang,Agriculture,Suburban,Malay Reserve,9368,7393,36,3882000,582300,8000,4472300
CASE-2026-NW-04693,Negeri Sembilan,Industry,Suburban,Leasehold,1736,1231,18,2367000,355000,8000,2730000
CASE-2026-NW-04694,Negeri Sembilan,Building,Urban,Freehold,684,225,5,802000,120300,8000,930300
CASE-2026-NW-04695,Johor,Agriculture,Urban,Leasehold,18411,6356,23,4554000,683100,8000,5245100
CASE-2026-NW-04696,Selangor,Building,Rural,Leasehold,1936,1452,30,4272000,640800,8000,4920800
CASE-2026-NW-04697,Kedah,Building,Urban,Leasehold,2749,1882,36,5215000,782200,8000,6005200
CASE-2026-NW-04698,Melaka,Agriculture,Suburban,Freehold,4925,4312,15,2330000,349500,8000,2687500
CASE-2026-NW-04699,Melaka,Building,Suburban,Leasehold,436,303,27,863000,129400,8000,1000400
CASE-2026-NW-04700,Negeri Sembilan,Building,Suburban,Leasehold,2614,883,10,2624000,393600,8000,3025600
CASE-2026-NW-04701,Johor,Industry,Suburban,Freehold,1184,377,31,931000,139600,8000,1078600
CASE-2026-NW-04702,Wilayah Persekutuan Kuala Lumpur,Agriculture,Urban,Freehold,11158,9427,33,8157000,1223600,8000,9388600
CASE-2026-NW-04703,Pulau Pinang,Building,Urban,Malay Reserve,1553,1383,35,4451000,667600,8000,5126600
CASE-2026-NW-04704,Wilayah Persekutuan Kuala Lumpur,Building,Suburban,Freehold,2338,889,9,4353000,653000,8000,5014000
CASE-2026-NW-04705,Wilayah Persekutuan Labuan,Agriculture,Urban,Leasehold,8069,4131,30,2473000,371000,8000,2852000
CASE-2026-NW-04706,Melaka,Agriculture,Urban,Freehold,12136,5699,8,4232000,634800,8000,4874800
CASE-2026-NW-04707,Selangor,Agriculture,Urban,Leasehold,11617,7541,13,6414000,962100,8000,7384100
CASE-2026-NW-04708,Melaka,Agriculture,Urban,Malay Reserve,19054,5276,2,3555000,533200,8000,4096200
CASE-2026-NW-04709,Wilayah Persekutuan Kuala Lumpur,Building,Rural,Leasehold,310,199,33,557000,83600,8000,648600
CASE-2026-NW-04710,Wilayah Persekutuan Kuala Lumpur,Industry,Rural,Freehold,7251,4244,6,11179000,1676800,8000,12863800
CASE-2026-NW-04711,Kedah,Industry,Suburban,Freehold,21753,13776,26,28003000,4200400,8000,32211400
CASE-2026-NW-04712,Kelantan,Agriculture,Suburban,Freehold,11397,6607,19,3016000,452400,8000,3476400
CASE-2026-NW-04713,Perlis,Building,Rural,Freehold,1798,802,12,1710000,256500,8000,1974500
CASE-2026-NW-04714,Selangor,Agriculture,Urban,Freehold,12979,8054,16,6701000,1005200,8000,7714200
CASE-2026-NW-04715,Kelantan,Agriculture,Urban,Freehold,8984,5685,13,3032000,454800,8000,3494800
CASE-2026-NW-04716,Kedah,Building,Urban,Leasehold,2108,1671,29,4217000,632600,8000,4857600
CASE-2026-NW-04717,Pulau Pinang,Agriculture,Urban,Leasehold,12952,5324,3,4356000,653400,8000,5017400
CASE-2026-NW-04718,Pahang,Building,Urban,Freehold,221,124,21,389000,58400,8000,455400
CASE-2026-NW-04719,Pulau Pinang,Building,Rural,Freehold,2754,1292,33,3610000,541500,8000,4159500
CASE-2026-NW-04720,Perak,Building,Suburban,Malay Reserve,596,401,7,1098000,164700,8000,1270700
CASE-2026-NW-04721,Selangor,Industry,Suburban,Freehold,23237,13538,21,40231000,6034600,8000,46273600
CASE-2026-NW-04722,Pulau Pinang,Building,Suburban,Malay Reserve,1340,885,23,2849000,427400,8000,3284400
CASE-2026-NW-04723,Pahang,Agriculture,Rural,Freehold,19009,3811,4,1627000,244000,8000,1879000
CASE-2026-NW-04724,Kedah,Industry,Urban,Leasehold,17161,8855,14,20446000,3066900,8000,23520900
CASE-2026-NW-04725,Selangor,Building,Rural,Malay Reserve,906,425,7,1388000,208200,8000,1604200
CASE-2026-NW-04726,Wilayah Persekutuan Kuala Lumpur,Building,Suburban,Freehold,240,220,18,820000,123000,8000,951000
CASE-2026-NW-04727,Wilayah Persekutuan Kuala Lumpur,Agriculture,Rural,Freehold,8989,3210,21,2258000,338700,8000,2604700
CASE-2026-NW-04728,Sarawak,Industry,Rural,Leasehold,19012,8635,18,15443000,2316400,8000,17767400
CASE-2026-NW-04729,Perak,Agriculture,Urban,Freehold,16027,8515,14,4835000,725200,8000,5568200
CASE-2026-NW-04730,Wilayah Persekutuan Labuan,Building,Suburban,Freehold,537,318,6,984000,147600,8000,1139600
CASE-2026-NW-04731,Perak,Building,Suburban,Leasehold,2464,678,23,1930000,289500,8000,2227500
CASE-2026-NW-04732,Wilayah Persekutuan Kuala Lumpur,Agriculture,Suburban,Freehold,13292,2699,1,2743000,411400,8000,3162400
CASE-2026-NW-04733,Wilayah Persekutuan Kuala Lumpur,Agriculture,Suburban,Leasehold,3877,2447,6,1829000,274400,8000,2111400
CASE-2026-NW-04734,Johor,Building,Suburban,Malay Reserve,715,571,7,1676000,251400,8000,1935400
CASE-2026-NW-04735,Wilayah Persekutuan Kuala Lumpur,Agriculture,Suburban,Leasehold,9210,2012,8,1762000,264300,8000,2034300
CASE-2026-NW-04736,Kedah,Agriculture,Urban,Leasehold,4577,3275,38,1618000,242700,8000,1868700
CASE-2026-NW-04737,Perak,Building,Suburban,Freehold,2293,675,3,1988000,298200,8000,2294200
CASE-2026-NW-04738,Selangor,Building,Suburban,Freehold,2814,1412,1,5764000,864600,8000,6636600
CASE-2026-NW-04739,Wilayah Persekutuan Labuan,Building,Rural,Leasehold,2620,1619,28,3376000,506400,8000,3890400
CASE-2026-NW-04740,Johor,Building,Rural,Freehold,2555,1585,23,3943000,591400,8000,4542400
CASE-2026-NW-04741,Wilayah Persekutuan Kuala Lumpur,Agriculture,Rural,Freehold,18621,6797,37,4615000,692200,8000,5315200
CASE-2026-NW-04742,Wilayah Persekutuan Putrajaya,Agriculture,Suburban,Leasehold,8533,4338,22,2868000,430200,8000,3306200
CASE-2026-NW-04743,Melaka,Agriculture,Rural,Freehold,14204,7249,21,3274000,491100,8000,3773100
CASE-2026-NW-04744,Pahang,Agriculture,Suburban,Freehold,4107,1971,0,1067000,160000,8000,1235000
CASE-2026-NW-04745,Selangor,Building,Suburban,Freehold,867,392,24,1533000,230000,8000,1771000
CASE-2026-NW-04746,Johor,Agriculture,Suburban,Freehold,19420,10313,23,6224000,933600,8000,7165600
CASE-2026-NW-04747,Selangor,Building,Suburban,Leasehold,2921,1648,25,5417000,812600,8000,6237600
CASE-2026-NW-04748,Johor,Building,Suburban,Malay Reserve,244,212,15,639000,95800,8000,742800
CASE-2026-NW-04749,Melaka,Agriculture,Suburban,Freehold,3026,2002,30,1113000,167000,8000,1288000
CASE-2026-NW-04750,Pulau Pinang,Agriculture,Urban,Leasehold,12851,3937,19,3429000,514400,8000,3951400
CASE-2026-NW-04751,Johor,Building,Suburban,Leasehold,2435,1822,32,5457000,818600,8000,6283600
CASE-2026-NW-04752,Wilayah Persekutuan Kuala Lumpur,Agriculture,Suburban,Freehold,7142,6026,16,4341000,651200,8000,5000200
CASE-2026-NW-04753,Johor,Agriculture,Suburban,Leasehold,10279,2478,16,1697000,254600,8000,1959600
CASE-2026-NW-04754,Perak,Building,Rural,Leasehold,2145,1058,14,2486000,372900,8000,2866900
CASE-2026-NW-04755,Pulau Pinang,Building,Urban,Leasehold,1801,1673,8,6697000,1004600,8000,7709600
CASE-2026-NW-04756,Melaka,Building,Suburban,Freehold,384,260,35,668000,100200,8000,776200
CASE-2026-NW-04757,Pulau Pinang,Agriculture,Urban,Freehold,18075,7394,14,6811000,1021600,8000,7840600
CASE-2026-NW-04758,Johor,Agriculture,Rural,Leasehold,17824,5903,13,2546000,381900,8000,2935900
CASE-2026-NW-04759,Johor,Building,Rural,Malay Reserve,916,513,28,1230000,184500,8000,1422500
CASE-2026-NW-04760,Johor,Agriculture,Suburban,Freehold,16377,5662,4,3738000,560700,8000,4306700
CASE-2026-NW-04761,Selangor,Agriculture,Suburban,Freehold,11936,8401,24,6061000,909200,8000,6978200
CASE-2026-NW-04762,Kedah,Agriculture,Suburban,Freehold,18989,16748,29,7384000,1107600,8000,8499600
CASE-2026-NW-04763,Pahang,Building,Rural,Leasehold,334,298,28,560000,84000,8000,652000
CASE-2026-NW-04764,Selangor,Building,Suburban,Leasehold,1384,654,26,2134000,320100,8000,2462100
CASE-2026-NW-04765,Selangor,Building,Suburban,Leasehold,1234,511,36,1774000,266100,8000,2048100
CASE-2026-NW-04766,Johor,Building,Rural,Malay Reserve,395,370,17,841000,126200,8000,975200
CASE-2026-NW-04767,Perak,Agriculture,Suburban,Freehold,8737,2459,6,1262000,189300,8000,1459300
CASE-2026-NW-04768,Selangor,Industry,Suburban,Leasehold,20033,6586,29,17487000,2623000,8000,20118000
CASE-2026-NW-04769,Kedah,Building,Suburban,Freehold,2899,793,35,2081000,312200,8000,2401200
CASE-2026-NW-04770,Negeri Sembilan,Building,Suburban,Freehold,2522,1610,2,5012000,751800,8000,5771800
CASE-2026-NW-04771,Wilayah Persekutuan Putrajaya,Industry,Suburban,Malay Reserve,17723,10506,10,25858000,3878700,8000,29744700
CASE-2026-NW-04772,Negeri Sembilan,Agriculture,Urban,Leasehold,18122,7464,12,4257000,638600,8000,4903600
CASE-2026-NW-04773,Selangor,Building,Suburban,Malay Reserve,1141,935,8,3225000,483800,8000,3716800
CASE-2026-NW-04774,Selangor,Building,Rural,Freehold,2139,546,19,1890000,283500,8000,2181500
CASE-2026-NW-04775,Kedah,Building,Rural,Freehold,1396,1013,25,2260000,339000,8000,2607000
CASE-2026-NW-04776,Selangor,Agriculture,Suburban,Freehold,17064,6266,13,5071000,760600,8000,5839600
CASE-2026-NW-04777,Selangor,Agriculture,Urban,Freehold,11855,7147,19,5663000,849400,8000,6520400
CASE-2026-NW-04778,Kelantan,Agriculture,Suburban,Freehold,3277,983,11,463000,69400,8000,540400
CASE-2026-NW-04779,Selangor,Building,Rural,Leasehold,1788,1485,18,4358000,653700,8000,5019700
CASE-2026-NW-04780,Wilayah Persekutuan Kuala Lumpur,Building,Rural,Leasehold,1906,1246,19,3676000,551400,8000,4235400
CASE-2026-NW-04781,Selangor,Agriculture,Suburban,Leasehold,9177,7612,11,5026000,753900,8000,5787900
CASE-2026-NW-04782,Pahang,Building,Suburban,Leasehold,1870,1490,22,3811000,571600,8000,4390600
CASE-2026-NW-04783,Selangor,Agriculture,Urban,Freehold,8565,5039,19,4215000,632200,8000,4855200
CASE-2026-NW-04784,Pahang,Agriculture,Suburban,Freehold,8223,4946,13,2193000,329000,8000,2530000
CASE-2026-NW-04785,Melaka,Building,Suburban,Leasehold,738,325,1,1049000,157400,8000,1214400
CASE-2026-NW-04786,Melaka,Agriculture,Urban,Leasehold,13892,3869,12,2703000,405400,8000,3116400
CASE-2026-NW-04787,Johor,Building,Suburban,Malay Reserve,1414,723,29,2165000,324800,8000,2497800
CASE-2026-NW-04788,Melaka,Building,Rural,Freehold,1720,1286,28,3233000,485000,8000,3726000
CASE-2026-NW-04789,Wilayah Persekutuan Kuala Lumpur,Industry,Suburban,Malay Reserve,16427,7707,33,20139000,3020800,8000,23167800
CASE-2026-NW-04790,Wilayah Persekutuan Labuan,Agriculture,Suburban,Leasehold,9385,2858,37,1635000,245200,8000,1888200
CASE-2026-NW-04791,Johor,Building,Urban,Freehold,1331,798,2,3146000,471900,8000,3625900
CASE-2026-NW-04792,Perak,Building,Urban,Freehold,214,140,17,412000,61800,8000,481800
CASE-2026-NW-04793,Selangor,Agriculture,Rural,Freehold,6948,5336,9,2991000,448600,8000,3447600
CASE-2026-NW-04794,Perak,Agriculture,Urban,Malay Reserve,18235,6624,10,3397000,509600,8000,3914600
CASE-2026-NW-04795,Selangor,Building,Suburban,Freehold,1877,1476,36,5401000,810200,8000,6219200
CASE-2026-NW-04796,Johor,Agriculture,Suburban,Freehold,9872,8300,32,4568000,685200,8000,5261200
CASE-2026-NW-04797,Kedah,Industry,Urban,Freehold,13195,5236,13,13815000,2072200,8000,15895200
CASE-2026-NW-04798,Wilayah Persekutuan Kuala Lumpur,Building,Urban,Leasehold,1482,1209,36,4807000,721000,8000,5536000
CASE-2026-NW-04799,Selangor,Building,Rural,Freehold,537,213,29,682000,102300,8000,792300
CASE-2026-NW-04800,Pulau Pinang,Agriculture,Suburban,Leasehold,14373,5913,27,4288000,643200,8000,4939200
CASE-2026-NW-04801,Selangor,Industry,Rural,Freehold,15004,14018,21,29358000,4403700,8000,33769700
CASE-2026-NW-04802,Johor,Agriculture,Urban,Freehold,19121,15307,6,10268000,1540200,8000,11816200
CASE-2026-NW-04803,Pulau Pinang,Agriculture,Urban,Leasehold,19337,11343,33,8334000,1250100,8000,9592100
CASE-2026-NW-04804,Negeri Sembilan,Building,Urban,Leasehold,697,546,39,1424000,213600,8000,1645600
CASE-2026-NW-04805,Kedah,Building,Rural,Freehold,1527,534,22,1093000,164000,8000,1265000
CASE-2026-NW-04806,Selangor,Agriculture,Urban,Leasehold,11312,4491,33,4186000,627900,8000,4821900
CASE-2026-NW-04807,Wilayah Persekutuan Kuala Lumpur,Building,Urban,Freehold,327,241,36,1043000,156400,8000,1207400
CASE-2026-NW-04808,Kelantan,Building,Rural,Freehold,1568,829,4,1960000,294000,8000,2262000
CASE-2026-NW-04809,Wilayah Persekutuan Kuala Lumpur,Agriculture,Urban,Freehold,6076,4262,25,3831000,574600,8000,4413600
CASE-2026-NW-04810,Melaka,Agriculture,Rural,Leasehold,19434,4546,6,2278000,341700,8000,2627700
CASE-2026-NW-04811,Melaka,Building,Suburban,Freehold,2891,1973,18,5544000,831600,8000,6383600
CASE-2026-NW-04812,Melaka,Building,Suburban,Freehold,1119,540,18,1554000,233100,8000,1795100
CASE-2026-NW-04813,Kelantan,Agriculture,Urban,Freehold,12386,8967,7,4974000,746100,8000,5728100
CASE-2026-NW-04814,Melaka,Building,Urban,Leasehold,345,197,35,581000,87200,8000,676200
CASE-2026-NW-04815,Selangor,Agriculture,Urban,Leasehold,14709,6535,24,5467000,820000,8000,6295000
CASE-2026-NW-04816,Selangor,Building,Urban,Freehold,1554,432,31,2056000,308400,8000,2372400
CASE-2026-NW-04817,Johor,Building,Suburban,Leasehold,1589,1444,15,4298000,644700,8000,4950700
CASE-2026-NW-04818,Johor,Agriculture,Urban,Freehold,12361,8429,6,6420000,963000,8000,7391000
CASE-2026-NW-04819,Wilayah Persekutuan Labuan,Building,Urban,Freehold,2633,1506,18,5367000,805000,8000,6180000
CASE-2026-NW-04820,Selangor,Building,Suburban,Leasehold,2090,1201,38,3690000,553500,8000,4251500
CASE-2026-NW-04821,Selangor,Building,Rural,Leasehold,223,147,36,405000,60800,8000,473800
CASE-2026-NW-04822,Johor,Building,Suburban,Leasehold,2667,2144,10,7731000,1159600,8000,8898600
CASE-2026-NW-04823,Melaka,Agriculture,Urban,Freehold,11530,7423,23,4615000,692200,8000,5315200
CASE-2026-NW-04824,Johor,Building,Suburban,Leasehold,402,299,28,872000,130800,8000,1010800
CASE-2026-NW-04825,Johor,Building,Suburban,Leasehold,338,115,27,376000,56400,8000,440400
CASE-2026-NW-04826,Negeri Sembilan,Agriculture,Urban,Malay Reserve,15304,9893,24,5758000,863700,8000,6629700
CASE-2026-NW-04827,Wilayah Persekutuan Kuala Lumpur,Agriculture,Suburban,Leasehold,19011,5568,33,4352000,652800,8000,5012800
CASE-2026-NW-04828,Kedah,Agriculture,Suburban,Freehold,14663,11117,17,5253000,788000,8000,6049000
CASE-2026-NW-04829,Kedah,Building,Suburban,Freehold,2142,1550,33,3786000,567900,8000,4361900
CASE-2026-NW-04830,Wilayah Persekutuan Kuala Lumpur,Building,Urban,Freehold,2334,1511,31,7325000,1098800,8000,8431800
CASE-2026-NW-04831,Kelantan,Industry,Urban,Freehold,2001,754,22,1853000,278000,8000,2139000
CASE-2026-NW-04832,Johor,Agriculture,Suburban,Leasehold,14466,6737,13,4225000,633800,8000,4866800
CASE-2026-NW-04833,Perak,Building,Urban,Leasehold,2709,2082,10,7128000,1069200,8000,8205200
CASE-2026-NW-04834,Pahang,Building,Urban,Malay Reserve,764,556,7,1634000,245100,8000,1887100
CASE-2026-NW-04835,Sarawak,Building,Urban,Freehold,1206,956,38,2670000,400500,8000,3078500
CASE-2026-NW-04836,Kedah,Agriculture,Urban,Malay Reserve,11425,4957,19,2737000,410600,8000,3155600
CASE-2026-NW-04837,Selangor,Agriculture,Urban,Leasehold,9769,7796,39,6027000,904000,8000,6939000
CASE-2026-NW-04838,Wilayah Persekutuan Kuala Lumpur,Building,Suburban,Malay Reserve,2906,1418,3,5399000,809800,8000,6216800
CASE-2026-NW-04839,Perak,Agriculture,Urban,Freehold,16091,13867,24,7356000,1103400,8000,8467400
CASE-2026-NW-04840,Pahang,Building,Rural,Freehold,2234,1602,38,3012000,451800,8000,3471800
CASE-2026-NW-04841,Wilayah Persekutuan Kuala Lumpur,Agriculture,Urban,Freehold,10851,4605,1,4966000,744900,8000,5718900
CASE-2026-NW-04842,Pahang,Agriculture,Rural,Freehold,11129,9164,17,3877000,581600,8000,4466600
CASE-2026-NW-04843,Kedah,Agriculture,Urban,Freehold,14631,9185,13,5578000,836700,8000,6422700
CASE-2026-NW-04844,Perak,Agriculture,Urban,Leasehold,17991,15324,28,7048000,1057200,8000,8113200
CASE-2026-NW-04845,Pulau Pinang,Agriculture,Suburban,Leasehold,5415,4614,31,2442000,366300,8000,2816300
CASE-2026-NW-04846,Selangor,Building,Suburban,Leasehold,446,128,36,474000,71100,8000,553100
CASE-2026-NW-04847,Selangor,Building,Urban,Freehold,1898,1152,17,5223000,783400,8000,6014400
CASE-2026-NW-04848,Selangor,Agriculture,Urban,Freehold,6001,4848,12,4011000,601600,8000,4620600
CASE-2026-NW-04849,Johor,Agriculture,Rural,Leasehold,4982,1771,22,883000,132400,8000,1023400
CASE-2026-NW-04850,Kelantan,Building,Urban,Freehold,2082,899,30,2363000,354400,8000,2725400
CASE-2026-NW-04851,Perak,Building,Suburban,Malay Reserve,1131,321,9,834000,125100,8000,967100
CASE-2026-NW-04852,Pahang,Building,Suburban,Leasehold,1980,730,9,2185000,327800,8000,2520800
CASE-2026-NW-04853,Negeri Sembilan,Agriculture,Rural,Malay Reserve,18587,12913,36,4134000,620100,8000,4762100
CASE-2026-NW-04854,Selangor,Building,Suburban,Freehold,2194,807,14,3234000,485100,8000,3727100
CASE-2026-NW-04855,Pulau Pinang,Building,Suburban,Leasehold,2276,1421,8,5155000,773200,8000,5936200
CASE-2026-NW-04856,Wilayah Persekutuan Labuan,Industry,Urban,Freehold,23562,10885,25,28112000,4216800,8000,32336800
CASE-2026-NW-04857,Negeri Sembilan,Agriculture,Suburban,Leasehold,9064,2574,9,1498000,224700,8000,1730700
CASE-2026-NW-04858,Pulau Pinang,Industry,Rural,Freehold,11227,3525,11,9155000,1373200,8000,10536200
CASE-2026-NW-04859,Perak,Agriculture,Rural,Leasehold,11641,3235,7,1315000,197200,8000,1520200
CASE-2026-NW-04860,Selangor,Agriculture,Urban,Freehold,5654,3103,16,2682000,402300,8000,3092300
CASE-2026-NW-04861,Sabah,Industry,Suburban,Leasehold,22292,11422,31,19500000,2925000,8000,22433000
CASE-2026-NW-04862,Perak,Agriculture,Urban,Freehold,15250,12696,8,7026000,1053900,8000,8087900
CASE-2026-NW-04863,Johor,Building,Urban,Freehold,442,161,2,731000,109600,8000,848600
CASE-2026-NW-04864,Perak,Agriculture,Rural,Freehold,5975,4068,2,1816000,272400,8000,2096400
CASE-2026-NW-04865,Terengganu,Agriculture,Urban,Freehold,11148,3042,14,1850000,277500,8000,2135500
CASE-2026-NW-04866,Pulau Pinang,Building,Suburban,Malay Reserve,1269,658,34,2100000,315000,8000,2423000
CASE-2026-NW-04867,Pulau Pinang,Building,Suburban,Freehold,1288,476,2,1915000,287200,8000,2210200
CASE-2026-NW-04868,Johor,Building,Suburban,Freehold,1320,330,8,1116000,167400,8000,1291400
CASE-2026-NW-04869,Selangor,Building,Suburban,Freehold,1933,1172,25,3834000,575100,8000,4417100
CASE-2026-NW-04870,Terengganu,Building,Urban,Leasehold,1037,961,10,3005000,450800,8000,3463800
CASE-2026-NW-04871,Kelantan,Building,Rural,Leasehold,1358,917,25,1992000,298800,8000,2298800
CASE-2026-NW-04872,Johor,Agriculture,Suburban,Malay Reserve,8491,5357,1,2839000,425800,8000,3272800
CASE-2026-NW-04873,Sabah,Building,Rural,Freehold,1588,591,9,1603000,240400,8000,1851400
CASE-2026-NW-04874,Selangor,Building,Rural,Freehold,1899,557,4,2048000,307200,8000,2363200
CASE-2026-NW-04875,Wilayah Persekutuan Kuala Lumpur,Building,Suburban,Freehold,1157,653,19,3160000,474000,8000,3642000
CASE-2026-NW-04876,Selangor,Agriculture,Suburban,Leasehold,11967,7912,3,4996000,749400,8000,5753400
CASE-2026-NW-04877,Perak,Agriculture,Rural,Leasehold,2733,2023,25,688000,103200,8000,799200
CASE-2026-NW-04878,Pulau Pinang,Building,Urban,Malay Reserve,559,274,29,924000,138600,8000,1070600
CASE-2026-NW-04879,Selangor,Agriculture,Urban,Freehold,8551,5025,22,4552000,682800,8000,5242800
CASE-2026-NW-04880,Selangor,Building,Urban,Freehold,470,256,26,1279000,191800,8000,1478800
CASE-2026-NW-04881,Wilayah Persekutuan Kuala Lumpur,Building,Rural,Leasehold,2511,2147,5,7243000,1086400,8000,8337400
CASE-2026-NW-04882,Wilayah Persekutuan Labuan,Building,Rural,Freehold,1882,1420,15,3244000,486600,8000,3738600
CASE-2026-NW-04883,Selangor,Building,Urban,Leasehold,515,254,2,1127000,169000,8000,1304000
CASE-2026-NW-04884,Wilayah Persekutuan Kuala Lumpur,Building,Suburban,Malay Reserve,2002,632,17,2572000,385800,8000,2965800
CASE-2026-NW-04885,Perak,Agriculture,Urban,Freehold,17504,15577,0,8155000,1223200,8000,9386200
CASE-2026-NW-04886,Melaka,Building,Rural,Freehold,2350,1134,16,2850000,427500,8000,3285500
CASE-2026-NW-04887,Sarawak,Industry,Suburban,Malay Reserve,22147,8173,6,16573000,2486000,8000,19067000
CASE-2026-NW-04888,Terengganu,Agriculture,Urban,Freehold,6400,5727,5,2702000,405300,8000,3115300
CASE-2026-NW-04889,Pulau Pinang,Building,Urban,Malay Reserve,1399,749,12,3186000,477900,8000,3671900
CASE-2026-NW-04890,Pahang,Agriculture,Urban,Leasehold,15825,13138,17,6845000,1026800,8000,7879800
CASE-2026-NW-04891,Pulau Pinang,Agriculture,Suburban,Freehold,12386,10217,18,6663000,999400,8000,7670400
CASE-2026-NW-04892,Pahang,Building,Urban,Leasehold,2218,1216,22,3575000,536200,8000,4119200
CASE-2026-NW-04893,Kelantan,Building,Suburban,Freehold,2880,2609,22,6945000,1041800,8000,7994800
CASE-2026-NW-04894,Pahang,Agriculture,Urban,Freehold,2527,1951,14,1102000,165300,8000,1275300
CASE-2026-NW-04895,Negeri Sembilan,Agriculture,Suburban,Freehold,5140,2538,10,1366000,204900,8000,1578900
CASE-2026-NW-04896,Selangor,Agriculture,Suburban,Freehold,8322,5558,8,4385000,657800,8000,5050800
CASE-2026-NW-04897,Perak,Building,Urban,Freehold,1282,352,26,1164000,174600,8000,1346600
CASE-2026-NW-04898,Pulau Pinang,Industry,Suburban,Malay Reserve,17340,5251,28,12871000,1930600,8000,14809600
CASE-2026-NW-04899,Sarawak,Building,Urban,Freehold,1423,453,33,1462000,219300,8000,1689300
CASE-2026-NW-04900,Pulau Pinang,Industry,Urban,Freehold,15530,9732,19,27956000,4193400,8000,32157400
CASE-2026-NW-04901,Wilayah Persekutuan Kuala Lumpur,Agriculture,Suburban,Leasehold,16333,6810,12,5525000,828800,8000,6361800
CASE-2026-NW-04902,Pahang,Agriculture,Suburban,Freehold,15139,12132,36,5214000,782100,8000,6004100
CASE-2026-NW-04903,Negeri Sembilan,Industry,Rural,Leasehold,7270,5466,5,11491000,1723600,8000,13222600
CASE-2026-NW-04904,Johor,Agriculture,Rural,Freehold,13129,8193,6,3830000,574500,8000,4412500
CASE-2026-NW-04905,Kelantan,Building,Urban,Leasehold,1591,730,32,1735000,260200,8000,2003200
CASE-2026-NW-04906,Wilayah Persekutuan Kuala Lumpur,Building,Urban,Leasehold,178,101,22,463000,69400,8000,540400
CASE-2026-NW-04907,Selangor,Building,Urban,Freehold,935,826,27,3474000,521100,8000,4003100
CASE-2026-NW-04908,Melaka,Agriculture,Urban,Freehold,4330,3617,22,2150000,322500,8000,2480500
CASE-2026-NW-04909,Pulau Pinang,Agriculture,Urban,Freehold,14977,11708,11,9062000,1359300,8000,10429300
CASE-2026-NW-04910,Negeri Sembilan,Building,Suburban,Leasehold,1776,877,15,2399000,359800,8000,2766800
CASE-2026-NW-04911,Pulau Pinang,Building,Rural,Freehold,875,308,21,1011000,151600,8000,1170600
CASE-2026-NW-04912,Kedah,Building,Rural,Freehold,2363,656,23,1662000,249300,8000,1919300
CASE-2026-NW-04913,Perak,Building,Rural,Freehold,488,270,39,517000,77600,8000,602600
CASE-2026-NW-04914,Pahang,Agriculture,Urban,Freehold,3931,2614,14,1398000,209700,8000,1615700
CASE-2026-NW-04915,Perak,Building,Suburban,Freehold,387,159,9,435000,65200,8000,508200
CASE-2026-NW-04916,Pulau Pinang,Agriculture,Urban,Freehold,3346,2393,10,1850000,277500,8000,2135500
CASE-2026-NW-04917,Johor,Building,Rural,Leasehold,502,405,5,1088000,163200,8000,1259200
CASE-2026-NW-04918,Pulau Pinang,Building,Suburban,Freehold,2246,1112,28,3771000,565600,8000,4344600
CASE-2026-NW-04919,Melaka,Building,Rural,Malay Reserve,588,219,15,524000,78600,8000,610600
CASE-2026-NW-04920,Selangor,Building,Suburban,Freehold,1944,1490,6,5693000,854000,8000,6555000
CASE-2026-NW-04921,Pahang,Agriculture,Rural,Leasehold,18379,9619,38,3285000,492800,8000,3785800
CASE-2026-NW-04922,Perlis,Building,Rural,Freehold,177,81,28,171000,25600,8000,204600
CASE-2026-NW-04923,Negeri Sembilan,Industry,Suburban,Freehold,12734,7266,29,14909000,2236400,8000,17153400
CASE-2026-NW-04924,Kelantan,Agriculture,Suburban,Leasehold,15118,6639,14,3096000,464400,8000,3568400
CASE-2026-NW-04925,Wilayah Persekutuan Kuala Lumpur,Agriculture,Suburban,Malay Reserve,12633,10646,13,7454000,1118100,8000,8580100
CASE-2026-NW-04926,Pahang,Agriculture,Suburban,Freehold,13971,4632,12,2665000,399800,8000,3072800
CASE-2026-NW-04927,Negeri Sembilan,Agriculture,Suburban,Freehold,13683,8853,36,4031000,604600,8000,4643600
CASE-2026-NW-04928,Sabah,Building,Rural,Freehold,2432,1567,20,3737000,560600,8000,4305600
CASE-2026-NW-04929,Sarawak,Agriculture,Suburban,Freehold,6556,2054,9,1435000,215200,8000,1658200
CASE-2026-NW-04930,Selangor,Building,Suburban,Freehold,2837,2514,34,8850000,1327500,8000,10185500
CASE-2026-NW-04931,Johor,Industry,Urban,Leasehold,24140,9198,26,26799000,4019800,8000,30826800
CASE-2026-NW-04932,Selangor,Agriculture,Urban,Freehold,11441,5210,8,4559000,683800,8000,5250800
CASE-2026-NW-04933,Pahang,Agriculture,Suburban,Freehold,9997,5765,32,2880000,432000,8000,3320000
CASE-2026-NW-04934,Johor,Building,Urban,Freehold,470,332,13,1173000,176000,8000,1357000
CASE-2026-NW-04935,Pahang,Industry,Suburban,Freehold,11187,8398,2,20426000,3063900,8000,23497900
CASE-2026-NW-04936,Wilayah Persekutuan Kuala Lumpur,Building,Urban,Malay Reserve,168,146,8,639000,95800,8000,742800
CASE-2026-NW-04937,Kelantan,Building,Rural,Leasehold,2901,1165,14,2854000,428100,8000,3290100
CASE-2026-NW-04938,Pulau Pinang,Agriculture,Suburban,Leasehold,11829,2662,35,1804000,270600,8000,2082600
CASE-2026-NW-04939,Johor,Agriculture,Urban,Freehold,14900,9248,31,6155000,923200,8000,7086200
CASE-2026-NW-04940,Pulau Pinang,Building,Suburban,Freehold,1185,473,26,1879000,281800,8000,2168800
CASE-2026-NW-04941,Perak,Building,Urban,Leasehold,1949,706,27,2343000,351400,8000,2702400
CASE-2026-NW-04942,Melaka,Industry,Suburban,Freehold,14677,13557,19,27012000,4051800,8000,31071800
CASE-2026-NW-04943,Johor,Building,Urban,Freehold,1956,1659,28,5542000,831300,8000,6381300
CASE-2026-NW-04944,Pulau Pinang,Agriculture,Rural,Freehold,7133,5127,12,3095000,464200,8000,3567200
CASE-2026-NW-04945,Selangor,Building,Rural,Freehold,1145,346,32,965000,144800,8000,1117800
CASE-2026-NW-04946,Pulau Pinang,Agriculture,Suburban,Leasehold,12722,5065,13,3418000,512700,8000,3938700
CASE-2026-NW-04947,Johor,Agriculture,Rural,Freehold,9597,4152,28,2145000,321800,8000,2474800
CASE-2026-NW-04948,Wilayah Persekutuan Kuala Lumpur,Building,Urban,Freehold,396,251,5,1264000,189600,8000,1461600
CASE-2026-NW-04949,Kelantan,Building,Rural,Freehold,364,176,16,401000,60200,8000,469200
CASE-2026-NW-04950,Melaka,Agriculture,Suburban,Leasehold,12741,2814,31,1773000,266000,8000,2047000
CASE-2026-NW-04951,Pulau Pinang,Industry,Urban,Freehold,2803,2086,27,6263000,939400,8000,7210400
CASE-2026-NW-04952,Johor,Building,Suburban,Freehold,275,156,13,505000,75800,8000,588800
CASE-2026-NW-04953,Kedah,Agriculture,Suburban,Freehold,6989,5953,34,2588000,388200,8000,2984200
CASE-2026-NW-04954,Perak,Agriculture,Suburban,Freehold,14187,6694,9,3417000,512600,8000,3937600
CASE-2026-NW-04955,Melaka,Building,Suburban,Freehold,2901,2716,33,6896000,1034400,8000,7938400
CASE-2026-NW-04956,Pulau Pinang,Building,Suburban,Freehold,954,262,26,997000,149600,8000,1154600
CASE-2026-NW-04957,Pulau Pinang,Building,Rural,Leasehold,1215,1151,24,3177000,476600,8000,3661600
CASE-2026-NW-04958,Perak,Agriculture,Rural,Freehold,3410,2549,37,882000,132300,8000,1022300
CASE-2026-NW-04959,Melaka,Building,Suburban,Freehold,2838,2477,23,6702000,1005300,8000,7715300
CASE-2026-NW-04960,Negeri Sembilan,Building,Urban,Leasehold,1657,574,2,2094000,314100,8000,2416100
CASE-2026-NW-04961,Wilayah Persekutuan Labuan,Building,Urban,Freehold,1987,1231,27,3622000,543300,8000,4173300
CASE-2026-NW-04962,Selangor,Building,Urban,Leasehold,1788,872,29,3326000,498900,8000,3832900
CASE-2026-NW-04963,Pulau Pinang,Agriculture,Suburban,Leasehold,14849,4058,37,2880000,432000,8000,3320000
CASE-2026-NW-04964,Johor,Building,Urban,Freehold,1547,1375,3,6021000,903200,8000,6932200
CASE-2026-NW-04965,Pahang,Agriculture,Urban,Leasehold,14323,5231,10,3198000,479700,8000,3685700
CASE-2026-NW-04966,Wilayah Persekutuan Kuala Lumpur,Building,Urban,Freehold,1195,689,35,3136000,470400,8000,3614400
CASE-2026-NW-04967,Pulau Pinang,Industry,Rural,Freehold,3143,855,33,1841000,276200,8000,2125200
CASE-2026-NW-04968,Johor,Building,Suburban,Leasehold,2381,642,25,2216000,332400,8000,2556400
CASE-2026-NW-04969,Kedah,Building,Rural,Freehold,1219,672,1,1992000,298800,8000,2298800
CASE-2026-NW-04970,Melaka,Building,Suburban,Malay Reserve,989,809,23,2090000,313500,8000,2411500
CASE-2026-NW-04971,Melaka,Building,Urban,Freehold,1875,1363,23,4860000,729000,8000,5597000
CASE-2026-NW-04972,Terengganu,Agriculture,Rural,Leasehold,14323,12226,36,3940000,591000,8000,4539000
CASE-2026-NW-04973,Pulau Pinang,Building,Urban,Malay Reserve,309,287,33,940000,141000,8000,1089000
CASE-2026-NW-04974,Wilayah Persekutuan Kuala Lumpur,Building,Urban,Freehold,2026,1725,23,7636000,1145400,8000,8789400
CASE-2026-NW-04975,Selangor,Building,Suburban,Freehold,2634,986,14,3924000,588600,8000,4520600
CASE-2026-NW-04976,Johor,Agriculture,Suburban,Leasehold,14476,5314,35,3097000,464600,8000,3569600
CASE-2026-NW-04977,Selangor,Building,Urban,Leasehold,2591,1262,12,5469000,820400,8000,6297400
CASE-2026-NW-04978,Wilayah Persekutuan Labuan,Building,Suburban,Malay Reserve,1955,1088,6,3454000,518100,8000,3980100
CASE-2026-NW-04979,Selangor,Building,Suburban,Freehold,1953,1226,18,4384000,657600,8000,5049600
CASE-2026-NW-04980,Melaka,Building,Suburban,Freehold,188,160,36,408000,61200,8000,477200
CASE-2026-NW-04981,Pulau Pinang,Industry,Urban,Freehold,13210,8675,19,27690000,4153500,8000,31851500
CASE-2026-NW-04982,Wilayah Persekutuan Kuala Lumpur,Industry,Suburban,Freehold,2717,1200,30,3658000,548700,8000,4214700
CASE-2026-NW-04983,Perak,Industry,Suburban,Leasehold,22217,16578,21,26835000,4025200,8000,30868200
CASE-2026-NW-04984,Sabah,Agriculture,Suburban,Leasehold,12066,7386,27,3353000,503000,8000,3864000
CASE-2026-NW-04985,Selangor,Building,Urban,Leasehold,292,173,31,713000,107000,8000,828000
CASE-2026-NW-04986,Pulau Pinang,Agriculture,Rural,Freehold,15666,11998,0,7015000,1052200,8000,8075200
CASE-2026-NW-04987,Wilayah Persekutuan Kuala Lumpur,Agriculture,Urban,Freehold,18385,11787,22,11802000,1770300,8000,13580300
CASE-2026-NW-04988,Sabah,Building,Urban,Freehold,1750,1647,23,5396000,809400,8000,6213400
CASE-2026-NW-04989,Perak,Agriculture,Urban,Freehold,4271,1842,27,1006000,150900,8000,1164900
CASE-2026-NW-04990,Terengganu,Agriculture,Urban,Freehold,19045,10864,9,6419000,962800,8000,7389800
CASE-2026-NW-04991,Johor,Building,Urban,Freehold,2759,1732,14,7136000,1070400,8000,8214400
CASE-2026-NW-04992,Selangor,Agriculture,Urban,Malay Reserve,9538,3189,21,2563000,384400,8000,2955400
CASE-2026-NW-04993,Terengganu,Building,Urban,Freehold,1968,1544,34,3608000,541200,8000,4157200
CASE-2026-NW-04994,Wilayah Persekutuan Kuala Lumpur,Agriculture,Urban,Leasehold,3484,1525,4,1282000,192300,8000,1482300
CASE-2026-NW-04995,Perak,Building,Urban,Freehold,2549,1218,9,4316000,647400,8000,4971400
CASE-2026-NW-04996,Selangor,Building,Urban,Freehold,2970,2384,28,10120000,1518000,8000,11646000
CASE-2026-NW-04997,Wilayah Persekutuan Kuala Lumpur,Agriculture,Urban,Leasehold,5777,1728,37,1583000,237400,8000,1828400
CASE-2026-NW-04998,Selangor,Building,Urban,Freehold,1386,566,23,2554000,383100,8000,2945100
CASE-2026-NW-04999,Wilayah Persekutuan Labuan,Agriculture,Rural,Leasehold,16031,3730,21,1826000,273900,8000,2107900
CASE-2026-NW-05000,Selangor,Agriculture,Urban,Freehold,9438,4864,29,4214000,632100,8000,4854100
