case_id,state,land_category,location_type,tenure_type,land_area_m2,acquisition_area_m2,building_age_years,market_value_myr,statutory_disturbance_myr,relocation_allowance_myr,recommended_compensation_myr
CASE-2026-NW-00001,Pulau Pinang,Building,Urban,Freehold,2080,526,35,2194000,329100,8000,2531100
CASE-2026-NW-00002,Johor,Building,Suburban,Freehold,1681,547,23,1980000,297000,8000,2285000
CASE-2026-NW-00003,Selangor,Industry,Suburban,Freehold,11557,4308,8,13798000,2069700,8000,15875700
CASE-2026-NW-00004,Pulau Pinang,Agriculture,Suburban,Freehold,4992,2412,38,1687000,253000,8000,1948000
CASE-2026-NW-00005,Pulau Pinang,Agriculture,Rural,Freehold,8212,1759,27,1101000,165200,8000,1274200
CASE-2026-NW-00006,Johor,Industry,Urban,Leasehold,12444,4662,6,14192000,2128800,8000,16328800
CASE-2026-NW-00007,Johor,Agriculture,Urban,Malay Reserve,16438,14177,0,8491000,1273600,8000,9772600
CASE-2026-NW-00008,Selangor,Building,Rural,Leasehold,1963,1709,7,5080000,762000,8000,5850000
CASE-2026-NW-00009,Pulau Pinang,Building,Urban,Malay Reserve,589,344,38,1135000,170200,8000,1313200
CASE-2026-NW-00010,Johor,Industry,Urban,Leasehold,13761,7891,13,21175000,3176200,8000,24359200
CASE-2026-NW-00011,Selangor,Building,Suburban,Freehold,2008,583,27,2335000,350200,8000,2693200
CASE-2026-NW-00012,Selangor,Building,Urban,Freehold,2920,1161,3,5810000,871500,8000,6689500
CASE-2026-NW-00013,Perak,Building,Suburban,Leasehold,1575,936,18,2651000,397600,8000,3056600
CASE-2026-NW-00014,Pahang,Building,Suburban,Leasehold,237,65,18,192000,28800,8000,228800
CASE-2026-NW-00015,Wilayah Persekutuan Kuala Lumpur,Building,Suburban,Leasehold,2958,1240,17,4888000,733200,8000,5629200
CASE-2026-NW-00016,Perak,Building,Suburban,Freehold,1995,1829,4,4898000,734700,8000,5640700
CASE-2026-NW-00017,Perak,Building,Suburban,Leasehold,2802,2210,5,5840000,876000,8000,6724000
CASE-2026-NW-00018,Kelantan,Building,Rural,Freehold,1572,965,23,1985000,297800,8000,2290800
CASE-2026-NW-00019,Pahang,Agriculture,Suburban,Leasehold,2324,2019,23,901000,135200,8000,1044200
CASE-2026-NW-00020,Selangor,Industry,Rural,Leasehold,23660,11380,11,29540000,4431000,8000,33979000
CASE-2026-NW-00021,Perak,Building,Suburban,Freehold,1763,1485,26,3899000,584800,8000,4491800
CASE-2026-NW-00022,Wilayah Persekutuan Kuala Lumpur,Agriculture,Rural,Leasehold,19044,6647,37,4373000,656000,8000,5037000
CASE-2026-NW-00023,Negeri Sembilan,Building,Urban,Leasehold,2633,1574,31,4932000,739800,8000,5679800
CASE-2026-NW-00024,Perlis,Agriculture,Rural,Freehold,19842,15658,16,6128000,919200,8000,7055200
CASE-2026-NW-00025,Selangor,Agriculture,Urban,Leasehold,5666,4064,13,3426000,513900,8000,3947900
CASE-2026-NW-00026,Terengganu,Building,Rural,Freehold,2198,928,2,2580000,387000,8000,2975000
CASE-2026-NW-00027,Selangor,Building,Urban,Leasehold,2233,1379,15,6257000,938600,8000,7203600
CASE-2026-NW-00028,Terengganu,Agriculture,Rural,Leasehold,12898,7903,32,2906000,435900,8000,3349900
CASE-2026-NW-00029,Johor,Industry,Urban,Malay Reserve,19411,6354,39,15463000,2319400,8000,17790400
CASE-2026-NW-00030,Selangor,Agriculture,Rural,Freehold,19760,9783,18,6236000,935400,8000,7179400
CASE-2026-NW-00031,Selangor,Agriculture,Suburban,Freehold,14801,6211,30,4636000,695400,8000,5339400
CASE-2026-NW-00032,Kelantan,Building,Urban,Freehold,2141,989,27,2675000,401200,8000,3084200
CASE-2026-NW-00033,Melaka,Agriculture,Suburban,Freehold,13943,12465,0,6824000,1023600,8000,7855600
CASE-2026-NW-00034,Kelantan,Building,Urban,Malay Reserve,1625,672,33,1677000,251600,8000,1936600
CASE-2026-NW-00035,Pulau Pinang,Agriculture,Suburban,Malay Reserve,9163,2271,5,1592000,238800,8000,1838800
CASE-2026-NW-00036,Kelantan,Agriculture,Urban,Freehold,14210,5032,5,2977000,446600,8000,3431600
CASE-2026-NW-00037,Wilayah Persekutuan Putrajaya,Agriculture,Urban,Leasehold,13643,9456,11,7441000,1116200,8000,8565200
CASE-2026-NW-00038,Kedah,Building,Urban,Malay Reserve,1207,531,7,1591000,238600,8000,1837600
CASE-2026-NW-00039,Wilayah Persekutuan Kuala Lumpur,Building,Suburban,Freehold,2619,2119,23,8229000,1234400,8000,9471400
CASE-2026-NW-00040,Pulau Pinang,Building,Urban,Freehold,952,281,33,1212000,181800,8000,1401800
CASE-2026-NW-00041,Perak,Agriculture,Suburban,Leasehold,10792,6450,23,3056000,458400,8000,3522400
CASE-2026-NW-00042,Pulau Pinang,Building,Suburban,Freehold,1183,538,28,1963000,294400,8000,2265400
CASE-2026-NW-00043,Kedah,Agriculture,Suburban,Leasehold,14224,10297,8,4470000,670500,8000,5148500
CASE-2026-NW-00044,Johor,Agriculture,Suburban,Freehold,16182,8390,38,5007000,751000,8000,5766000
CASE-2026-NW-00045,Pulau Pinang,Building,Suburban,Freehold,233,62,12,273000,41000,8000,322000
CASE-2026-NW-00046,Kedah,Agriculture,Urban,Freehold,19725,5346,2,3491000,523600,8000,4022600
CASE-2026-NW-00047,Selangor,Building,Suburban,Freehold,477,417,4,1518000,227700,8000,1753700
CASE-2026-NW-00048,Pulau Pinang,Agriculture,Urban,Freehold,8502,2898,35,2407000,361000,8000,2776000
CASE-2026-NW-00049,Johor,Building,Urban,Freehold,674,330,21,1231000,184600,8000,1423600
CASE-2026-NW-00050,Pulau Pinang,Agriculture,Suburban,Freehold,6351,4249,25,2873000,431000,8000,3312000
CASE-2026-NW-00051,Perak,Industry,Urban,Freehold,7523,5504,36,10297000,1544600,8000,11849600
CASE-2026-NW-00052,Wilayah Persekutuan Kuala Lumpur,Building,Suburban,Leasehold,1785,645,24,2681000,402200,8000,3091200
CASE-2026-NW-00053,Negeri Sembilan,Industry,Suburban,Leasehold,4439,1535,18,3156000,473400,8000,3637400
CASE-2026-NW-00054,Selangor,Building,Suburban,Freehold,556,438,30,1432000,214800,8000,1654800
CASE-2026-NW-00055,Johor,Agriculture,Urban,Malay Reserve,3015,1874,30,1137000,170600,8000,1315600
CASE-2026-NW-00056,Johor,Building,Suburban,Freehold,562,295,10,1032000,154800,8000,1194800
CASE-2026-NW-00057,Johor,Agriculture,Suburban,Leasehold,11099,4626,23,2663000,399400,8000,3070400
CASE-2026-NW-00058,Selangor,Building,Urban,Freehold,250,190,14,873000,131000,8000,1012000
CASE-2026-NW-00059,Pahang,Building,Rural,Malay Reserve,1497,1181,24,2476000,371400,8000,2855400
CASE-2026-NW-00060,Johor,Building,Urban,Freehold,2762,1475,18,5373000,806000,8000,6187000
CASE-2026-NW-00061,Kedah,Building,Urban,Leasehold,2373,1233,26,3405000,510800,8000,3923800
CASE-2026-NW-00062,Sarawak,Industry,Suburban,Leasehold,13340,10805,16,23681000,3552200,8000,27241200
CASE-2026-NW-00063,Johor,Agriculture,Suburban,Freehold,17639,14001,36,8215000,1232200,8000,9455200
CASE-2026-NW-00064,Pahang,Building,Urban,Leasehold,2538,1450,15,4709000,706400,8000,5423400
CASE-2026-NW-00065,Terengganu,Building,Urban,Freehold,1878,1030,7,3330000,499500,8000,3837500
CASE-2026-NW-00066,Melaka,Agriculture,Urban,Leasehold,9851,2852,33,1776000,266400,8000,2050400
CASE-2026-NW-00067,Johor,Building,Suburban,Malay Reserve,1538,1373,12,4353000,653000,8000,5014000
CASE-2026-NW-00068,Melaka,Agriculture,Rural,Freehold,3968,2078,23,992000,148800,8000,1148800
CASE-2026-NW-00069,Terengganu,Building,Urban,Malay Reserve,1318,1162,34,2452000,367800,8000,2827800
CASE-2026-NW-00070,Selangor,Building,Suburban,Malay Reserve,1513,888,1,3442000,516300,8000,3966300
CASE-2026-NW-00071,Johor,Building,Suburban,Leasehold,1614,1129,16,3671000,550600,8000,4229600
CASE-2026-NW-00072,Johor,Building,Urban,Freehold,356,110,15,478000,71700,8000,557700
CASE-2026-NW-00073,Selangor,Industry,Suburban,Leasehold,7071,5699,2,16374000,2456100,8000,18838100
CASE-2026-NW-00074,Selangor,Building,Urban,Freehold,2292,1676,38,6674000,1001100,8000,7683100
CASE-2026-NW-00075,Negeri Sembilan,Agriculture,Urban,Leasehold,17593,5016,2,3549000,532400,8000,4089400
CASE-2026-NW-00076,Johor,Agriculture,Rural,Freehold,5544,3877,18,1950000,292500,8000,2250500
CASE-2026-NW-00077,Melaka,Building,Urban,Freehold,2348,1036,9,3707000,556000,8000,4271000
CASE-2026-NW-00078,Wilayah Persekutuan Kuala Lumpur,Building,Rural,Malay Reserve,1352,1140,9,3662000,549300,8000,4219300
CASE-2026-NW-00079,Negeri Sembilan,Building,Suburban,Leasehold,1190,780,31,2070000,310500,8000,2388500
CASE-2026-NW-00080,Melaka,Building,Suburban,Leasehold,1141,760,23,2124000,318600,8000,2450600
CASE-2026-NW-00081,Melaka,Building,Suburban,Freehold,2418,769,13,2757000,413600,8000,3178600
CASE-2026-NW-00082,Negeri Sembilan,Agriculture,Urban,Leasehold,19859,8458,34,4862000,729300,8000,5599300
CASE-2026-NW-00083,Johor,Agriculture,Suburban,Leasehold,7769,1626,10,1131000,169600,8000,1308600
CASE-2026-NW-00084,Johor,Agriculture,Urban,Freehold,6454,3358,30,2513000,377000,8000,2898000
CASE-2026-NW-00085,Selangor,Building,Suburban,Leasehold,1623,576,26,2054000,308100,8000,2370100
CASE-2026-NW-00086,Melaka,Agriculture,Suburban,Leasehold,10274,6581,13,3724000,558600,8000,4290600
CASE-2026-NW-00087,Pulau Pinang,Agriculture,Suburban,Leasehold,7436,6253,24,3651000,547600,8000,4206600
CASE-2026-NW-00088,Melaka,Building,Suburban,Freehold,286,77,18,250000,37500,8000,295500
CASE-2026-NW-00089,Selangor,Building,Suburban,Leasehold,1555,479,21,1760000,264000,8000,2032000
CASE-2026-NW-00090,Perak,Building,Suburban,Freehold,272,162,21,389000,58400,8000,455400
CASE-2026-NW-00091,Wilayah Persekutuan Kuala Lumpur,Building,Urban,Malay Reserve,1126,635,10,3014000,452100,8000,3474100
CASE-2026-NW-00092,Selangor,Agriculture,Suburban,Freehold,9480,2060,8,1802000,270300,8000,2080300
CASE-2026-NW-00093,Johor,Industry,Suburban,Freehold,23828,17918,15,43815000,6572200,8000,50395200
CASE-2026-NW-00094,Perak,Industry,Rural,Leasehold,20936,19223,29,27474000,4121100,8000,31603100
CASE-2026-NW-00095,Pahang,Building,Suburban,Leasehold,1731,679,15,1797000,269600,8000,2074600
CASE-2026-NW-00096,Pahang,Building,Urban,Leasehold,1610,1129,5,3263000,489400,8000,3760400
CASE-2026-NW-00097,Pulau Pinang,Building,Suburban,Malay Reserve,1852,1502,34,4523000,678400,8000,5209400
CASE-2026-NW-00098,Johor,Industry,Urban,Freehold,4400,2681,36,6733000,1010000,8000,7751000
CASE-2026-NW-00099,Selangor,Agriculture,Rural,Leasehold,2404,2084,3,1108000,166200,8000,1282200
CASE-2026-NW-00100,Negeri Sembilan,Building,Rural,Freehold,2023,1247,15,3188000,478200,8000,3674200
CASE-2026-NW-00101,Johor,Building,Urban,Freehold,1467,645,36,2391000,358600,8000,2757600
CASE-2026-NW-00102,Kedah,Building,Urban,Malay Reserve,396,111,18,338000,50700,8000,396700
CASE-2026-NW-00103,Selangor,Agriculture,Rural,Leasehold,18553,13703,37,6961000,1044200,8000,8013200
CASE-2026-NW-00104,Negeri Sembilan,Agriculture,Suburban,Freehold,8056,2262,14,1253000,188000,8000,1449000
CASE-2026-NW-00105,Selangor,Building,Suburban,Malay Reserve,1142,837,29,2614000,392100,8000,3014100
CASE-2026-NW-00106,Selangor,Agriculture,Urban,Freehold,2045,1791,11,1412000,211800,8000,1631800
CASE-2026-NW-00107,Perak,Building,Suburban,Freehold,1269,855,9,2183000,327400,8000,2518400
CASE-2026-NW-00108,Pulau Pinang,Building,Urban,Freehold,1190,936,11,3979000,596800,8000,4583800
CASE-2026-NW-00109,Selangor,Agriculture,Urban,Freehold,14355,8033,13,7556000,1133400,8000,8697400
CASE-2026-NW-00110,Melaka,Building,Suburban,Freehold,411,205,38,570000,85500,8000,663500
CASE-2026-NW-00111,Selangor,Agriculture,Rural,Malay Reserve,13418,3784,20,2163000,324400,8000,2495400
CASE-2026-NW-00112,Johor,Industry,Rural,Freehold,17545,14784,9,30808000,4621200,8000,35437200
CASE-2026-NW-00113,Selangor,Industry,Urban,Leasehold,14286,9684,27,27708000,4156200,8000,31872200
CASE-2026-NW-00114,Selangor,Building,Urban,Freehold,349,209,38,884000,132600,8000,1024600
CASE-2026-NW-00115,Johor,Industry,Suburban,Leasehold,7855,2758,3,7072000,1060800,8000,8140800
CASE-2026-NW-00116,Wilayah Persekutuan Putrajaya,Industry,Urban,Leasehold,1988,1438,7,4156000,623400,8000,4787400
CASE-2026-NW-00117,Pulau Pinang,Building,Urban,Freehold,456,169,35,728000,109200,8000,845200
CASE-2026-NW-00118,Kelantan,Agriculture,Suburban,Freehold,3729,2065,6,905000,135800,8000,1048800
CASE-2026-NW-00119,Sarawak,Agriculture,Urban,Leasehold,13999,7706,5,4812000,721800,8000,5541800
CASE-2026-NW-00120,Johor,Agriculture,Urban,Freehold,6233,2678,26,1945000,291800,8000,2244800
CASE-2026-NW-00121,Wilayah Persekutuan Kuala Lumpur,Building,Rural,Leasehold,406,297,33,817000,122600,8000,947600
CASE-2026-NW-00122,Johor,Building,Urban,Leasehold,1778,1101,10,4485000,672800,8000,5165800
CASE-2026-NW-00123,Johor,Agriculture,Urban,Leasehold,5930,2478,1,1764000,264600,8000,2036600
CASE-2026-NW-00124,Pahang,Building,Suburban,Leasehold,418,384,5,1146000,171900,8000,1325900
CASE-2026-NW-00125,Negeri Sembilan,Agriculture,Suburban,Freehold,12869,8094,6,4098000,614700,8000,4720700
CASE-2026-NW-00126,Pulau Pinang,Agriculture,Urban,Freehold,9886,3606,22,3151000,472600,8000,3631600
CASE-2026-NW-00127,Selangor,Agriculture,Suburban,Freehold,5756,3595,4,2882000,432300,8000,3322300
CASE-2026-NW-00128,Selangor,Agriculture,Suburban,Freehold,14645,3328,30,2634000,395100,8000,3037100
CASE-2026-NW-00129,Selangor,Building,Rural,Freehold,2051,659,11,2236000,335400,8000,2579400
CASE-2026-NW-00130,Sabah,Building,Suburban,Freehold,1687,969,38,2526000,378900,8000,2912900
CASE-2026-NW-00131,Johor,Building,Suburban,Freehold,1774,1104,16,3444000,516600,8000,3968600
CASE-2026-NW-00132,Melaka,Agriculture,Suburban,Leasehold,8826,4963,10,2770000,415500,8000,3193500
CASE-2026-NW-00133,Melaka,Agriculture,Urban,Leasehold,6837,5125,17,2926000,438900,8000,3372900
CASE-2026-NW-00134,Selangor,Industry,Suburban,Leasehold,12757,8890,34,21414000,3212100,8000,24634100
CASE-2026-NW-00135,Selangor,Agriculture,Urban,Freehold,17518,3602,6,3443000,516400,8000,3967400
CASE-2026-NW-00136,Selangor,Building,Suburban,Freehold,1893,547,39,2103000,315400,8000,2426400
CASE-2026-NW-00137,Perak,Building,Rural,Leasehold,2872,1116,6,3137000,470600,8000,3615600
CASE-2026-NW-00138,Johor,Agriculture,Urban,Freehold,4805,3320,4,2250000,337500,8000,2595500
CASE-2026-NW-00139,Pulau Pinang,Agriculture,Urban,Freehold,14646,5362,35,4374000,656100,8000,5038100
CASE-2026-NW-00140,Johor,Industry,Rural,Leasehold,10278,6769,27,12435000,1865200,8000,14308200
CASE-2026-NW-00141,Melaka,Building,Suburban,Leasehold,1049,407,23,1277000,191600,8000,1476600
CASE-2026-NW-00142,Perak,Building,Suburban,Leasehold,477,137,9,365000,54800,8000,427800
CASE-2026-NW-00143,Selangor,Industry,Urban,Malay Reserve,1924,570,35,1697000,254600,8000,1959600
CASE-2026-NW-00144,Wilayah Persekutuan Putrajaya,Agriculture,Urban,Freehold,12803,3067,8,2845000,426800,8000,3279800
CASE-2026-NW-00145,Johor,Industry,Urban,Leasehold,24858,19774,14,52928000,7939200,8000,60875200
CASE-2026-NW-00146,Kedah,Agriculture,Urban,Leasehold,14061,5265,2,2919000,437800,8000,3364800
CASE-2026-NW-00147,Selangor,Building,Urban,Leasehold,2733,2449,30,9553000,1433000,8000,10994000
CASE-2026-NW-00148,Negeri Sembilan,Building,Urban,Freehold,2193,745,20,2409000,361400,8000,2778400
CASE-2026-NW-00149,Kedah,Building,Urban,Malay Reserve,2148,1697,2,4894000,734100,8000,5636100
CASE-2026-NW-00150,Kedah,Building,Urban,Freehold,568,262,25,795000,119200,8000,922200
CASE-2026-NW-00151,Perak,Building,Rural,Freehold,2030,1790,39,2974000,446100,8000,3428100
CASE-2026-NW-00152,Perak,Agriculture,Urban,Leasehold,12107,2849,5,1731000,259600,8000,1998600
CASE-2026-NW-00153,Wilayah Persekutuan Labuan,Building,Rural,Freehold,2110,946,23,2406000,360900,8000,2774900
CASE-2026-NW-00154,Pahang,Building,Suburban,Leasehold,533,138,24,379000,56800,8000,443800
CASE-2026-NW-00155,Selangor,Industry,Suburban,Leasehold,15582,9144,11,27021000,4053200,8000,31082200
CASE-2026-NW-00156,Wilayah Persekutuan Kuala Lumpur,Industry,Urban,Freehold,21625,12539,10,46415000,6962200,8000,53385200
CASE-2026-NW-00157,Pulau Pinang,Agriculture,Urban,Freehold,17223,10003,0,8671000,1300600,8000,9979600
CASE-2026-NW-00158,Pahang,Building,Urban,Freehold,2689,823,30,2397000,359600,8000,2764600
CASE-2026-NW-00159,Selangor,Agriculture,Suburban,Freehold,18365,14147,1,10938000,1640700,8000,12586700
CASE-2026-NW-00160,Selangor,Agriculture,Urban,Freehold,10170,5915,9,5558000,833700,8000,6399700
CASE-2026-NW-00161,Pahang,Building,Suburban,Freehold,2395,1696,25,4064000,609600,8000,4681600
CASE-2026-NW-00162,Melaka,Agriculture,Urban,Freehold,16881,11299,28,7042000,1056300,8000,8106300
CASE-2026-NW-00163,Negeri Sembilan,Agriculture,Urban,Leasehold,18764,4357,32,2781000,417200,8000,3206200
CASE-2026-NW-00164,Perak,Building,Suburban,Leasehold,2644,1276,16,3546000,531900,8000,4085900
CASE-2026-NW-00165,Perak,Building,Urban,Freehold,1223,1154,17,3266000,489900,8000,3763900
CASE-2026-NW-00166,Selangor,Building,Suburban,Leasehold,896,709,32,2401000,360200,8000,2769200
CASE-2026-NW-00167,Terengganu,Agriculture,Urban,Leasehold,11062,6057,18,2979000,446800,8000,3433800
CASE-2026-NW-00168,Selangor,Agriculture,Urban,Leasehold,18964,11563,22,9423000,1413400,8000,10844400
CASE-2026-NW-00169,Sarawak,Building,Suburban,Freehold,1671,1574,22,4273000,641000,8000,4922000
CASE-2026-NW-00170,Melaka,Building,Rural,Freehold,2406,636,22,1682000,252300,8000,1942300
CASE-2026-NW-00171,Selangor,Agriculture,Urban,Freehold,5346,2236,38,1948000,292200,8000,2248200
CASE-2026-NW-00172,Selangor,Agriculture,Suburban,Freehold,13244,6812,35,4941000,741200,8000,5690200
CASE-2026-NW-00173,Selangor,Agriculture,Urban,Freehold,14510,6642,26,5739000,860800,8000,6607800
CASE-2026-NW-00174,Sabah,Building,Suburban,Freehold,2109,1962,39,4550000,682500,8000,5240500
CASE-2026-NW-00175,Johor,Building,Urban,Freehold,1960,1472,31,5070000,760500,8000,5838500
CASE-2026-NW-00176,Wilayah Persekutuan Kuala Lumpur,Agriculture,Urban,Leasehold,17039,8284,9,7880000,1182000,8000,9070000
CASE-2026-NW-00177,Melaka,Agriculture,Suburban,Malay Reserve,5798,3203,9,1752000,262800,8000,2022800
CASE-2026-NW-00178,Kedah,Building,Rural,Leasehold,1883,1138,29,2274000,341100,8000,2623100
CASE-2026-NW-00179,Johor,Agriculture,Urban,Leasehold,11857,4903,37,3286000,492900,8000,3786900
CASE-2026-NW-00180,Perak,Building,Urban,Leasehold,2673,1261,15,3688000,553200,8000,4249200
CASE-2026-NW-00181,Selangor,Building,Urban,Leasehold,1317,688,34,2849000,427400,8000,3284400
CASE-2026-NW-00182,Melaka,Building,Urban,Freehold,2019,794,18,3074000,461100,8000,3543100
CASE-2026-NW-00183,Kedah,Agriculture,Suburban,Leasehold,9534,2879,0,1474000,221100,8000,1703100
CASE-2026-NW-00184,Pulau Pinang,Building,Suburban,Freehold,328,238,5,921000,138200,8000,1067200
CASE-2026-NW-00185,Pulau Pinang,Building,Urban,Leasehold,2217,922,12,3726000,558900,8000,4292900
CASE-2026-NW-00186,Selangor,Agriculture,Urban,Leasehold,6254,4372,39,3333000,500000,8000,3841000
CASE-2026-NW-00187,Johor,Industry,Urban,Freehold,21687,11783,28,33854000,5078100,8000,38940100
CASE-2026-NW-00188,Johor,Industry,Suburban,Freehold,3997,2395,31,5735000,860200,8000,6603200
CASE-2026-NW-00189,Selangor,Agriculture,Urban,Freehold,14625,12784,10,10538000,1580700,8000,12126700
CASE-2026-NW-00190,Johor,Agriculture,Urban,Leasehold,5696,2155,30,1482000,222300,8000,1712300
CASE-2026-NW-00191,Kedah,Building,Urban,Leasehold,2039,1776,4,5178000,776700,8000,5962700
CASE-2026-NW-00192,Wilayah Persekutuan Kuala Lumpur,Agriculture,Suburban,Malay Reserve,6859,5774,24,3930000,589500,8000,4527500
CASE-2026-NW-00193,Negeri Sembilan,Building,Suburban,Freehold,1968,1620,4,5293000,794000,8000,6095000
CASE-2026-NW-00194,Melaka,Agriculture,Urban,Freehold,2989,2439,38,1395000,209200,8000,1612200
CASE-2026-NW-00195,Kedah,Agriculture,Suburban,Leasehold,19908,7497,4,3982000,597300,8000,4587300
CASE-2026-NW-00196,Kedah,Building,Urban,Malay Reserve,617,561,10,1536000,230400,8000,1774400
CASE-2026-NW-00197,Johor,Industry,Suburban,Freehold,10766,2933,38,7013000,1052000,8000,8073000
CASE-2026-NW-00198,Wilayah Persekutuan Kuala Lumpur,Building,Urban,Leasehold,932,345,3,1779000,266800,8000,2053800
CASE-2026-NW-00199,Terengganu,Agriculture,Suburban,Freehold,11746,6891,31,3245000,486800,8000,3739800
CASE-2026-NW-00200,Sabah,Agriculture,Rural,Freehold,8063,2733,38,1125000,168800,8000,1301800
CASE-2026-NW-00201,Wilayah Persekutuan Kuala Lumpur,Agriculture,Suburban,Freehold,7588,2370,4,2106000,315900,8000,2429900
CASE-2026-NW-00202,Johor,Agriculture,Suburban,Freehold,11966,9221,11,5814000,872100,8000,6694100
CASE-2026-NW-00203,Selangor,Agriculture,Suburban,Freehold,16236,12572,39,8657000,1298600,8000,9963600
CASE-2026-NW-00204,Wilayah Persekutuan Kuala Lumpur,Agriculture,Rural,Freehold,10568,6035,24,3996000,599400,8000,4603400
CASE-2026-NW-00205,Kelantan,Agriculture,Urban,Freehold,8268,4992,6,2827000,424000,8000,3259000
CASE-2026-NW-00206,Pulau Pinang,Building,Suburban,Leasehold,1560,898,4,3300000,495000,8000,3803000
CASE-2026-NW-00207,Terengganu,Building,Urban,Leasehold,327,254,16,766000,114900,8000,888900
CASE-2026-NW-00208,Selangor,Building,Urban,Freehold,1035,666,11,2944000,441600,8000,3393600
CASE-2026-NW-00209,Perak,Agriculture,Urban,Freehold,16943,14652,15,8222000,1233300,8000,9463300
CASE-2026-NW-00210,Selangor,Building,Suburban,Freehold,1661,1357,30,4506000,675900,8000,5189900
CASE-2026-NW-00211,Selangor,Building,Rural,Leasehold,896,367,3,1345000,201800,8000,1554800
CASE-2026-NW-00212,Melaka,Agriculture,Suburban,Freehold,18531,4697,35,2771000,415600,8000,3194600
CASE-2026-NW-00213,Melaka,Agriculture,Urban,Leasehold,4150,1995,14,1333000,200000,8000,1541000
CASE-2026-NW-00214,Perak,Building,Urban,Freehold,1556,651,9,2073000,311000,8000,2392000
CASE-2026-NW-00215,Perak,Building,Urban,Freehold,523,139,37,397000,59600,8000,464600
CASE-2026-NW-00216,Wilayah Persekutuan Kuala Lumpur,Agriculture,Suburban,Freehold,19435,4275,2,3907000,586000,8000,4501000
CASE-2026-NW-00217,Johor,Building,Suburban,Freehold,2105,890,12,3091000,463600,8000,3562600
CASE-2026-NW-00218,Kedah,Agriculture,Rural,Freehold,19220,14809,1,5725000,858800,8000,6591800
CASE-2026-NW-00219,Perak,Agriculture,Urban,Leasehold,3861,2104,3,1160000,174000,8000,1342000
CASE-2026-NW-00220,Johor,Agriculture,Rural,Leasehold,8306,5861,15,2688000,403200,8000,3099200
CASE-2026-NW-00221,Perak,Agriculture,Rural,Freehold,11946,9855,36,3305000,495800,8000,3808800
CASE-2026-NW-00222,Pulau Pinang,Building,Urban,Leasehold,1695,751,10,3088000,463200,8000,3559200
CASE-2026-NW-00223,Selangor,Building,Suburban,Leasehold,1581,776,33,2712000,406800,8000,3126800
CASE-2026-NW-00224,Sarawak,Building,Urban,Freehold,1855,1427,3,5080000,762000,8000,5850000
CASE-2026-NW-00225,Johor,Industry,Urban,Freehold,13951,9846,16,29171000,4375600,8000,33554600
CASE-2026-NW-00226,Selangor,Agriculture,Urban,Freehold,12856,11274,30,8843000,1326400,8000,10177400
CASE-2026-NW-00227,Perlis,Agriculture,Urban,Malay Reserve,12558,10174,2,4489000,673400,8000,5170400
CASE-2026-NW-00228,Pulau Pinang,Agriculture,Suburban,Freehold,3767,2966,38,1846000,276900,8000,2130900
CASE-2026-NW-00229,Pulau Pinang,Building,Urban,Freehold,1445,800,25,3160000,474000,8000,3642000
CASE-2026-NW-00230,Kedah,Agriculture,Urban,Leasehold,8682,4122,3,2399000,359800,8000,2766800
CASE-2026-NW-00231,Selangor,Building,Rural,Leasehold,690,314,38,914000,137100,8000,1059100
CASE-2026-NW-00232,Perlis,Agriculture,Rural,Freehold,15701,9670,5,3668000,550200,8000,4226200
CASE-2026-NW-00233,Melaka,Agriculture,Suburban,Leasehold,18324,13069,14,6265000,939800,8000,7212800
CASE-2026-NW-00234,Wilayah Persekutuan Kuala Lumpur,Building,Urban,Leasehold,594,374,32,1563000,234400,8000,1805400
CASE-2026-NW-00235,Perak,Building,Urban,Freehold,567,495,15,1491000,223600,8000,1722600
CASE-2026-NW-00236,Melaka,Building,Rural,Leasehold,2824,783,26,1845000,276800,8000,2129800
CASE-2026-NW-00237,Pulau Pinang,Building,Urban,Freehold,1127,891,30,3437000,515600,8000,3960600
CASE-2026-NW-00238,Kelantan,Building,Suburban,Freehold,833,496,5,1388000,208200,8000,1604200
CASE-2026-NW-00239,Negeri Sembilan,Building,Urban,Freehold,1206,302,28,1041000,156200,8000,1205200
CASE-2026-NW-00240,Wilayah Persekutuan Kuala Lumpur,Building,Suburban,Leasehold,2788,1287,11,5573000,836000,8000,6417000
CASE-2026-NW-00241,Melaka,Agriculture,Rural,Freehold,4111,1292,3,693000,104000,8000,805000
CASE-2026-NW-00242,Pulau Pinang,Agriculture,Suburban,Leasehold,14391,4296,5,3389000,508400,8000,3905400
CASE-2026-NW-00243,Wilayah Persekutuan Kuala Lumpur,Building,Suburban,Freehold,1408,791,25,3341000,501200,8000,3850200
CASE-2026-NW-00244,Kelantan,Building,Urban,Leasehold,1252,427,14,1181000,177200,8000,1366200
CASE-2026-NW-00245,Wilayah Persekutuan Kuala Lumpur,Building,Suburban,Freehold,1073,288,3,1391000,208600,8000,1607600
CASE-2026-NW-00246,Melaka,Agriculture,Suburban,Leasehold,6969,4595,20,2395000,359200,8000,2762200
CASE-2026-NW-00247,Pulau Pinang,Building,Rural,Freehold,1343,955,1,3365000,504800,8000,3877800
CASE-2026-NW-00248,Pulau Pinang,Building,Rural,Leasehold,2252,579,27,1661000,249200,8000,1918200
CASE-2026-NW-00249,Johor,Agriculture,Rural,Leasehold,18268,4609,33,2234000,335100,8000,2577100
CASE-2026-NW-00250,Melaka,Building,Suburban,Leasehold,2408,626,4,2198000,329700,8000,2535700
CASE-2026-NW-00251,Johor,Agriculture,Urban,Leasehold,4937,4266,13,2698000,404700,8000,3110700
CASE-2026-NW-00252,Wilayah Persekutuan Kuala Lumpur,Agriculture,Suburban,Leasehold,9795,8368,13,6250000,937500,8000,7195500
CASE-2026-NW-00253,Sarawak,Building,Suburban,Freehold,1553,422,4,1302000,195300,8000,1505300
CASE-2026-NW-00254,Pulau Pinang,Building,Urban,Freehold,2918,1328,38,5311000,796600,8000,6115600
CASE-2026-NW-00255,Wilayah Persekutuan Kuala Lumpur,Agriculture,Suburban,Freehold,8372,3381,27,2911000,436600,8000,3355600
CASE-2026-NW-00256,Pulau Pinang,Agriculture,Suburban,Freehold,6089,5206,9,3436000,515400,8000,3959400
CASE-2026-NW-00257,Sarawak,Agriculture,Suburban,Freehold,4868,1329,10,774000,116100,8000,898100
CASE-2026-NW-00258,Johor,Industry,Suburban,Leasehold,11199,5867,7,16198000,2429700,8000,18635700
CASE-2026-NW-00259,Kelantan,Agriculture,Suburban,Freehold,16740,4312,34,2084000,312600,8000,2404600
CASE-2026-NW-00260,Terengganu,Agriculture,Urban,Freehold,17762,14739,33,7101000,1065200,8000,8174200
CASE-2026-NW-00261,Selangor,Building,Suburban,Freehold,1923,788,29,2923000,438400,8000,3369400
CASE-2026-NW-00262,Kelantan,Agriculture,Urban,Leasehold,3116,1151,39,570000,85500,8000,663500
CASE-2026-NW-00263,Wilayah Persekutuan Kuala Lumpur,Agriculture,Suburban,Leasehold,6894,2698,35,2116000,317400,8000,2441400
CASE-2026-NW-00264,Selangor,Agriculture,Rural,Malay Reserve,7236,3160,17,1889000,283400,8000,2180400
CASE-2026-NW-00265,Pulau Pinang,Agriculture,Suburban,Freehold,14463,5293,1,3852000,577800,8000,4437800
CASE-2026-NW-00266,Pulau Pinang,Industry,Urban,Leasehold,7633,2392,13,7429000,1114400,8000,8551400
CASE-2026-NW-00267,Wilayah Persekutuan Kuala Lumpur,Building,Rural,Freehold,826,331,25,1101000,165200,8000,1274200
CASE-2026-NW-00268,Perlis,Agriculture,Suburban,Leasehold,8856,4357,8,1959000,293800,8000,2260800
CASE-2026-NW-00269,Selangor,Building,Rural,Freehold,2684,1058,35,3110000,466500,8000,3584500
CASE-2026-NW-00270,Selangor,Agriculture,Suburban,Freehold,18648,3784,36,3064000,459600,8000,3531600
CASE-2026-NW-00271,Perak,Building,Urban,Freehold,1609,1310,6,4245000,636800,8000,4889800
CASE-2026-NW-00272,Wilayah Persekutuan Kuala Lumpur,Building,Urban,Leasehold,1122,766,39,3228000,484200,8000,3720200
CASE-2026-NW-00273,Pulau Pinang,Agriculture,Urban,Freehold,2804,1378,8,1204000,180600,8000,1392600
CASE-2026-NW-00274,Selangor,Agriculture,Suburban,Freehold,14102,10450,34,7346000,1101900,8000,8455900
CASE-2026-NW-00275,Kedah,Agriculture,Urban,Leasehold,7038,5455,16,2874000,431100,8000,3313100
CASE-2026-NW-00276,Perak,Agriculture,Rural,Malay Reserve,2039,889,29,335000,50200,8000,393200
CASE-2026-NW-00277,Wilayah Persekutuan Putrajaya,Industry,Urban,Freehold,20362,11731,19,37091000,5563600,8000,42662600
CASE-2026-NW-00278,Wilayah Persekutuan Kuala Lumpur,Agriculture,Rural,Leasehold,13867,7947,5,5440000,816000,8000,6264000
CASE-2026-NW-00279,Kedah,Building,Urban,Freehold,2001,760,36,2166000,324900,8000,2498900
CASE-2026-NW-00280,Selangor,Agriculture,Rural,Leasehold,5685,2918,26,1579000,236800,8000,1823800
CASE-2026-NW-00281,Pulau Pinang,Building,Suburban,Leasehold,1303,544,27,1957000,293600,8000,2258600
CASE-2026-NW-00282,Johor,Industry,Urban,Leasehold,20327,17971,30,43944000,6591600,8000,50543600
CASE-2026-NW-00283,Pahang,Agriculture,Suburban,Freehold,12499,6862,14,3393000,509000,8000,3910000
CASE-2026-NW-00284,Sabah,Building,Suburban,Freehold,2631,920,16,2967000,445000,8000,3420000
CASE-2026-NW-00285,Wilayah Persekutuan Kuala Lumpur,Agriculture,Suburban,Leasehold,8001,3190,28,2397000,359600,8000,2764600
CASE-2026-NW-00286,Selangor,Industry,Urban,Freehold,20173,16358,23,49373000,7406000,8000,56787000
CASE-2026-NW-00287,Sarawak,Building,Suburban,Malay Reserve,1702,1415,16,3518000,527700,8000,4053700
CASE-2026-NW-00288,Selangor,Industry,Suburban,Leasehold,9587,7208,8,19233000,2885000,8000,22126000
CASE-2026-NW-00289,Selangor,Agriculture,Urban,Freehold,5927,4063,36,3393000,509000,8000,3910000
CASE-2026-NW-00290,Negeri Sembilan,Building,Urban,Leasehold,2903,1528,31,4766000,714900,8000,5488900
CASE-2026-NW-00291,Selangor,Building,Urban,Malay Reserve,510,262,2,1147000,172000,8000,1327000
CASE-2026-NW-00292,Kelantan,Agriculture,Suburban,Freehold,10575,2465,2,1278000,191700,8000,1477700
CASE-2026-NW-00293,Perak,Industry,Suburban,Freehold,23584,19588,22,38710000,5806500,8000,44524500
CASE-2026-NW-00294,Pulau Pinang,Agriculture,Suburban,Freehold,3941,2499,23,1674000,251100,8000,1933100
CASE-2026-NW-00295,Wilayah Persekutuan Kuala Lumpur,Agriculture,Urban,Freehold,6891,3935,21,3793000,569000,8000,4370000
CASE-2026-NW-00296,Sabah,Agriculture,Rural,Freehold,19459,15579,10,6756000,1013400,8000,7777400
CASE-2026-NW-00297,Melaka,Building,Suburban,Freehold,604,288,6,959000,143800,8000,1110800
CASE-2026-NW-00298,Wilayah Persekutuan Kuala Lumpur,Building,Rural,Freehold,1118,766,18,2565000,384800,8000,2957800
CASE-2026-NW-00299,Terengganu,Industry,Suburban,Freehold,16252,12228,6,27480000,4122000,8000,31610000
CASE-2026-NW-00300,Johor,Agriculture,Urban,Freehold,18638,15186,8,10508000,1576200,8000,12092200
CASE-2026-NW-00301,Selangor,Building,Urban,Freehold,1072,789,14,3338000,500700,8000,3846700
CASE-2026-NW-00302,Terengganu,Building,Suburban,Freehold,681,317,34,842000,126300,8000,976300
CASE-2026-NW-00303,Wilayah Persekutuan Kuala Lumpur,Agriculture,Rural,Freehold,2773,1589,31,972000,145800,8000,1125800
CASE-2026-NW-00304,Johor,Industry,Suburban,Leasehold,17597,9248,11,22104000,3315600,8000,25427600
CASE-2026-NW-00305,Wilayah Persekutuan Kuala Lumpur,Industry,Suburban,Freehold,1693,1373,20,4113000,617000,8000,4738000
CASE-2026-NW-00306,Pulau Pinang,Agriculture,Suburban,Freehold,13595,6071,4,4276000,641400,8000,4925400
CASE-2026-NW-00307,Selangor,Industry,Urban,Freehold,17180,12026,31,36001000,5400200,8000,41409200
CASE-2026-NW-00308,Selangor,Industry,Suburban,Freehold,10647,3890,1,11802000,1770300,8000,13580300
CASE-2026-NW-00309,Selangor,Building,Urban,Freehold,2401,678,14,3298000,494700,8000,3800700
CASE-2026-NW-00310,Negeri Sembilan,Building,Urban,Leasehold,1245,1120,28,3184000,477600,8000,3669600
CASE-2026-NW-00311,Johor,Agriculture,Rural,Freehold,12519,3587,0,2074000,311100,8000,2393100
CASE-2026-NW-00312,Selangor,Building,Suburban,Freehold,907,459,24,1787000,268000,8000,2063000
CASE-2026-NW-00313,Johor,Building,Urban,Freehold,897,518,35,1813000,272000,8000,2093000
CASE-2026-NW-00314,Kedah,Building,Suburban,Freehold,1460,1131,28,2985000,447800,8000,3440800
CASE-2026-NW-00315,Pahang,Building,Rural,Malay Reserve,2066,1318,26,2548000,382200,8000,2938200
CASE-2026-NW-00316,Selangor,Agriculture,Urban,Freehold,17092,12425,35,10508000,1576200,8000,12092200
CASE-2026-NW-00317,Wilayah Persekutuan Kuala Lumpur,Agriculture,Rural,Leasehold,19230,14639,38,8198000,1229700,8000,9435700
CASE-2026-NW-00318,Pulau Pinang,Agriculture,Suburban,Freehold,11176,4705,5,3647000,547000,8000,4202000
CASE-2026-NW-00319,Selangor,Building,Urban,Freehold,2383,1113,26,4955000,743200,8000,5706200
CASE-2026-NW-00320,Perak,Building,Suburban,Freehold,1207,853,12,2475000,371200,8000,2854200
CASE-2026-NW-00321,Johor,Building,Suburban,Freehold,1061,805,32,2273000,341000,8000,2622000
CASE-2026-NW-00322,Selangor,Building,Rural,Leasehold,2488,2218,15,6955000,1043200,8000,8006200
CASE-2026-NW-00323,Kedah,Building,Urban,Freehold,2947,2648,26,7651000,1147600,8000,8806600
CASE-2026-NW-00324,Pulau Pinang,Agriculture,Urban,Leasehold,8028,2890,21,2372000,355800,8000,2735800
CASE-2026-NW-00325,Johor,Agriculture,Suburban,Freehold,7473,4908,23,2797000,419600,8000,3224600
CASE-2026-NW-00326,Melaka,Building,Urban,Leasehold,2224,749,35,2310000,346500,8000,2664500
CASE-2026-NW-00327,Selangor,Agriculture,Rural,Leasehold,13093,3863,19,2376000,356400,8000,2740400
CASE-2026-NW-00328,Wilayah Persekutuan Kuala Lumpur,Agriculture,Suburban,Freehold,12566,10175,26,7733000,1160000,8000,8901000
CASE-2026-NW-00329,Johor,Building,Urban,Freehold,1926,1088,16,4180000,627000,8000,4815000
CASE-2026-NW-00330,Pulau Pinang,Building,Rural,Leasehold,2881,742,31,2176000,326400,8000,2510400
CASE-2026-NW-00331,Perak,Agriculture,Urban,Leasehold,3647,1132,30,620000,93000,8000,721000
CASE-2026-NW-00332,Terengganu,Agriculture,Urban,Leasehold,11853,10504,31,4639000,695800,8000,5342800
CASE-2026-NW-00333,Wilayah Persekutuan Kuala Lumpur,Agriculture,Suburban,Leasehold,11490,9956,2,6965000,1044800,8000,8017800
CASE-2026-NW-00334,Johor,Agriculture,Suburban,Freehold,16094,11983,9,7150000,1072500,8000,8230500
CASE-2026-NW-00335,Kedah,Building,Suburban,Freehold,2667,1499,9,4682000,702300,8000,5392300
CASE-2026-NW-00336,Wilayah Persekutuan Kuala Lumpur,Agriculture,Suburban,Malay Reserve,2156,1363,6,1024000,153600,8000,1185600
CASE-2026-NW-00337,Pulau Pinang,Building,Urban,Freehold,2206,885,15,3925000,588800,8000,4521800
CASE-2026-NW-00338,Melaka,Agriculture,Urban,Leasehold,9268,2897,31,1939000,290800,8000,2237800
CASE-2026-NW-00339,Pulau Pinang,Agriculture,Suburban,Freehold,17192,4215,35,3189000,478400,8000,3675400
CASE-2026-NW-00340,Wilayah Persekutuan Kuala Lumpur,Building,Suburban,Freehold,1820,1197,39,4373000,656000,8000,5037000
CASE-2026-NW-00341,Wilayah Persekutuan Kuala Lumpur,Agriculture,Suburban,Freehold,11596,9500,3,7613000,1142000,8000,8763000
CASE-2026-NW-00342,Melaka,Agriculture,Suburban,Freehold,16481,4349,22,2563000,384400,8000,2955400
CASE-2026-NW-00343,Wilayah Persekutuan Labuan,Agriculture,Suburban,Leasehold,18798,4253,29,2221000,333200,8000,2562200
CASE-2026-NW-00344,Pahang,Agriculture,Rural,Leasehold,4635,1720,22,671000,100600,8000,779600
CASE-2026-NW-00345,Pulau Pinang,Agriculture,Suburban,Malay Reserve,11280,7411,11,4621000,693200,8000,5322200
CASE-2026-NW-00346,Terengganu,Building,Urban,Leasehold,2059,1397,18,3666000,549900,8000,4223900
CASE-2026-NW-00347,Wilayah Persekutuan Putrajaya,Agriculture,Urban,Malay Reserve,12763,4476,28,3335000,500200,8000,3843200
CASE-2026-NW-00348,Selangor,Building,Suburban,Freehold,2673,1296,36,4804000,720600,8000,5532600
CASE-2026-NW-00349,Johor,Building,Urban,Freehold,2520,2062,1,7485000,1122800,8000,8615800
CASE-2026-NW-00350,Sarawak,Agriculture,Urban,Leasehold,6018,2913,19,1780000,267000,8000,2055000
CASE-2026-NW-00351,Johor,Agriculture,Suburban,Leasehold,17406,9866,14,5662000,849300,8000,6519300
CASE-2026-NW-00352,Selangor,Agriculture,Suburban,Malay Reserve,12395,10741,14,6382000,957300,8000,7347300
CASE-2026-NW-00353,Pahang,Agriculture,Suburban,Freehold,13650,4728,14,2440000,366000,8000,2814000
CASE-2026-NW-00354,Pulau Pinang,Agriculture,Suburban,Freehold,12364,6344,32,4360000,654000,8000,5022000
CASE-2026-NW-00355,Selangor,Agriculture,Suburban,Freehold,12335,3831,38,2936000,440400,8000,3384400
CASE-2026-NW-00356,Selangor,Building,Urban,Freehold,2568,1766,34,7240000,1086000,8000,8334000
CASE-2026-NW-00357,Selangor,Agriculture,Urban,Freehold,11209,4309,15,4119000,617800,8000,4744800
CASE-2026-NW-00358,Negeri Sembilan,Building,Rural,Leasehold,870,550,18,1380000,207000,8000,1595000
CASE-2026-NW-00359,Melaka,Agriculture,Rural,Freehold,12342,5426,19,2625000,393800,8000,3026800
CASE-2026-NW-00360,Selangor,Building,Rural,Freehold,708,363,25,1129000,169400,8000,1306400
CASE-2026-NW-00361,Melaka,Building,Urban,Freehold,1892,480,16,1701000,255200,8000,1964200
CASE-2026-NW-00362,Melaka,Agriculture,Suburban,Freehold,3094,873,3,548000,82200,8000,638200
CASE-2026-NW-00363,Sabah,Building,Suburban,Leasehold,1340,927,20,2517000,377600,8000,2902600
CASE-2026-NW-00364,Perak,Building,Suburban,Malay Reserve,1088,290,13,861000,129200,8000,998200
CASE-2026-NW-00365,Selangor,Building,Rural,Malay Reserve,2358,626,32,1737000,260600,8000,2005600
CASE-2026-NW-00366,Melaka,Agriculture,Suburban,Freehold,12398,9035,38,4376000,656400,8000,5040400
CASE-2026-NW-00367,Selangor,Building,Urban,Freehold,1430,524,13,2572000,385800,8000,2965800
CASE-2026-NW-00368,Selangor,Building,Urban,Freehold,2350,1912,9,8201000,1230200,8000,9439200
CASE-2026-NW-00369,Selangor,Building,Rural,Freehold,1053,305,32,964000,144600,8000,1116600
CASE-2026-NW-00370,Selangor,Agriculture,Suburban,Freehold,2638,726,36,573000,86000,8000,667000
CASE-2026-NW-00371,Selangor,Building,Urban,Freehold,1109,400,30,1846000,276900,8000,2130900
CASE-2026-NW-00372,Pulau Pinang,Building,Suburban,Freehold,2124,1832,27,6323000,948400,8000,7279400
CASE-2026-NW-00373,Wilayah Persekutuan Kuala Lumpur,Building,Suburban,Malay Reserve,2028,649,4,2821000,423200,8000,3252200
CASE-2026-NW-00374,Wilayah Persekutuan Kuala Lumpur,Building,Urban,Freehold,2137,793,34,3960000,594000,8000,4562000
CASE-2026-NW-00375,Pulau Pinang,Agriculture,Urban,Freehold,16650,14201,3,11113000,1667000,8000,12788000
CASE-2026-NW-00376,Johor,Building,Suburban,Malay Reserve,2197,1916,13,5781000,867200,8000,6656200
CASE-2026-NW-00377,Selangor,Building,Suburban,Leasehold,1416,888,35,2824000,423600,8000,3255600
CASE-2026-NW-00378,Pulau Pinang,Agriculture,Rural,Leasehold,16772,10796,26,5494000,824100,8000,6326100
CASE-2026-NW-00379,Kelantan,Agriculture,Urban,Malay Reserve,15797,8438,28,3942000,591300,8000,4541300
CASE-2026-NW-00380,Pulau Pinang,Building,Suburban,Freehold,1936,1493,31,4761000,714200,8000,5483200
CASE-2026-NW-00381,Pulau Pinang,Building,Suburban,Freehold,1369,928,25,3210000,481500,8000,3699500
CASE-2026-NW-00382,Johor,Building,Urban,Malay Reserve,941,885,18,2617000,392600,8000,3017600
CASE-2026-NW-00383,Johor,Agriculture,Suburban,Freehold,16189,11654,31,6549000,982400,8000,7539400
CASE-2026-NW-00384,Melaka,Agriculture,Suburban,Leasehold,4250,1426,38,779000,116800,8000,903800
CASE-2026-NW-00385,Sabah,Building,Urban,Malay Reserve,2682,2235,24,6081000,912200,8000,7001200
CASE-2026-NW-00386,Selangor,Agriculture,Urban,Freehold,5955,4961,4,4408000,661200,8000,5077200
CASE-2026-NW-00387,Selangor,Agriculture,Urban,Freehold,15186,5591,0,5035000,755200,8000,5798200
CASE-2026-NW-00388,Selangor,Building,Suburban,Malay Reserve,1972,1724,22,5842000,876300,8000,6726300
CASE-2026-NW-00389,Kelantan,Industry,Urban,Freehold,2092,1278,5,2792000,418800,8000,3218800
CASE-2026-NW-00390,Wilayah Persekutuan Kuala Lumpur,Building,Urban,Leasehold,1652,977,1,4769000,715400,8000,5492400
CASE-2026-NW-00391,Perlis,Building,Rural,Leasehold,170,139,27,291000,43600,8000,342600
CASE-2026-NW-00392,Johor,Building,Rural,Freehold,701,292,7,911000,136600,8000,1055600
CASE-2026-NW-00393,Terengganu,Agriculture,Suburban,Freehold,16324,12958,29,5298000,794700,8000,6100700
CASE-2026-NW-00394,Sarawak,Building,Suburban,Freehold,2799,2407,9,7482000,1122300,8000,8612300
CASE-2026-NW-00395,Selangor,Industry,Suburban,Malay Reserve,14295,8609,31,21110000,3166500,8000,24284500
CASE-2026-NW-00396,Melaka,Building,Suburban,Malay Reserve,2268,1378,33,3352000,502800,8000,3862800
CASE-2026-NW-00397,Selangor,Agriculture,Rural,Malay Reserve,19549,17471,3,9245000,1386800,8000,10639800
CASE-2026-NW-00398,Selangor,Industry,Urban,Leasehold,11743,6331,15,19563000,2934400,8000,22505400
CASE-2026-NW-00399,Johor,Agriculture,Suburban,Leasehold,10692,6192,35,3478000,521700,8000,4007700
CASE-2026-NW-00400,Melaka,Agriculture,Suburban,Leasehold,17040,9784,36,4818000,722700,8000,5548700
CASE-2026-NW-00401,Sabah,Building,Rural,Freehold,511,388,11,945000,141800,8000,1094800
CASE-2026-NW-00402,Selangor,Agriculture,Suburban,Leasehold,17677,13261,0,9158000,1373700,8000,10539700
CASE-2026-NW-00403,Selangor,Building,Urban,Malay Reserve,349,167,3,699000,104800,8000,811800
CASE-2026-NW-00404,Sabah,Building,Urban,Leasehold,1436,1064,19,3277000,491600,8000,3776600
CASE-2026-NW-00405,Johor,Agriculture,Rural,Freehold,9359,5532,29,2566000,384900,8000,2958900
CASE-2026-NW-00406,Selangor,Industry,Urban,Leasehold,12693,8150,27,25373000,3806000,8000,29187000
CASE-2026-NW-00407,Kedah,Agriculture,Rural,Freehold,10854,9066,19,3073000,461000,8000,3542000
CASE-2026-NW-00408,Selangor,Building,Suburban,Malay Reserve,292,227,23,732000,109800,8000,849800
CASE-2026-NW-00409,Selangor,Building,Urban,Freehold,500,306,22,1340000,201000,8000,1549000
CASE-2026-NW-00410,Negeri Sembilan,Agriculture,Urban,Freehold,14464,4700,15,3030000,454500,8000,3492500
CASE-2026-NW-00411,Selangor,Building,Suburban,Malay Reserve,1250,629,18,2329000,349400,8000,2686400
CASE-2026-NW-00412,Pulau Pinang,Building,Suburban,Leasehold,2059,1948,39,5272000,790800,8000,6070800
CASE-2026-NW-00413,Melaka,Industry,Urban,Leasehold,11016,8318,26,19244000,2886600,8000,22138600
CASE-2026-NW-00414,Selangor,Building,Urban,Freehold,186,79,17,361000,54200,8000,423200
CASE-2026-NW-00415,Selangor,Building,Urban,Freehold,1091,993,17,4078000,611700,8000,4697700
CASE-2026-NW-00416,Selangor,Agriculture,Urban,Leasehold,10350,7993,0,6337000,950600,8000,7295600
CASE-2026-NW-00417,Perak,Building,Urban,Freehold,2174,1421,38,3708000,556200,8000,4272200
CASE-2026-NW-00418,Selangor,Agriculture,Urban,Freehold,8443,2433,25,2239000,335800,8000,2582800
CASE-2026-NW-00419,Selangor,Industry,Urban,Freehold,20500,18718,16,61651000,9247600,8000,70906600
CASE-2026-NW-00420,Terengganu,Agriculture,Suburban,Leasehold,6088,5377,33,2194000,329100,8000,2531100
CASE-2026-NW-00421,Wilayah Persekutuan Kuala Lumpur,Building,Urban,Leasehold,1446,424,32,1968000,295200,8000,2271200
CASE-2026-NW-00422,Negeri Sembilan,Agriculture,Rural,Freehold,10332,4579,21,1939000,290800,8000,2237800
CASE-2026-NW-00423,Melaka,Agriculture,Rural,Leasehold,17672,7930,13,3621000,543200,8000,4172200
CASE-2026-NW-00424,Kelantan,Agriculture,Urban,Freehold,18289,9811,34,4822000,723300,8000,5553300
CASE-2026-NW-00425,Selangor,Building,Urban,Malay Reserve,2926,1798,39,6675000,1001200,8000,7684200
CASE-2026-NW-00426,Selangor,Agriculture,Urban,Leasehold,17163,11983,7,10269000,1540400,8000,11817400
CASE-2026-NW-00427,Wilayah Persekutuan Labuan,Building,Urban,Freehold,403,138,36,438000,65700,8000,511700
CASE-2026-NW-00428,Selangor,Agriculture,Rural,Freehold,16765,4545,37,2951000,442600,8000,3401600
CASE-2026-NW-00429,Selangor,Agriculture,Urban,Freehold,16525,13628,38,11092000,1663800,8000,12763800
CASE-2026-NW-00430,Kedah,Agriculture,Suburban,Malay Reserve,10425,8984,4,3601000,540200,8000,4149200
CASE-2026-NW-00431,Terengganu,Industry,Urban,Freehold,18872,7419,32,16028000,2404200,8000,18440200
CASE-2026-NW-00432,Negeri Sembilan,Agriculture,Urban,Leasehold,16115,7170,21,4295000,644200,8000,4947200
CASE-2026-NW-00433,Pulau Pinang,Agriculture,Suburban,Freehold,8931,5936,11,3926000,588900,8000,4522900
CASE-2026-NW-00434,Pahang,Building,Urban,Freehold,2312,781,22,2314000,347100,8000,2669100
CASE-2026-NW-00435,Selangor,Building,Urban,Malay Reserve,540,316,21,1303000,195400,8000,1506400
CASE-2026-NW-00436,Pulau Pinang,Building,Urban,Leasehold,2038,1536,25,6021000,903200,8000,6932200
CASE-2026-NW-00437,Kedah,Agriculture,Suburban,Leasehold,19390,14375,15,6634000,995100,8000,7637100
CASE-2026-NW-00438,Kedah,Building,Suburban,Leasehold,2214,1106,18,3087000,463000,8000,3558000
CASE-2026-NW-00439,Kelantan,Building,Suburban,Leasehold,1739,1624,3,4301000,645200,8000,4954200
CASE-2026-NW-00440,Wilayah Persekutuan Labuan,Building,Urban,Freehold,331,231,27,729000,109400,8000,846400
CASE-2026-NW-00441,Pulau Pinang,Agriculture,Suburban,Freehold,19465,9448,32,6826000,1023900,8000,7857900
CASE-2026-NW-00442,Pulau Pinang,Building,Suburban,Leasehold,2102,928,2,3755000,563200,8000,4326200
CASE-2026-NW-00443,Kedah,Building,Urban,Leasehold,1337,909,16,2649000,397400,8000,3054400
CASE-2026-NW-00444,Selangor,Building,Urban,Freehold,476,170,24,771000,115600,8000,894600
CASE-2026-NW-00445,Selangor,Building,Rural,Freehold,2332,913,38,2798000,419700,8000,3225700
CASE-2026-NW-00446,Perak,Agriculture,Urban,Leasehold,16398,13085,20,6080000,912000,8000,7000000
CASE-2026-NW-00447,Pahang,Building,Rural,Freehold,161,98,13,220000,33000,8000,261000
CASE-2026-NW-00448,Kedah,Building,Suburban,Leasehold,1002,267,18,786000,117900,8000,911900
CASE-2026-NW-00449,Johor,Agriculture,Suburban,Freehold,19089,16989,36,9178000,1376700,8000,10562700
CASE-2026-NW-00450,Wilayah Persekutuan Kuala Lumpur,Building,Suburban,Freehold,2279,1381,36,5441000,816200,8000,6265200
CASE-2026-NW-00451,Kelantan,Agriculture,Urban,Freehold,3046,847,38,457000,68600,8000,533600
CASE-2026-NW-00452,Johor,Building,Rural,Leasehold,711,244,25,681000,102200,8000,791200
CASE-2026-NW-00453,Sarawak,Agriculture,Suburban,Freehold,4959,2703,31,1425000,213800,8000,1646800
CASE-2026-NW-00454,Pahang,Agriculture,Urban,Freehold,16123,6178,25,3694000,554100,8000,4256100
CASE-2026-NW-00455,Perak,Building,Suburban,Freehold,270,67,18,179000,26800,8000,213800
CASE-2026-NW-00456,Selangor,Building,Suburban,Freehold,862,382,5,1559000,233800,8000,1800800
CASE-2026-NW-00457,Wilayah Persekutuan Kuala Lumpur,Building,Suburban,Freehold,2163,1979,16,8142000,1221300,8000,9371300
CASE-2026-NW-00458,Pahang,Building,Suburban,Leasehold,850,593,10,1700000,255000,8000,1963000
CASE-2026-NW-00459,Negeri Sembilan,Building,Suburban,Leasehold,1041,376,23,1007000,151000,8000,1166000
CASE-2026-NW-00460,Pulau Pinang,Agriculture,Rural,Freehold,13202,10797,35,5280000,792000,8000,6080000
CASE-2026-NW-00461,Kelantan,Agriculture,Urban,Freehold,9292,6957,23,3777000,566600,8000,4351600
CASE-2026-NW-00462,Melaka,Building,Suburban,Freehold,1822,1242,35,3285000,492800,8000,3785800
CASE-2026-NW-00463,Sarawak,Building,Rural,Leasehold,1131,626,10,1576000,236400,8000,1820400
CASE-2026-NW-00464,Kelantan,Building,Urban,Freehold,696,629,30,1516000,227400,8000,1751400
CASE-2026-NW-00465,Kelantan,Agriculture,Rural,Leasehold,15587,10515,30,3553000,533000,8000,4094000
CASE-2026-NW-00466,Wilayah Persekutuan Kuala Lumpur,Agriculture,Suburban,Freehold,19767,6335,35,5350000,802500,8000,6160500
CASE-2026-NW-00467,Selangor,Building,Suburban,Malay Reserve,655,273,8,976000,146400,8000,1130400
CASE-2026-NW-00468,Pulau Pinang,Agriculture,Rural,Freehold,12932,2914,27,1725000,258800,8000,1991800
CASE-2026-NW-00469,Pulau Pinang,Building,Urban,Freehold,430,148,18,653000,98000,8000,759000
CASE-2026-NW-00470,Wilayah Persekutuan Labuan,Building,Suburban,Leasehold,1854,891,32,2329000,349400,8000,2686400
CASE-2026-NW-00471,Wilayah Persekutuan Kuala Lumpur,Building,Suburban,Leasehold,884,510,6,2293000,344000,8000,2645000
CASE-2026-NW-00472,Johor,Building,Rural,Leasehold,1368,1242,13,3289000,493400,8000,3790400
CASE-2026-NW-00473,Kedah,Building,Urban,Freehold,870,583,34,1527000,229000,8000,1764000
CASE-2026-NW-00474,Pulau Pinang,Agriculture,Urban,Freehold,16672,10193,22,8282000,1242300,8000,9532300
CASE-2026-NW-00475,Wilayah Persekutuan Kuala Lumpur,Building,Urban,Leasehold,1905,895,8,4071000,610600,8000,4689600
CASE-2026-NW-00476,Kedah,Agriculture,Suburban,Leasehold,10489,2961,24,1473000,221000,8000,1702000
CASE-2026-NW-00477,Terengganu,Building,Suburban,Leasehold,1083,914,13,2295000,344200,8000,2647200
CASE-2026-NW-00478,Sabah,Building,Urban,Freehold,2156,704,32,2106000,315900,8000,2429900
CASE-2026-NW-00479,Johor,Agriculture,Suburban,Freehold,16455,5026,8,3584000,537600,8000,4129600
CASE-2026-NW-00480,Wilayah Persekutuan Kuala Lumpur,Agriculture,Rural,Leasehold,2455,1344,5,922000,138300,8000,1068300
CASE-2026-NW-00481,Negeri Sembilan,Industry,Urban,Freehold,21944,5832,17,15789000,2368400,8000,18165400
CASE-2026-NW-00482,Pahang,Agriculture,Suburban,Malay Reserve,6590,2418,13,1056000,158400,8000,1222400
CASE-2026-NW-00483,Terengganu,Building,Rural,Freehold,2924,2368,26,5307000,796000,8000,6111000
CASE-2026-NW-00484,Terengganu,Building,Suburban,Malay Reserve,1231,619,9,1582000,237300,8000,1827300
CASE-2026-NW-00485,Selangor,Building,Urban,Freehold,778,685,34,2717000,407600,8000,3132600
CASE-2026-NW-00486,Selangor,Building,Rural,Freehold,1477,505,28,1549000,232400,8000,1789400
CASE-2026-NW-00487,Pulau Pinang,Industry,Suburban,Freehold,10973,5406,36,14252000,2137800,8000,16397800
CASE-2026-NW-00488,Perak,Agriculture,Suburban,Leasehold,15468,4951,9,2574000,386100,8000,2968100
CASE-2026-NW-00489,Selangor,Building,Suburban,Leasehold,451,169,14,639000,95800,8000,742800
CASE-2026-NW-00490,Selangor,Agriculture,Suburban,Leasehold,14620,10209,1,7540000,1131000,8000,8679000
CASE-2026-NW-00491,Selangor,Agriculture,Suburban,Leasehold,4211,1143,34,842000,126300,8000,976300
CASE-2026-NW-00492,Wilayah Persekutuan Labuan,Agriculture,Suburban,Malay Reserve,6665,3522,31,1576000,236400,8000,1820400
CASE-2026-NW-00493,Pahang,Industry,Urban,Leasehold,16591,4263,24,9253000,1388000,8000,10649000
CASE-2026-NW-00494,Kedah,Industry,Urban,Freehold,16884,5507,32,12756000,1913400,8000,14677400
CASE-2026-NW-00495,Wilayah Persekutuan Kuala Lumpur,Agriculture,Urban,Freehold,19757,12609,29,11549000,1732400,8000,13289400
CASE-2026-NW-00496,Wilayah Persekutuan Kuala Lumpur,Agriculture,Suburban,Freehold,5812,4426,29,3369000,505400,8000,3882400
CASE-2026-NW-00497,Negeri Sembilan,Building,Urban,Leasehold,1961,728,24,2331000,349600,8000,2688600
CASE-2026-NW-00498,Pulau Pinang,Agriculture,Suburban,Leasehold,7196,4618,29,3013000,452000,8000,3473000
CASE-2026-NW-00499,Selangor,Building,Suburban,Leasehold,1807,1348,2,5030000,754500,8000,5792500
CASE-2026-NW-00500,Sabah,Building,Suburban,Freehold,254,141,15,391000,58600,8000,457600
CASE-2026-NW-00501,Johor,Building,Urban,Freehold,715,462,6,1969000,295400,8000,2272400
CASE-2026-NW-00502,Perak,Building,Rural,Freehold,1939,1764,15,4243000,636400,8000,4887400
CASE-2026-NW-00503,Selangor,Building,Suburban,Freehold,1281,637,18,2488000,373200,8000,2869200
CASE-2026-NW-00504,Wilayah Persekutuan Kuala Lumpur,Agriculture,Urban,Freehold,5310,2489,13,2462000,369300,8000,2839300
CASE-2026-NW-00505,Melaka,Agriculture,Suburban,Leasehold,12277,9788,0,5596000,839400,8000,6443400
CASE-2026-NW-00506,Selangor,Building,Urban,Freehold,1640,1006,22,4251000,637600,8000,4896600
CASE-2026-NW-00507,Kelantan,Agriculture,Urban,Freehold,15155,12660,15,6402000,960300,8000,7370300
CASE-2026-NW-00508,Melaka,Building,Suburban,Freehold,705,334,24,995000,149200,8000,1152200
CASE-2026-NW-00509,Johor,Building,Rural,Freehold,1342,665,20,1992000,298800,8000,2298800
CASE-2026-NW-00510,Selangor,Building,Suburban,Freehold,2453,991,28,3770000,565500,8000,4343500
CASE-2026-NW-00511,Melaka,Building,Suburban,Freehold,1968,1614,6,4963000,744400,8000,5715400
CASE-2026-NW-00512,Pulau Pinang,Industry,Suburban,Freehold,12339,5943,35,15324000,2298600,8000,17630600
CASE-2026-NW-00513,Kelantan,Industry,Urban,Freehold,15929,4153,26,9443000,1416400,8000,10867400
CASE-2026-NW-00514,Wilayah Persekutuan Kuala Lumpur,Building,Suburban,Freehold,389,216,5,887000,133000,8000,1028000
CASE-2026-NW-00515,Kelantan,Agriculture,Rural,Freehold,10925,5355,12,1881000,282200,8000,2171200
CASE-2026-NW-00516,Selangor,Building,Urban,Freehold,481,135,27,598000,89700,8000,695700
CASE-2026-NW-00517,Wilayah Persekutuan Labuan,Building,Rural,Leasehold,1016,300,36,628000,94200,8000,730200
CASE-2026-NW-00518,Perak,Agriculture,Suburban,Leasehold,5264,4722,34,1975000,296200,8000,2279200
CASE-2026-NW-00519,Perak,Building,Urban,Freehold,321,235,16,728000,109200,8000,845200
CASE-2026-NW-00520,Selangor,Industry,Suburban,Freehold,4851,3670,31,9787000,1468000,8000,11263000
CASE-2026-NW-00521,Selangor,Agriculture,Suburban,Malay Reserve,8138,4291,37,2875000,431200,8000,3314200
CASE-2026-NW-00522,Selangor,Building,Suburban,Freehold,1644,1540,38,4885000,732800,8000,5625800
CASE-2026-NW-00523,Terengganu,Building,Suburban,Freehold,1348,634,33,1556000,233400,8000,1797400
CASE-2026-NW-00524,Sabah,Agriculture,Urban,Leasehold,17179,14519,31,7377000,1106600,8000,8491600
CASE-2026-NW-00525,Sarawak,Building,Rural,Leasehold,847,617,13,1664000,249600,8000,1921600
CASE-2026-NW-00526,Johor,Building,Urban,Freehold,1776,670,2,2905000,435800,8000,3348800
CASE-2026-NW-00527,Selangor,Industry,Rural,Leasehold,10908,10184,30,18910000,2836500,8000,21754500
CASE-2026-NW-00528,Selangor,Building,Suburban,Freehold,1480,909,13,3698000,554700,8000,4260700
CASE-2026-NW-00529,Johor,Agriculture,Urban,Freehold,11681,8133,21,5580000,837000,8000,6425000
CASE-2026-NW-00530,Selangor,Building,Suburban,Freehold,1604,508,35,2000000,300000,8000,2308000
CASE-2026-NW-00531,Melaka,Agriculture,Suburban,Leasehold,10612,3074,19,1792000,268800,8000,2068800
CASE-2026-NW-00532,Perak,Agriculture,Rural,Leasehold,7197,6425,25,1988000,298200,8000,2294200
CASE-2026-NW-00533,Kelantan,Building,Urban,Leasehold,1518,474,6,1578000,236700,8000,1822700
CASE-2026-NW-00534,Wilayah Persekutuan Kuala Lumpur,Building,Suburban,Leasehold,1255,1041,34,3700000,555000,8000,4263000
CASE-2026-NW-00535,Selangor,Building,Urban,Freehold,1502,1326,14,5290000,793500,8000,6091500
CASE-2026-NW-00536,Negeri Sembilan,Building,Suburban,Freehold,1724,636,10,2152000,322800,8000,2482800
CASE-2026-NW-00537,Selangor,Building,Suburban,Malay Reserve,272,196,28,600000,90000,8000,698000
CASE-2026-NW-00538,Kedah,Agriculture,Suburban,Freehold,3521,2186,17,998000,149700,8000,1155700
CASE-2026-NW-00539,Pulau Pinang,Agriculture,Urban,Leasehold,6253,3929,27,3012000,451800,8000,3471800
CASE-2026-NW-00540,Pahang,Agriculture,Suburban,Leasehold,14305,3694,23,1722000,258300,8000,1988300
CASE-2026-NW-00541,Perak,Industry,Urban,Leasehold,7726,6873,7,14914000,2237100,8000,17159100
CASE-2026-NW-00542,Selangor,Agriculture,Urban,Freehold,2730,2422,15,1870000,280500,8000,2158500
CASE-2026-NW-00543,Perak,Agriculture,Urban,Leasehold,7635,2977,0,1728000,259200,8000,1995200
CASE-2026-NW-00544,Sabah,Industry,Suburban,Malay Reserve,13949,13249,37,20129000,3019400,8000,23156400
CASE-2026-NW-00545,Pulau Pinang,Agriculture,Suburban,Freehold,15730,13800,31,8500000,1275000,8000,9783000
CASE-2026-NW-00546,Wilayah Persekutuan Kuala Lumpur,Agriculture,Suburban,Leasehold,5823,1628,23,1384000,207600,8000,1599600
CASE-2026-NW-00547,Johor,Building,Urban,Leasehold,2415,1590,19,5620000,843000,8000,6471000
CASE-2026-NW-00548,Sabah,Agriculture,Urban,Leasehold,6616,4092,29,2188000,328200,8000,2524200
CASE-2026-NW-00549,Terengganu,Building,Urban,Malay Reserve,2692,2042,38,4857000,728600,8000,5593600
CASE-2026-NW-00550,Terengganu,Agriculture,Rural,Freehold,11094,3917,31,1560000,234000,8000,1802000
CASE-2026-NW-00551,Johor,Building,Urban,Freehold,821,298,27,1126000,168900,8000,1302900
CASE-2026-NW-00552,Wilayah Persekutuan Kuala Lumpur,Building,Urban,Freehold,1180,424,30,2023000,303400,8000,2334400
CASE-2026-NW-00553,Johor,Agriculture,Urban,Freehold,4712,3005,25,2132000,319800,8000,2459800
CASE-2026-NW-00554,Pulau Pinang,Building,Suburban,Freehold,770,481,23,1600000,240000,8000,1848000
CASE-2026-NW-00555,Wilayah Persekutuan Kuala Lumpur,Agriculture,Urban,Leasehold,10859,7692,29,6481000,972200,8000,7461200
CASE-2026-NW-00556,Pulau Pinang,Building,Urban,Freehold,2453,1652,31,6682000,1002300,8000,7692300
CASE-2026-NW-00557,Sabah,Agriculture,Suburban,Leasehold,5285,1329,1,728000,109200,8000,845200
CASE-2026-NW-00558,Kelantan,Agriculture,Urban,Freehold,9361,4395,2,2351000,352600,8000,2711600
CASE-2026-NW-00559,Pahang,Building,Urban,Leasehold,326,272,38,681000,102200,8000,791200
CASE-2026-NW-00560,Kedah,Building,Urban,Leasehold,2577,874,35,2569000,385400,8000,2962400
CASE-2026-NW-00561,Kedah,Agriculture,Suburban,Freehold,13432,7375,16,4036000,605400,8000,4649400
CASE-2026-NW-00562,Pahang,Building,Suburban,Leasehold,1980,1873,38,3615000,542200,8000,4165200
CASE-2026-NW-00563,Pahang,Agriculture,Urban,Leasehold,6999,5191,30,2644000,396600,8000,3048600
CASE-2026-NW-00564,Perlis,Building,Urban,Freehold,184,53,2,184000,27600,8000,219600
CASE-2026-NW-00565,Kedah,Building,Suburban,Freehold,756,575,13,1672000,250800,8000,1930800
CASE-2026-NW-00566,Pulau Pinang,Industry,Suburban,Freehold,24073,19311,5,53586000,8037900,8000,61631900
CASE-2026-NW-00567,Selangor,Building,Urban,Leasehold,1505,1070,39,3907000,586000,8000,4501000
CASE-2026-NW-00568,Perak,Building,Rural,Leasehold,2688,1227,29,2762000,414300,8000,3184300
CASE-2026-NW-00569,Melaka,Building,Rural,Freehold,677,497,37,1142000,171300,8000,1321300
CASE-2026-NW-00570,Pahang,Building,Urban,Freehold,395,278,30,806000,120900,8000,934900
CASE-2026-NW-00571,Pulau Pinang,Building,Suburban,Leasehold,2469,1287,31,4561000,684200,8000,5253200
CASE-2026-NW-00572,Johor,Agriculture,Urban,Malay Reserve,10359,7384,26,4499000,674800,8000,5181800
CASE-2026-NW-00573,Sabah,Industry,Suburban,Leasehold,15001,10263,35,17364000,2604600,8000,19976600
CASE-2026-NW-00574,Kedah,Agriculture,Urban,Leasehold,7737,2111,21,1304000,195600,8000,1507600
CASE-2026-NW-00575,Kedah,Building,Rural,Freehold,2292,1223,19,2786000,417900,8000,3211900
CASE-2026-NW-00576,Kelantan,Building,Suburban,Leasehold,856,561,32,1127000,169000,8000,1304000
CASE-2026-NW-00577,Pulau Pinang,Industry,Urban,Freehold,17506,13563,6,46167000,6925000,8000,53100000
CASE-2026-NW-00578,Wilayah Persekutuan Kuala Lumpur,Building,Urban,Leasehold,426,312,23,1343000,201400,8000,1552400
CASE-2026-NW-00579,Melaka,Industry,Suburban,Freehold,24547,13696,22,32954000,4943100,8000,37905100
CASE-2026-NW-00580,Negeri Sembilan,Agriculture,Rural,Leasehold,16661,8424,3,3450000,517500,8000,3975500
CASE-2026-NW-00581,Johor,Agriculture,Rural,Freehold,18329,15389,37,6548000,982200,8000,7538200
CASE-2026-NW-00582,Melaka,Agriculture,Suburban,Leasehold,12371,8681,19,4711000,706600,8000,5425600
CASE-2026-NW-00583,Perak,Agriculture,Suburban,Freehold,9258,8254,35,3292000,493800,8000,3793800
CASE-2026-NW-00584,Sarawak,Industry,Suburban,Leasehold,23300,15138,20,32743000,4911400,8000,37662400
CASE-2026-NW-00585,Pahang,Agriculture,Suburban,Freehold,10372,7652,30,3593000,539000,8000,4140000
CASE-2026-NW-00586,Wilayah Persekutuan Putrajaya,Building,Suburban,Leasehold,2388,628,5,2524000,378600,8000,2910600
CASE-2026-NW-00587,Wilayah Persekutuan Kuala Lumpur,Building,Suburban,Freehold,2282,931,10,4128000,619200,8000,4755200
CASE-2026-NW-00588,Selangor,Building,Suburban,Leasehold,1380,1256,22,4263000,639400,8000,4910400
CASE-2026-NW-00589,Pulau Pinang,Building,Suburban,Freehold,433,378,2,1436000,215400,8000,1659400
CASE-2026-NW-00590,Selangor,Agriculture,Urban,Malay Reserve,14406,8236,23,6291000,943600,8000,7242600
CASE-2026-NW-00591,Wilayah Persekutuan Labuan,Agriculture,Suburban,Leasehold,3946,1987,22,983000,147400,8000,1138400
CASE-2026-NW-00592,Kelantan,Agriculture,Urban,Leasehold,8573,2985,35,1435000,215200,8000,1658200
CASE-2026-NW-00593,Pulau Pinang,Building,Urban,Freehold,2116,1357,12,5755000,863200,8000,6626200
CASE-2026-NW-00594,Wilayah Persekutuan Kuala Lumpur,Building,Urban,Leasehold,1035,390,4,1981000,297200,8000,2286200
CASE-2026-NW-00595,Johor,Agriculture,Suburban,Freehold,14780,10642,6,7110000,1066500,8000,8184500
CASE-2026-NW-00596,Pulau Pinang,Industry,Rural,Freehold,11047,7749,39,15560000,2334000,8000,17902000
CASE-2026-NW-00597,Negeri Sembilan,Building,Suburban,Freehold,492,311,14,923000,138400,8000,1069400
CASE-2026-NW-00598,Selangor,Agriculture,Urban,Leasehold,18840,8967,16,7426000,1113900,8000,8547900
CASE-2026-NW-00599,Sarawak,Industry,Rural,Leasehold,2875,1730,5,3665000,549800,8000,4222800
CASE-2026-NW-00600,Kedah,Agriculture,Urban,Freehold,8042,4099,31,2386000,357900,8000,2751900
CASE-2026-NW-00601,Wilayah Persekutuan Kuala Lumpur,Building,Suburban,Freehold,955,420,15,1838000,275700,8000,2121700
CASE-2026-NW-00602,Pulau Pinang,Agriculture,Rural,Malay Reserve,17539,9244,29,4756000,713400,8000,5477400
CASE-2026-NW-00603,Pahang,Building,Urban,Leasehold,686,611,6,1741000,261200,8000,2010200
CASE-2026-NW-00604,Wilayah Persekutuan Kuala Lumpur,Building,Suburban,Leasehold,1187,819,12,3176000,476400,8000,3660400
CASE-2026-NW-00605,Johor,Building,Suburban,Freehold,2409,1713,22,5223000,783400,8000,6014400
CASE-2026-NW-00606,Selangor,Agriculture,Rural,Leasehold,9748,8435,0,4434000,665100,8000,5107100
CASE-2026-NW-00607,Melaka,Building,Suburban,Malay Reserve,1316,986,24,2386000,357900,8000,2751900
CASE-2026-NW-00608,Selangor,Agriculture,Suburban,Leasehold,17007,14952,1,10537000,1580600,8000,12125600
CASE-2026-NW-00609,Selangor,Industry,Rural,Freehold,17527,6598,26,15139000,2270800,8000,17417800
CASE-2026-NW-00610,Pulau Pinang,Agriculture,Suburban,Leasehold,11392,8097,22,5125000,768800,8000,5901800
CASE-2026-NW-00611,Johor,Agriculture,Suburban,Freehold,9308,7876,38,4200000,630000,8000,4838000
CASE-2026-NW-00612,Pulau Pinang,Building,Suburban,Leasehold,2405,1262,12,4564000,684600,8000,5256600
CASE-2026-NW-00613,Selangor,Building,Suburban,Freehold,2200,999,26,3906000,585900,8000,4499900
CASE-2026-NW-00614,Pulau Pinang,Industry,Urban,Freehold,7603,6658,5,20865000,3129800,8000,24002800
CASE-2026-NW-00615,Kedah,Agriculture,Rural,Leasehold,11575,4175,37,1451000,217600,8000,1676600
CASE-2026-NW-00616,Perak,Building,Suburban,Leasehold,324,304,16,794000,119100,8000,921100
CASE-2026-NW-00617,Selangor,Agriculture,Urban,Freehold,2563,865,4,816000,122400,8000,946400
CASE-2026-NW-00618,Johor,Building,Suburban,Freehold,1059,369,35,1175000,176200,8000,1359200
CASE-2026-NW-00619,Selangor,Building,Suburban,Leasehold,1405,1192,17,4343000,651400,8000,5002400
CASE-2026-NW-00620,Selangor,Building,Urban,Freehold,2337,2119,26,8745000,1311800,8000,10064800
CASE-2026-NW-00621,Wilayah Persekutuan Kuala Lumpur,Industry,Rural,Freehold,1215,789,17,2085000,312800,8000,2405800
CASE-2026-NW-00622,Kelantan,Agriculture,Urban,Freehold,14367,7161,31,3847000,577000,8000,4432000
CASE-2026-NW-00623,Kelantan,Industry,Suburban,Leasehold,18962,15216,20,25580000,3837000,8000,29425000
CASE-2026-NW-00624,Terengganu,Building,Suburban,Freehold,2093,1101,3,2873000,431000,8000,3312000
CASE-2026-NW-00625,Negeri Sembilan,Building,Suburban,Freehold,1912,988,27,2689000,403400,8000,3100400
CASE-2026-NW-00626,Selangor,Building,Urban,Leasehold,2551,1575,26,6526000,978900,8000,7512900
CASE-2026-NW-00627,Selangor,Building,Suburban,Malay Reserve,2020,1696,3,6132000,919800,8000,7059800
CASE-2026-NW-00628,Perak,Agriculture,Rural,Freehold,16871,10885,10,4466000,669900,8000,5143900
CASE-2026-NW-00629,Pulau Pinang,Agriculture,Suburban,Leasehold,11640,9184,33,5653000,848000,8000,6509000
CASE-2026-NW-00630,Selangor,Agriculture,Suburban,Freehold,2672,854,30,661000,99200,8000,768200
CASE-2026-NW-00631,Perak,Building,Urban,Freehold,1035,305,2,1042000,156300,8000,1206300
CASE-2026-NW-00632,Selangor,Building,Suburban,Freehold,1555,813,32,3078000,461700,8000,3547700
CASE-2026-NW-00633,Melaka,Agriculture,Suburban,Leasehold,18613,15276,6,8803000,1320400,8000,10131400
CASE-2026-NW-00634,Pulau Pinang,Building,Rural,Leasehold,516,446,24,1207000,181000,8000,1396000
CASE-2026-NW-00635,Johor,Building,Urban,Freehold,2808,2606,21,8725000,1308800,8000,10041800
CASE-2026-NW-00636,Pulau Pinang,Building,Suburban,Freehold,2848,1645,31,5627000,844000,8000,6479000
CASE-2026-NW-00637,Negeri Sembilan,Agriculture,Urban,Freehold,3351,1222,27,757000,113600,8000,878600
CASE-2026-NW-00638,Melaka,Building,Rural,Leasehold,830,426,25,927000,139000,8000,1074000
CASE-2026-NW-00639,Wilayah Persekutuan Labuan,Agriculture,Urban,Leasehold,2849,1348,25,779000,116800,8000,903800
CASE-2026-NW-00640,Selangor,Building,Suburban,Freehold,964,826,9,3266000,489900,8000,3763900
CASE-2026-NW-00641,Selangor,Building,Suburban,Freehold,916,733,5,2738000,410700,8000,3156700
CASE-2026-NW-00642,Kedah,Agriculture,Suburban,Freehold,10451,6790,32,3049000,457400,8000,3514400
CASE-2026-NW-00643,Kedah,Agriculture,Suburban,Leasehold,7944,7069,23,3138000,470700,8000,3616700
CASE-2026-NW-00644,Selangor,Agriculture,Rural,Malay Reserve,9440,7418,17,3648000,547200,8000,4203200
CASE-2026-NW-00645,Terengganu,Agriculture,Urban,Freehold,5859,2796,27,1601000,240200,8000,1849200
CASE-2026-NW-00646,Selangor,Building,Suburban,Leasehold,651,327,11,1235000,185200,8000,1428200
CASE-2026-NW-00647,Perlis,Building,Suburban,Leasehold,1991,1433,5,3786000,567900,8000,4361900
CASE-2026-NW-00648,Selangor,Building,Rural,Freehold,213,57,6,210000,31500,8000,249500
CASE-2026-NW-00649,Wilayah Persekutuan Kuala Lumpur,Industry,Rural,Freehold,15570,8947,30,20504000,3075600,8000,23587600
CASE-2026-NW-00650,Kelantan,Building,Urban,Freehold,2105,1802,1,5134000,770100,8000,5912100
CASE-2026-NW-00651,Johor,Industry,Suburban,Leasehold,15687,14440,4,32794000,4919100,8000,37721100
CASE-2026-NW-00652,Johor,Industry,Urban,Freehold,19130,10022,2,30402000,4560300,8000,34970300
CASE-2026-NW-00653,Kelantan,Building,Rural,Freehold,390,229,30,415000,62200,8000,485200
CASE-2026-NW-00654,Wilayah Persekutuan Kuala Lumpur,Building,Rural,Freehold,2897,2181,27,6661000,999200,8000,7668200
CASE-2026-NW-00655,Selangor,Building,Suburban,Freehold,2344,1747,37,5969000,895400,8000,6872400
CASE-2026-NW-00656,Johor,Agriculture,Suburban,Leasehold,16402,12914,22,7193000,1079000,8000,8280000
CASE-2026-NW-00657,Selangor,Agriculture,Suburban,Leasehold,14600,11907,21,7685000,1152800,8000,8845800
CASE-2026-NW-00658,Perak,Agriculture,Rural,Leasehold,6448,5628,29,1838000,275700,8000,2121700
CASE-2026-NW-00659,Terengganu,Building,Suburban,Freehold,1869,1158,2,3101000,465200,8000,3574200
CASE-2026-NW-00660,Johor,Agriculture,Urban,Leasehold,6726,5899,20,3798000,569700,8000,4375700
CASE-2026-NW-00661,Terengganu,Building,Suburban,Freehold,615,379,7,993000,149000,8000,1150000
CASE-2026-NW-00662,Wilayah Persekutuan Kuala Lumpur,Agriculture,Urban,Leasehold,8989,7585,31,6069000,910400,8000,6987400
CASE-2026-NW-00663,Johor,Building,Rural,Freehold,2643,1032,33,2561000,384200,8000,2953200
CASE-2026-NW-00664,Wilayah Persekutuan Kuala Lumpur,Agriculture,Suburban,Leasehold,10718,6361,2,4925000,738800,8000,5671800
CASE-2026-NW-00665,Pulau Pinang,Building,Urban,Malay Reserve,1545,1017,33,3462000,519300,8000,3989300
CASE-2026-NW-00666,Johor,Agriculture,Urban,Freehold,4490,4013,35,2487000,373000,8000,2868000
CASE-2026-NW-00667,Kedah,Building,Rural,Freehold,2749,2160,36,4134000,620100,8000,4762100
CASE-2026-NW-00668,Sarawak,Agriculture,Rural,Leasehold,7667,6587,3,2602000,390300,8000,3000300
CASE-2026-NW-00669,Kelantan,Agriculture,Urban,Freehold,6743,2484,10,1497000,224600,8000,1729600
CASE-2026-NW-00670,Melaka,Industry,Urban,Leasehold,3199,2984,39,6011000,901600,8000,6920600
CASE-2026-NW-00671,Kedah,Agriculture,Urban,Leasehold,14884,4794,39,2567000,385000,8000,2960000
CASE-2026-NW-00672,Wilayah Persekutuan Kuala Lumpur,Building,Suburban,Freehold,998,511,32,2031000,304600,8000,2343600
CASE-2026-NW-00673,Selangor,Building,Rural,Leasehold,1374,631,10,1882000,282300,8000,2172300
CASE-2026-NW-00674,Pahang,Building,Urban,Freehold,1397,1269,1,3993000,599000,8000,4600000
CASE-2026-NW-00675,Negeri Sembilan,Building,Urban,Leasehold,1330,1010,28,2896000,434400,8000,3338400
CASE-2026-NW-00676,Perak,Agriculture,Rural,Freehold,12633,4116,18,1638000,245700,8000,1891700
CASE-2026-NW-00677,Wilayah Persekutuan Kuala Lumpur,Industry,Urban,Leasehold,9683,5448,8,20571000,3085600,8000,23664600
CASE-2026-NW-00678,Pulau Pinang,Building,Rural,Leasehold,1573,577,26,1757000,263600,8000,2028600
CASE-2026-NW-00679,Melaka,Building,Urban,Leasehold,629,419,38,1214000,182100,8000,1404100
CASE-2026-NW-00680,Pulau Pinang,Industry,Suburban,Freehold,20214,7125,20,20513000,3077000,8000,23598000
CASE-2026-NW-00681,Melaka,Industry,Rural,Leasehold,3247,1400,10,2630000,394500,8000,3032500
CASE-2026-NW-00682,Perak,Building,Suburban,Leasehold,2174,1642,28,3486000,522900,8000,4016900
CASE-2026-NW-00683,Negeri Sembilan,Agriculture,Rural,Freehold,17246,3870,7,1868000,280200,8000,2156200
CASE-2026-NW-00684,Melaka,Building,Rural,Malay Reserve,1523,610,17,1385000,207800,8000,1600800
CASE-2026-NW-00685,Selangor,Agriculture,Urban,Leasehold,15739,10856,0,9338000,1400700,8000,10746700
CASE-2026-NW-00686,Terengganu,Agriculture,Urban,Malay Reserve,8437,7133,37,3066000,459900,8000,3533900
CASE-2026-NW-00687,Johor,Agriculture,Rural,Freehold,3687,2412,12,1196000,179400,8000,1383400
CASE-2026-NW-00688,Wilayah Persekutuan Kuala Lumpur,Agriculture,Suburban,Freehold,2617,1803,10,1515000,227200,8000,1750200
CASE-2026-NW-00689,Pahang,Building,Urban,Leasehold,685,629,23,1703000,255400,8000,1966400
CASE-2026-NW-00690,Johor,Agriculture,Urban,Freehold,9838,7490,38,4919000,737800,8000,5664800
CASE-2026-NW-00691,Selangor,Agriculture,Urban,Freehold,13124,2919,6,3013000,452000,8000,3473000
CASE-2026-NW-00692,Pahang,Industry,Urban,Freehold,13562,4796,21,11290000,1693500,8000,12991500
CASE-2026-NW-00693,Selangor,Agriculture,Rural,Freehold,6688,3559,17,2067000,310000,8000,2385000
CASE-2026-NW-00694,Wilayah Persekutuan Kuala Lumpur,Agriculture,Rural,Leasehold,2694,2242,3,1457000,218600,8000,1683600
CASE-2026-NW-00695,Selangor,Agriculture,Urban,Freehold,9090,2133,24,1974000,296100,8000,2278100
CASE-2026-NW-00696,Negeri Sembilan,Industry,Rural,Freehold,17388,12779,13,26150000,3922500,8000,30080500
CASE-2026-NW-00697,Sabah,Agriculture,Urban,Freehold,3514,1902,37,1104000,165600,8000,1277600
CASE-2026-NW-00698,Pulau Pinang,Building,Urban,Freehold,941,470,36,1851000,277600,8000,2136600
CASE-2026-NW-00699,Selangor,Building,Urban,Freehold,441,280,31,1167000,175000,8000,1350000
CASE-2026-NW-00700,Selangor,Building,Rural,Freehold,1695,1481,30,3888000,583200,8000,4479200
CASE-2026-NW-00701,Wilayah Persekutuan Kuala Lumpur,Building,Urban,Freehold,1185,527,29,2556000,383400,8000,2947400
CASE-2026-NW-00702,Selangor,Building,Rural,Freehold,606,502,12,1727000,259000,8000,1994000
CASE-2026-NW-00703,Wilayah Persekutuan Labuan,Agriculture,Urban,Freehold,3009,1254,16,854000,128100,8000,990100
CASE-2026-NW-00704,Terengganu,Agriculture,Urban,Leasehold,8599,1914,36,1031000,154600,8000,1193600
CASE-2026-NW-00705,Wilayah Persekutuan Kuala Lumpur,Building,Suburban,Leasehold,1753,1280,34,4388000,658200,8000,5054200
CASE-2026-NW-00706,Melaka,Industry,Urban,Freehold,9226,6434,30,14327000,2149000,8000,16484000
CASE-2026-NW-00707,Selangor,Building,Suburban,Leasehold,733,436,23,1516000,227400,8000,1751400
CASE-2026-NW-00708,Wilayah Persekutuan Kuala Lumpur,Agriculture,Urban,Leasehold,16783,4913,35,4727000,709000,8000,5444000
CASE-2026-NW-00709,Selangor,Building,Rural,Leasehold,1003,799,19,2196000,329400,8000,2533400
CASE-2026-NW-00710,Kelantan,Agriculture,Urban,Freehold,8292,7192,5,3364000,504600,8000,3876600
CASE-2026-NW-00711,Kedah,Agriculture,Suburban,Freehold,7700,4149,4,2310000,346500,8000,2664500
CASE-2026-NW-00712,Melaka,Agriculture,Urban,Leasehold,12943,5723,37,3529000,529400,8000,4066400
CASE-2026-NW-00713,Terengganu,Building,Urban,Freehold,442,256,33,719000,107800,8000,834800
CASE-2026-NW-00714,Perak,Building,Suburban,Leasehold,342,194,20,530000,79500,8000,617500
CASE-2026-NW-00715,Negeri Sembilan,Building,Suburban,Freehold,618,452,7,1493000,224000,8000,1725000
CASE-2026-NW-00716,Johor,Agriculture,Suburban,Freehold,3318,1999,30,1259000,188800,8000,1455800
CASE-2026-NW-00717,Selangor,Agriculture,Suburban,Freehold,2485,1551,1,1236000,185400,8000,1429400
CASE-2026-NW-00718,Pulau Pinang,Building,Rural,Leasehold,2813,1201,2,4229000,634400,8000,4871400
CASE-2026-NW-00719,Selangor,Building,Suburban,Leasehold,712,281,4,1115000,167200,8000,1290200
CASE-2026-NW-00720,Wilayah Persekutuan Putrajaya,Agriculture,Suburban,Leasehold,16740,10392,34,6322000,948300,8000,7278300
CASE-2026-NW-00721,Johor,Agriculture,Suburban,Malay Reserve,12856,11471,10,5612000,841800,8000,6461800
CASE-2026-NW-00722,Selangor,Building,Urban,Freehold,2613,863,3,4172000,625800,8000,4805800
CASE-2026-NW-00723,Johor,Industry,Rural,Freehold,23149,17354,28,33227000,4984000,8000,38219000
CASE-2026-NW-00724,Pahang,Building,Suburban,Freehold,1806,630,6,1848000,277200,8000,2133200
CASE-2026-NW-00725,Sabah,Building,Urban,Malay Reserve,303,247,39,628000,94200,8000,730200
CASE-2026-NW-00726,Sabah,Building,Rural,Leasehold,715,314,14,734000,110100,8000,852100
CASE-2026-NW-00727,Negeri Sembilan,Building,Urban,Freehold,696,363,26,1175000,176200,8000,1359200
CASE-2026-NW-00728,Selangor,Building,Suburban,Freehold,940,854,38,2771000,415600,8000,3194600
CASE-2026-NW-00729,Pulau Pinang,Building,Rural,Leasehold,1260,555,31,1607000,241000,8000,1856000
CASE-2026-NW-00730,Sarawak,Building,Suburban,Freehold,2498,1365,29,3702000,555300,8000,4265300
CASE-2026-NW-00731,Johor,Industry,Rural,Freehold,7932,4215,16,8502000,1275300,8000,9785300
CASE-2026-NW-00732,Melaka,Building,Suburban,Leasehold,2458,1551,32,4337000,650600,8000,4995600
CASE-2026-NW-00733,Johor,Agriculture,Rural,Freehold,10297,8991,38,3696000,554400,8000,4258400
CASE-2026-NW-00734,Pahang,Building,Suburban,Malay Reserve,1694,1364,17,3099000,464800,8000,3571800
CASE-2026-NW-00735,Selangor,Industry,Rural,Freehold,16309,5484,17,14227000,2134000,8000,16369000
CASE-2026-NW-00736,Selangor,Agriculture,Rural,Leasehold,13189,10280,36,5031000,754600,8000,5793600
CASE-2026-NW-00737,Perak,Building,Urban,Leasehold,230,154,11,481000,72200,8000,561200
CASE-2026-NW-00738,Selangor,Agriculture,Urban,Leasehold,15744,4744,0,4324000,648600,8000,4980600
CASE-2026-NW-00739,Negeri Sembilan,Agriculture,Suburban,Freehold,18647,11441,23,6014000,902100,8000,6924100
CASE-2026-NW-00740,Sarawak,Building,Urban,Leasehold,1855,495,35,1457000,218600,8000,1683600
CASE-2026-NW-00741,Wilayah Persekutuan Kuala Lumpur,Building,Urban,Leasehold,703,389,34,1715000,257200,8000,1980200
CASE-2026-NW-00742,Melaka,Agriculture,Urban,Freehold,9206,3072,39,2013000,302000,8000,2323000
CASE-2026-NW-00743,Pulau Pinang,Industry,Suburban,Freehold,1881,686,38,1770000,265500,8000,2043500
CASE-2026-NW-00744,Wilayah Persekutuan Kuala Lumpur,Agriculture,Urban,Leasehold,9147,2313,1,2325000,348800,8000,2681800
CASE-2026-NW-00745,Melaka,Agriculture,Urban,Malay Reserve,8989,3931,24,2258000,338700,8000,2604700
CASE-2026-NW-00746,Wilayah Persekutuan Kuala Lumpur,Building,Urban,Leasehold,482,390,12,1704000,255600,8000,1967600
CASE-2026-NW-00747,Selangor,Agriculture,Suburban,Freehold,11277,5906,32,4410000,661500,8000,5079500
CASE-2026-NW-00748,Pulau Pinang,Industry,Suburban,Freehold,7326,4108,20,11876000,1781400,8000,13665400
CASE-2026-NW-00749,Johor,Building,Urban,Freehold,1887,989,1,3905000,585800,8000,4498800
CASE-2026-NW-00750,Selangor,Building,Urban,Leasehold,1148,604,22,2664000,399600,8000,3071600
CASE-2026-NW-00751,Pahang,Building,Suburban,Freehold,2834,2218,13,5712000,856800,8000,6576800
CASE-2026-NW-00752,Johor,Agriculture,Urban,Freehold,12834,10016,19,6818000,1022700,8000,7848700
CASE-2026-NW-00753,Kelantan,Building,Rural,Freehold,2269,719,9,1905000,285800,8000,2198800
CASE-2026-NW-00754,Perak,Building,Suburban,Freehold,1311,1222,19,2991000,448600,8000,3447600
CASE-2026-NW-00755,Pulau Pinang,Agriculture,Suburban,Freehold,14661,5588,8,4167000,625000,8000,4800000
CASE-2026-NW-00756,Pulau Pinang,Agriculture,Urban,Malay Reserve,16478,10537,37,7232000,1084800,8000,8324800
CASE-2026-NW-00757,Kelantan,Building,Urban,Leasehold,627,389,24,996000,149400,8000,1153400
CASE-2026-NW-00758,Negeri Sembilan,Building,Urban,Freehold,2428,1659,22,5139000,770800,8000,5917800
CASE-2026-NW-00759,Selangor,Building,Rural,Leasehold,2429,1697,17,4913000,737000,8000,5658000
CASE-2026-NW-00760,Melaka,Agriculture,Suburban,Leasehold,2664,2391,15,1094000,164100,8000,1266100
CASE-2026-NW-00761,Wilayah Persekutuan Kuala Lumpur,Agriculture,Suburban,Leasehold,19232,6689,15,5370000,805500,8000,6183500
CASE-2026-NW-00762,Selangor,Industry,Urban,Leasehold,18519,14476,7,48413000,7262000,8000,55683000
CASE-2026-NW-00763,Kelantan,Building,Urban,Leasehold,852,453,7,1355000,203200,8000,1566200
CASE-2026-NW-00764,Johor,Building,Rural,Freehold,1686,1061,17,3174000,476100,8000,3658100
CASE-2026-NW-00765,Wilayah Persekutuan Kuala Lumpur,Building,Suburban,Freehold,180,96,20,384000,57600,8000,449600
CASE-2026-NW-00766,Selangor,Building,Urban,Freehold,160,114,8,552000,82800,8000,642800
CASE-2026-NW-00767,Sarawak,Building,Suburban,Freehold,543,425,13,1230000,184500,8000,1422500
CASE-2026-NW-00768,Selangor,Building,Suburban,Freehold,2100,1148,38,4231000,634600,8000,4873600
CASE-2026-NW-00769,Johor,Building,Suburban,Malay Reserve,2338,1304,9,3841000,576200,8000,4425200
CASE-2026-NW-00770,Pulau Pinang,Building,Urban,Leasehold,359,145,18,580000,87000,8000,675000
CASE-2026-NW-00771,Kedah,Agriculture,Rural,Leasehold,9017,4424,34,1592000,238800,8000,1838800
CASE-2026-NW-00772,Johor,Building,Suburban,Leasehold,2357,1714,33,4838000,725700,8000,5571700
CASE-2026-NW-00773,Kelantan,Building,Rural,Freehold,2101,1813,36,3370000,505500,8000,3883500
CASE-2026-NW-00774,Selangor,Agriculture,Urban,Freehold,5623,3944,10,3485000,522800,8000,4015800
CASE-2026-NW-00775,Johor,Building,Rural,Leasehold,547,438,32,991000,148600,8000,1147600
CASE-2026-NW-00776,Kedah,Agriculture,Urban,Freehold,4941,1370,36,771000,115600,8000,894600
CASE-2026-NW-00777,Selangor,Agriculture,Suburban,Freehold,12412,4175,28,3306000,495900,8000,3809900
CASE-2026-NW-00778,Selangor,Agriculture,Urban,Freehold,17648,5277,6,5300000,795000,8000,6103000
CASE-2026-NW-00779,Melaka,Building,Urban,Leasehold,1679,1449,11,4439000,665800,8000,5112800
CASE-2026-NW-00780,Perak,Building,Suburban,Freehold,618,496,22,1261000,189200,8000,1458200
CASE-2026-NW-00781,Negeri Sembilan,Industry,Suburban,Leasehold,8530,5781,32,10880000,1632000,8000,12520000
CASE-2026-NW-00782,Perak,Agriculture,Urban,Leasehold,11820,10247,23,4998000,749700,8000,5755700
CASE-2026-NW-00783,Kedah,Building,Urban,Freehold,658,245,12,871000,130600,8000,1009600
CASE-2026-NW-00784,Negeri Sembilan,Building,Urban,Leasehold,1826,1057,32,3118000,467700,8000,3593700
CASE-2026-NW-00785,Pulau Pinang,Building,Urban,Leasehold,2538,2395,27,7995000,1199200,8000,9202200
CASE-2026-NW-00786,Sarawak,Agriculture,Suburban,Freehold,17671,11554,19,6322000,948300,8000,7278300
CASE-2026-NW-00787,Johor,Building,Rural,Leasehold,2724,1538,21,3823000,573400,8000,4404400
CASE-2026-NW-00788,Selangor,Agriculture,Suburban,Freehold,2598,890,14,740000,111000,8000,859000
CASE-2026-NW-00789,Melaka,Agriculture,Urban,Freehold,5974,3299,20,2072000,310800,8000,2390800
CASE-2026-NW-00790,Perak,Agriculture,Suburban,Freehold,18311,8005,2,4166000,624900,8000,4798900
CASE-2026-NW-00791,Perak,Building,Urban,Leasehold,2532,2001,4,6194000,929100,8000,7131100
CASE-2026-NW-00792,Pahang,Building,Rural,Freehold,2971,1038,30,2283000,342400,8000,2633400
CASE-2026-NW-00793,Wilayah Persekutuan Kuala Lumpur,Building,Rural,Leasehold,1216,393,21,1417000,212600,8000,1637600
CASE-2026-NW-00794,Johor,Agriculture,Urban,Leasehold,14273,9315,9,6638000,995700,8000,7641700
CASE-2026-NW-00795,Pahang,Agriculture,Suburban,Freehold,17517,14282,10,7033000,1055000,8000,8096000
CASE-2026-NW-00796,Selangor,Agriculture,Suburban,Leasehold,9974,3281,23,2585000,387800,8000,2980800
CASE-2026-NW-00797,Wilayah Persekutuan Putrajaya,Agriculture,Urban,Leasehold,3356,2478,0,1966000,294900,8000,2268900
CASE-2026-NW-00798,Selangor,Agriculture,Suburban,Freehold,15633,6284,24,4659000,698800,8000,5365800
CASE-2026-NW-00799,Pulau Pinang,Building,Suburban,Leasehold,255,226,3,729000,109400,8000,846400
CASE-2026-NW-00800,Selangor,Building,Suburban,Leasehold,2084,1002,37,3455000,518200,8000,3981200
CASE-2026-NW-00801,Sarawak,Building,Urban,Freehold,1314,981,22,3170000,475500,8000,3653500
CASE-2026-NW-00802,Johor,Agriculture,Suburban,Leasehold,14222,9334,19,5474000,821100,8000,6303100
CASE-2026-NW-00803,Wilayah Persekutuan Kuala Lumpur,Building,Urban,Freehold,1748,441,28,2231000,334600,8000,2573600
CASE-2026-NW-00804,Pahang,Agriculture,Urban,Leasehold,5445,4758,35,2234000,335100,8000,2577100
CASE-2026-NW-00805,Pahang,Building,Urban,Freehold,1246,875,37,2388000,358200,8000,2754200
CASE-2026-NW-00806,Perak,Building,Urban,Freehold,842,391,13,1354000,203100,8000,1565100
CASE-2026-NW-00807,Wilayah Persekutuan Kuala Lumpur,Agriculture,Urban,Leasehold,12159,3920,5,4088000,613200,8000,4709200
CASE-2026-NW-00808,Negeri Sembilan,Agriculture,Suburban,Leasehold,5233,2838,29,1377000,206600,8000,1591600
CASE-2026-NW-00809,Terengganu,Building,Urban,Leasehold,2141,1900,20,5013000,752000,8000,5773000
CASE-2026-NW-00810,Wilayah Persekutuan Labuan,Agriculture,Suburban,Leasehold,13048,4987,2,2811000,421600,8000,3240600
CASE-2026-NW-00811,Terengganu,Building,Suburban,Leasehold,1019,767,29,1759000,263800,8000,2030800
CASE-2026-NW-00812,Melaka,Building,Rural,Leasehold,2252,1465,19,3263000,489400,8000,3760400
CASE-2026-NW-00813,Johor,Agriculture,Urban,Leasehold,16305,5084,33,3614000,542100,8000,4164100
CASE-2026-NW-00814,Melaka,Building,Rural,Freehold,2968,2228,31,5469000,820400,8000,6297400
CASE-2026-NW-00815,Pulau Pinang,Building,Urban,Malay Reserve,919,551,18,2077000,311600,8000,2396600
CASE-2026-NW-00816,Perak,Agriculture,Suburban,Leasehold,12079,10641,36,3976000,596400,8000,4580400
CASE-2026-NW-00817,Wilayah Persekutuan Kuala Lumpur,Agriculture,Urban,Freehold,13526,8289,24,7431000,1114600,8000,8553600
CASE-2026-NW-00818,Selangor,Agriculture,Suburban,Freehold,5426,1859,33,1400000,210000,8000,1618000
CASE-2026-NW-00819,Johor,Agriculture,Rural,Leasehold,11321,8954,22,4206000,630900,8000,4844900
CASE-2026-NW-00820,Melaka,Agriculture,Urban,Leasehold,15236,11948,36,6725000,1008800,8000,7741800
CASE-2026-NW-00821,Pahang,Agriculture,Urban,Leasehold,18884,16485,17,8853000,1328000,8000,10189000
CASE-2026-NW-00822,Wilayah Persekutuan Kuala Lumpur,Building,Urban,Freehold,2047,915,9,4557000,683600,8000,5248600
CASE-2026-NW-00823,Pulau Pinang,Agriculture,Rural,Leasehold,17784,3911,20,2359000,353800,8000,2720800
CASE-2026-NW-00824,Johor,Agriculture,Suburban,Leasehold,18539,14147,27,8022000,1203300,8000,9233300
CASE-2026-NW-00825,Wilayah Persekutuan Kuala Lumpur,Agriculture,Urban,Freehold,10936,9093,33,7795000,1169200,8000,8972200
CASE-2026-NW-00826,Perak,Industry,Suburban,Freehold,24144,18551,32,31262000,4689300,8000,35959300
CASE-2026-NW-00827,Johor,Industry,Urban,Leasehold,8699,5299,30,14066000,2109900,8000,16183900
CASE-2026-NW-00828,Selangor,Agriculture,Rural,Leasehold,19287,17200,29,9135000,1370200,8000,10513200
CASE-2026-NW-00829,Selangor,Building,Urban,Malay Reserve,1765,929,35,3406000,510900,8000,3924900
CASE-2026-NW-00830,Kelantan,Industry,Rural,Freehold,4574,1795,12,2933000,440000,8000,3381000
CASE-2026-NW-00831,Selangor,Agriculture,Rural,Leasehold,4273,909,0,608000,91200,8000,707200
CASE-2026-NW-00832,Pulau Pinang,Agriculture,Rural,Leasehold,18879,6383,26,3848000,577200,8000,4433200
CASE-2026-NW-00833,Selangor,Industry,Rural,Freehold,2382,1238,29,2848000,427200,8000,3283200
CASE-2026-NW-00834,Sabah,Agriculture,Rural,Freehold,6760,2689,24,1219000,182800,8000,1409800
CASE-2026-NW-00835,Negeri Sembilan,Agriculture,Rural,Freehold,4116,1698,34,684000,102600,8000,794600
CASE-2026-NW-00836,Selangor,Agriculture,Suburban,Freehold,7043,4243,3,3184000,477600,8000,3669600
CASE-2026-NW-00837,Selangor,Agriculture,Urban,Leasehold,19568,5357,16,4890000,733500,8000,5631500
CASE-2026-NW-00838,Kedah,Industry,Suburban,Leasehold,6368,3967,17,7599000,1139800,8000,8746800
CASE-2026-NW-00839,Pulau Pinang,Building,Suburban,Leasehold,676,341,27,1216000,182400,8000,1406400
CASE-2026-NW-00840,Perak,Building,Suburban,Leasehold,967,786,14,1899000,284800,8000,2191800
CASE-2026-NW-00841,Melaka,Building,Suburban,Freehold,2225,1602,6,4668000,700200,8000,5376200
CASE-2026-NW-00842,Selangor,Agriculture,Rural,Leasehold,8816,2333,27,1412000,211800,8000,1631800
CASE-2026-NW-00843,Negeri Sembilan,Agriculture,Suburban,Freehold,5796,4882,16,2220000,333000,8000,2561000
CASE-2026-NW-00844,Terengganu,Agriculture,Suburban,Freehold,8024,6071,36,2689000,403400,8000,3100400
CASE-2026-NW-00845,Negeri Sembilan,Agriculture,Urban,Freehold,18564,4984,14,3361000,504200,8000,3873200
CASE-2026-NW-00846,Pulau Pinang,Industry,Urban,Freehold,8752,6156,35,17151000,2572600,8000,19731600
CASE-2026-NW-00847,Negeri Sembilan,Agriculture,Rural,Leasehold,6867,2955,31,1209000,181400,8000,1398400
CASE-2026-NW-00848,Wilayah Persekutuan Kuala Lumpur,Agriculture,Urban,Freehold,19069,9858,25,9350000,1402500,8000,10760500
CASE-2026-NW-00849,Johor,Building,Rural,Freehold,859,446,7,1273000,191000,8000,1472000
CASE-2026-NW-00850,Selangor,Agriculture,Suburban,Leasehold,4713,4226,3,2760000,414000,8000,3182000
CASE-2026-NW-00851,Kelantan,Industry,Suburban,Freehold,2135,1254,37,2081000,312200,8000,2401200
CASE-2026-NW-00852,Johor,Building,Suburban,Leasehold,462,285,39,770000,115500,8000,893500
CASE-2026-NW-00853,Terengganu,Agriculture,Suburban,Leasehold,8171,4018,8,1884000,282600,8000,2174600
CASE-2026-NW-00854,Pahang,Building,Suburban,Leasehold,868,269,34,626000,93900,8000,727900
CASE-2026-NW-00855,Perlis,Building,Urban,Freehold,341,289,28,782000,117300,8000,907300
CASE-2026-NW-00856,Johor,Agriculture,Urban,Freehold,2583,2284,26,1508000,226200,8000,1742200
CASE-2026-NW-00857,Pulau Pinang,Agriculture,Suburban,Malay Reserve,19228,10749,22,6724000,1008600,8000,7740600
CASE-2026-NW-00858,Pahang,Agriculture,Rural,Leasehold,12703,11102,1,3703000,555400,8000,4266400
CASE-2026-NW-00859,Kelantan,Building,Urban,Leasehold,940,752,33,1874000,281100,8000,2163100
CASE-2026-NW-00860,Pulau Pinang,Building,Rural,Freehold,1129,948,4,3268000,490200,8000,3766200
CASE-2026-NW-00861,Selangor,Agriculture,Suburban,Freehold,6469,2121,7,1766000,264900,8000,2038900
CASE-2026-NW-00862,Selangor,Building,Rural,Leasehold,1066,758,2,2500000,375000,8000,2883000
CASE-2026-NW-00863,Pulau Pinang,Building,Urban,Freehold,340,129,37,541000,81200,8000,630200
CASE-2026-NW-00864,Selangor,Building,Suburban,Freehold,2513,1579,34,5374000,806100,8000,6188100
CASE-2026-NW-00865,Kedah,Building,Urban,Leasehold,1689,843,13,2436000,365400,8000,2809400
CASE-2026-NW-00866,Selangor,Industry,Suburban,Leasehold,11759,5788,25,15319000,2297800,8000,17624800
CASE-2026-NW-00867,Pulau Pinang,Industry,Suburban,Malay Reserve,3467,3250,37,6920000,1038000,8000,7966000
CASE-2026-NW-00868,Johor,Building,Suburban,Leasehold,2830,2180,21,6196000,929400,8000,7133400
CASE-2026-NW-00869,Perak,Building,Suburban,Leasehold,2350,1232,37,2691000,403600,8000,3102600
CASE-2026-NW-00870,Johor,Agriculture,Urban,Malay Reserve,7586,6634,0,3924000,588600,8000,4520600
CASE-2026-NW-00871,Melaka,Building,Suburban,Leasehold,362,231,32,592000,88800,8000,688800
CASE-2026-NW-00872,Kelantan,Building,Suburban,Freehold,890,475,6,1233000,185000,8000,1426000
CASE-2026-NW-00873,Kelantan,Agriculture,Urban,Leasehold,9855,5187,26,2632000,394800,8000,3034800
CASE-2026-NW-00874,Selangor,Building,Suburban,Leasehold,2670,2294,15,7959000,1193800,8000,9160800
CASE-2026-NW-00875,Pulau Pinang,Building,Suburban,Leasehold,646,473,7,1574000,236100,8000,1818100
CASE-2026-NW-00876,Wilayah Persekutuan Kuala Lumpur,Building,Suburban,Freehold,450,204,32,805000,120800,8000,933800
CASE-2026-NW-00877,Terengganu,Industry,Urban,Leasehold,18100,15071,16,29988000,4498200,8000,34494200
CASE-2026-NW-00878,Johor,Agriculture,Suburban,Freehold,10258,4603,0,3062000,459300,8000,3529300
CASE-2026-NW-00879,Wilayah Persekutuan Kuala Lumpur,Agriculture,Urban,Freehold,17921,16086,28,14096000,2114400,8000,16218400
CASE-2026-NW-00880,Pulau Pinang,Building,Rural,Freehold,1343,1067,38,2662000,399300,8000,3069300
CASE-2026-NW-00881,Pulau Pinang,Building,Urban,Leasehold,604,207,6,876000,131400,8000,1015400
CASE-2026-NW-00882,Selangor,Agriculture,Suburban,Leasehold,6544,4809,36,3227000,484000,8000,3719000
CASE-2026-NW-00883,Sabah,Building,Rural,Malay Reserve,1073,641,28,1307000,196000,8000,1511000
CASE-2026-NW-00884,Sabah,Building,Suburban,Freehold,1610,1351,22,3718000,557700,8000,4283700
CASE-2026-NW-00885,Johor,Building,Urban,Freehold,1666,1263,33,3996000,599400,8000,4603400
CASE-2026-NW-00886,Johor,Building,Urban,Freehold,1834,1136,39,3907000,586000,8000,4501000
CASE-2026-NW-00887,Johor,Agriculture,Rural,Freehold,17462,5437,6,3292000,493800,8000,3793800
CASE-2026-NW-00888,Wilayah Persekutuan Kuala Lumpur,Agriculture,Urban,Freehold,10859,4625,9,4523000,678400,8000,5209400
CASE-2026-NW-00889,Negeri Sembilan,Agriculture,Suburban,Malay Reserve,2059,538,24,278000,41700,8000,327700
CASE-2026-NW-00890,Pahang,Building,Suburban,Freehold,575,196,29,531000,79600,8000,618600
CASE-2026-NW-00891,Pulau Pinang,Building,Urban,Leasehold,2239,1737,9,6546000,981900,8000,7535900
CASE-2026-NW-00892,Pahang,Building,Urban,Leasehold,311,97,34,278000,41700,8000,327700
CASE-2026-NW-00893,Perlis,Industry,Suburban,Freehold,6052,4801,4,10467000,1570000,8000,12045000
CASE-2026-NW-00894,Pulau Pinang,Building,Suburban,Freehold,958,343,33,1209000,181400,8000,1398400
CASE-2026-NW-00895,Selangor,Building,Urban,Freehold,884,715,18,3057000,458600,8000,3523600
CASE-2026-NW-00896,Selangor,Industry,Suburban,Freehold,15089,13614,11,38498000,5774700,8000,44280700
CASE-2026-NW-00897,Pulau Pinang,Agriculture,Suburban,Malay Reserve,10167,4682,8,3089000,463400,8000,3560400
CASE-2026-NW-00898,Wilayah Persekutuan Putrajaya,Building,Suburban,Malay Reserve,1301,979,33,2862000,429300,8000,3299300
CASE-2026-NW-00899,Melaka,Building,Rural,Freehold,2172,610,36,1454000,218100,8000,1680100
CASE-2026-NW-00900,Selangor,Building,Suburban,Freehold,1869,1562,20,5899000,884800,8000,6791800
CASE-2026-NW-00901,Melaka,Industry,Suburban,Freehold,10270,7498,3,20314000,3047100,8000,23369100
CASE-2026-NW-00902,Selangor,Building,Urban,Leasehold,2628,1276,35,4980000,747000,8000,5735000
CASE-2026-NW-00903,Johor,Building,Suburban,Leasehold,2686,1714,32,5129000,769400,8000,5906400
CASE-2026-NW-00904,Selangor,Building,Urban,Malay Reserve,1476,1136,33,4034000,605100,8000,4647100
CASE-2026-NW-00905,Johor,Building,Rural,Leasehold,2239,1116,20,2889000,433400,8000,3330400
CASE-2026-NW-00906,Selangor,Building,Suburban,Leasehold,1829,1419,29,4902000,735300,8000,5645300
CASE-2026-NW-00907,Johor,Building,Rural,Freehold,1359,679,1,1972000,295800,8000,2275800
CASE-2026-NW-00908,Kedah,Building,Urban,Leasehold,1588,1305,16,3929000,589400,8000,4526400
CASE-2026-NW-00909,Perak,Building,Suburban,Leasehold,2323,2000,6,6064000,909600,8000,6981600
CASE-2026-NW-00910,Johor,Agriculture,Suburban,Malay Reserve,7296,1691,39,942000,141300,8000,1091300
CASE-2026-NW-00911,Selangor,Building,Urban,Freehold,2437,668,36,3038000,455700,8000,3501700
CASE-2026-NW-00912,Perak,Agriculture,Suburban,Freehold,16007,6477,18,3154000,473100,8000,3635100
CASE-2026-NW-00913,Melaka,Building,Rural,Leasehold,2547,1835,4,5186000,777900,8000,5971900
CASE-2026-NW-00914,Pulau Pinang,Agriculture,Urban,Freehold,18008,10871,20,8484000,1272600,8000,9764600
CASE-2026-NW-00915,Melaka,Building,Suburban,Freehold,2393,1455,27,4362000,654300,8000,5024300
CASE-2026-NW-00916,Perak,Building,Suburban,Malay Reserve,647,371,37,806000,120900,8000,934900
CASE-2026-NW-00917,Kelantan,Building,Rural,Freehold,1407,693,4,1889000,283400,8000,2180400
CASE-2026-NW-00918,Pulau Pinang,Building,Urban,Freehold,2353,1029,29,4118000,617700,8000,4743700
CASE-2026-NW-00919,Terengganu,Building,Urban,Freehold,2895,1921,9,6545000,981800,8000,7534800
CASE-2026-NW-00920,Johor,Building,Suburban,Freehold,2700,1745,8,6437000,965600,8000,7410600
CASE-2026-NW-00921,Selangor,Building,Suburban,Freehold,2017,1751,26,6228000,934200,8000,7170200
CASE-2026-NW-00922,Pahang,Industry,Urban,Freehold,7797,6238,29,12614000,1892100,8000,14514100
CASE-2026-NW-00923,Wilayah Persekutuan Kuala Lumpur,Building,Urban,Freehold,360,179,15,893000,134000,8000,1035000
CASE-2026-NW-00924,Perak,Agriculture,Urban,Freehold,7270,4950,22,2790000,418500,8000,3216500
CASE-2026-NW-00925,Kedah,Building,Suburban,Freehold,320,193,8,534000,80100,8000,622100
CASE-2026-NW-00926,Johor,Building,Suburban,Leasehold,2098,672,20,2244000,336600,8000,2588600
CASE-2026-NW-00927,Johor,Building,Suburban,Freehold,302,169,18,540000,81000,8000,629000
CASE-2026-NW-00928,Selangor,Agriculture,Suburban,Freehold,15119,9387,30,6724000,1008600,8000,7740600
CASE-2026-NW-00929,Kedah,Agriculture,Rural,Leasehold,14833,9151,38,3395000,509200,8000,3912200
CASE-2026-NW-00930,Sarawak,Agriculture,Suburban,Malay Reserve,12387,5851,25,2886000,432900,8000,3326900
CASE-2026-NW-00931,Perak,Agriculture,Rural,Leasehold,8550,4210,10,1701000,255200,8000,1964200
CASE-2026-NW-00932,Terengganu,Industry,Suburban,Leasehold,4703,3832,25,6331000,949600,8000,7288600
CASE-2026-NW-00933,Selangor,Agriculture,Suburban,Freehold,13566,7771,21,6032000,904800,8000,6944800
CASE-2026-NW-00934,Kedah,Agriculture,Urban,Freehold,16626,11910,4,6433000,965000,8000,7406000
CASE-2026-NW-00935,Melaka,Agriculture,Suburban,Leasehold,5409,3114,31,1551000,232600,8000,1791600
CASE-2026-NW-00936,Selangor,Building,Urban,Freehold,1235,521,20,2432000,364800,8000,2804800
CASE-2026-NW-00937,Terengganu,Building,Suburban,Leasehold,877,476,4,1250000,187500,8000,1445500
CASE-2026-NW-00938,Pulau Pinang,Building,Urban,Freehold,2820,1061,16,4761000,714200,8000,5483200
CASE-2026-NW-00939,Sabah,Building,Urban,Leasehold,421,371,18,1029000,154400,8000,1191400
CASE-2026-NW-00940,Pulau Pinang,Agriculture,Urban,Freehold,7423,5080,34,3848000,577200,8000,4433200
CASE-2026-NW-00941,Kedah,Building,Rural,Freehold,1454,371,22,862000,129300,8000,999300
CASE-2026-NW-00942,Wilayah Persekutuan Kuala Lumpur,Building,Suburban,Freehold,2867,718,1,3434000,515100,8000,3957100
CASE-2026-NW-00943,Kedah,Building,Suburban,Freehold,2592,1894,38,4577000,686600,8000,5271600
CASE-2026-NW-00944,Terengganu,Building,Rural,Freehold,2093,1953,21,4056000,608400,8000,4672400
CASE-2026-NW-00945,Terengganu,Building,Urban,Leasehold,677,538,5,1767000,265000,8000,2040000
CASE-2026-NW-00946,Pulau Pinang,Industry,Suburban,Malay Reserve,19661,16857,36,33645000,5046800,8000,38699800
CASE-2026-NW-00947,Wilayah Persekutuan Kuala Lumpur,Industry,Urban,Leasehold,5637,4727,18,15257000,2288600,8000,17553600
CASE-2026-NW-00948,Selangor,Building,Rural,Freehold,1122,439,35,1323000,198400,8000,1529400
CASE-2026-NW-00949,Wilayah Persekutuan Kuala Lumpur,Agriculture,Rural,Freehold,7484,3781,15,2603000,390400,8000,3001400
CASE-2026-NW-00950,Pulau Pinang,Agriculture,Urban,Freehold,10974,4937,27,4068000,610200,8000,4686200
CASE-2026-NW-00951,Selangor,Building,Urban,Leasehold,1096,801,23,3394000,509100,8000,3911100
CASE-2026-NW-00952,Perak,Agriculture,Urban,Leasehold,17983,5915,38,3264000,489600,8000,3761600
CASE-2026-NW-00953,Selangor,Building,Suburban,Leasehold,1489,896,13,3595000,539200,8000,4142200
CASE-2026-NW-00954,Negeri Sembilan,Industry,Rural,Leasehold,18638,16319,20,29052000,4357800,8000,33417800
CASE-2026-NW-00955,Perak,Agriculture,Urban,Leasehold,5209,4191,22,2026000,303900,8000,2337900
CASE-2026-NW-00956,Selangor,Agriculture,Suburban,Freehold,7494,3414,0,2823000,423400,8000,3254400
CASE-2026-NW-00957,Kedah,Agriculture,Urban,Freehold,2983,599,22,357000,53600,8000,418600
CASE-2026-NW-00958,Selangor,Building,Urban,Freehold,1850,788,1,3677000,551600,8000,4236600
CASE-2026-NW-00959,Kedah,Building,Urban,Leasehold,1192,1005,26,2560000,384000,8000,2952000
CASE-2026-NW-00960,Pahang,Building,Urban,Malay Reserve,905,580,33,1417000,212600,8000,1637600
CASE-2026-NW-00961,Kelantan,Building,Rural,Freehold,1730,640,32,1415000,212200,8000,1635200
CASE-2026-NW-00962,Johor,Industry,Urban,Freehold,24457,18306,9,55804000,8370600,8000,64182600
CASE-2026-NW-00963,Perak,Building,Rural,Freehold,2987,976,6,2584000,387600,8000,2979600
CASE-2026-NW-00964,Selangor,Building,Suburban,Freehold,1841,1436,6,5867000,880000,8000,6755000
CASE-2026-NW-00965,Melaka,Building,Rural,Freehold,1211,1063,19,2694000,404100,8000,3106100
CASE-2026-NW-00966,Johor,Agriculture,Rural,Freehold,12218,5464,18,3078000,461700,8000,3547700
CASE-2026-NW-00967,Selangor,Building,Suburban,Leasehold,2130,1607,37,4944000,741600,8000,5693600
CASE-2026-NW-00968,Melaka,Agriculture,Rural,Malay Reserve,15196,11476,32,4154000,623100,8000,4785100
CASE-2026-NW-00969,Kedah,Building,Rural,Freehold,2222,2014,4,5725000,858800,8000,6591800
CASE-2026-NW-00970,Wilayah Persekutuan Putrajaya,Building,Urban,Freehold,952,654,15,2758000,413700,8000,3179700
CASE-2026-NW-00971,Terengganu,Building,Urban,Freehold,164,132,31,339000,50800,8000,397800
CASE-2026-NW-00972,Sabah,Agriculture,Urban,Leasehold,7948,3865,7,2359000,353800,8000,2720800
CASE-2026-NW-00973,Kedah,Agriculture,Suburban,Freehold,7012,2263,0,1170000,175500,8000,1353500
CASE-2026-NW-00974,Wilayah Persekutuan Kuala Lumpur,Agriculture,Urban,Freehold,4145,2868,32,2681000,402200,8000,3091200
CASE-2026-NW-00975,Wilayah Persekutuan Kuala Lumpur,Building,Urban,Freehold,1863,1541,25,6980000,1047000,8000,8035000
CASE-2026-NW-00976,Melaka,Building,Suburban,Freehold,2728,1250,2,4258000,638700,8000,4904700
CASE-2026-NW-00977,Selangor,Agriculture,Urban,Freehold,18959,11866,38,9995000,1499200,8000,11502200
CASE-2026-NW-00978,Pulau Pinang,Agriculture,Urban,Freehold,3352,2204,35,1728000,259200,8000,1995200
CASE-2026-NW-00979,Kelantan,Industry,Suburban,Leasehold,7019,6038,18,11776000,1766400,8000,13550400
CASE-2026-NW-00980,Johor,Agriculture,Suburban,Freehold,8175,2409,19,1645000,246800,8000,1899800
CASE-2026-NW-00981,Negeri Sembilan,Agriculture,Rural,Freehold,13483,4206,7,2093000,314000,8000,2415000
CASE-2026-NW-00982,Pulau Pinang,Building,Urban,Malay Reserve,566,178,18,730000,109500,8000,847500
CASE-2026-NW-00983,Terengganu,Building,Rural,Freehold,966,772,5,2077000,311600,8000,2396600
CASE-2026-NW-00984,Melaka,Building,Urban,Freehold,1730,796,39,2548000,382200,8000,2938200
CASE-2026-NW-00985,Sarawak,Building,Urban,Malay Reserve,1930,1352,28,3741000,561200,8000,4310200
CASE-2026-NW-00986,Perak,Agriculture,Urban,Leasehold,7222,3582,37,1788000,268200,8000,2064200
CASE-2026-NW-00987,Sabah,Industry,Suburban,Leasehold,3920,1355,35,2446000,366900,8000,2820900
CASE-2026-NW-00988,Kelantan,Building,Suburban,Leasehold,1065,933,26,2077000,311600,8000,2396600
CASE-2026-NW-00989,Selangor,Building,Suburban,Leasehold,491,412,38,1293000,194000,8000,1495000
CASE-2026-NW-00990,Johor,Agriculture,Suburban,Leasehold,15725,4562,9,3138000,470700,8000,3616700
CASE-2026-NW-00991,Wilayah Persekutuan Kuala Lumpur,Building,Suburban,Freehold,939,698,14,2983000,447400,8000,3438400
CASE-2026-NW-00992,Kelantan,Building,Urban,Freehold,2380,1363,9,4135000,620200,8000,4763200
CASE-2026-NW-00993,Selangor,Building,Rural,Freehold,1542,1461,3,4647000,697000,8000,5352000
CASE-2026-NW-00994,Sarawak,Agriculture,Urban,Freehold,2387,1378,13,861000,129200,8000,998200
CASE-2026-NW-00995,Johor,Agriculture,Suburban,Leasehold,19458,6706,33,3885000,582800,8000,4475800
CASE-2026-NW-00996,Perlis,Industry,Rural,Freehold,15571,11736,2,19656000,2948400,8000,22612400
CASE-2026-NW-00997,Negeri Sembilan,Building,Suburban,Leasehold,2301,858,27,2264000,339600,8000,2611600
CASE-2026-NW-00998,Wilayah Persekutuan Kuala Lumpur,Industry,Rural,Leasehold,15890,5048,3,15247000,2287000,8000,17542000
CASE-2026-NW-00999,Selangor,Agriculture,Urban,Leasehold,15307,9445,38,7675000,1151200,8000,8834200
CASE-2026-NW-01000,Pahang,Agriculture,Suburban,Leasehold,17887,11751,19,5583000,837400,8000,6428400
CASE-2026-NW-01001,Pulau Pinang,Building,Rural,Leasehold,327,301,26,775000,116200,8000,899200
CASE-2026-NW-01002,Selangor,Building,Suburban,Freehold,2142,1751,14,6233000,935000,8000,7176000
CASE-2026-NW-01003,Melaka,Agriculture,Suburban,Leasehold,2015,832,28,447000,67000,8000,522000
CASE-2026-NW-01004,Johor,Building,Suburban,Freehold,1546,586,14,2186000,327900,8000,2521900
CASE-2026-NW-01005,Pulau Pinang,Agriculture,Suburban,Leasehold,18206,11439,23,7141000,1071200,8000,8220200
CASE-2026-NW-01006,Selangor,Building,Suburban,Freehold,296,145,28,516000,77400,8000,601400
CASE-2026-NW-01007,Pahang,Building,Rural,Freehold,1105,1006,6,2484000,372600,8000,2864600
CASE-2026-NW-01008,Selangor,Agriculture,Suburban,Freehold,4229,3131,13,2317000,347600,8000,2672600
CASE-2026-NW-01009,Johor,Agriculture,Suburban,Freehold,6131,4630,5,2931000,439600,8000,3378600
CASE-2026-NW-01010,Johor,Agriculture,Urban,Malay Reserve,19908,11786,39,7383000,1107400,8000,8498400
CASE-2026-NW-01011,Negeri Sembilan,Building,Urban,Freehold,436,143,24,474000,71100,8000,553100
CASE-2026-NW-01012,Wilayah Persekutuan Kuala Lumpur,Agriculture,Urban,Malay Reserve,18296,5605,17,5352000,802800,8000,6162800
CASE-2026-NW-01013,Selangor,Building,Suburban,Freehold,580,302,28,1126000,168900,8000,1302900
CASE-2026-NW-01014,Kedah,Agriculture,Suburban,Leasehold,19917,10780,4,5139000,770800,8000,5917800
CASE-2026-NW-01015,Selangor,Agriculture,Urban,Leasehold,2301,1985,29,1534000,230100,8000,1772100
CASE-2026-NW-01016,Pulau Pinang,Building,Urban,Malay Reserve,1627,987,39,3446000,516900,8000,3970900
CASE-2026-NW-01017,Sarawak,Industry,Suburban,Freehold,23816,19080,17,37340000,5601000,8000,42949000
CASE-2026-NW-01018,Wilayah Persekutuan Putrajaya,Agriculture,Rural,Freehold,12341,3585,36,2089000,313400,8000,2410400
CASE-2026-NW-01019,Wilayah Persekutuan Kuala Lumpur,Agriculture,Urban,Leasehold,18846,4658,19,4844000,726600,8000,5578600
CASE-2026-NW-01020,Perak,Building,Urban,Freehold,2235,1126,17,3802000,570300,8000,4380300
CASE-2026-NW-01021,Wilayah Persekutuan Kuala Lumpur,Building,Suburban,Leasehold,2493,2195,36,7854000,1178100,8000,9040100
CASE-2026-NW-01022,Melaka,Building,Rural,Freehold,2557,645,28,1778000,266700,8000,2052700
CASE-2026-NW-01023,Wilayah Persekutuan Kuala Lumpur,Building,Rural,Leasehold,1365,554,9,2086000,312900,8000,2406900
CASE-2026-NW-01024,Wilayah Persekutuan Putrajaya,Building,Suburban,Freehold,2895,883,8,3528000,529200,8000,4065200
CASE-2026-NW-01025,Johor,Building,Suburban,Freehold,1475,961,11,3373000,506000,8000,3887000
CASE-2026-NW-01026,Sarawak,Agriculture,Suburban,Malay Reserve,14755,9018,28,4315000,647200,8000,4970200
CASE-2026-NW-01027,Selangor,Agriculture,Suburban,Malay Reserve,7194,3867,39,2496000,374400,8000,2878400
CASE-2026-NW-01028,Perak,Building,Suburban,Freehold,1217,547,3,1755000,263200,8000,2026200
CASE-2026-NW-01029,Wilayah Persekutuan Kuala Lumpur,Industry,Suburban,Leasehold,18624,8331,33,24111000,3616600,8000,27735600
CASE-2026-NW-01030,Johor,Building,Urban,Freehold,1448,435,11,1760000,264000,8000,2032000
CASE-2026-NW-01031,Perak,Building,Suburban,Leasehold,1011,411,15,1194000,179100,8000,1381100
CASE-2026-NW-01032,Perak,Agriculture,Urban,Leasehold,19073,7483,18,3960000,594000,8000,4562000
CASE-2026-NW-01033,Wilayah Persekutuan Putrajaya,Agriculture,Urban,Freehold,13728,5739,6,5174000,776100,8000,5958100
CASE-2026-NW-01034,Selangor,Building,Urban,Leasehold,217,156,6,700000,105000,8000,813000
CASE-2026-NW-01035,Pahang,Industry,Suburban,Leasehold,3357,2649,35,4669000,700400,8000,5377400
CASE-2026-NW-01036,Pulau Pinang,Agriculture,Urban,Leasehold,2832,1737,11,1398000,209700,8000,1615700
CASE-2026-NW-01037,Kedah,Agriculture,Suburban,Malay Reserve,5787,4475,23,1970000,295500,8000,2273500
CASE-2026-NW-01038,Wilayah Persekutuan Kuala Lumpur,Agriculture,Urban,Leasehold,4113,2740,34,2340000,351000,8000,2699000
CASE-2026-NW-01039,Pulau Pinang,Agriculture,Urban,Freehold,5526,3144,4,2849000,427400,8000,3284400
CASE-2026-NW-01040,Kedah,Building,Urban,Leasehold,248,203,4,668000,100200,8000,776200
CASE-2026-NW-01041,Selangor,Industry,Urban,Leasehold,1966,1565,20,4592000,688800,8000,5288800
CASE-2026-NW-01042,Perak,Agriculture,Suburban,Freehold,6224,5561,16,2333000,350000,8000,2691000
CASE-2026-NW-01043,Kedah,Industry,Suburban,Leasehold,21906,14635,23,26616000,3992400,8000,30616400
CASE-2026-NW-01044,Kedah,Agriculture,Suburban,Freehold,4055,1532,3,760000,114000,8000,882000
CASE-2026-NW-01045,Wilayah Persekutuan Labuan,Building,Urban,Malay Reserve,2488,1983,22,5902000,885300,8000,6795300
CASE-2026-NW-01046,Selangor,Agriculture,Urban,Leasehold,8876,6940,10,5552000,832800,8000,6392800
CASE-2026-NW-01047,Wilayah Persekutuan Kuala Lumpur,Building,Urban,Leasehold,1305,769,9,3808000,571200,8000,4387200
CASE-2026-NW-01048,Perlis,Industry,Rural,Malay Reserve,15118,8636,2,15641000,2346200,8000,17995200
CASE-2026-NW-01049,Johor,Agriculture,Suburban,Freehold,9181,3541,7,2472000,370800,8000,2850800
CASE-2026-NW-01050,Wilayah Persekutuan Kuala Lumpur,Agriculture,Suburban,Leasehold,18892,8161,13,6930000,1039500,8000,7977500
CASE-2026-NW-01051,Pulau Pinang,Industry,Rural,Leasehold,16620,9177,31,18673000,2801000,8000,21482000
CASE-2026-NW-01052,Pulau Pinang,Industry,Urban,Freehold,19604,15083,19,43445000,6516800,8000,49969800
CASE-2026-NW-01053,Johor,Agriculture,Urban,Leasehold,9722,5570,39,3674000,551100,8000,4233100
CASE-2026-NW-01054,Johor,Agriculture,Urban,Leasehold,2182,1166,31,760000,114000,8000,882000
CASE-2026-NW-01055,Kedah,Agriculture,Urban,Freehold,11129,4777,23,2961000,444200,8000,3413200
CASE-2026-NW-01056,Kedah,Agriculture,Rural,Freehold,15473,5763,31,2409000,361400,8000,2778400
CASE-2026-NW-01057,Negeri Sembilan,Agriculture,Rural,Leasehold,7017,1852,33,741000,111200,8000,860200
CASE-2026-NW-01058,Selangor,Building,Urban,Malay Reserve,934,295,32,1210000,181500,8000,1399500
CASE-2026-NW-01059,Perak,Building,Urban,Freehold,1233,1092,23,3229000,484400,8000,3721400
CASE-2026-NW-01060,Selangor,Agriculture,Suburban,Leasehold,3986,1070,12,813000,122000,8000,943000
CASE-2026-NW-01061,Kedah,Industry,Suburban,Freehold,22205,18920,2,37332000,5599800,8000,42939800
CASE-2026-NW-01062,Perlis,Agriculture,Urban,Leasehold,17397,7270,35,3751000,562600,8000,4321600
CASE-2026-NW-01063,Pulau Pinang,Agriculture,Rural,Freehold,3367,768,29,472000,70800,8000,550800
CASE-2026-NW-01064,Kedah,Agriculture,Suburban,Leasehold,13993,4749,36,2300000,345000,8000,2653000
CASE-2026-NW-01065,Negeri Sembilan,Building,Urban,Freehold,1692,1420,9,4994000,749100,8000,5751100
CASE-2026-NW-01066,Johor,Agriculture,Urban,Freehold,10966,7118,1,5433000,815000,8000,6256000
CASE-2026-NW-01067,Perak,Industry,Suburban,Freehold,6951,6183,15,12669000,1900400,8000,14577400
CASE-2026-NW-01068,Sarawak,Building,Suburban,Freehold,1027,377,17,1226000,183900,8000,1417900
CASE-2026-NW-01069,Pulau Pinang,Agriculture,Suburban,Malay Reserve,8682,5881,10,3680000,552000,8000,4240000
CASE-2026-NW-01070,Selangor,Agriculture,Rural,Leasehold,9811,3256,37,1872000,280800,8000,2160800
CASE-2026-NW-01071,Pahang,Agriculture,Suburban,Malay Reserve,11326,5142,20,2265000,339800,8000,2612800
CASE-2026-NW-01072,Johor,Building,Suburban,Freehold,1312,943,27,2699000,404800,8000,3111800
CASE-2026-NW-01073,Selangor,Industry,Rural,Freehold,1096,682,21,1553000,233000,8000,1794000
CASE-2026-NW-01074,Wilayah Persekutuan Kuala Lumpur,Building,Suburban,Freehold,2845,2491,24,9788000,1468200,8000,11264200
CASE-2026-NW-01075,Kelantan,Agriculture,Urban,Malay Reserve,3330,1119,34,550000,82500,8000,640500
CASE-2026-NW-01076,Terengganu,Building,Suburban,Freehold,1290,539,9,1425000,213800,8000,1646800
CASE-2026-NW-01077,Melaka,Agriculture,Urban,Leasehold,5149,1762,33,1171000,175600,8000,1354600
CASE-2026-NW-01078,Kedah,Industry,Suburban,Leasehold,24290,9529,23,17558000,2633700,8000,20199700
CASE-2026-NW-01079,Wilayah Persekutuan Kuala Lumpur,Agriculture,Urban,Malay Reserve,17508,13744,12,11797000,1769600,8000,13574600
CASE-2026-NW-01080,Pahang,Building,Urban,Freehold,616,516,33,1414000,212100,8000,1634100
CASE-2026-NW-01081,Melaka,Building,Rural,Freehold,1527,511,5,1681000,252200,8000,1941200
CASE-2026-NW-01082,Selangor,Building,Urban,Freehold,1074,575,11,2866000,429900,8000,3303900
CASE-2026-NW-01083,Perak,Industry,Urban,Leasehold,16710,9513,18,20777000,3116600,8000,23901600
CASE-2026-NW-01084,Selangor,Building,Suburban,Malay Reserve,2222,790,18,2778000,416700,8000,3202700
CASE-2026-NW-01085,Melaka,Building,Urban,Leasehold,1745,675,25,2363000,354400,8000,2725400
CASE-2026-NW-01086,Selangor,Building,Urban,Freehold,2356,929,30,4144000,621600,8000,4773600
CASE-2026-NW-01087,Johor,Building,Rural,Leasehold,1243,705,24,1783000,267400,8000,2058400
CASE-2026-NW-01088,Johor,Agriculture,Rural,Freehold,18476,3723,22,1966000,294900,8000,2268900
CASE-2026-NW-01089,Terengganu,Agriculture,Rural,Freehold,18653,15170,34,5482000,822300,8000,6312300
CASE-2026-NW-01090,Sabah,Building,Urban,Freehold,876,514,17,1771000,265600,8000,2044600
CASE-2026-NW-01091,Selangor,Building,Rural,Freehold,1249,687,38,1888000,283200,8000,2179200
CASE-2026-NW-01092,Perak,Agriculture,Suburban,Leasehold,10430,4808,27,2257000,338600,8000,2603600
CASE-2026-NW-01093,Selangor,Building,Rural,Leasehold,2919,1427,17,4199000,629800,8000,4836800
CASE-2026-NW-01094,Melaka,Agriculture,Suburban,Freehold,8461,5625,38,2921000,438200,8000,3367200
CASE-2026-NW-01095,Selangor,Industry,Rural,Leasehold,6952,1948,34,4422000,663300,8000,5093300
CASE-2026-NW-01096,Wilayah Persekutuan Kuala Lumpur,Agriculture,Urban,Freehold,15046,5412,7,5503000,825400,8000,6336400
CASE-2026-NW-01097,Pulau Pinang,Building,Suburban,Freehold,1102,952,14,3282000,492300,8000,3782300
CASE-2026-NW-01098,Pahang,Building,Suburban,Freehold,1017,853,15,2103000,315400,8000,2426400
CASE-2026-NW-01099,Melaka,Industry,Suburban,Malay Reserve,5113,2513,15,5615000,842200,8000,6465200
CASE-2026-NW-01100,Kedah,Agriculture,Urban,Freehold,14606,8422,1,4940000,741000,8000,5689000
CASE-2026-NW-01101,Johor,Building,Urban,Freehold,399,198,25,756000,113400,8000,877400
CASE-2026-NW-01102,Wilayah Persekutuan Kuala Lumpur,Building,Suburban,Freehold,1269,698,27,2760000,414000,8000,3182000
CASE-2026-NW-01103,Selangor,Building,Suburban,Freehold,2215,1471,20,5431000,814600,8000,6253600
CASE-2026-NW-01104,Wilayah Persekutuan Kuala Lumpur,Building,Urban,Leasehold,175,60,19,298000,44700,8000,350700
CASE-2026-NW-01105,Negeri Sembilan,Building,Rural,Freehold,323,154,13,430000,64500,8000,502500
CASE-2026-NW-01106,Selangor,Industry,Rural,Malay Reserve,22541,17099,2,43808000,6571200,8000,50387200
CASE-2026-NW-01107,Kelantan,Agriculture,Urban,Freehold,12285,3289,24,1950000,292500,8000,2250500
CASE-2026-NW-01108,Pulau Pinang,Building,Suburban,Malay Reserve,1671,1455,32,4299000,644800,8000,4951800
CASE-2026-NW-01109,Perak,Agriculture,Suburban,Leasehold,9006,3206,17,1562000,234300,8000,1804300
CASE-2026-NW-01110,Kelantan,Agriculture,Urban,Leasehold,16437,13385,27,6380000,957000,8000,7345000
CASE-2026-NW-01111,Melaka,Industry,Rural,Leasehold,1753,487,13,1066000,159900,8000,1233900
CASE-2026-NW-01112,Kelantan,Building,Suburban,Freehold,2141,976,3,2905000,435800,8000,3348800
CASE-2026-NW-01113,Selangor,Building,Suburban,Leasehold,1047,877,15,3319000,497800,8000,3824800
CASE-2026-NW-01114,Kelantan,Industry,Rural,Freehold,23184,14402,16,25219000,3782800,8000,29009800
CASE-2026-NW-01115,Johor,Building,Rural,Leasehold,1738,1513,5,4256000,638400,8000,4902400
CASE-2026-NW-01116,Wilayah Persekutuan Kuala Lumpur,Building,Urban,Leasehold,1489,1066,4,5015000,752200,8000,5775200
CASE-2026-NW-01117,Perak,Agriculture,Suburban,Leasehold,7976,5184,1,2673000,401000,8000,3082000
CASE-2026-NW-01118,Pulau Pinang,Agriculture,Suburban,Freehold,17425,14666,23,9385000,1407800,8000,10800800
CASE-2026-NW-01119,Pulau Pinang,Building,Rural,Malay Reserve,2304,2055,13,5294000,794100,8000,6096100
CASE-2026-NW-01120,Johor,Building,Urban,Malay Reserve,1210,370,1,1339000,200800,8000,1547800
CASE-2026-NW-01121,Johor,Building,Rural,Leasehold,1228,705,30,1806000,270900,8000,2084900
CASE-2026-NW-01122,Perak,Industry,Suburban,Freehold,12471,11535,28,21112000,3166800,8000,24286800
CASE-2026-NW-01123,Johor,Industry,Urban,Freehold,18570,13080,27,34136000,5120400,8000,39264400
CASE-2026-NW-01124,Johor,Agriculture,Suburban,Leasehold,9276,2664,34,1651000,247600,8000,1906600
CASE-2026-NW-01125,Wilayah Persekutuan Kuala Lumpur,Building,Urban,Freehold,737,400,22,1817000,272600,8000,2097600
CASE-2026-NW-01126,Pulau Pinang,Industry,Rural,Leasehold,22390,17809,9,40938000,6140700,8000,47086700
CASE-2026-NW-01127,Pulau Pinang,Building,Urban,Leasehold,1017,263,36,1080000,162000,8000,1250000
CASE-2026-NW-01128,Melaka,Building,Urban,Leasehold,315,269,31,745000,111800,8000,864800
CASE-2026-NW-01129,Sabah,Agriculture,Urban,Freehold,12828,5507,18,3271000,490600,8000,3769600
CASE-2026-NW-01130,Selangor,Agriculture,Urban,Freehold,2198,1177,12,1040000,156000,8000,1204000
CASE-2026-NW-01131,Negeri Sembilan,Agriculture,Rural,Freehold,8001,5416,17,2419000,362800,8000,2789800
CASE-2026-NW-01132,Johor,Agriculture,Suburban,Leasehold,16834,11011,2,6047000,907000,8000,6962000
CASE-2026-NW-01133,Melaka,Agriculture,Suburban,Freehold,4099,1274,24,790000,118500,8000,916500
CASE-2026-NW-01134,Selangor,Agriculture,Urban,Freehold,13189,6986,37,6117000,917600,8000,7042600
CASE-2026-NW-01135,Selangor,Building,Rural,Freehold,1585,639,39,1824000,273600,8000,2105600
CASE-2026-NW-01136,Perak,Building,Suburban,Freehold,1673,1061,38,2568000,385200,8000,2961200
CASE-2026-NW-01137,Pahang,Agriculture,Urban,Leasehold,18021,13700,20,6721000,1008200,8000,7737200
CASE-2026-NW-01138,Kedah,Industry,Suburban,Freehold,3909,3122,25,6382000,957300,8000,7347300
CASE-2026-NW-01139,Selangor,Agriculture,Urban,Freehold,4078,2920,5,2676000,401400,8000,3085400
CASE-2026-NW-01140,Johor,Building,Rural,Leasehold,636,421,25,1137000,170600,8000,1315600
CASE-2026-NW-01141,Johor,Agriculture,Suburban,Leasehold,4207,2597,18,1590000,238500,8000,1836500
CASE-2026-NW-01142,Negeri Sembilan,Building,Suburban,Leasehold,1060,679,24,1758000,263700,8000,2029700
CASE-2026-NW-01143,Johor,Agriculture,Urban,Leasehold,14262,9975,23,6784000,1017600,8000,7809600
CASE-2026-NW-01144,Pulau Pinang,Building,Suburban,Freehold,2499,2021,37,6412000,961800,8000,7381800
CASE-2026-NW-01145,Selangor,Agriculture,Urban,Leasehold,8052,3277,39,2768000,415200,8000,3191200
CASE-2026-NW-01146,Sarawak,Agriculture,Urban,Freehold,19136,10502,0,7414000,1112100,8000,8534100
CASE-2026-NW-01147,Wilayah Persekutuan Labuan,Agriculture,Urban,Freehold,12301,10964,6,7004000,1050600,8000,8062600
CASE-2026-NW-01148,Johor,Agriculture,Rural,Freehold,4397,2612,6,1252000,187800,8000,1447800
CASE-2026-NW-01149,Wilayah Persekutuan Labuan,Agriculture,Suburban,Freehold,7564,4704,38,2434000,365100,8000,2807100
CASE-2026-NW-01150,Selangor,Agriculture,Suburban,Leasehold,15583,8197,23,5424000,813600,8000,6245600
CASE-2026-NW-01151,Wilayah Persekutuan Kuala Lumpur,Agriculture,Urban,Freehold,11455,4445,38,4363000,654400,8000,5025400
CASE-2026-NW-01152,Selangor,Industry,Suburban,Malay Reserve,23410,6159,25,17235000,2585200,8000,19828200
CASE-2026-NW-01153,Sarawak,Building,Urban,Freehold,2306,1482,1,5539000,830800,8000,6377800
CASE-2026-NW-01154,Perak,Agriculture,Suburban,Leasehold,10474,5563,32,2337000,350600,8000,2695600
CASE-2026-NW-01155,Wilayah Persekutuan Putrajaya,Industry,Urban,Leasehold,2579,1435,29,3939000,590800,8000,4537800
CASE-2026-NW-01156,Kelantan,Industry,Rural,Freehold,9573,6708,27,8992000,1348800,8000,10348800
CASE-2026-NW-01157,Johor,Industry,Rural,Freehold,11177,6738,13,15408000,2311200,8000,17727200
CASE-2026-NW-01158,Selangor,Building,Suburban,Leasehold,1168,324,25,1276000,191400,8000,1475400
CASE-2026-NW-01159,Kedah,Agriculture,Suburban,Leasehold,7014,2079,27,1017000,152600,8000,1177600
CASE-2026-NW-01160,Perlis,Agriculture,Rural,Leasehold,15047,13538,5,5432000,814800,8000,6254800
CASE-2026-NW-01161,Wilayah Persekutuan Kuala Lumpur,Building,Rural,Leasehold,2013,736,19,2731000,409600,8000,3148600
CASE-2026-NW-01162,Selangor,Agriculture,Suburban,Freehold,15150,4655,35,3500000,525000,8000,4033000
CASE-2026-NW-01163,Kedah,Industry,Urban,Leasehold,13139,9507,25,20693000,3104000,8000,23805000
CASE-2026-NW-01164,Pulau Pinang,Building,Urban,Freehold,2403,1266,32,5042000,756300,8000,5806300
CASE-2026-NW-01165,Selangor,Building,Urban,Freehold,1608,1201,38,4610000,691500,8000,5309500
CASE-2026-NW-01166,Johor,Agriculture,Suburban,Freehold,15344,8488,7,5386000,807900,8000,6201900
CASE-2026-NW-01167,Pulau Pinang,Building,Rural,Leasehold,592,451,1,1449000,217400,8000,1674400
CASE-2026-NW-01168,Selangor,Agriculture,Urban,Leasehold,5541,2564,6,2288000,343200,8000,2639200
CASE-2026-NW-01169,Wilayah Persekutuan Kuala Lumpur,Agriculture,Suburban,Leasehold,4039,938,25,761000,114200,8000,883200
CASE-2026-NW-01170,Pulau Pinang,Building,Urban,Freehold,484,302,10,1239000,185800,8000,1432800
CASE-2026-NW-01171,Pulau Pinang,Industry,Suburban,Leasehold,19012,11014,21,30221000,4533200,8000,34762200
CASE-2026-NW-01172,Kelantan,Agriculture,Suburban,Leasehold,18401,11819,14,5519000,827800,8000,6354800
CASE-2026-NW-01173,Sabah,Building,Rural,Freehold,1790,898,26,2241000,336200,8000,2585200
CASE-2026-NW-01174,Wilayah Persekutuan Kuala Lumpur,Building,Suburban,Freehold,1216,700,4,3020000,453000,8000,3481000
CASE-2026-NW-01175,Kedah,Agriculture,Urban,Freehold,11972,8008,16,4505000,675800,8000,5188800
CASE-2026-NW-01176,Johor,Building,Urban,Freehold,427,259,19,1042000,156300,8000,1206300
CASE-2026-NW-01177,Johor,Building,Suburban,Leasehold,2974,1817,19,5760000,864000,8000,6632000
CASE-2026-NW-01178,Melaka,Agriculture,Suburban,Leasehold,15491,3527,38,2003000,300400,8000,2311400
CASE-2026-NW-01179,Pulau Pinang,Building,Suburban,Leasehold,2075,965,14,3790000,568500,8000,4366500
CASE-2026-NW-01180,Kelantan,Agriculture,Rural,Leasehold,15959,6423,13,2359000,353800,8000,2720800
CASE-2026-NW-01181,Pulau Pinang,Agriculture,Suburban,Freehold,11888,6880,10,5064000,759600,8000,5831600
CASE-2026-NW-01182,Selangor,Building,Suburban,Freehold,167,131,21,455000,68200,8000,531200
CASE-2026-NW-01183,Selangor,Industry,Urban,Freehold,14759,10369,15,34255000,5138200,8000,39401200
CASE-2026-NW-01184,Kedah,Building,Suburban,Freehold,1160,564,28,1475000,221200,8000,1704200
CASE-2026-NW-01185,Selangor,Building,Suburban,Freehold,1201,849,10,3219000,482800,8000,3709800
CASE-2026-NW-01186,Sabah,Building,Rural,Freehold,2657,1067,5,2668000,400200,8000,3076200
CASE-2026-NW-01187,Perak,Building,Suburban,Leasehold,2320,2062,23,5353000,803000,8000,6164000
CASE-2026-NW-01188,Perak,Agriculture,Urban,Freehold,13333,11695,37,5556000,833400,8000,6397400
CASE-2026-NW-01189,Selangor,Agriculture,Suburban,Freehold,2307,1907,13,1418000,212700,8000,1638700
CASE-2026-NW-01190,Pahang,Building,Rural,Leasehold,1257,664,13,1641000,246200,8000,1895200
CASE-2026-NW-01191,Selangor,Building,Suburban,Malay Reserve,1955,1412,5,5337000,800600,8000,6145600
CASE-2026-NW-01192,Kedah,Building,Rural,Freehold,2888,1092,13,2770000,415500,8000,3193500
CASE-2026-NW-01193,Selangor,Agriculture,Urban,Freehold,11241,3278,30,3016000,452400,8000,3476400
CASE-2026-NW-01194,Pahang,Agriculture,Suburban,Freehold,2042,914,25,464000,69600,8000,541600
CASE-2026-NW-01195,Pulau Pinang,Building,Suburban,Leasehold,2059,1667,27,5477000,821600,8000,6306600
CASE-2026-NW-01196,Selangor,Agriculture,Urban,Malay Reserve,4808,3680,29,2619000,392800,8000,3019800
CASE-2026-NW-01197,Kelantan,Building,Urban,Leasehold,2446,1493,36,3901000,585200,8000,4494200
CASE-2026-NW-01198,Melaka,Building,Urban,Freehold,207,122,31,388000,58200,8000,454200
CASE-2026-NW-01199,Johor,Agriculture,Urban,Leasehold,15108,9305,16,6711000,1006600,8000,7725600
CASE-2026-NW-01200,Selangor,Building,Rural,Leasehold,1475,1136,37,2933000,440000,8000,3381000
CASE-2026-NW-01201,Johor,Agriculture,Urban,Leasehold,9560,3151,5,2316000,347400,8000,2671400
CASE-2026-NW-01202,Selangor,Building,Suburban,Leasehold,1463,614,25,2328000,349200,8000,2685200
CASE-2026-NW-01203,Selangor,Agriculture,Urban,Leasehold,3454,1179,26,1038000,155700,8000,1201700
CASE-2026-NW-01204,Selangor,Building,Suburban,Leasehold,2254,1791,14,6337000,950600,8000,7295600
CASE-2026-NW-01205,Selangor,Building,Urban,Leasehold,404,138,38,580000,87000,8000,675000
CASE-2026-NW-01206,Kelantan,Agriculture,Suburban,Leasehold,10493,7736,7,3478000,521700,8000,4007700
CASE-2026-NW-01207,Selangor,Agriculture,Rural,Freehold,8468,3704,7,2563000,384400,8000,2955400
CASE-2026-NW-01208,Johor,Building,Urban,Freehold,269,117,18,457000,68600,8000,533600
CASE-2026-NW-01209,Wilayah Persekutuan Kuala Lumpur,Agriculture,Suburban,Freehold,11063,9509,17,6750000,1012500,8000,7770500
CASE-2026-NW-01210,Perak,Industry,Suburban,Freehold,19383,16339,18,30089000,4513400,8000,34610400
CASE-2026-NW-01211,Selangor,Building,Suburban,Malay Reserve,405,199,34,632000,94800,8000,734800
CASE-2026-NW-01212,Selangor,Building,Rural,Freehold,2706,2440,15,7327000,1099000,8000,8434000
CASE-2026-NW-01213,Sabah,Agriculture,Rural,Leasehold,8230,5062,19,2023000,303400,8000,2334400
CASE-2026-NW-01214,Selangor,Building,Suburban,Freehold,2810,1126,28,4459000,668800,8000,5135800
CASE-2026-NW-01215,Selangor,Agriculture,Suburban,Leasehold,17867,4446,13,3444000,516600,8000,3968600
CASE-2026-NW-01216,Melaka,Industry,Urban,Leasehold,5618,2410,30,5879000,881800,8000,6768800
CASE-2026-NW-01217,Wilayah Persekutuan Kuala Lumpur,Building,Rural,Freehold,593,507,13,1764000,264600,8000,2036600
CASE-2026-NW-01218,Sabah,Building,Urban,Leasehold,2887,1917,39,5284000,792600,8000,6084600
CASE-2026-NW-01219,Sarawak,Industry,Rural,Leasehold,18460,15553,2,28958000,4343700,8000,33309700
CASE-2026-NW-01220,Pahang,Agriculture,Rural,Freehold,17208,10090,11,4552000,682800,8000,5242800
CASE-2026-NW-01221,Johor,Agriculture,Rural,Freehold,15749,6643,34,3389000,508400,8000,3905400
CASE-2026-NW-01222,Selangor,Industry,Urban,Leasehold,23172,19233,25,53513000,8027000,8000,61548000
CASE-2026-NW-01223,Pulau Pinang,Building,Urban,Leasehold,1193,1118,31,3927000,589000,8000,4524000
CASE-2026-NW-01224,Melaka,Agriculture,Rural,Freehold,5304,4609,28,1808000,271200,8000,2087200
CASE-2026-NW-01225,Wilayah Persekutuan Kuala Lumpur,Industry,Suburban,Freehold,6444,4264,33,12249000,1837400,8000,14094400
CASE-2026-NW-01226,Kedah,Agriculture,Urban,Malay Reserve,18327,6607,13,3607000,541000,8000,4156000
CASE-2026-NW-01227,Selangor,Agriculture,Suburban,Freehold,14442,11809,33,8100000,1215000,8000,9323000
CASE-2026-NW-01228,Perak,Building,Suburban,Freehold,1715,433,15,1396000,209400,8000,1613400
CASE-2026-NW-01229,Wilayah Persekutuan Kuala Lumpur,Building,Urban,Freehold,2209,1958,27,8325000,1248800,8000,9581800
CASE-2026-NW-01230,Johor,Industry,Suburban,Freehold,2206,1795,29,3780000,567000,8000,4355000
CASE-2026-NW-01231,Selangor,Agriculture,Suburban,Freehold,12439,7434,6,6012000,901800,8000,6921800
CASE-2026-NW-01232,Kelantan,Building,Suburban,Freehold,2760,1805,33,4236000,635400,8000,4879400
CASE-2026-NW-01233,Pulau Pinang,Agriculture,Urban,Leasehold,3001,1887,5,1593000,239000,8000,1840000
CASE-2026-NW-01234,Johor,Agriculture,Suburban,Leasehold,14340,7934,36,4430000,664500,8000,5102500
CASE-2026-NW-01235,Pahang,Building,Urban,Leasehold,2914,793,36,2308000,346200,8000,2662200
CASE-2026-NW-01236,Terengganu,Building,Rural,Malay Reserve,719,216,27,414000,62100,8000,484100
CASE-2026-NW-01237,Johor,Building,Suburban,Freehold,1210,342,38,1126000,168900,8000,1302900
CASE-2026-NW-01238,Wilayah Persekutuan Kuala Lumpur,Agriculture,Suburban,Freehold,4697,3195,25,2505000,375800,8000,2888800
CASE-2026-NW-01239,Selangor,Building,Urban,Freehold,2681,1009,18,4717000,707600,8000,5432600
CASE-2026-NW-01240,Johor,Agriculture,Urban,Leasehold,3633,809,28,602000,90300,8000,700300
CASE-2026-NW-01241,Wilayah Persekutuan Kuala Lumpur,Agriculture,Rural,Leasehold,15332,12557,29,7343000,1101400,8000,8452400
CASE-2026-NW-01242,Johor,Building,Rural,Leasehold,2566,1137,7,3578000,536700,8000,4122700
CASE-2026-NW-01243,Selangor,Agriculture,Rural,Freehold,16182,8753,5,5641000,846200,8000,6495200
CASE-2026-NW-01244,Johor,Building,Suburban,Leasehold,425,282,16,936000,140400,8000,1084400
CASE-2026-NW-01245,Wilayah Persekutuan Putrajaya,Building,Suburban,Freehold,1142,325,36,1158000,173700,8000,1339700
CASE-2026-NW-01246,Kelantan,Building,Rural,Freehold,1985,759,36,1404000,210600,8000,1622600
CASE-2026-NW-01247,Johor,Agriculture,Rural,Leasehold,18488,8604,33,3768000,565200,8000,4341200
CASE-2026-NW-01248,Negeri Sembilan,Agriculture,Suburban,Freehold,12553,5297,20,2774000,416100,8000,3198100
CASE-2026-NW-01249,Pulau Pinang,Building,Urban,Freehold,2266,734,28,3124000,468600,8000,3600600
CASE-2026-NW-01250,Kedah,Building,Suburban,Freehold,2609,749,38,1887000,283000,8000,2178000
CASE-2026-NW-01251,Melaka,Building,Suburban,Freehold,1296,816,17,2624000,393600,8000,3025600
CASE-2026-NW-01252,Wilayah Persekutuan Kuala Lumpur,Agriculture,Suburban,Freehold,10403,7015,6,5833000,875000,8000,6716000
CASE-2026-NW-01253,Melaka,Building,Rural,Freehold,653,471,4,1210000,181500,8000,1399500
CASE-2026-NW-01254,Pulau Pinang,Industry,Suburban,Leasehold,13382,7385,16,20282000,3042300,8000,23332300
CASE-2026-NW-01255,Wilayah Persekutuan Kuala Lumpur,Building,Urban,Malay Reserve,1585,871,6,3864000,579600,8000,4451600
CASE-2026-NW-01256,Melaka,Agriculture,Rural,Freehold,13988,5761,25,2689000,403400,8000,3100400
CASE-2026-NW-01257,Negeri Sembilan,Building,Urban,Leasehold,2297,1526,5,4830000,724500,8000,5562500
CASE-2026-NW-01258,Selangor,Building,Suburban,Leasehold,1774,855,36,2865000,429800,8000,3302800
CASE-2026-NW-01259,Selangor,Building,Urban,Malay Reserve,1512,1106,25,4273000,641000,8000,4922000
CASE-2026-NW-01260,Perak,Agriculture,Rural,Leasehold,19907,12559,9,4986000,747900,8000,5741900
CASE-2026-NW-01261,Perak,Agriculture,Rural,Leasehold,16152,9301,34,3306000,495900,8000,3809900
CASE-2026-NW-01262,Sabah,Industry,Urban,Freehold,11045,6158,9,14561000,2184200,8000,16753200
CASE-2026-NW-01263,Pulau Pinang,Agriculture,Urban,Freehold,3281,2185,27,1714000,257100,8000,1979100
CASE-2026-NW-01264,Pahang,Building,Rural,Malay Reserve,2876,1503,1,3563000,534400,8000,4105400
CASE-2026-NW-01265,Perak,Building,Rural,Freehold,2983,1451,29,3254000,488100,8000,3750100
CASE-2026-NW-01266,Wilayah Persekutuan Kuala Lumpur,Building,Suburban,Freehold,248,107,11,477000,71600,8000,556600
CASE-2026-NW-01267,Wilayah Persekutuan Kuala Lumpur,Building,Rural,Freehold,2358,1160,39,3497000,524600,8000,4029600
CASE-2026-NW-01268,Pulau Pinang,Building,Suburban,Leasehold,2692,831,21,3024000,453600,8000,3485600
CASE-2026-NW-01269,Pulau Pinang,Building,Urban,Leasehold,1785,627,18,2736000,410400,8000,3154400
CASE-2026-NW-01270,Selangor,Building,Suburban,Freehold,1150,940,15,3754000,563100,8000,4325100
CASE-2026-NW-01271,Pahang,Building,Rural,Freehold,2916,2061,20,5006000,750900,8000,5764900
CASE-2026-NW-01272,Negeri Sembilan,Building,Rural,Leasehold,2945,2307,17,5839000,875800,8000,6722800
CASE-2026-NW-01273,Sabah,Agriculture,Suburban,Freehold,15586,4912,7,2936000,440400,8000,3384400
CASE-2026-NW-01274,Melaka,Building,Urban,Freehold,1723,1298,37,4113000,617000,8000,4738000
CASE-2026-NW-01275,Johor,Building,Urban,Freehold,2549,866,2,3986000,597900,8000,4591900
CASE-2026-NW-01276,Kelantan,Industry,Urban,Leasehold,16381,13793,32,25623000,3843400,8000,29474400
CASE-2026-NW-01277,Melaka,Building,Urban,Freehold,2772,1020,10,3650000,547500,8000,4205500
CASE-2026-NW-01278,Selangor,Agriculture,Urban,Freehold,18533,15674,0,13590000,2038500,8000,15636500
CASE-2026-NW-01279,Melaka,Industry,Urban,Freehold,2705,1725,12,4503000,675400,8000,5186400
CASE-2026-NW-01280,Perak,Industry,Urban,Leasehold,13176,9991,30,19101000,2865200,8000,21974200
CASE-2026-NW-01281,Selangor,Agriculture,Suburban,Freehold,3832,1812,30,1371000,205600,8000,1584600
CASE-2026-NW-01282,Selangor,Industry,Urban,Freehold,13994,11291,23,36150000,5422500,8000,41580500
CASE-2026-NW-01283,Sabah,Agriculture,Urban,Freehold,7671,3292,11,2206000,330900,8000,2544900
CASE-2026-NW-01284,Selangor,Agriculture,Urban,Malay Reserve,2407,1135,13,924000,138600,8000,1070600
CASE-2026-NW-01285,Negeri Sembilan,Building,Suburban,Freehold,1448,676,18,2166000,324900,8000,2498900
CASE-2026-NW-01286,Selangor,Industry,Rural,Freehold,5949,2665,12,6998000,1049700,8000,8055700
CASE-2026-NW-01287,Wilayah Persekutuan Kuala Lumpur,Building,Urban,Freehold,2420,1636,2,7855000,1178200,8000,9041200
CASE-2026-NW-01288,Johor,Agriculture,Suburban,Leasehold,16561,7780,36,4569000,685400,8000,5262400
CASE-2026-NW-01289,Selangor,Industry,Urban,Leasehold,1288,1032,33,2989000,448400,8000,3445400
CASE-2026-NW-01290,Selangor,Agriculture,Urban,Freehold,19412,14823,32,12633000,1895000,8000,14536000
CASE-2026-NW-01291,Johor,Building,Rural,Freehold,414,235,20,712000,106800,8000,826800
CASE-2026-NW-01292,Negeri Sembilan,Agriculture,Suburban,Freehold,3910,2929,26,1407000,211000,8000,1626000
CASE-2026-NW-01293,Perak,Building,Urban,Freehold,2617,1635,32,4830000,724500,8000,5562500
CASE-2026-NW-01294,Terengganu,Building,Urban,Freehold,1258,623,3,2230000,334500,8000,2572500
CASE-2026-NW-01295,Melaka,Industry,Suburban,Freehold,9909,6112,18,14564000,2184600,8000,16756600
CASE-2026-NW-01296,Johor,Building,Rural,Freehold,1149,608,16,1802000,270300,8000,2080300
CASE-2026-NW-01297,Johor,Building,Urban,Malay Reserve,443,200,36,669000,100400,8000,777400
CASE-2026-NW-01298,Selangor,Building,Rural,Freehold,2434,1730,8,6092000,913800,8000,7013800
CASE-2026-NW-01299,Johor,Building,Suburban,Malay Reserve,871,426,22,1342000,201300,8000,1551300
CASE-2026-NW-01300,Selangor,Building,Urban,Freehold,967,361,11,1757000,263600,8000,2028600
CASE-2026-NW-01301,Sabah,Building,Urban,Freehold,1001,536,2,1892000,283800,8000,2183800
CASE-2026-NW-01302,Perlis,Agriculture,Urban,Freehold,16210,8564,33,4553000,683000,8000,5244000
CASE-2026-NW-01303,Wilayah Persekutuan Kuala Lumpur,Building,Suburban,Leasehold,678,218,28,841000,126200,8000,975200
CASE-2026-NW-01304,Kedah,Agriculture,Suburban,Malay Reserve,16652,5983,27,2586000,387900,8000,2981900
CASE-2026-NW-01305,Pulau Pinang,Industry,Urban,Leasehold,6244,4498,11,13048000,1957200,8000,15013200
CASE-2026-NW-01306,Perlis,Agriculture,Suburban,Leasehold,3811,1896,28,827000,124000,8000,959000
CASE-2026-NW-01307,Wilayah Persekutuan Kuala Lumpur,Agriculture,Rural,Leasehold,7875,2081,27,1440000,216000,8000,1664000
CASE-2026-NW-01308,Wilayah Persekutuan Kuala Lumpur,Industry,Urban,Freehold,24347,16528,32,55640000,8346000,8000,63994000
CASE-2026-NW-01309,Melaka,Building,Suburban,Freehold,1722,831,16,2710000,406500,8000,3124500
CASE-2026-NW-01310,Johor,Building,Rural,Freehold,565,159,27,443000,66400,8000,517400
CASE-2026-NW-01311,Pulau Pinang,Building,Rural,Freehold,1625,1174,14,3892000,583800,8000,4483800
CASE-2026-NW-01312,Wilayah Persekutuan Kuala Lumpur,Agriculture,Suburban,Leasehold,3362,2243,1,1771000,265600,8000,2044600
CASE-2026-NW-01313,Negeri Sembilan,Agriculture,Rural,Leasehold,4176,2813,12,1136000,170400,8000,1314400
CASE-2026-NW-01314,Kedah,Building,Suburban,Freehold,1392,702,29,1733000,260000,8000,2001000
CASE-2026-NW-01315,Selangor,Agriculture,Suburban,Freehold,12060,6779,29,5119000,767800,8000,5894800
CASE-2026-NW-01316,Kelantan,Agriculture,Suburban,Freehold,3668,3194,3,1578000,236700,8000,1822700
CASE-2026-NW-01317,Terengganu,Agriculture,Rural,Freehold,17428,13500,12,5205000,780800,8000,5993800
CASE-2026-NW-01318,Perlis,Building,Rural,Malay Reserve,2220,717,34,1345000,201800,8000,1554800
CASE-2026-NW-01319,Pulau Pinang,Building,Suburban,Freehold,1736,562,23,2144000,321600,8000,2473600
CASE-2026-NW-01320,Wilayah Persekutuan Kuala Lumpur,Agriculture,Urban,Freehold,9883,3833,25,3765000,564800,8000,4337800
CASE-2026-NW-01321,Sarawak,Industry,Suburban,Leasehold,9002,6128,36,10682000,1602300,8000,12292300
CASE-2026-NW-01322,Terengganu,Building,Urban,Freehold,1670,1048,10,3098000,464700,8000,3570700
CASE-2026-NW-01323,Negeri Sembilan,Agriculture,Urban,Leasehold,5197,3196,21,1922000,288300,8000,2218300
CASE-2026-NW-01324,Pulau Pinang,Building,Rural,Malay Reserve,465,367,6,1069000,160400,8000,1237400
CASE-2026-NW-01325,Johor,Agriculture,Rural,Freehold,14583,3752,13,2033000,305000,8000,2346000
CASE-2026-NW-01326,Pulau Pinang,Agriculture,Rural,Freehold,10566,5017,27,2735000,410200,8000,3153200
CASE-2026-NW-01327,Perak,Industry,Urban,Freehold,6002,5536,21,12534000,1880100,8000,14422100
CASE-2026-NW-01328,Wilayah Persekutuan Kuala Lumpur,Building,Suburban,Leasehold,2191,1215,5,5213000,782000,8000,6003000
CASE-2026-NW-01329,Pulau Pinang,Agriculture,Suburban,Freehold,9939,3359,8,2509000,376400,8000,2893400
CASE-2026-NW-01330,Kedah,Agriculture,Suburban,Leasehold,6079,1529,5,839000,125800,8000,972800
CASE-2026-NW-01331,Kedah,Building,Suburban,Freehold,1286,797,28,2171000,325600,8000,2504600
CASE-2026-NW-01332,Kelantan,Building,Urban,Freehold,2087,1696,9,4557000,683600,8000,5248600
CASE-2026-NW-01333,Melaka,Building,Urban,Leasehold,2482,1290,30,3952000,592800,8000,4552800
CASE-2026-NW-01334,Negeri Sembilan,Agriculture,Urban,Freehold,15925,7728,33,4788000,718200,8000,5514200
CASE-2026-NW-01335,Negeri Sembilan,Building,Suburban,Leasehold,1290,934,12,2917000,437600,8000,3362600
CASE-2026-NW-01336,Perak,Agriculture,Suburban,Leasehold,4692,3716,6,1828000,274200,8000,2110200
CASE-2026-NW-01337,Pulau Pinang,Agriculture,Rural,Freehold,14718,8519,29,4812000,721800,8000,5541800
CASE-2026-NW-01338,Selangor,Building,Suburban,Leasehold,1315,1179,5,4189000,628400,8000,4825400
CASE-2026-NW-01339,Johor,Building,Urban,Freehold,1184,448,36,1684000,252600,8000,1944600
CASE-2026-NW-01340,Sarawak,Building,Rural,Freehold,1746,816,21,1982000,297300,8000,2287300
CASE-2026-NW-01341,Pulau Pinang,Agriculture,Rural,Leasehold,5769,1953,22,1153000,173000,8000,1334000
CASE-2026-NW-01342,Perak,Agriculture,Suburban,Freehold,15440,8686,10,3935000,590200,8000,4533200
CASE-2026-NW-01343,Pulau Pinang,Industry,Urban,Freehold,4905,3202,22,9419000,1412800,8000,10839800
CASE-2026-NW-01344,Johor,Building,Suburban,Freehold,1948,1712,36,4831000,724600,8000,5563600
CASE-2026-NW-01345,Perak,Building,Urban,Freehold,1593,1354,2,4057000,608600,8000,4673600
CASE-2026-NW-01346,Wilayah Persekutuan Kuala Lumpur,Building,Urban,Leasehold,2245,845,8,4151000,622600,8000,4781600
CASE-2026-NW-01347,Terengganu,Agriculture,Rural,Freehold,5699,1638,8,732000,109800,8000,849800
CASE-2026-NW-01348,Pulau Pinang,Agriculture,Urban,Leasehold,12201,2477,3,2131000,319600,8000,2458600
CASE-2026-NW-01349,Selangor,Agriculture,Rural,Freehold,17590,12919,39,7102000,1065300,8000,8175300
CASE-2026-NW-01350,Johor,Building,Urban,Leasehold,733,591,3,2232000,334800,8000,2574800
CASE-2026-NW-01351,Terengganu,Building,Urban,Leasehold,2679,1320,10,3939000,590800,8000,4537800
CASE-2026-NW-01352,Wilayah Persekutuan Putrajaya,Building,Urban,Leasehold,1831,1382,28,4791000,718600,8000,5517600
CASE-2026-NW-01353,Pahang,Industry,Rural,Freehold,24931,22884,38,29790000,4468500,8000,34266500
CASE-2026-NW-01354,Negeri Sembilan,Agriculture,Urban,Freehold,8655,2614,20,1745000,261800,8000,2014800
CASE-2026-NW-01355,Selangor,Agriculture,Suburban,Malay Reserve,13292,5470,12,3770000,565500,8000,4343500
CASE-2026-NW-01356,Selangor,Building,Suburban,Freehold,1811,468,9,2036000,305400,8000,2349400
CASE-2026-NW-01357,Johor,Building,Suburban,Freehold,1782,1030,10,3432000,514800,8000,3954800
CASE-2026-NW-01358,Selangor,Agriculture,Urban,Freehold,2746,1828,28,1548000,232200,8000,1788200
CASE-2026-NW-01359,Terengganu,Agriculture,Rural,Freehold,5937,1363,19,523000,78400,8000,609400
CASE-2026-NW-01360,Kedah,Building,Urban,Freehold,887,427,13,1360000,204000,8000,1572000
CASE-2026-NW-01361,Selangor,Building,Urban,Freehold,2339,2113,27,7977000,1196600,8000,9181600
CASE-2026-NW-01362,Perak,Building,Suburban,Malay Reserve,2494,2348,14,5051000,757600,8000,5816600
CASE-2026-NW-01363,Terengganu,Agriculture,Suburban,Leasehold,8718,5788,2,2717000,407600,8000,3132600
CASE-2026-NW-01364,Perlis,Building,Suburban,Freehold,1281,1102,33,2388000,358200,8000,2754200
CASE-2026-NW-01365,Wilayah Persekutuan Kuala Lumpur,Building,Urban,Freehold,1123,856,28,3762000,564300,8000,4334300
CASE-2026-NW-01366,Selangor,Industry,Urban,Freehold,11058,5031,31,16486000,2472900,8000,18966900
CASE-2026-NW-01367,Perak,Building,Suburban,Freehold,2444,1322,19,3343000,501400,8000,3852400
CASE-2026-NW-01368,Perak,Agriculture,Suburban,Freehold,3846,2729,33,1240000,186000,8000,1434000
CASE-2026-NW-01369,Wilayah Persekutuan Labuan,Building,Urban,Freehold,1554,1223,15,4077000,611600,8000,4696600
CASE-2026-NW-01370,Perak,Building,Suburban,Freehold,1196,650,38,1635000,245200,8000,1888200
CASE-2026-NW-01371,Wilayah Persekutuan Kuala Lumpur,Building,Rural,Freehold,1679,1210,27,3866000,579900,8000,4453900
CASE-2026-NW-01372,Kedah,Building,Suburban,Leasehold,2604,921,21,2468000,370200,8000,2846200
CASE-2026-NW-01373,Perlis,Industry,Suburban,Leasehold,21180,14465,10,30489000,4573400,8000,35070400
CASE-2026-NW-01374,Pulau Pinang,Agriculture,Suburban,Freehold,14015,7852,34,5292000,793800,8000,6093800
CASE-2026-NW-01375,Kelantan,Agriculture,Rural,Freehold,16436,13929,13,4738000,710700,8000,5456700
CASE-2026-NW-01376,Johor,Agriculture,Suburban,Freehold,11342,5449,23,3411000,511600,8000,3930600
CASE-2026-NW-01377,Perlis,Building,Urban,Malay Reserve,1842,1244,27,3237000,485600,8000,3730600
CASE-2026-NW-01378,Kelantan,Building,Suburban,Freehold,1167,384,4,1262000,189300,8000,1459300
CASE-2026-NW-01379,Wilayah Persekutuan Kuala Lumpur,Agriculture,Suburban,Freehold,2013,691,11,618000,92700,8000,718700
CASE-2026-NW-01380,Selangor,Building,Urban,Leasehold,1605,1124,1,5098000,764700,8000,5870700
CASE-2026-NW-01381,Selangor,Building,Suburban,Malay Reserve,1905,1174,36,3818000,572700,8000,4398700
CASE-2026-NW-01382,Perak,Industry,Suburban,Malay Reserve,20267,9251,2,19162000,2874300,8000,22044300
CASE-2026-NW-01383,Pahang,Building,Suburban,Leasehold,189,161,37,332000,49800,8000,389800
CASE-2026-NW-01384,Melaka,Building,Suburban,Malay Reserve,2287,1968,22,5321000,798200,8000,6127200
CASE-2026-NW-01385,Wilayah Persekutuan Kuala Lumpur,Building,Suburban,Freehold,283,262,13,1103000,165400,8000,1276400
CASE-2026-NW-01386,Kelantan,Agriculture,Urban,Leasehold,14243,4725,38,2365000,354800,8000,2727800
CASE-2026-NW-01387,Perak,Building,Rural,Freehold,577,475,13,997000,149600,8000,1154600
CASE-2026-NW-01388,Johor,Building,Suburban,Malay Reserve,1844,559,9,2043000,306400,8000,2357400
CASE-2026-NW-01389,Pulau Pinang,Building,Rural,Freehold,1567,883,2,2883000,432400,8000,3323400
CASE-2026-NW-01390,Negeri Sembilan,Building,Suburban,Leasehold,1435,956,32,2358000,353700,8000,2719700
CASE-2026-NW-01391,Negeri Sembilan,Agriculture,Rural,Freehold,4272,1213,29,505000,75800,8000,588800
CASE-2026-NW-01392,Pulau Pinang,Industry,Urban,Leasehold,2741,1721,11,5384000,807600,8000,6199600
CASE-2026-NW-01393,Perak,Building,Rural,Freehold,1069,343,21,746000,111900,8000,865900
CASE-2026-NW-01394,Kedah,Building,Suburban,Freehold,1989,740,1,2327000,349000,8000,2684000
CASE-2026-NW-01395,Pahang,Building,Suburban,Freehold,1426,629,36,1657000,248600,8000,1913600
CASE-2026-NW-01396,Wilayah Persekutuan Kuala Lumpur,Agriculture,Suburban,Freehold,14504,6145,13,5353000,803000,8000,6164000
CASE-2026-NW-01397,Kelantan,Agriculture,Suburban,Leasehold,13899,12048,24,4556000,683400,8000,5247400
CASE-2026-NW-01398,Pahang,Building,Suburban,Freehold,471,188,36,479000,71800,8000,558800
CASE-2026-NW-01399,Negeri Sembilan,Building,Urban,Leasehold,1146,739,33,2098000,314700,8000,2420700
CASE-2026-NW-01400,Selangor,Building,Suburban,Freehold,1191,980,3,3993000,599000,8000,4600000
CASE-2026-NW-01401,Pahang,Agriculture,Suburban,Leasehold,13596,9948,0,5287000,793000,8000,6088000
CASE-2026-NW-01402,Kedah,Agriculture,Urban,Freehold,3046,2181,29,1095000,164200,8000,1267200
CASE-2026-NW-01403,Selangor,Building,Rural,Leasehold,2434,884,33,2447000,367000,8000,2822000
CASE-2026-NW-01404,Perak,Building,Rural,Freehold,2146,1257,12,2832000,424800,8000,3264800
CASE-2026-NW-01405,Kelantan,Agriculture,Suburban,Freehold,10453,2439,15,1252000,187800,8000,1447800
CASE-2026-NW-01406,Johor,Agriculture,Urban,Leasehold,14307,8281,26,5887000,883000,8000,6778000
CASE-2026-NW-01407,Wilayah Persekutuan Putrajaya,Agriculture,Urban,Malay Reserve,12552,9294,28,6535000,980200,8000,7523200
CASE-2026-NW-01408,Wilayah Persekutuan Labuan,Building,Suburban,Freehold,1519,681,24,1917000,287600,8000,2212600
CASE-2026-NW-01409,Pulau Pinang,Agriculture,Suburban,Malay Reserve,4187,1080,21,703000,105400,8000,816400
CASE-2026-NW-01410,Johor,Building,Rural,Leasehold,1826,1313,4,4025000,603800,8000,4636800
CASE-2026-NW-01411,Selangor,Agriculture,Suburban,Freehold,17992,12907,12,9449000,1417400,8000,10874400
CASE-2026-NW-01412,Negeri Sembilan,Building,Suburban,Freehold,2439,2116,7,6181000,927200,8000,7116200
CASE-2026-NW-01413,Selangor,Building,Urban,Leasehold,2949,1478,21,6126000,918900,8000,7052900
CASE-2026-NW-01414,Terengganu,Agriculture,Urban,Freehold,19767,6215,1,4123000,618400,8000,4749400
CASE-2026-NW-01415,Perak,Industry,Urban,Freehold,15878,5862,6,15608000,2341200,8000,17957200
CASE-2026-NW-01416,Kedah,Building,Rural,Freehold,316,185,5,536000,80400,8000,624400
CASE-2026-NW-01417,Pulau Pinang,Building,Urban,Freehold,2986,2283,33,8385000,1257800,8000,9650800
CASE-2026-NW-01418,Selangor,Agriculture,Urban,Malay Reserve,3409,844,14,722000,108300,8000,838300
CASE-2026-NW-01419,Selangor,Agriculture,Rural,Malay Reserve,8544,4761,33,2528000,379200,8000,2915200
CASE-2026-NW-01420,Perak,Agriculture,Suburban,Freehold,4484,2120,0,1043000,156400,8000,1207400
CASE-2026-NW-01421,Selangor,Building,Urban,Freehold,2106,1561,30,6595000,989200,8000,7592200
CASE-2026-NW-01422,Selangor,Building,Urban,Freehold,2716,2446,18,9817000,1472600,8000,11297600
CASE-2026-NW-01423,Kelantan,Agriculture,Rural,Leasehold,14459,6910,28,2533000,380000,8000,2921000
CASE-2026-NW-01424,Negeri Sembilan,Industry,Urban,Freehold,19438,7789,3,22895000,3434200,8000,26337200
CASE-2026-NW-01425,Kedah,Building,Urban,Freehold,1406,880,13,2921000,438200,8000,3367200
CASE-2026-NW-01426,Negeri Sembilan,Building,Urban,Freehold,612,425,30,1209000,181400,8000,1398400
CASE-2026-NW-01427,Melaka,Building,Suburban,Freehold,2659,1276,7,4239000,635800,8000,4882800
CASE-2026-NW-01428,Melaka,Building,Suburban,Leasehold,1649,800,19,2521000,378200,8000,2907200
CASE-2026-NW-01429,Johor,Building,Suburban,Freehold,2759,1482,33,4364000,654600,8000,5026600
CASE-2026-NW-01430,Selangor,Building,Suburban,Freehold,1697,1146,17,4077000,611600,8000,4696600
CASE-2026-NW-01431,Selangor,Industry,Suburban,Freehold,8328,6025,6,18480000,2772000,8000,21260000
CASE-2026-NW-01432,Johor,Agriculture,Rural,Freehold,8667,3884,8,1963000,294400,8000,2265400
CASE-2026-NW-01433,Perak,Agriculture,Rural,Leasehold,13638,3822,2,1608000,241200,8000,1857200
CASE-2026-NW-01434,Pahang,Building,Urban,Freehold,2266,1666,1,5751000,862600,8000,6621600
CASE-2026-NW-01435,Pahang,Building,Suburban,Freehold,215,156,17,440000,66000,8000,514000
CASE-2026-NW-01436,Johor,Agriculture,Suburban,Freehold,16611,9072,26,5378000,806700,8000,6192700
CASE-2026-NW-01437,Pulau Pinang,Building,Rural,Freehold,1921,729,24,2397000,359600,8000,2764600
CASE-2026-NW-01438,Kelantan,Agriculture,Suburban,Leasehold,11158,9131,1,3830000,574500,8000,4412500
CASE-2026-NW-01439,Pulau Pinang,Building,Rural,Leasehold,2398,1546,3,5087000,763000,8000,5858000
CASE-2026-NW-01440,Pahang,Building,Suburban,Freehold,956,559,36,1382000,207300,8000,1597300
CASE-2026-NW-01441,Sabah,Building,Urban,Freehold,503,317,13,1061000,159200,8000,1228200
CASE-2026-NW-01442,Negeri Sembilan,Building,Suburban,Leasehold,1010,283,19,865000,129800,8000,1002800
CASE-2026-NW-01443,Terengganu,Building,Rural,Freehold,1686,841,23,2074000,311100,8000,2393100
CASE-2026-NW-01444,Pulau Pinang,Agriculture,Suburban,Malay Reserve,6482,4526,32,2788000,418200,8000,3214200
CASE-2026-NW-01445,Johor,Agriculture,Suburban,Freehold,7039,4772,13,2936000,440400,8000,3384400
CASE-2026-NW-01446,Johor,Building,Urban,Leasehold,2763,2573,2,8972000,1345800,8000,10325800
CASE-2026-NW-01447,Wilayah Persekutuan Labuan,Building,Rural,Leasehold,1031,603,9,1405000,210800,8000,1623800
CASE-2026-NW-01448,Johor,Agriculture,Urban,Leasehold,9624,6295,4,4561000,684200,8000,5253200
CASE-2026-NW-01449,Melaka,Industry,Suburban,Malay Reserve,18478,6878,13,15983000,2397400,8000,18388400
CASE-2026-NW-01450,Selangor,Building,Rural,Freehold,2098,1872,7,6085000,912800,8000,7005800
CASE-2026-NW-01451,Pahang,Building,Urban,Freehold,522,337,10,1001000,150200,8000,1159200
CASE-2026-NW-01452,Selangor,Building,Urban,Freehold,2748,1341,7,6749000,1012400,8000,7769400
CASE-2026-NW-01453,Perak,Agriculture,Urban,Leasehold,15079,4542,15,2590000,388500,8000,2986500
CASE-2026-NW-01454,Selangor,Agriculture,Suburban,Freehold,12624,10309,34,7163000,1074400,8000,8245400
CASE-2026-NW-01455,Pahang,Agriculture,Suburban,Leasehold,11400,3452,21,1715000,257200,8000,1980200
CASE-2026-NW-01456,Melaka,Agriculture,Suburban,Freehold,2457,1125,6,682000,102300,8000,792300
CASE-2026-NW-01457,Terengganu,Building,Urban,Freehold,656,309,24,881000,132200,8000,1021200
CASE-2026-NW-01458,Johor,Building,Suburban,Malay Reserve,1620,1421,2,4869000,730400,8000,5607400
CASE-2026-NW-01459,Pulau Pinang,Agriculture,Suburban,Leasehold,6920,5152,17,3306000,495900,8000,3809900
CASE-2026-NW-01460,Kedah,Industry,Rural,Freehold,20467,11244,28,17812000,2671800,8000,20491800
CASE-2026-NW-01461,Pahang,Building,Rural,Freehold,2104,1056,38,2025000,303800,8000,2336800
CASE-2026-NW-01462,Wilayah Persekutuan Kuala Lumpur,Building,Suburban,Freehold,1574,799,38,2977000,446600,8000,3431600
CASE-2026-NW-01463,Selangor,Building,Suburban,Leasehold,2145,617,29,2304000,345600,8000,2657600
CASE-2026-NW-01464,Wilayah Persekutuan Kuala Lumpur,Building,Suburban,Freehold,2953,2108,6,9470000,1420500,8000,10898500
CASE-2026-NW-01465,Kedah,Building,Rural,Freehold,504,414,34,850000,127500,8000,985500
CASE-2026-NW-01466,Perak,Building,Urban,Freehold,2194,1534,24,4221000,633200,8000,4862200
CASE-2026-NW-01467,Terengganu,Agriculture,Urban,Malay Reserve,5525,1783,9,1022000,153300,8000,1183300
CASE-2026-NW-01468,Negeri Sembilan,Building,Urban,Leasehold,185,86,10,268000,40200,8000,316200
CASE-2026-NW-01469,Wilayah Persekutuan Putrajaya,Building,Rural,Leasehold,440,239,7,806000,120900,8000,934900
CASE-2026-NW-01470,Selangor,Agriculture,Rural,Freehold,11992,7343,16,4170000,625500,8000,4803500
CASE-2026-NW-01471,Negeri Sembilan,Agriculture,Suburban,Leasehold,5384,4285,8,2178000,326700,8000,2512700
CASE-2026-NW-01472,Negeri Sembilan,Industry,Rural,Leasehold,23300,10225,34,15896000,2384400,8000,18288400
CASE-2026-NW-01473,Pulau Pinang,Building,Urban,Freehold,834,217,33,875000,131200,8000,1014200
CASE-2026-NW-01474,Kedah,Industry,Suburban,Freehold,1951,533,17,1114000,167100,8000,1289100
CASE-2026-NW-01475,Selangor,Building,Rural,Leasehold,1849,685,9,2303000,345400,8000,2656400
CASE-2026-NW-01476,Selangor,Building,Rural,Malay Reserve,1008,901,1,2948000,442200,8000,3398200
CASE-2026-NW-01477,Wilayah Persekutuan Kuala Lumpur,Building,Urban,Leasehold,1863,526,2,2729000,409400,8000,3146400
CASE-2026-NW-01478,Kelantan,Building,Suburban,Freehold,2390,1922,31,4093000,614000,8000,4715000
CASE-2026-NW-01479,Wilayah Persekutuan Kuala Lumpur,Agriculture,Suburban,Freehold,19023,9351,24,7974000,1196100,8000,9178100
CASE-2026-NW-01480,Selangor,Agriculture,Suburban,Leasehold,16244,4453,2,3376000,506400,8000,3890400
CASE-2026-NW-01481,Kedah,Agriculture,Urban,Leasehold,3989,3158,16,1695000,254200,8000,1957200
CASE-2026-NW-01482,Melaka,Building,Suburban,Freehold,1007,905,38,2132000,319800,8000,2459800
CASE-2026-NW-01483,Pulau Pinang,Agriculture,Rural,Leasehold,10671,4714,27,2540000,381000,8000,2929000
CASE-2026-NW-01484,Selangor,Building,Rural,Leasehold,1892,698,15,2222000,333300,8000,2563300
CASE-2026-NW-01485,Perak,Building,Rural,Leasehold,2999,1316,14,2816000,422400,8000,3246400
CASE-2026-NW-01486,Kedah,Building,Suburban,Leasehold,2010,508,18,1511000,226600,8000,1745600
CASE-2026-NW-01487,Sarawak,Building,Urban,Freehold,526,417,31,1305000,195800,8000,1508800
CASE-2026-NW-01488,Selangor,Building,Suburban,Freehold,2672,1855,18,6872000,1030800,8000,7910800
CASE-2026-NW-01489,Selangor,Agriculture,Urban,Leasehold,9364,2567,22,2329000,349400,8000,2686400
CASE-2026-NW-01490,Pahang,Agriculture,Urban,Freehold,3291,1148,27,670000,100500,8000,778500
CASE-2026-NW-01491,Pulau Pinang,Agriculture,Suburban,Leasehold,13898,9280,20,6227000,934000,8000,7169000
CASE-2026-NW-01492,Sarawak,Agriculture,Urban,Freehold,17369,13554,29,7548000,1132200,8000,8688200
CASE-2026-NW-01493,Selangor,Building,Urban,Freehold,646,549,21,2217000,332600,8000,2557600
CASE-2026-NW-01494,Selangor,Agriculture,Urban,Leasehold,14044,6870,34,5625000,843800,8000,6476800
CASE-2026-NW-01495,Selangor,Building,Suburban,Leasehold,533,218,9,926000,138900,8000,1072900
CASE-2026-NW-01496,Negeri Sembilan,Building,Urban,Leasehold,2416,2028,5,6714000,1007100,8000,7729100
CASE-2026-NW-01497,Selangor,Building,Suburban,Leasehold,2973,2418,38,7484000,1122600,8000,8614600
CASE-2026-NW-01498,Perlis,Agriculture,Suburban,Leasehold,12426,6025,4,3164000,474600,8000,3646600
CASE-2026-NW-01499,Terengganu,Building,Urban,Freehold,1361,618,37,1723000,258400,8000,1989400
CASE-2026-NW-01500,Selangor,Agriculture,Suburban,Leasehold,2652,1657,5,1220000,183000,8000,1411000
CASE-2026-NW-01501,Pahang,Industry,Suburban,Leasehold,24816,7679,4,17450000,2617500,8000,20075500
CASE-2026-NW-01502,Sabah,Building,Urban,Leasehold,1688,1227,21,3329000,499400,8000,3836400
CASE-2026-NW-01503,Melaka,Building,Urban,Freehold,1266,1144,10,3756000,563400,8000,4327400
CASE-2026-NW-01504,Melaka,Industry,Suburban,Freehold,10723,7169,5,17505000,2625800,8000,20138800
CASE-2026-NW-01505,Selangor,Building,Rural,Freehold,1699,429,34,1326000,198900,8000,1532900
CASE-2026-NW-01506,Selangor,Building,Urban,Leasehold,1556,721,17,2979000,446800,8000,3433800
CASE-2026-NW-01507,Negeri Sembilan,Agriculture,Urban,Freehold,4471,1655,33,1047000,157000,8000,1212000
CASE-2026-NW-01508,Melaka,Agriculture,Urban,Freehold,5868,4833,18,2883000,432400,8000,3323400
CASE-2026-NW-01509,Selangor,Building,Urban,Leasehold,1426,733,9,3336000,500400,8000,3844400
CASE-2026-NW-01510,Terengganu,Building,Urban,Freehold,670,171,11,536000,80400,8000,624400
CASE-2026-NW-01511,Pulau Pinang,Building,Urban,Malay Reserve,2746,1798,8,6899000,1034800,8000,7941800
CASE-2026-NW-01512,Melaka,Building,Suburban,Leasehold,2379,1771,19,5295000,794200,8000,6097200
CASE-2026-NW-01513,Pahang,Building,Rural,Leasehold,1636,763,1,2097000,314600,8000,2419600
CASE-2026-NW-01514,Johor,Industry,Urban,Freehold,2332,1607,6,4781000,717200,8000,5506200
CASE-2026-NW-01515,Selangor,Industry,Rural,Freehold,23493,12985,4,33989000,5098400,8000,39095400
CASE-2026-NW-01516,Johor,Building,Urban,Leasehold,1791,661,13,2640000,396000,8000,3044000
CASE-2026-NW-01517,Perak,Agriculture,Urban,Freehold,7037,5914,5,2999000,449800,8000,3456800
CASE-2026-NW-01518,Terengganu,Building,Urban,Leasehold,168,105,30,274000,41100,8000,323100
CASE-2026-NW-01519,Sabah,Building,Rural,Freehold,1650,1381,20,3129000,469400,8000,3606400
CASE-2026-NW-01520,Pulau Pinang,Agriculture,Suburban,Leasehold,12601,7878,14,5081000,762200,8000,5851200
CASE-2026-NW-01521,Perak,Building,Urban,Leasehold,1867,1179,33,3140000,471000,8000,3619000
CASE-2026-NW-01522,Kelantan,Building,Urban,Malay Reserve,1893,1749,21,4436000,665400,8000,5109400
CASE-2026-NW-01523,Johor,Agriculture,Suburban,Freehold,19289,13417,2,7906000,1185900,8000,9099900
CASE-2026-NW-01524,Johor,Building,Suburban,Leasehold,1135,808,23,2238000,335700,8000,2581700
CASE-2026-NW-01525,Wilayah Persekutuan Kuala Lumpur,Agriculture,Rural,Malay Reserve,19643,13666,20,7741000,1161200,8000,8910200
CASE-2026-NW-01526,Perak,Agriculture,Urban,Leasehold,4324,3028,6,1518000,227700,8000,1753700
CASE-2026-NW-01527,Terengganu,Industry,Urban,Freehold,15816,7352,4,18221000,2733200,8000,20962200
CASE-2026-NW-01528,Pahang,Agriculture,Suburban,Leasehold,17546,12132,12,5630000,844500,8000,6482500
CASE-2026-NW-01529,Johor,Agriculture,Urban,Leasehold,9438,2128,10,1724000,258600,8000,1990600
CASE-2026-NW-01530,Pahang,Building,Rural,Freehold,1874,1767,10,3703000,555400,8000,4266400
CASE-2026-NW-01531,Wilayah Persekutuan Putrajaya,Building,Urban,Freehold,2982,1675,23,6668000,1000200,8000,7676200
CASE-2026-NW-01532,Kedah,Building,Suburban,Freehold,1444,874,2,2624000,393600,8000,3025600
CASE-2026-NW-01533,Negeri Sembilan,Agriculture,Rural,Freehold,11740,3838,26,1770000,265500,8000,2043500
CASE-2026-NW-01534,Wilayah Persekutuan Kuala Lumpur,Agriculture,Suburban,Freehold,5677,3515,21,2733000,410000,8000,3151000
CASE-2026-NW-01535,Kedah,Industry,Urban,Freehold,2061,584,25,1365000,204800,8000,1577800
CASE-2026-NW-01536,Wilayah Persekutuan Kuala Lumpur,Building,Urban,Freehold,151,131,35,566000,84900,8000,658900
CASE-2026-NW-01537,Johor,Agriculture,Suburban,Freehold,13783,8247,11,5538000,830700,8000,6376700
CASE-2026-NW-01538,Pahang,Building,Suburban,Leasehold,1285,619,36,1384000,207600,8000,1599600
CASE-2026-NW-01539,Selangor,Building,Rural,Leasehold,2700,1569,15,5041000,756200,8000,5805200
CASE-2026-NW-01540,Negeri Sembilan,Building,Suburban,Freehold,2282,1966,37,4698000,704700,8000,5410700
CASE-2026-NW-01541,Negeri Sembilan,Building,Urban,Freehold,1648,1469,23,4300000,645000,8000,4953000
CASE-2026-NW-01542,Johor,Building,Urban,Malay Reserve,477,249,4,902000,135300,8000,1045300
CASE-2026-NW-01543,Perak,Industry,Urban,Freehold,12775,5358,23,13326000,1998900,8000,15332900
CASE-2026-NW-01544,Melaka,Agriculture,Urban,Freehold,19786,10425,16,6500000,975000,8000,7483000
CASE-2026-NW-01545,Selangor,Building,Urban,Freehold,1834,1374,12,6374000,956100,8000,7338100
CASE-2026-NW-01546,Perak,Agriculture,Suburban,Freehold,16247,14401,29,5905000,885800,8000,6798800
CASE-2026-NW-01547,Wilayah Persekutuan Kuala Lumpur,Industry,Rural,Freehold,5967,1718,19,4421000,663200,8000,5092200
CASE-2026-NW-01548,Negeri Sembilan,Building,Suburban,Freehold,2401,1423,13,4123000,618400,8000,4749400
CASE-2026-NW-01549,Melaka,Agriculture,Suburban,Freehold,19689,6376,3,4215000,632200,8000,4855200
CASE-2026-NW-01550,Wilayah Persekutuan Putrajaya,Agriculture,Urban,Leasehold,16769,14649,17,10675000,1601200,8000,12284200
CASE-2026-NW-01551,Kedah,Building,Urban,Leasehold,1481,852,18,2324000,348600,8000,2680600
CASE-2026-NW-01552,Melaka,Building,Rural,Malay Reserve,811,424,2,1188000,178200,8000,1374200
CASE-2026-NW-01553,Wilayah Persekutuan Kuala Lumpur,Building,Suburban,Freehold,2191,1646,31,6184000,927600,8000,7119600
CASE-2026-NW-01554,Wilayah Persekutuan Kuala Lumpur,Building,Suburban,Malay Reserve,1028,623,13,2505000,375800,8000,2888800
CASE-2026-NW-01555,Terengganu,Building,Suburban,Leasehold,2648,2025,20,4504000,675600,8000,5187600
CASE-2026-NW-01556,Selangor,Building,Urban,Malay Reserve,266,129,20,551000,82600,8000,641600
CASE-2026-NW-01557,Wilayah Persekutuan Kuala Lumpur,Agriculture,Urban,Freehold,14923,5092,23,5126000,768900,8000,5902900
CASE-2026-NW-01558,Selangor,Agriculture,Suburban,Leasehold,2845,1367,6,987000,148000,8000,1143000
CASE-2026-NW-01559,Kedah,Industry,Suburban,Freehold,15744,8612,7,17939000,2690800,8000,20637800
CASE-2026-NW-01560,Selangor,Building,Suburban,Leasehold,603,175,3,776000,116400,8000,900400
CASE-2026-NW-01561,Wilayah Persekutuan Kuala Lumpur,Industry,Suburban,Leasehold,3631,1448,37,4252000,637800,8000,4897800
CASE-2026-NW-01562,Kelantan,Building,Suburban,Leasehold,2883,2403,38,5110000,766500,8000,5884500
CASE-2026-NW-01563,Selangor,Agriculture,Urban,Leasehold,2061,1742,36,1332000,199800,8000,1539800
CASE-2026-NW-01564,Pulau Pinang,Building,Urban,Freehold,2794,972,11,4588000,688200,8000,5284200
CASE-2026-NW-01565,Selangor,Industry,Urban,Freehold,24614,14459,20,45292000,6793800,8000,52093800
CASE-2026-NW-01566,Kelantan,Building,Urban,Freehold,1665,708,28,1903000,285400,8000,2196400
CASE-2026-NW-01567,Terengganu,Agriculture,Rural,Freehold,2815,1618,21,574000,86100,8000,668100
CASE-2026-NW-01568,Selangor,Building,Suburban,Freehold,2125,1134,37,4121000,618200,8000,4747200
CASE-2026-NW-01569,Johor,Industry,Urban,Freehold,9678,7877,26,21555000,3233200,8000,24796200
CASE-2026-NW-01570,Pulau Pinang,Agriculture,Urban,Freehold,8999,2835,39,2418000,362700,8000,2788700
CASE-2026-NW-01571,Pulau Pinang,Agriculture,Urban,Malay Reserve,3611,1682,26,1276000,191400,8000,1475400
CASE-2026-NW-01572,Terengganu,Agriculture,Rural,Freehold,7342,3100,10,1217000,182600,8000,1407600
CASE-2026-NW-01573,Terengganu,Agriculture,Suburban,Freehold,14527,7349,33,3295000,494200,8000,3797200
CASE-2026-NW-01574,Wilayah Persekutuan Kuala Lumpur,Building,Urban,Freehold,314,175,7,867000,130000,8000,1005000
CASE-2026-NW-01575,Negeri Sembilan,Building,Urban,Leasehold,208,121,30,374000,56100,8000,438100
CASE-2026-NW-01576,Perak,Building,Rural,Leasehold,1924,1281,1,3470000,520500,8000,3998500
CASE-2026-NW-01577,Johor,Building,Urban,Freehold,2388,1628,22,5660000,849000,8000,6517000
CASE-2026-NW-01578,Perak,Agriculture,Urban,Freehold,13355,11660,28,6114000,917100,8000,7039100
CASE-2026-NW-01579,Pulau Pinang,Building,Urban,Freehold,1330,351,13,1642000,246300,8000,1896300
CASE-2026-NW-01580,Selangor,Agriculture,Suburban,Leasehold,10584,6592,34,4446000,666900,8000,5120900
CASE-2026-NW-01581,Kelantan,Agriculture,Rural,Leasehold,10539,6431,9,2209000,331400,8000,2548400
CASE-2026-NW-01582,Selangor,Agriculture,Urban,Leasehold,5902,1293,1,1224000,183600,8000,1415600
CASE-2026-NW-01583,Wilayah Persekutuan Kuala Lumpur,Agriculture,Urban,Leasehold,2951,1886,6,1775000,266200,8000,2049200
CASE-2026-NW-01584,Johor,Agriculture,Urban,Freehold,2529,2249,39,1491000,223600,8000,1722600
CASE-2026-NW-01585,Selangor,Building,Rural,Leasehold,1748,1232,38,3075000,461200,8000,3544200
CASE-2026-NW-01586,Melaka,Building,Urban,Freehold,368,288,1,1101000,165200,8000,1274200
CASE-2026-NW-01587,Pahang,Building,Urban,Malay Reserve,661,230,8,750000,112500,8000,870500
CASE-2026-NW-01588,Wilayah Persekutuan Kuala Lumpur,Building,Urban,Freehold,1827,1141,23,5434000,815100,8000,6257100
CASE-2026-NW-01589,Pulau Pinang,Agriculture,Urban,Freehold,16055,11053,1,8604000,1290600,8000,9902600
CASE-2026-NW-01590,Selangor,Agriculture,Urban,Freehold,18158,6389,25,6137000,920600,8000,7065600
CASE-2026-NW-01591,Perak,Agriculture,Rural,Leasehold,2030,521,3,231000,34600,8000,273600
CASE-2026-NW-01592,Wilayah Persekutuan Kuala Lumpur,Building,Suburban,Freehold,747,270,7,1250000,187500,8000,1445500
CASE-2026-NW-01593,Sarawak,Building,Urban,Freehold,780,241,2,846000,126900,8000,980900
CASE-2026-NW-01594,Perlis,Building,Rural,Leasehold,814,766,13,1625000,243800,8000,1876800
CASE-2026-NW-01595,Kelantan,Building,Suburban,Freehold,2430,1969,38,4435000,665200,8000,5108200
CASE-2026-NW-01596,Johor,Building,Urban,Freehold,2141,1200,11,5086000,762900,8000,5856900
CASE-2026-NW-01597,Selangor,Building,Urban,Freehold,2327,2159,9,9675000,1451200,8000,11134200
CASE-2026-NW-01598,Johor,Agriculture,Suburban,Freehold,17827,13715,5,8186000,1227900,8000,9421900
CASE-2026-NW-01599,Pahang,Agriculture,Urban,Leasehold,15155,13366,21,6621000,993200,8000,7622200
CASE-2026-NW-01600,Perak,Agriculture,Urban,Freehold,16940,10832,3,6848000,1027200,8000,7883200
CASE-2026-NW-01601,Kelantan,Building,Suburban,Leasehold,307,263,8,717000,107600,8000,832600
CASE-2026-NW-01602,Kelantan,Building,Rural,Freehold,2150,1040,16,2545000,381800,8000,2934800
CASE-2026-NW-01603,Johor,Industry,Suburban,Leasehold,3990,1060,16,2619000,392800,8000,3019800
CASE-2026-NW-01604,Kelantan,Building,Rural,Freehold,387,149,19,340000,51000,8000,399000
CASE-2026-NW-01605,Wilayah Persekutuan Kuala Lumpur,Building,Rural,Freehold,774,632,28,1985000,297800,8000,2290800
CASE-2026-NW-01606,Wilayah Persekutuan Kuala Lumpur,Agriculture,Suburban,Malay Reserve,18322,3697,22,2991000,448600,8000,3447600
CASE-2026-NW-01607,Pahang,Building,Urban,Freehold,928,588,33,1625000,243800,8000,1876800
CASE-2026-NW-01608,Wilayah Persekutuan Kuala Lumpur,Agriculture,Suburban,Freehold,14072,6258,0,5876000,881400,8000,6765400
CASE-2026-NW-01609,Wilayah Persekutuan Kuala Lumpur,Agriculture,Suburban,Leasehold,3712,2108,19,1558000,233700,8000,1799700
CASE-2026-NW-01610,Johor,Building,Urban,Malay Reserve,684,588,5,2210000,331500,8000,2549500
CASE-2026-NW-01611,Selangor,Building,Suburban,Freehold,1588,1418,7,5024000,753600,8000,5785600
CASE-2026-NW-01612,Sabah,Agriculture,Suburban,Freehold,2750,885,5,551000,82600,8000,641600
CASE-2026-NW-01613,Sabah,Building,Suburban,Freehold,1508,377,18,1169000,175400,8000,1352400
CASE-2026-NW-01614,Selangor,Building,Suburban,Freehold,394,244,33,869000,130400,8000,1007400
CASE-2026-NW-01615,Negeri Sembilan,Industry,Suburban,Freehold,10486,6212,18,12633000,1895000,8000,14536000
CASE-2026-NW-01616,Johor,Industry,Urban,Leasehold,2751,1054,34,2788000,418200,8000,3214200
CASE-2026-NW-01617,Selangor,Industry,Urban,Freehold,23721,18150,5,62672000,9400800,8000,72080800
CASE-2026-NW-01618,Pulau Pinang,Building,Urban,Freehold,1651,1162,15,5149000,772400,8000,5929400
CASE-2026-NW-01619,Melaka,Building,Suburban,Freehold,751,192,18,649000,97400,8000,754400
CASE-2026-NW-01620,Wilayah Persekutuan Kuala Lumpur,Building,Urban,Freehold,2693,1865,23,9028000,1354200,8000,10390200
CASE-2026-NW-01621,Pulau Pinang,Agriculture,Suburban,Freehold,17852,10707,31,7554000,1133100,8000,8695100
CASE-2026-NW-01622,Selangor,Agriculture,Suburban,Freehold,6860,3422,13,2563000,384400,8000,2955400
CASE-2026-NW-01623,Pulau Pinang,Building,Rural,Freehold,350,205,27,548000,82200,8000,638200
CASE-2026-NW-01624,Negeri Sembilan,Building,Urban,Leasehold,2842,1611,17,5386000,807900,8000,6201900
CASE-2026-NW-01625,Melaka,Agriculture,Suburban,Freehold,10301,4926,2,3041000,456200,8000,3505200
CASE-2026-NW-01626,Perak,Industry,Suburban,Freehold,14225,11797,8,22780000,3417000,8000,26205000
CASE-2026-NW-01627,Pulau Pinang,Building,Rural,Freehold,991,508,23,1623000,243400,8000,1874400
CASE-2026-NW-01628,Terengganu,Agriculture,Urban,Leasehold,16798,8590,36,4191000,628600,8000,4827600
CASE-2026-NW-01629,Selangor,Building,Urban,Freehold,1365,483,28,2143000,321400,8000,2472400
CASE-2026-NW-01630,Wilayah Persekutuan Putrajaya,Building,Suburban,Freehold,1587,690,17,2632000,394800,8000,3034800
CASE-2026-NW-01631,Selangor,Industry,Urban,Leasehold,3387,1125,20,3757000,563600,8000,4328600
CASE-2026-NW-01632,Pulau Pinang,Building,Urban,Freehold,384,180,26,735000,110200,8000,853200
CASE-2026-NW-01633,Wilayah Persekutuan Kuala Lumpur,Agriculture,Suburban,Freehold,11525,5701,34,4645000,696800,8000,5349800
CASE-2026-NW-01634,Selangor,Building,Suburban,Freehold,225,101,11,395000,59200,8000,462200
CASE-2026-NW-01635,Selangor,Building,Rural,Leasehold,1211,969,13,2909000,436400,8000,3353400
CASE-2026-NW-01636,Selangor,Agriculture,Urban,Freehold,15044,6605,25,5878000,881700,8000,6767700
CASE-2026-NW-01637,Selangor,Building,Suburban,Freehold,873,331,27,1279000,191800,8000,1478800
CASE-2026-NW-01638,Pulau Pinang,Agriculture,Urban,Freehold,6227,4141,23,3268000,490200,8000,3766200
CASE-2026-NW-01639,Selangor,Building,Suburban,Leasehold,2850,2691,1,10653000,1598000,8000,12259000
CASE-2026-NW-01640,Selangor,Building,Suburban,Freehold,2178,807,1,3458000,518700,8000,3984700
CASE-2026-NW-01641,Selangor,Agriculture,Urban,Freehold,3371,2284,7,2027000,304000,8000,2339000
CASE-2026-NW-01642,Pulau Pinang,Building,Urban,Freehold,1737,1385,13,5926000,888900,8000,6822900
CASE-2026-NW-01643,Pulau Pinang,Building,Rural,Malay Reserve,1377,1006,14,2629000,394400,8000,3031400
CASE-2026-NW-01644,Perak,Industry,Suburban,Freehold,7405,4919,11,11246000,1686900,8000,12940900
CASE-2026-NW-01645,Melaka,Building,Suburban,Freehold,2000,1442,8,4193000,629000,8000,4830000
CASE-2026-NW-01646,Wilayah Persekutuan Putrajaya,Agriculture,Suburban,Freehold,15968,5836,25,4250000,637500,8000,4895500
CASE-2026-NW-01647,Perak,Building,Rural,Freehold,1332,1231,29,2327000,349000,8000,2684000
CASE-2026-NW-01648,Kedah,Building,Suburban,Freehold,793,401,18,1199000,179800,8000,1386800
CASE-2026-NW-01649,Johor,Industry,Urban,Freehold,7841,2837,11,8586000,1287900,8000,9881900
CASE-2026-NW-01650,Selangor,Building,Suburban,Freehold,170,130,7,533000,80000,8000,621000
CASE-2026-NW-01651,Johor,Agriculture,Suburban,Malay Reserve,6058,3324,39,1687000,253000,8000,1948000
CASE-2026-NW-01652,Kedah,Agriculture,Suburban,Freehold,17982,9414,11,5252000,787800,8000,6047800
CASE-2026-NW-01653,Terengganu,Building,Rural,Leasehold,479,268,9,637000,95600,8000,740600
CASE-2026-NW-01654,Pulau Pinang,Building,Suburban,Freehold,1321,965,28,3213000,482000,8000,3703000
CASE-2026-NW-01655,Wilayah Persekutuan Kuala Lumpur,Agriculture,Urban,Leasehold,5669,2860,26,2629000,394400,8000,3031400
CASE-2026-NW-01656,Melaka,Building,Urban,Malay Reserve,2176,2012,13,6429000,964400,8000,7401400
CASE-2026-NW-01657,Kelantan,Building,Rural,Freehold,1931,933,34,1826000,273900,8000,2107900
CASE-2026-NW-01658,Pulau Pinang,Agriculture,Suburban,Freehold,8988,6014,1,4000000,600000,8000,4608000
CASE-2026-NW-01659,Melaka,Building,Urban,Freehold,479,429,23,1315000,197200,8000,1520200
CASE-2026-NW-01660,Pulau Pinang,Agriculture,Suburban,Leasehold,8671,6016,6,3726000,558900,8000,4292900
CASE-2026-NW-01661,Selangor,Agriculture,Rural,Freehold,13616,3429,14,2394000,359100,8000,2761100
CASE-2026-NW-01662,Selangor,Agriculture,Suburban,Freehold,6834,2020,24,1596000,239400,8000,1843400
CASE-2026-NW-01663,Pulau Pinang,Agriculture,Rural,Malay Reserve,17537,15679,7,8090000,1213500,8000,9311500
CASE-2026-NW-01664,Selangor,Building,Rural,Leasehold,1960,1041,33,3061000,459200,8000,3528200
CASE-2026-NW-01665,Kedah,Building,Urban,Freehold,1057,445,32,1345000,201800,8000,1554800
CASE-2026-NW-01666,Negeri Sembilan,Agriculture,Rural,Freehold,11378,4636,38,1975000,296200,8000,2279200
CASE-2026-NW-01667,Terengganu,Industry,Rural,Leasehold,17501,9253,34,12075000,1811200,8000,13894200
CASE-2026-NW-01668,Sabah,Industry,Suburban,Freehold,16289,13441,1,27963000,4194400,8000,32165400
CASE-2026-NW-01669,Pahang,Building,Suburban,Leasehold,1596,923,32,2194000,329100,8000,2531100
CASE-2026-NW-01670,Selangor,Industry,Suburban,Freehold,23938,21888,3,64851000,9727600,8000,74586600
CASE-2026-NW-01671,Sarawak,Building,Suburban,Freehold,2078,920,29,2699000,404800,8000,3111800
CASE-2026-NW-01672,Johor,Building,Suburban,Malay Reserve,261,91,11,301000,45200,8000,354200
CASE-2026-NW-01673,Perak,Industry,Urban,Freehold,24325,23038,30,45401000,6810200,8000,52219200
CASE-2026-NW-01674,Kelantan,Agriculture,Rural,Malay Reserve,10089,4637,2,1910000,286500,8000,2204500
CASE-2026-NW-01675,Johor,Industry,Suburban,Freehold,24038,18378,26,43612000,6541800,8000,50161800
CASE-2026-NW-01676,Johor,Agriculture,Rural,Leasehold,7755,5557,4,2416000,362400,8000,2786400
CASE-2026-NW-01677,Wilayah Persekutuan Labuan,Agriculture,Rural,Freehold,17922,14497,7,6217000,932600,8000,7157600
CASE-2026-NW-01678,Pulau Pinang,Building,Urban,Freehold,2808,1059,29,4495000,674200,8000,5177200
CASE-2026-NW-01679,Johor,Agriculture,Rural,Freehold,19976,11254,4,6009000,901400,8000,6918400
CASE-2026-NW-01680,Selangor,Building,Urban,Leasehold,1456,767,20,3368000,505200,8000,3881200
CASE-2026-NW-01681,Sarawak,Building,Suburban,Leasehold,613,175,28,524000,78600,8000,610600
CASE-2026-NW-01682,Selangor,Building,Suburban,Freehold,1978,1228,12,5089000,763400,8000,5860400
CASE-2026-NW-01683,Pulau Pinang,Building,Rural,Leasehold,667,326,2,1176000,176400,8000,1360400
CASE-2026-NW-01684,Perak,Agriculture,Suburban,Freehold,2878,1922,19,854000,128100,8000,990100
CASE-2026-NW-01685,Pahang,Agriculture,Suburban,Freehold,8080,5357,1,2501000,375200,8000,2884200
CASE-2026-NW-01686,Pahang,Agriculture,Suburban,Leasehold,2469,653,24,334000,50100,8000,392100
CASE-2026-NW-01687,Johor,Building,Suburban,Freehold,438,173,39,545000,81800,8000,634800
CASE-2026-NW-01688,Negeri Sembilan,Building,Suburban,Freehold,2574,1989,31,5479000,821800,8000,6308800
CASE-2026-NW-01689,Pulau Pinang,Industry,Urban,Freehold,18776,7868,19,25899000,3884800,8000,29791800
CASE-2026-NW-01690,Wilayah Persekutuan Kuala Lumpur,Building,Urban,Leasehold,188,142,39,570000,85500,8000,663500
CASE-2026-NW-01691,Kedah,Building,Suburban,Malay Reserve,1744,854,32,1965000,294800,8000,2267800
CASE-2026-NW-01692,Pulau Pinang,Agriculture,Suburban,Leasehold,12549,10835,15,6932000,1039800,8000,7979800
CASE-2026-NW-01693,Negeri Sembilan,Agriculture,Rural,Malay Reserve,11158,4086,8,1599000,239800,8000,1846800
CASE-2026-NW-01694,Melaka,Building,Suburban,Leasehold,1040,663,39,1606000,240900,8000,1854900
CASE-2026-NW-01695,Johor,Building,Suburban,Freehold,907,266,37,870000,130500,8000,1008500
CASE-2026-NW-01696,Johor,Building,Suburban,Freehold,1088,370,10,1429000,214400,8000,1651400
CASE-2026-NW-01697,Wilayah Persekutuan Kuala Lumpur,Building,Urban,Freehold,2611,1557,33,6940000,1041000,8000,7989000
CASE-2026-NW-01698,Kedah,Agriculture,Suburban,Freehold,14462,7823,18,4235000,635200,8000,4878200
CASE-2026-NW-01699,Perlis,Building,Suburban,Leasehold,2754,1895,28,3976000,596400,8000,4580400
CASE-2026-NW-01700,Melaka,Building,Urban,Leasehold,1152,713,28,2328000,349200,8000,2685200
CASE-2026-NW-01701,Selangor,Agriculture,Suburban,Freehold,10053,7146,4,5135000,770200,8000,5913200
CASE-2026-NW-01702,Johor,Agriculture,Urban,Leasehold,6888,1839,23,1397000,209600,8000,1614600
CASE-2026-NW-01703,Pahang,Agriculture,Urban,Freehold,5396,2310,36,1341000,201200,8000,1550200
CASE-2026-NW-01704,Kedah,Agriculture,Suburban,Malay Reserve,13349,4560,35,1920000,288000,8000,2216000
CASE-2026-NW-01705,Wilayah Persekutuan Labuan,Agriculture,Suburban,Freehold,3040,635,6,371000,55600,8000,434600
CASE-2026-NW-01706,Selangor,Building,Suburban,Freehold,1231,780,7,3193000,479000,8000,3680000
CASE-2026-NW-01707,Selangor,Agriculture,Suburban,Freehold,7102,3147,19,2408000,361200,8000,2777200
CASE-2026-NW-01708,Selangor,Building,Rural,Freehold,2640,1820,10,6246000,936900,8000,7190900
CASE-2026-NW-01709,Negeri Sembilan,Building,Rural,Leasehold,2179,1794,5,4930000,739500,8000,5677500
CASE-2026-NW-01710,Kedah,Agriculture,Urban,Leasehold,18895,7881,23,4093000,614000,8000,4715000
CASE-2026-NW-01711,Selangor,Building,Urban,Freehold,2955,1238,27,5669000,850400,8000,6527400
CASE-2026-NW-01712,Perak,Agriculture,Rural,Leasehold,13279,5477,39,1922000,288300,8000,2218300
CASE-2026-NW-01713,Sarawak,Building,Suburban,Leasehold,1137,672,23,1678000,251700,8000,1937700
CASE-2026-NW-01714,Wilayah Persekutuan Kuala Lumpur,Agriculture,Urban,Malay Reserve,7160,3151,23,2705000,405800,8000,3118800
CASE-2026-NW-01715,Perak,Building,Urban,Malay Reserve,2265,743,12,2290000,343500,8000,2641500
CASE-2026-NW-01716,Terengganu,Agriculture,Urban,Malay Reserve,12272,3821,12,2103000,315400,8000,2426400
CASE-2026-NW-01717,Pulau Pinang,Agriculture,Suburban,Leasehold,7206,5952,35,3395000,509200,8000,3912200
CASE-2026-NW-01718,Johor,Building,Suburban,Freehold,1092,538,20,1856000,278400,8000,2142400
CASE-2026-NW-01719,Terengganu,Building,Rural,Leasehold,1958,1322,5,3138000,470700,8000,3616700
CASE-2026-NW-01720,Johor,Agriculture,Suburban,Leasehold,12411,8809,29,5171000,775600,8000,5954600
CASE-2026-NW-01721,Pulau Pinang,Building,Suburban,Freehold,2940,2196,15,8149000,1222400,8000,9379400
CASE-2026-NW-01722,Melaka,Agriculture,Suburban,Freehold,18392,12869,6,7729000,1159400,8000,8896400
CASE-2026-NW-01723,Negeri Sembilan,Building,Urban,Freehold,1344,500,21,1771000,265600,8000,2044600
CASE-2026-NW-01724,Melaka,Agriculture,Rural,Leasehold,11867,8955,11,3693000,554000,8000,4255000
CASE-2026-NW-01725,Sarawak,Agriculture,Urban,Leasehold,12909,9371,23,4874000,731100,8000,5613100
CASE-2026-NW-01726,Negeri Sembilan,Building,Rural,Freehold,299,84,26,212000,31800,8000,251800
CASE-2026-NW-01727,Pulau Pinang,Building,Urban,Freehold,160,88,33,362000,54300,8000,424300
CASE-2026-NW-01728,Johor,Building,Urban,Leasehold,1190,753,20,2688000,403200,8000,3099200
CASE-2026-NW-01729,Selangor,Agriculture,Urban,Freehold,10465,3896,39,3613000,542000,8000,4163000
CASE-2026-NW-01730,Melaka,Agriculture,Rural,Freehold,19969,17891,22,7284000,1092600,8000,8384600
CASE-2026-NW-01731,Melaka,Building,Rural,Freehold,830,360,5,975000,146200,8000,1129200
CASE-2026-NW-01732,Johor,Agriculture,Urban,Freehold,15428,10670,38,7016000,1052400,8000,8076400
CASE-2026-NW-01733,Johor,Building,Rural,Malay Reserve,1776,931,20,2441000,366200,8000,2815200
CASE-2026-NW-01734,Pahang,Building,Suburban,Freehold,1600,802,8,2176000,326400,8000,2510400
CASE-2026-NW-01735,Selangor,Industry,Urban,Leasehold,21587,12592,31,38246000,5736900,8000,43990900
CASE-2026-NW-01736,Pahang,Industry,Suburban,Freehold,17174,6996,25,14496000,2174400,8000,16678400
CASE-2026-NW-01737,Melaka,Agriculture,Urban,Freehold,19744,15945,21,9830000,1474500,8000,11312500
CASE-2026-NW-01738,Selangor,Agriculture,Urban,Freehold,19329,9923,17,8657000,1298600,8000,9963600
CASE-2026-NW-01739,Johor,Agriculture,Rural,Freehold,19974,15275,19,7557000,1133600,8000,8698600
CASE-2026-NW-01740,Pulau Pinang,Building,Urban,Malay Reserve,2337,610,32,2412000,361800,8000,2781800
CASE-2026-NW-01741,Pulau Pinang,Building,Urban,Leasehold,666,383,23,1438000,215700,8000,1661700
CASE-2026-NW-01742,Wilayah Persekutuan Kuala Lumpur,Building,Urban,Freehold,170,125,10,624000,93600,8000,725600
CASE-2026-NW-01743,Wilayah Persekutuan Kuala Lumpur,Building,Suburban,Leasehold,2252,645,4,2686000,402900,8000,3096900
CASE-2026-NW-01744,Johor,Building,Urban,Malay Reserve,1477,692,13,2639000,395800,8000,3042800
CASE-2026-NW-01745,Kedah,Building,Urban,Freehold,1331,765,22,2418000,362700,8000,2788700
CASE-2026-NW-01746,Johor,Agriculture,Urban,Freehold,12643,2566,3,2148000,322200,8000,2478200
CASE-2026-NW-01747,Selangor,Building,Urban,Leasehold,444,412,32,1523000,228400,8000,1759400
CASE-2026-NW-01748,Terengganu,Industry,Rural,Leasehold,21344,18549,20,25042000,3756300,8000,28806300
CASE-2026-NW-01749,Pulau Pinang,Agriculture,Suburban,Leasehold,12286,5790,15,3694000,554100,8000,4256100
CASE-2026-NW-01750,Pulau Pinang,Building,Rural,Freehold,2180,646,14,2207000,331000,8000,2546000
CASE-2026-NW-01751,Johor,Building,Urban,Leasehold,2590,996,32,3323000,498400,8000,3829400
CASE-2026-NW-01752,Kedah,Building,Suburban,Leasehold,2790,1830,9,5371000,805600,8000,6184600
CASE-2026-NW-01753,Perak,Agriculture,Suburban,Freehold,2039,1094,28,485000,72800,8000,565800
CASE-2026-NW-01754,Wilayah Persekutuan Kuala Lumpur,Building,Suburban,Freehold,242,127,9,591000,88600,8000,687600
CASE-2026-NW-01755,Johor,Agriculture,Urban,Freehold,13245,11132,23,7668000,1150200,8000,8826200
CASE-2026-NW-01756,Johor,Building,Urban,Freehold,1868,964,12,3836000,575400,8000,4419400
CASE-2026-NW-01757,Selangor,Agriculture,Rural,Leasehold,6328,4416,7,2720000,408000,8000,3136000
CASE-2026-NW-01758,Wilayah Persekutuan Kuala Lumpur,Building,Rural,Leasehold,532,205,30,632000,94800,8000,734800
CASE-2026-NW-01759,Melaka,Building,Urban,Freehold,1363,720,17,2410000,361500,8000,2779500
CASE-2026-NW-01760,Johor,Building,Suburban,Leasehold,2567,2141,23,6702000,1005300,8000,7715300
CASE-2026-NW-01761,Selangor,Industry,Suburban,Freehold,17132,5300,21,15840000,2376000,8000,18224000
CASE-2026-NW-01762,Pahang,Agriculture,Suburban,Malay Reserve,14888,8283,12,3425000,513800,8000,3946800
CASE-2026-NW-01763,Sabah,Agriculture,Suburban,Freehold,4568,2688,29,1366000,204900,8000,1578900
CASE-2026-NW-01764,Wilayah Persekutuan Kuala Lumpur,Industry,Urban,Freehold,6696,2448,21,9186000,1377900,8000,10571900
CASE-2026-NW-01765,Wilayah Persekutuan Labuan,Building,Rural,Leasehold,834,289,36,659000,98800,8000,765800
CASE-2026-NW-01766,Johor,Agriculture,Suburban,Freehold,7323,2637,37,1614000,242100,8000,1864100
CASE-2026-NW-01767,Pulau Pinang,Building,Urban,Freehold,2398,882,36,3537000,530600,8000,4075600
CASE-2026-NW-01768,Wilayah Persekutuan Kuala Lumpur,Building,Urban,Freehold,1231,356,9,1842000,276300,8000,2126300
CASE-2026-NW-01769,Selangor,Building,Suburban,Leasehold,2251,1554,19,5179000,776800,8000,5963800
CASE-2026-NW-01770,Melaka,Building,Suburban,Malay Reserve,1942,832,32,2106000,315900,8000,2429900
CASE-2026-NW-01771,Selangor,Building,Urban,Freehold,184,136,2,665000,99800,8000,772800
CASE-2026-NW-01772,Johor,Building,Suburban,Freehold,207,61,10,237000,35600,8000,280600
CASE-2026-NW-01773,Perak,Building,Suburban,Leasehold,2130,1606,37,3285000,492800,8000,3785800
CASE-2026-NW-01774,Melaka,Building,Urban,Freehold,942,524,27,1652000,247800,8000,1907800
CASE-2026-NW-01775,Selangor,Agriculture,Rural,Leasehold,3493,1138,0,715000,107200,8000,830200
CASE-2026-NW-01776,Perak,Building,Suburban,Freehold,1669,1336,24,3544000,531600,8000,4083600
CASE-2026-NW-01777,Selangor,Building,Urban,Malay Reserve,2129,1506,12,6451000,967600,8000,7426600
CASE-2026-NW-01778,Johor,Building,Urban,Freehold,2481,1579,19,5927000,889000,8000,6824000
CASE-2026-NW-01779,Selangor,Building,Suburban,Leasehold,2594,1528,15,5601000,840200,8000,6449200
CASE-2026-NW-01780,Selangor,Building,Suburban,Freehold,729,262,28,1039000,155800,8000,1202800
CASE-2026-NW-01781,Selangor,Building,Suburban,Freehold,1207,479,20,1895000,284200,8000,2187200
CASE-2026-NW-01782,Johor,Agriculture,Suburban,Freehold,10617,5024,16,3346000,501900,8000,3855900
CASE-2026-NW-01783,Negeri Sembilan,Industry,Suburban,Freehold,21889,12598,39,23693000,3554000,8000,27255000
CASE-2026-NW-01784,Selangor,Agriculture,Urban,Freehold,12390,4976,1,4623000,693400,8000,5324400
CASE-2026-NW-01785,Negeri Sembilan,Building,Urban,Malay Reserve,285,136,21,426000,63900,8000,497900
CASE-2026-NW-01786,Selangor,Agriculture,Urban,Leasehold,9297,5676,9,4938000,740700,8000,5686700
CASE-2026-NW-01787,Pulau Pinang,Building,Urban,Freehold,944,259,23,1150000,172500,8000,1330500
CASE-2026-NW-01788,Johor,Agriculture,Urban,Leasehold,8588,7674,0,5447000,817000,8000,6272000
CASE-2026-NW-01789,Johor,Industry,Suburban,Freehold,18175,16975,25,37895000,5684200,8000,43587200
CASE-2026-NW-01790,Johor,Building,Suburban,Freehold,2416,1445,36,4210000,631500,8000,4849500
CASE-2026-NW-01791,Wilayah Persekutuan Kuala Lumpur,Agriculture,Suburban,Leasehold,10057,5259,35,3873000,581000,8000,4462000
CASE-2026-NW-01792,Wilayah Persekutuan Kuala Lumpur,Industry,Urban,Leasehold,18669,17334,9,55173000,8276000,8000,63457000
CASE-2026-NW-01793,Sabah,Building,Rural,Freehold,1261,353,39,727000,109000,8000,844000
CASE-2026-NW-01794,Pahang,Agriculture,Suburban,Leasehold,10676,7288,18,3336000,500400,8000,3844400
CASE-2026-NW-01795,Perak,Building,Rural,Leasehold,2339,1099,29,2231000,334600,8000,2573600
CASE-2026-NW-01796,Selangor,Building,Urban,Freehold,189,102,20,447000,67000,8000,522000
CASE-2026-NW-01797,Selangor,Industry,Urban,Malay Reserve,10254,7755,32,21384000,3207600,8000,24599600
CASE-2026-NW-01798,Melaka,Agriculture,Suburban,Freehold,6985,4463,14,2642000,396300,8000,3046300
CASE-2026-NW-01799,Wilayah Persekutuan Kuala Lumpur,Building,Rural,Leasehold,2793,2257,35,6574000,986100,8000,7568100
CASE-2026-NW-01800,Terengganu,Industry,Urban,Malay Reserve,10671,9629,30,15806000,2370900,8000,18184900
CASE-2026-NW-01801,Terengganu,Agriculture,Urban,Leasehold,5573,2445,33,1263000,189400,8000,1460400
CASE-2026-NW-01802,Selangor,Agriculture,Rural,Leasehold,17975,11692,2,6876000,1031400,8000,7915400
CASE-2026-NW-01803,Pulau Pinang,Agriculture,Suburban,Freehold,5336,4115,37,2674000,401100,8000,3083100
CASE-2026-NW-01804,Selangor,Agriculture,Suburban,Leasehold,8871,6764,4,4850000,727500,8000,5585500
CASE-2026-NW-01805,Selangor,Building,Urban,Freehold,2826,1291,21,6062000,909300,8000,6979300
CASE-2026-NW-01806,Selangor,Building,Suburban,Freehold,2389,903,5,4116000,617400,8000,4741400
CASE-2026-NW-01807,Negeri Sembilan,Agriculture,Rural,Freehold,12993,3048,23,1467000,220000,8000,1695000
CASE-2026-NW-01808,Johor,Agriculture,Urban,Freehold,6241,3228,15,2434000,365100,8000,2807100
CASE-2026-NW-01809,Melaka,Agriculture,Urban,Freehold,15218,7450,1,4913000,737000,8000,5658000
CASE-2026-NW-01810,Melaka,Agriculture,Suburban,Freehold,8100,3167,35,1772000,265800,8000,2045800
CASE-2026-NW-01811,Melaka,Building,Urban,Freehold,1961,910,30,3098000,464700,8000,3570700
CASE-2026-NW-01812,Melaka,Industry,Rural,Leasehold,24503,22748,34,36159000,5423800,8000,41590800
CASE-2026-NW-01813,Perak,Agriculture,Urban,Freehold,16692,8481,34,4825000,723800,8000,5556800
CASE-2026-NW-01814,Selangor,Building,Suburban,Malay Reserve,829,748,18,2529000,379400,8000,2916400
CASE-2026-NW-01815,Melaka,Building,Urban,Freehold,1081,988,3,3467000,520000,8000,3995000
CASE-2026-NW-01816,Selangor,Industry,Suburban,Leasehold,20881,18212,26,46019000,6902800,8000,52929800
CASE-2026-NW-01817,Selangor,Building,Rural,Malay Reserve,690,379,15,1160000,174000,8000,1342000
CASE-2026-NW-01818,Selangor,Building,Urban,Leasehold,2268,1526,23,6325000,948800,8000,7281800
CASE-2026-NW-01819,Selangor,Building,Urban,Leasehold,2603,1368,9,6477000,971600,8000,7456600
CASE-2026-NW-01820,Wilayah Persekutuan Kuala Lumpur,Agriculture,Urban,Leasehold,15062,11814,38,9887000,1483000,8000,11378000
CASE-2026-NW-01821,Johor,Agriculture,Rural,Leasehold,9387,5158,26,2372000,355800,8000,2735800
CASE-2026-NW-01822,Melaka,Building,Urban,Malay Reserve,2893,1641,15,5282000,792300,8000,6082300
CASE-2026-NW-01823,Melaka,Agriculture,Rural,Malay Reserve,17767,8621,1,4022000,603300,8000,4633300
CASE-2026-NW-01824,Wilayah Persekutuan Kuala Lumpur,Building,Urban,Leasehold,2470,1859,4,8400000,1260000,8000,9668000
CASE-2026-NW-01825,Wilayah Persekutuan Kuala Lumpur,Building,Suburban,Leasehold,2317,2088,2,8170000,1225500,8000,9403500
CASE-2026-NW-01826,Pulau Pinang,Building,Suburban,Leasehold,1742,1457,12,5319000,797800,8000,6124800
CASE-2026-NW-01827,Melaka,Building,Suburban,Freehold,1153,806,18,2612000,391800,8000,3011800
CASE-2026-NW-01828,Johor,Agriculture,Rural,Leasehold,7149,5164,3,2592000,388800,8000,2988800
CASE-2026-NW-01829,Wilayah Persekutuan Kuala Lumpur,Building,Suburban,Freehold,413,347,27,1352000,202800,8000,1562800
CASE-2026-NW-01830,Kelantan,Industry,Rural,Freehold,18704,14457,6,24582000,3687300,8000,28277300
CASE-2026-NW-01831,Melaka,Agriculture,Rural,Freehold,16600,5355,33,2391000,358600,8000,2757600
CASE-2026-NW-01832,Melaka,Agriculture,Rural,Leasehold,14634,3580,33,1629000,244400,8000,1881400
CASE-2026-NW-01833,Perak,Agriculture,Rural,Leasehold,16566,11172,5,4117000,617600,8000,4742600
CASE-2026-NW-01834,Selangor,Industry,Urban,Freehold,15211,6058,15,21103000,3165400,8000,24276400
CASE-2026-NW-01835,Kelantan,Building,Urban,Malay Reserve,2809,1116,18,3137000,470600,8000,3615600
CASE-2026-NW-01836,Selangor,Agriculture,Suburban,Leasehold,18897,10816,39,7094000,1064100,8000,8166100
CASE-2026-NW-01837,Wilayah Persekutuan Kuala Lumpur,Building,Suburban,Freehold,2650,1562,1,7249000,1087400,8000,8344400
CASE-2026-NW-01838,Perak,Building,Suburban,Freehold,347,270,38,611000,91600,8000,710600
CASE-2026-NW-01839,Pulau Pinang,Agriculture,Urban,Leasehold,9583,6833,21,4988000,748200,8000,5744200
CASE-2026-NW-01840,Wilayah Persekutuan Kuala Lumpur,Agriculture,Suburban,Freehold,13495,4756,3,4394000,659100,8000,5061100
CASE-2026-NW-01841,Kelantan,Agriculture,Rural,Leasehold,7094,5995,9,2031000,304600,8000,2343600
CASE-2026-NW-01842,Pulau Pinang,Building,Urban,Freehold,1379,1215,29,4260000,639000,8000,4907000
CASE-2026-NW-01843,Pulau Pinang,Building,Suburban,Freehold,2558,1518,27,5425000,813800,8000,6246800
CASE-2026-NW-01844,Kelantan,Building,Urban,Freehold,312,84,1,296000,44400,8000,348400
CASE-2026-NW-01845,Perlis,Agriculture,Suburban,Freehold,10660,2485,29,1211000,181600,8000,1400600
CASE-2026-NW-01846,Wilayah Persekutuan Kuala Lumpur,Agriculture,Urban,Leasehold,13194,11222,4,9057000,1358600,8000,10423600
CASE-2026-NW-01847,Melaka,Building,Suburban,Malay Reserve,944,661,37,1642000,246300,8000,1896300
CASE-2026-NW-01848,Kedah,Building,Urban,Freehold,1398,1285,24,3565000,534800,8000,4107800
CASE-2026-NW-01849,Kelantan,Agriculture,Suburban,Freehold,12203,8129,5,3665000,549800,8000,4222800
CASE-2026-NW-01850,Selangor,Industry,Suburban,Leasehold,12969,6726,23,17418000,2612700,8000,20038700
CASE-2026-NW-01851,Pahang,Agriculture,Suburban,Freehold,6183,3844,8,1990000,298500,8000,2296500
CASE-2026-NW-01852,Pulau Pinang,Building,Suburban,Freehold,2483,2109,11,7452000,1117800,8000,8577800
CASE-2026-NW-01853,Pahang,Agriculture,Urban,Freehold,5537,2372,38,1301000,195200,8000,1504200
CASE-2026-NW-01854,Perak,Building,Suburban,Freehold,325,161,2,505000,75800,8000,588800
CASE-2026-NW-01855,Wilayah Persekutuan Kuala Lumpur,Agriculture,Urban,Freehold,8752,4440,30,4172000,625800,8000,4805800
CASE-2026-NW-01856,Perak,Agriculture,Rural,Leasehold,2564,1097,30,428000,64200,8000,500200
CASE-2026-NW-01857,Terengganu,Agriculture,Suburban,Leasehold,5992,3616,3,1822000,273300,8000,2103300
CASE-2026-NW-01858,Pulau Pinang,Agriculture,Urban,Leasehold,15602,10027,22,7425000,1113800,8000,8546800
CASE-2026-NW-01859,Selangor,Building,Urban,Malay Reserve,2616,2199,33,7834000,1175100,8000,9017100
CASE-2026-NW-01860,Melaka,Building,Suburban,Leasehold,1387,1116,37,2811000,421600,8000,3240600
CASE-2026-NW-01861,Sarawak,Building,Suburban,Freehold,161,92,8,263000,39400,8000,310400
CASE-2026-NW-01862,Selangor,Agriculture,Urban,Freehold,7418,6268,1,5073000,761000,8000,5842000
CASE-2026-NW-01863,Perak,Building,Rural,Freehold,277,255,24,538000,80700,8000,626700
CASE-2026-NW-01864,Kedah,Building,Rural,Freehold,1411,1315,22,3105000,465800,8000,3578800
CASE-2026-NW-01865,Selangor,Industry,Suburban,Leasehold,18739,12079,1,34654000,5198100,8000,39860100
CASE-2026-NW-01866,Selangor,Industry,Rural,Freehold,4392,3295,23,7490000,1123500,8000,8621500
CASE-2026-NW-01867,Johor,Building,Suburban,Freehold,973,433,12,1635000,245200,8000,1888200
CASE-2026-NW-01868,Johor,Agriculture,Suburban,Freehold,4404,1857,16,1272000,190800,8000,1470800
CASE-2026-NW-01869,Pulau Pinang,Industry,Urban,Freehold,8151,3031,36,9264000,1389600,8000,10661600
CASE-2026-NW-01870,Selangor,Building,Rural,Freehold,790,608,17,1921000,288200,8000,2217200
CASE-2026-NW-01871,Terengganu,Building,Suburban,Freehold,1129,345,34,839000,125800,8000,972800
CASE-2026-NW-01872,Pahang,Agriculture,Suburban,Freehold,12526,5735,30,2742000,411300,8000,3161300
CASE-2026-NW-01873,Melaka,Building,Suburban,Leasehold,2618,765,38,1973000,296000,8000,2277000
CASE-2026-NW-01874,Negeri Sembilan,Building,Urban,Freehold,1948,1008,15,3706000,555900,8000,4269900
CASE-2026-NW-01875,Negeri Sembilan,Agriculture,Suburban,Leasehold,2966,1053,20,562000,84300,8000,654300
CASE-2026-NW-01876,Kedah,Agriculture,Urban,Freehold,3903,1829,7,1200000,180000,8000,1388000
CASE-2026-NW-01877,Pahang,Building,Urban,Freehold,621,364,27,1101000,165200,8000,1274200
CASE-2026-NW-01878,Melaka,Industry,Urban,Freehold,3243,1551,6,4466000,669900,8000,5143900
CASE-2026-NW-01879,Perak,Building,Urban,Freehold,1734,1170,12,3765000,564800,8000,4337800
CASE-2026-NW-01880,Sabah,Building,Urban,Malay Reserve,2623,2069,27,5626000,843900,8000,6477900
CASE-2026-NW-01881,Wilayah Persekutuan Labuan,Building,Rural,Leasehold,1537,1248,30,2402000,360300,8000,2770300
CASE-2026-NW-01882,Johor,Agriculture,Suburban,Freehold,10107,2713,24,1747000,262000,8000,2017000
CASE-2026-NW-01883,Selangor,Agriculture,Urban,Freehold,16443,10630,27,8967000,1345000,8000,10320000
CASE-2026-NW-01884,Johor,Building,Urban,Freehold,300,232,28,823000,123400,8000,954400
CASE-2026-NW-01885,Kedah,Agriculture,Urban,Leasehold,18389,8662,18,4657000,698600,8000,5363600
CASE-2026-NW-01886,Johor,Agriculture,Suburban,Freehold,14068,6114,23,3693000,554000,8000,4255000
CASE-2026-NW-01887,Pulau Pinang,Building,Urban,Freehold,2452,2327,26,9016000,1352400,8000,10376400
CASE-2026-NW-01888,Selangor,Agriculture,Rural,Malay Reserve,17756,12642,21,6195000,929200,8000,7132200
CASE-2026-NW-01889,Wilayah Persekutuan Kuala Lumpur,Industry,Suburban,Freehold,19541,10206,10,34709000,5206400,8000,39923400
CASE-2026-NW-01890,Perak,Industry,Suburban,Freehold,11880,5928,12,12886000,1932900,8000,14826900
CASE-2026-NW-01891,Selangor,Industry,Urban,Freehold,21843,8882,14,31694000,4754100,8000,36456100
CASE-2026-NW-01892,Johor,Building,Suburban,Freehold,352,273,33,827000,124000,8000,959000
CASE-2026-NW-01893,Kedah,Agriculture,Suburban,Freehold,11205,3673,32,1818000,272700,8000,2098700
CASE-2026-NW-01894,Selangor,Agriculture,Suburban,Leasehold,10482,7628,9,4983000,747400,8000,5738400
CASE-2026-NW-01895,Terengganu,Building,Urban,Malay Reserve,2359,1910,6,5750000,862500,8000,6620500
CASE-2026-NW-01896,Perak,Building,Urban,Leasehold,799,695,12,2080000,312000,8000,2400000
CASE-2026-NW-01897,Wilayah Persekutuan Labuan,Building,Rural,Malay Reserve,2499,954,37,1898000,284700,8000,2190700
CASE-2026-NW-01898,Perak,Building,Rural,Leasehold,2902,898,21,2253000,338000,8000,2599000
CASE-2026-NW-01899,Wilayah Persekutuan Putrajaya,Building,Urban,Leasehold,1189,879,14,3590000,538500,8000,4136500
CASE-2026-NW-01900,Selangor,Building,Urban,Freehold,1087,822,22,3484000,522600,8000,4014600
CASE-2026-NW-01901,Wilayah Persekutuan Labuan,Building,Urban,Freehold,1481,885,21,2705000,405800,8000,3118800
CASE-2026-NW-01902,Johor,Industry,Suburban,Leasehold,16740,7155,9,18762000,2814300,8000,21584300
CASE-2026-NW-01903,Pahang,Agriculture,Rural,Leasehold,9462,3065,29,1108000,166200,8000,1282200
CASE-2026-NW-01904,Selangor,Building,Urban,Freehold,2542,2005,14,9187000,1378000,8000,10573000
CASE-2026-NW-01905,Selangor,Building,Suburban,Freehold,1673,711,10,2962000,444300,8000,3414300
CASE-2026-NW-01906,Kedah,Industry,Suburban,Leasehold,19811,11822,30,22300000,3345000,8000,25653000
CASE-2026-NW-01907,Selangor,Agriculture,Urban,Malay Reserve,19906,17577,5,12371000,1855600,8000,14234600
CASE-2026-NW-01908,Pulau Pinang,Agriculture,Urban,Leasehold,6299,2178,25,1758000,263700,8000,2029700
CASE-2026-NW-01909,Kelantan,Agriculture,Suburban,Leasehold,14359,5421,34,2337000,350600,8000,2695600
CASE-2026-NW-01910,Sabah,Building,Rural,Freehold,1861,664,11,1683000,252400,8000,1943400
CASE-2026-NW-01911,Selangor,Building,Rural,Leasehold,2630,1581,7,5682000,852300,8000,6542300
CASE-2026-NW-01912,Wilayah Persekutuan Putrajaya,Building,Rural,Freehold,1234,883,18,2722000,408300,8000,3138300
CASE-2026-NW-01913,Johor,Building,Suburban,Leasehold,377,214,12,760000,114000,8000,882000
CASE-2026-NW-01914,Kedah,Agriculture,Urban,Freehold,16029,14128,1,7177000,1076600,8000,8261600
CASE-2026-NW-01915,Melaka,Building,Urban,Freehold,437,338,36,973000,146000,8000,1127000
CASE-2026-NW-01916,Pulau Pinang,Building,Urban,Leasehold,478,168,23,712000,106800,8000,826800
CASE-2026-NW-01917,Selangor,Building,Rural,Freehold,2750,2552,29,7508000,1126200,8000,8642200
CASE-2026-NW-01918,Melaka,Agriculture,Suburban,Leasehold,4908,1439,25,831000,124600,8000,963600
CASE-2026-NW-01919,Negeri Sembilan,Building,Suburban,Leasehold,1508,716,38,1843000,276400,8000,2127400
CASE-2026-NW-01920,Kelantan,Agriculture,Rural,Freehold,5703,3911,33,1446000,216900,8000,1670900
CASE-2026-NW-01921,Terengganu,Building,Suburban,Leasehold,2918,2137,23,5431000,814600,8000,6253600
CASE-2026-NW-01922,Johor,Agriculture,Suburban,Freehold,14829,10957,38,6201000,930200,8000,7139200
CASE-2026-NW-01923,Sarawak,Building,Suburban,Freehold,1001,593,22,1744000,261600,8000,2013600
CASE-2026-NW-01924,Johor,Building,Urban,Leasehold,2281,1152,22,4422000,663300,8000,5093300
CASE-2026-NW-01925,Perak,Building,Urban,Freehold,1743,1609,26,4095000,614200,8000,4717200
CASE-2026-NW-01926,Wilayah Persekutuan Kuala Lumpur,Building,Urban,Freehold,909,496,20,2417000,362600,8000,2787600
CASE-2026-NW-01927,Wilayah Persekutuan Kuala Lumpur,Building,Suburban,Leasehold,809,298,9,1266000,189900,8000,1463900
CASE-2026-NW-01928,Wilayah Persekutuan Kuala Lumpur,Agriculture,Suburban,Leasehold,13609,4725,18,3769000,565400,8000,4342400
CASE-2026-NW-01929,Selangor,Industry,Suburban,Freehold,15683,10098,27,26934000,4040100,8000,30982100
CASE-2026-NW-01930,Melaka,Agriculture,Urban,Leasehold,19156,10331,35,6046000,906900,8000,6960900
CASE-2026-NW-01931,Selangor,Agriculture,Urban,Freehold,2132,957,33,834000,125100,8000,967100
CASE-2026-NW-01932,Selangor,Industry,Suburban,Leasehold,13837,10582,34,24012000,3601800,8000,27621800
CASE-2026-NW-01933,Selangor,Building,Rural,Freehold,427,250,37,728000,109200,8000,845200
CASE-2026-NW-01934,Selangor,Industry,Urban,Leasehold,14181,11960,14,33880000,5082000,8000,38970000
CASE-2026-NW-01935,Selangor,Agriculture,Urban,Freehold,11597,9513,24,7474000,1121100,8000,8603100
CASE-2026-NW-01936,Perak,Building,Urban,Freehold,858,295,4,1054000,158100,8000,1220100
CASE-2026-NW-01937,Pulau Pinang,Agriculture,Suburban,Malay Reserve,6090,3374,20,2251000,337600,8000,2596600
CASE-2026-NW-01938,Kedah,Agriculture,Urban,Malay Reserve,7320,4997,14,2736000,410400,8000,3154400
CASE-2026-NW-01939,Terengganu,Building,Urban,Leasehold,1818,558,23,1654000,248100,8000,1910100
CASE-2026-NW-01940,Kedah,Agriculture,Rural,Leasehold,16618,9713,39,3459000,518800,8000,3985800
CASE-2026-NW-01941,Pulau Pinang,Building,Urban,Leasehold,2386,888,38,3340000,501000,8000,3849000
CASE-2026-NW-01942,Johor,Building,Urban,Leasehold,2942,1413,31,4649000,697400,8000,5354400
CASE-2026-NW-01943,Johor,Agriculture,Suburban,Leasehold,14220,7763,17,4740000,711000,8000,5459000
CASE-2026-NW-01944,Wilayah Persekutuan Kuala Lumpur,Building,Suburban,Leasehold,277,260,30,895000,134200,8000,1037200
CASE-2026-NW-01945,Negeri Sembilan,Building,Urban,Leasehold,2428,1648,11,5066000,759900,8000,5833900
CASE-2026-NW-01946,Selangor,Building,Suburban,Freehold,1697,1562,28,5279000,791800,8000,6078800
CASE-2026-NW-01947,Wilayah Persekutuan Kuala Lumpur,Agriculture,Urban,Freehold,7028,2084,13,2272000,340800,8000,2620800
CASE-2026-NW-01948,Selangor,Agriculture,Urban,Leasehold,18990,5636,31,5091000,763600,8000,5862600
CASE-2026-NW-01949,Johor,Building,Urban,Leasehold,2509,1521,28,5036000,755400,8000,5799400
CASE-2026-NW-01950,Melaka,Building,Rural,Freehold,2263,610,23,1472000,220800,8000,1700800
CASE-2026-NW-01951,Pahang,Building,Urban,Leasehold,2841,754,16,2527000,379000,8000,2914000
CASE-2026-NW-01952,Wilayah Persekutuan Putrajaya,Industry,Urban,Leasehold,15099,9801,29,26382000,3957300,8000,30347300
CASE-2026-NW-01953,Johor,Agriculture,Urban,Freehold,3233,1045,13,838000,125700,8000,971700
CASE-2026-NW-01954,Selangor,Agriculture,Urban,Freehold,7850,2414,29,2194000,329100,8000,2531100
CASE-2026-NW-01955,Selangor,Agriculture,Rural,Freehold,18125,5579,33,3472000,520800,8000,4000800
CASE-2026-NW-01956,Wilayah Persekutuan Labuan,Industry,Suburban,Leasehold,6763,5750,20,11593000,1739000,8000,13340000
CASE-2026-NW-01957,Pahang,Building,Rural,Freehold,2183,555,24,1354000,203100,8000,1565100
CASE-2026-NW-01958,Kelantan,Building,Rural,Leasehold,1588,442,20,1055000,158200,8000,1221200
CASE-2026-NW-01959,Sabah,Agriculture,Suburban,Leasehold,7317,5733,4,2580000,387000,8000,2975000
CASE-2026-NW-01960,Johor,Building,Rural,Leasehold,1245,361,36,882000,132300,8000,1022300
CASE-2026-NW-01961,Pulau Pinang,Agriculture,Suburban,Leasehold,18297,5003,17,3745000,561800,8000,4314800
CASE-2026-NW-01962,Pulau Pinang,Building,Urban,Freehold,569,491,29,1864000,279600,8000,2151600
CASE-2026-NW-01963,Selangor,Building,Rural,Freehold,413,166,5,608000,91200,8000,707200
CASE-2026-NW-01964,Johor,Building,Urban,Freehold,1820,762,3,3094000,464100,8000,3566100
CASE-2026-NW-01965,Kedah,Agriculture,Suburban,Malay Reserve,11977,8728,34,3496000,524400,8000,4028400
CASE-2026-NW-01966,Pulau Pinang,Building,Rural,Freehold,1385,1088,28,2969000,445400,8000,3422400
CASE-2026-NW-01967,Melaka,Agriculture,Urban,Freehold,8022,3798,3,2803000,420400,8000,3231400
CASE-2026-NW-01968,Pahang,Building,Rural,Freehold,2409,1190,31,2392000,358800,8000,2758800
CASE-2026-NW-01969,Selangor,Building,Suburban,Freehold,2288,1469,35,5385000,807800,8000,6200800
CASE-2026-NW-01970,Melaka,Agriculture,Urban,Freehold,12634,9947,38,5733000,860000,8000,6601000
CASE-2026-NW-01971,Kedah,Building,Urban,Freehold,2828,2189,22,5816000,872400,8000,6696400
CASE-2026-NW-01972,Selangor,Building,Suburban,Freehold,2566,2307,2,9421000,1413200,8000,10842200
CASE-2026-NW-01973,Selangor,Building,Rural,Freehold,2513,1243,13,4113000,617000,8000,4738000
CASE-2026-NW-01974,Kedah,Agriculture,Suburban,Leasehold,13025,9500,10,3996000,599400,8000,4603400
CASE-2026-NW-01975,Wilayah Persekutuan Labuan,Building,Urban,Leasehold,1194,399,7,1414000,212100,8000,1634100
CASE-2026-NW-01976,Wilayah Persekutuan Kuala Lumpur,Agriculture,Urban,Leasehold,16063,4198,26,4146000,621900,8000,4775900
CASE-2026-NW-01977,Pulau Pinang,Building,Urban,Freehold,2759,2113,20,8541000,1281200,8000,9830200
CASE-2026-NW-01978,Kelantan,Industry,Suburban,Malay Reserve,7867,2474,31,4279000,641800,8000,4928800
CASE-2026-NW-01979,Melaka,Building,Rural,Freehold,1427,1279,31,2843000,426400,8000,3277400
CASE-2026-NW-01980,Melaka,Building,Urban,Leasehold,335,142,36,454000,68100,8000,530100
CASE-2026-NW-01981,Selangor,Building,Urban,Leasehold,1666,820,19,3678000,551700,8000,4237700
CASE-2026-NW-01982,Perak,Industry,Urban,Freehold,9723,5335,26,11980000,1797000,8000,13785000
CASE-2026-NW-01983,Wilayah Persekutuan Kuala Lumpur,Building,Urban,Leasehold,2387,1714,11,7472000,1120800,8000,8600800
CASE-2026-NW-01984,Johor,Agriculture,Suburban,Leasehold,11732,3975,6,2687000,403000,8000,3098000
CASE-2026-NW-01985,Pulau Pinang,Building,Urban,Freehold,1101,316,9,1415000,212200,8000,1635200
CASE-2026-NW-01986,Negeri Sembilan,Building,Urban,Leasehold,1354,786,6,2943000,441400,8000,3392400
CASE-2026-NW-01987,Selangor,Building,Suburban,Malay Reserve,2309,1470,14,4892000,733800,8000,5633800
CASE-2026-NW-01988,Selangor,Building,Urban,Freehold,2400,2122,3,9417000,1412600,8000,10837600
CASE-2026-NW-01989,Wilayah Persekutuan Labuan,Agriculture,Urban,Freehold,16175,12170,18,7432000,1114800,8000,8554800
CASE-2026-NW-01990,Perak,Agriculture,Rural,Leasehold,14107,8808,14,3570000,535500,8000,4113500
CASE-2026-NW-01991,Johor,Industry,Suburban,Freehold,1043,635,13,1618000,242700,8000,1868700
CASE-2026-NW-01992,Pahang,Agriculture,Rural,Leasehold,14693,12702,24,4779000,716800,8000,5503800
CASE-2026-NW-01993,Terengganu,Building,Urban,Leasehold,1678,802,24,2254000,338100,8000,2600100
CASE-2026-NW-01994,Pulau Pinang,Agriculture,Suburban,Freehold,2528,850,34,629000,94400,8000,731400
CASE-2026-NW-01995,Selangor,Building,Urban,Leasehold,2157,569,17,2682000,402300,8000,3092300
CASE-2026-NW-01996,Kelantan,Building,Urban,Leasehold,900,731,32,1657000,248600,8000,1913600
CASE-2026-NW-01997,Negeri Sembilan,Agriculture,Suburban,Leasehold,10617,4515,27,2202000,330300,8000,2540300
CASE-2026-NW-01998,Melaka,Agriculture,Urban,Freehold,6948,3620,24,2506000,375900,8000,2889900
CASE-2026-NW-01999,Kedah,Building,Suburban,Freehold,1454,972,21,2580000,387000,8000,2975000
CASE-2026-NW-02000,Sabah,Agriculture,Urban,Leasehold,8229,3931,34,2173000,326000,8000,2507000
CASE-2026-NW-02001,Perak,Building,Urban,Freehold,1835,501,12,1597000,239600,8000,1844600
CASE-2026-NW-02002,Selangor,Agriculture,Suburban,Freehold,7507,3286,35,2414000,362100,8000,2784100
CASE-2026-NW-02003,Melaka,Building,Urban,Leasehold,2940,2015,19,6519000,977800,8000,7504800
CASE-2026-NW-02004,Terengganu,Building,Urban,Malay Reserve,347,212,39,510000,76500,8000,594500
CASE-2026-NW-02005,Selangor,Agriculture,Urban,Leasehold,2087,813,10,750000,112500,8000,870500
CASE-2026-NW-02006,Johor,Building,Urban,Malay Reserve,353,99,15,377000,56600,8000,441600
CASE-2026-NW-02007,Selangor,Building,Urban,Leasehold,2817,1352,10,6078000,911700,8000,6997700
CASE-2026-NW-02008,Melaka,Agriculture,Rural,Freehold,6084,2055,5,1017000,152600,8000,1177600
CASE-2026-NW-02009,Pahang,Building,Urban,Freehold,2269,2132,27,6072000,910800,8000,6990800
CASE-2026-NW-02010,Johor,Agriculture,Urban,Leasehold,4877,1003,33,724000,108600,8000,840600
CASE-2026-NW-02011,Wilayah Persekutuan Kuala Lumpur,Agriculture,Urban,Freehold,9817,7142,9,6954000,1043100,8000,8005100
CASE-2026-NW-02012,Kelantan,Building,Rural,Freehold,1278,614,22,1270000,190500,8000,1468500
CASE-2026-NW-02013,Pulau Pinang,Building,Urban,Leasehold,878,503,32,1982000,297300,8000,2287300
CASE-2026-NW-02014,Wilayah Persekutuan Kuala Lumpur,Agriculture,Suburban,Leasehold,13089,2629,14,2184000,327600,8000,2519600
CASE-2026-NW-02015,Kelantan,Agriculture,Rural,Freehold,4829,3901,21,1298000,194700,8000,1500700
CASE-2026-NW-02016,Melaka,Agriculture,Suburban,Leasehold,6841,3005,25,1580000,237000,8000,1825000
CASE-2026-NW-02017,Pulau Pinang,Agriculture,Rural,Freehold,17148,14030,36,7143000,1071400,8000,8222400
CASE-2026-NW-02018,Negeri Sembilan,Building,Rural,Freehold,480,351,24,765000,114800,8000,887800
CASE-2026-NW-02019,Perak,Building,Urban,Freehold,506,181,13,639000,95800,8000,742800
CASE-2026-NW-02020,Johor,Agriculture,Suburban,Freehold,19400,10515,21,6788000,1018200,8000,7814200
CASE-2026-NW-02021,Sarawak,Agriculture,Rural,Freehold,7398,1887,37,801000,120200,8000,929200
CASE-2026-NW-02022,Pulau Pinang,Building,Urban,Freehold,785,672,7,2719000,407800,8000,3134800
CASE-2026-NW-02023,Pulau Pinang,Building,Suburban,Freehold,2028,596,26,2274000,341100,8000,2623100
CASE-2026-NW-02024,Johor,Agriculture,Urban,Freehold,11226,2695,35,1992000,298800,8000,2298800
CASE-2026-NW-02025,Pulau Pinang,Industry,Urban,Leasehold,24874,22454,27,55996000,8399400,8000,64403400
CASE-2026-NW-02026,Wilayah Persekutuan Labuan,Building,Urban,Freehold,173,49,13,175000,26200,8000,209200
CASE-2026-NW-02027,Pahang,Agriculture,Urban,Leasehold,4307,1377,9,832000,124800,8000,964800
CASE-2026-NW-02028,Selangor,Industry,Rural,Freehold,16073,5738,19,13634000,2045100,8000,15687100
CASE-2026-NW-02029,Selangor,Building,Urban,Malay Reserve,1526,839,3,3780000,567000,8000,4355000
CASE-2026-NW-02030,Selangor,Agriculture,Rural,Freehold,6212,4206,8,2560000,384000,8000,2952000
CASE-2026-NW-02031,Selangor,Building,Rural,Freehold,2518,1049,27,3187000,478000,8000,3673000
CASE-2026-NW-02032,Pahang,Building,Urban,Freehold,1753,800,11,2772000,415800,8000,3195800
CASE-2026-NW-02033,Selangor,Building,Urban,Freehold,2859,2441,13,11238000,1685700,8000,12931700
CASE-2026-NW-02034,Terengganu,Agriculture,Rural,Freehold,5679,1752,1,695000,104200,8000,807200
CASE-2026-NW-02035,Kelantan,Building,Urban,Leasehold,1471,989,24,2578000,386700,8000,2972700
CASE-2026-NW-02036,Kedah,Agriculture,Urban,Malay Reserve,5662,4638,27,2197000,329600,8000,2534600
CASE-2026-NW-02037,Johor,Building,Urban,Freehold,1214,906,17,3185000,477800,8000,3670800
CASE-2026-NW-02038,Selangor,Agriculture,Rural,Leasehold,2635,2189,14,1143000,171400,8000,1322400
CASE-2026-NW-02039,Selangor,Agriculture,Urban,Freehold,11808,2542,13,2541000,381200,8000,2930200
CASE-2026-NW-02040,Kedah,Building,Suburban,Malay Reserve,2415,1003,4,2681000,402200,8000,3091200
CASE-2026-NW-02041,Pahang,Building,Suburban,Freehold,2478,1212,1,3356000,503400,8000,3867400
CASE-2026-NW-02042,Terengganu,Agriculture,Rural,Freehold,14798,11738,25,3789000,568400,8000,4365400
CASE-2026-NW-02043,Melaka,Agriculture,Rural,Leasehold,12110,7769,22,3049000,457400,8000,3514400
CASE-2026-NW-02044,Kelantan,Building,Suburban,Malay Reserve,972,358,11,980000,147000,8000,1135000
CASE-2026-NW-02045,Johor,Building,Suburban,Leasehold,1008,730,20,2106000,315900,8000,2429900
CASE-2026-NW-02046,Pulau Pinang,Agriculture,Urban,Leasehold,2324,743,24,608000,91200,8000,707200
CASE-2026-NW-02047,Johor,Agriculture,Suburban,Freehold,10336,2150,2,1589000,238400,8000,1835400
CASE-2026-NW-02048,Johor,Building,Urban,Freehold,1759,995,34,3556000,533400,8000,4097400
CASE-2026-NW-02049,Pahang,Agriculture,Rural,Freehold,3738,2813,1,1278000,191700,8000,1477700
CASE-2026-NW-02050,Selangor,Agriculture,Urban,Leasehold,14944,9655,2,8571000,1285600,8000,9864600
CASE-2026-NW-02051,Melaka,Agriculture,Urban,Leasehold,15613,7584,27,4608000,691200,8000,5307200
CASE-2026-NW-02052,Selangor,Building,Rural,Leasehold,2537,818,30,2401000,360200,8000,2769200
CASE-2026-NW-02053,Pulau Pinang,Building,Urban,Freehold,1587,639,16,2908000,436200,8000,3352200
CASE-2026-NW-02054,Melaka,Agriculture,Urban,Freehold,19759,4128,34,2845000,426800,8000,3279800
CASE-2026-NW-02055,Wilayah Persekutuan Kuala Lumpur,Building,Suburban,Freehold,2032,1301,22,5414000,812100,8000,6234100
CASE-2026-NW-02056,Selangor,Agriculture,Suburban,Leasehold,17658,13645,20,8681000,1302200,8000,9991200
CASE-2026-NW-02057,Negeri Sembilan,Building,Suburban,Freehold,810,411,19,1188000,178200,8000,1374200
CASE-2026-NW-02058,Pulau Pinang,Agriculture,Urban,Freehold,15273,5410,15,4716000,707400,8000,5431400
CASE-2026-NW-02059,Negeri Sembilan,Agriculture,Suburban,Freehold,10139,8765,30,4058000,608700,8000,4674700
CASE-2026-NW-02060,Johor,Agriculture,Rural,Freehold,4715,1110,22,574000,86100,8000,668100
CASE-2026-NW-02061,Pulau Pinang,Building,Urban,Malay Reserve,248,129,29,451000,67600,8000,526600
CASE-2026-NW-02062,Kelantan,Building,Urban,Freehold,1259,1142,11,3133000,470000,8000,3611000
CASE-2026-NW-02063,Pahang,Building,Suburban,Freehold,2178,1907,2,5077000,761600,8000,5846600
CASE-2026-NW-02064,Wilayah Persekutuan Kuala Lumpur,Building,Rural,Freehold,1087,873,14,2781000,417200,8000,3206200
CASE-2026-NW-02065,Selangor,Building,Suburban,Malay Reserve,1634,802,39,2515000,377200,8000,2900200
CASE-2026-NW-02066,Selangor,Building,Suburban,Freehold,457,416,19,1495000,224200,8000,1727200
CASE-2026-NW-02067,Wilayah Persekutuan Kuala Lumpur,Agriculture,Rural,Freehold,17980,12827,28,7575000,1136200,8000,8719200
CASE-2026-NW-02068,Johor,Agriculture,Suburban,Malay Reserve,12725,9571,39,4584000,687600,8000,5279600
CASE-2026-NW-02069,Johor,Agriculture,Suburban,Freehold,8887,2667,19,1767000,265000,8000,2040000
CASE-2026-NW-02070,Kedah,Agriculture,Urban,Leasehold,16566,13001,3,6852000,1027800,8000,7887800
CASE-2026-NW-02071,Wilayah Persekutuan Kuala Lumpur,Building,Urban,Leasehold,974,624,8,2938000,440700,8000,3386700
CASE-2026-NW-02072,Selangor,Agriculture,Rural,Freehold,13941,9505,31,5352000,802800,8000,6162800
CASE-2026-NW-02073,Johor,Agriculture,Suburban,Leasehold,10747,3367,39,1946000,291900,8000,2245900
CASE-2026-NW-02074,Wilayah Persekutuan Kuala Lumpur,Building,Rural,Leasehold,1080,279,35,942000,141300,8000,1091300
CASE-2026-NW-02075,Kelantan,Building,Urban,Freehold,225,97,7,323000,48400,8000,379400
CASE-2026-NW-02076,Johor,Building,Suburban,Freehold,1796,544,15,2066000,309900,8000,2383900
CASE-2026-NW-02077,Terengganu,Building,Suburban,Freehold,2011,1345,27,3481000,522200,8000,4011200
CASE-2026-NW-02078,Perak,Industry,Urban,Freehold,6712,6251,9,12606000,1890900,8000,14504900
CASE-2026-NW-02079,Wilayah Persekutuan Kuala Lumpur,Building,Urban,Leasehold,2525,1320,24,6120000,918000,8000,7046000
CASE-2026-NW-02080,Wilayah Persekutuan Kuala Lumpur,Agriculture,Suburban,Leasehold,17336,12727,14,9151000,1372600,8000,10531600
CASE-2026-NW-02081,Perak,Building,Urban,Freehold,1425,757,36,2041000,306200,8000,2355200
CASE-2026-NW-02082,Selangor,Building,Rural,Leasehold,2459,2028,7,6154000,923100,8000,7085100
CASE-2026-NW-02083,Pulau Pinang,Industry,Suburban,Malay Reserve,17288,12646,28,27874000,4181100,8000,32063100
CASE-2026-NW-02084,Melaka,Building,Urban,Leasehold,950,513,29,1675000,251200,8000,1934200
CASE-2026-NW-02085,Johor,Building,Suburban,Leasehold,738,685,38,1718000,257700,8000,1983700
CASE-2026-NW-02086,Johor,Building,Suburban,Freehold,2522,2158,18,6519000,977800,8000,7504800
CASE-2026-NW-02087,Selangor,Industry,Rural,Freehold,19764,13787,27,31854000,4778100,8000,36640100
CASE-2026-NW-02088,Johor,Building,Suburban,Freehold,2678,1212,33,3755000,563200,8000,4326200
CASE-2026-NW-02089,Johor,Building,Suburban,Leasehold,2640,1151,35,3539000,530800,8000,4077800
CASE-2026-NW-02090,Wilayah Persekutuan Kuala Lumpur,Building,Urban,Leasehold,2105,1810,16,8330000,1249500,8000,9587500
CASE-2026-NW-02091,Selangor,Building,Suburban,Leasehold,276,254,32,762000,114300,8000,884300
CASE-2026-NW-02092,Negeri Sembilan,Building,Suburban,Freehold,1015,499,8,1644000,246600,8000,1898600
CASE-2026-NW-02093,Selangor,Agriculture,Suburban,Freehold,4834,2413,26,1754000,263100,8000,2025100
CASE-2026-NW-02094,Negeri Sembilan,Agriculture,Suburban,Leasehold,11831,5459,25,2838000,425700,8000,3271700
CASE-2026-NW-02095,Melaka,Building,Suburban,Freehold,1952,1552,20,4310000,646500,8000,4964500
CASE-2026-NW-02096,Terengganu,Agriculture,Suburban,Leasehold,9284,4834,39,1917000,287600,8000,2212600
CASE-2026-NW-02097,Pulau Pinang,Building,Suburban,Freehold,348,252,3,1044000,156600,8000,1208600
CASE-2026-NW-02098,Kedah,Agriculture,Rural,Freehold,2695,2329,34,781000,117200,8000,906200
CASE-2026-NW-02099,Pulau Pinang,Building,Urban,Leasehold,189,63,5,269000,40400,8000,317400
CASE-2026-NW-02100,Selangor,Building,Suburban,Leasehold,2926,2374,22,8432000,1264800,8000,9704800
CASE-2026-NW-02101,Selangor,Agriculture,Rural,Freehold,14687,13174,35,6923000,1038400,8000,7969400
CASE-2026-NW-02102,Perak,Building,Suburban,Malay Reserve,1382,1219,11,2854000,428100,8000,3290100
CASE-2026-NW-02103,Wilayah Persekutuan Kuala Lumpur,Building,Urban,Malay Reserve,360,128,16,573000,86000,8000,667000
CASE-2026-NW-02104,Terengganu,Agriculture,Urban,Freehold,2426,1532,20,855000,128200,8000,991200
CASE-2026-NW-02105,Negeri Sembilan,Building,Suburban,Leasehold,2719,1784,19,4853000,728000,8000,5589000
CASE-2026-NW-02106,Selangor,Agriculture,Suburban,Leasehold,12758,10873,18,7195000,1079200,8000,8282200
CASE-2026-NW-02107,Kelantan,Building,Suburban,Leasehold,863,412,17,1175000,176200,8000,1359200
CASE-2026-NW-02108,Perlis,Agriculture,Suburban,Leasehold,9375,3905,34,1738000,260700,8000,2006700
CASE-2026-NW-02109,Kelantan,Agriculture,Urban,Freehold,13111,11476,33,5552000,832800,8000,6392800
CASE-2026-NW-02110,Wilayah Persekutuan Kuala Lumpur,Agriculture,Suburban,Freehold,3125,2743,22,2004000,300600,8000,2312600
CASE-2026-NW-02111,Pulau Pinang,Industry,Rural,Leasehold,11739,2962,32,6479000,971800,8000,7458800
CASE-2026-NW-02112,Negeri Sembilan,Building,Rural,Leasehold,1487,645,3,1845000,276800,8000,2129800
CASE-2026-NW-02113,Selangor,Building,Suburban,Freehold,423,310,26,1115000,167200,8000,1290200
CASE-2026-NW-02114,Johor,Building,Rural,Freehold,554,448,25,1206000,180900,8000,1394900
CASE-2026-NW-02115,Wilayah Persekutuan Kuala Lumpur,Building,Suburban,Leasehold,310,272,1,1013000,152000,8000,1173000
CASE-2026-NW-02116,Perak,Building,Rural,Leasehold,2975,1242,24,2452000,367800,8000,2827800
CASE-2026-NW-02117,Negeri Sembilan,Building,Rural,Freehold,715,291,20,785000,117800,8000,910800
CASE-2026-NW-02118,Negeri Sembilan,Agriculture,Rural,Freehold,10570,6702,30,2695000,404200,8000,3107200
CASE-2026-NW-02119,Melaka,Building,Suburban,Freehold,2918,2762,35,6954000,1043100,8000,8005100
CASE-2026-NW-02120,Pahang,Agriculture,Rural,Freehold,18971,6104,1,2799000,419800,8000,3226800
CASE-2026-NW-02121,Wilayah Persekutuan Kuala Lumpur,Agriculture,Urban,Freehold,5079,4102,23,3829000,574400,8000,4411400
CASE-2026-NW-02122,Negeri Sembilan,Building,Rural,Leasehold,1015,295,22,736000,110400,8000,854400
CASE-2026-NW-02123,Kelantan,Agriculture,Suburban,Freehold,7797,5991,28,2503000,375400,8000,2886400
CASE-2026-NW-02124,Melaka,Industry,Urban,Leasehold,1095,330,32,768000,115200,8000,891200
CASE-2026-NW-02125,Selangor,Building,Suburban,Freehold,2187,903,3,3951000,592600,8000,4551600
CASE-2026-NW-02126,Wilayah Persekutuan Kuala Lumpur,Agriculture,Suburban,Freehold,14422,11590,26,8579000,1286800,8000,9873800
CASE-2026-NW-02127,Johor,Agriculture,Suburban,Freehold,8857,7044,33,3903000,585400,8000,4496400
CASE-2026-NW-02128,Selangor,Agriculture,Suburban,Leasehold,16689,14068,33,9132000,1369800,8000,10509800
CASE-2026-NW-02129,Johor,Agriculture,Rural,Malay Reserve,4295,3845,9,1819000,272800,8000,2099800
CASE-2026-NW-02130,Wilayah Persekutuan Kuala Lumpur,Agriculture,Suburban,Leasehold,18599,16330,22,11353000,1703000,8000,13064000
CASE-2026-NW-02131,Kedah,Industry,Urban,Freehold,5371,1974,11,4923000,738400,8000,5669400
CASE-2026-NW-02132,Wilayah Persekutuan Kuala Lumpur,Building,Rural,Leasehold,987,268,16,968000,145200,8000,1121200
CASE-2026-NW-02133,Kedah,Agriculture,Urban,Freehold,19137,4461,9,2718000,407700,8000,3133700
CASE-2026-NW-02134,Sarawak,Agriculture,Suburban,Freehold,6585,4835,10,2370000,355500,8000,2733500
CASE-2026-NW-02135,Selangor,Building,Urban,Freehold,2303,1295,38,5270000,790500,8000,6068500
CASE-2026-NW-02136,Pulau Pinang,Building,Urban,Leasehold,1137,744,6,2925000,438800,8000,3371800
CASE-2026-NW-02137,Selangor,Building,Suburban,Leasehold,1994,1359,3,5072000,760800,8000,5840800
CASE-2026-NW-02138,Wilayah Persekutuan Kuala Lumpur,Building,Urban,Freehold,2781,1198,4,6531000,979600,8000,7518600
CASE-2026-NW-02139,Johor,Agriculture,Suburban,Freehold,2451,1240,15,816000,122400,8000,946400
CASE-2026-NW-02140,Negeri Sembilan,Building,Urban,Freehold,2014,1687,33,4638000,695700,8000,5341700
CASE-2026-NW-02141,Wilayah Persekutuan Kuala Lumpur,Industry,Urban,Leasehold,3027,1624,8,5873000,881000,8000,6762000
CASE-2026-NW-02142,Wilayah Persekutuan Kuala Lumpur,Agriculture,Urban,Freehold,17464,5431,21,5643000,846400,8000,6497400
CASE-2026-NW-02143,Pulau Pinang,Building,Suburban,Freehold,265,90,37,326000,48900,8000,382900
CASE-2026-NW-02144,Melaka,Agriculture,Suburban,Freehold,11192,3014,6,1763000,264400,8000,2035400
CASE-2026-NW-02145,Pulau Pinang,Agriculture,Rural,Freehold,16956,11145,29,5908000,886200,8000,6802200
CASE-2026-NW-02146,Perak,Building,Suburban,Freehold,970,890,38,1866000,279900,8000,2153900
CASE-2026-NW-02147,Pulau Pinang,Industry,Urban,Freehold,5932,2933,9,10339000,1550800,8000,11897800
CASE-2026-NW-02148,Pulau Pinang,Building,Rural,Leasehold,856,269,12,870000,130500,8000,1008500
CASE-2026-NW-02149,Pahang,Industry,Urban,Freehold,6105,1619,2,4646000,696900,8000,5350900
CASE-2026-NW-02150,Selangor,Building,Urban,Freehold,1856,510,24,2420000,363000,8000,2791000
CASE-2026-NW-02151,Selangor,Agriculture,Urban,Freehold,3737,1151,31,1073000,161000,8000,1242000
CASE-2026-NW-02152,Melaka,Agriculture,Suburban,Malay Reserve,8681,5767,16,3022000,453300,8000,3483300
CASE-2026-NW-02153,Johor,Agriculture,Suburban,Freehold,18053,4495,13,3081000,462200,8000,3551200
CASE-2026-NW-02154,Johor,Building,Urban,Freehold,996,750,29,2660000,399000,8000,3067000
CASE-2026-NW-02155,Melaka,Agriculture,Urban,Leasehold,15081,10004,34,5736000,860400,8000,6604400
CASE-2026-NW-02156,Selangor,Agriculture,Urban,Malay Reserve,16917,12412,29,9151000,1372600,8000,10531600
CASE-2026-NW-02157,Selangor,Building,Urban,Leasehold,511,454,5,1896000,284400,8000,2188400
CASE-2026-NW-02158,Sarawak,Agriculture,Suburban,Leasehold,12511,10802,38,4480000,672000,8000,5160000
CASE-2026-NW-02159,Kelantan,Agriculture,Urban,Malay Reserve,16804,5377,20,2477000,371600,8000,2856600
CASE-2026-NW-02160,Johor,Industry,Suburban,Freehold,5483,2155,20,5405000,810800,8000,6223800
CASE-2026-NW-02161,Kelantan,Agriculture,Suburban,Leasehold,9165,3815,21,1723000,258400,8000,1989400
CASE-2026-NW-02162,Selangor,Agriculture,Urban,Freehold,15291,7148,34,6204000,930600,8000,7142600
CASE-2026-NW-02163,Kedah,Building,Rural,Freehold,872,740,39,1367000,205000,8000,1580000
CASE-2026-NW-02164,Johor,Building,Suburban,Freehold,2974,1121,28,3727000,559000,8000,4294000
CASE-2026-NW-02165,Selangor,Agriculture,Urban,Leasehold,4362,1687,23,1500000,225000,8000,1733000
CASE-2026-NW-02166,Selangor,Agriculture,Urban,Freehold,8727,2960,21,2660000,399000,8000,3067000
CASE-2026-NW-02167,Melaka,Agriculture,Suburban,Leasehold,12186,5386,10,2990000,448500,8000,3446500
CASE-2026-NW-02168,Selangor,Building,Rural,Leasehold,2326,1798,25,5421000,813200,8000,6242200
CASE-2026-NW-02169,Wilayah Persekutuan Putrajaya,Agriculture,Suburban,Leasehold,16791,10326,19,6913000,1037000,8000,7958000
CASE-2026-NW-02170,Pulau Pinang,Building,Urban,Malay Reserve,1330,855,25,3287000,493000,8000,3788000
CASE-2026-NW-02171,Sabah,Agriculture,Suburban,Malay Reserve,15564,11585,37,5030000,754500,8000,5792500
CASE-2026-NW-02172,Johor,Building,Rural,Leasehold,2118,854,30,2127000,319000,8000,2454000
CASE-2026-NW-02173,Pulau Pinang,Agriculture,Urban,Freehold,2431,1462,18,1150000,172500,8000,1330500
CASE-2026-NW-02174,Selangor,Agriculture,Suburban,Leasehold,5839,2758,2,2097000,314600,8000,2419600
CASE-2026-NW-02175,Selangor,Industry,Urban,Freehold,12966,5365,19,17662000,2649300,8000,20319300
CASE-2026-NW-02176,Kedah,Building,Urban,Freehold,829,729,9,2282000,342300,8000,2632300
CASE-2026-NW-02177,Melaka,Building,Urban,Leasehold,1395,569,32,1820000,273000,8000,2101000
CASE-2026-NW-02178,Melaka,Industry,Suburban,Freehold,13951,4421,9,11506000,1725900,8000,13239900
CASE-2026-NW-02179,Kedah,Agriculture,Urban,Freehold,6746,5988,2,3572000,535800,8000,4115800
CASE-2026-NW-02180,Pulau Pinang,Agriculture,Urban,Freehold,13244,4582,13,4158000,623700,8000,4789700
CASE-2026-NW-02181,Pulau Pinang,Building,Urban,Leasehold,1862,593,32,2411000,361600,8000,2780600
CASE-2026-NW-02182,Melaka,Building,Urban,Freehold,2522,2108,4,7179000,1076800,8000,8263800
CASE-2026-NW-02183,Pulau Pinang,Building,Urban,Leasehold,2361,1083,19,4257000,638600,8000,4903600
CASE-2026-NW-02184,Pahang,Agriculture,Suburban,Freehold,3978,1444,6,709000,106400,8000,823400
CASE-2026-NW-02185,Pulau Pinang,Industry,Urban,Leasehold,19453,11910,13,36926000,5538900,8000,42472900
CASE-2026-NW-02186,Selangor,Building,Suburban,Freehold,212,110,18,426000,63900,8000,497900
CASE-2026-NW-02187,Johor,Building,Suburban,Leasehold,2599,843,3,3012000,451800,8000,3471800
CASE-2026-NW-02188,Kedah,Industry,Suburban,Leasehold,10906,4162,23,8858000,1328700,8000,10194700
CASE-2026-NW-02189,Kelantan,Building,Suburban,Leasehold,2857,2653,14,6584000,987600,8000,7579600
CASE-2026-NW-02190,Pulau Pinang,Agriculture,Rural,Freehold,4151,2327,15,1414000,212100,8000,1634100
CASE-2026-NW-02191,Kelantan,Building,Suburban,Freehold,1123,968,4,2645000,396800,8000,3049800
CASE-2026-NW-02192,Selangor,Building,Suburban,Leasehold,1236,341,13,1313000,197000,8000,1518000
CASE-2026-NW-02193,Perak,Agriculture,Urban,Leasehold,16211,4165,12,2545000,381800,8000,2934800
CASE-2026-NW-02194,Terengganu,Agriculture,Suburban,Freehold,15956,8945,35,3998000,599700,8000,4605700
CASE-2026-NW-02195,Negeri Sembilan,Agriculture,Suburban,Freehold,13985,5509,13,3290000,493500,8000,3791500
CASE-2026-NW-02196,Melaka,Agriculture,Rural,Freehold,9287,7762,21,3167000,475000,8000,3650000
CASE-2026-NW-02197,Johor,Agriculture,Urban,Malay Reserve,6202,2783,4,1929000,289400,8000,2226400
CASE-2026-NW-02198,Wilayah Persekutuan Kuala Lumpur,Industry,Rural,Leasehold,24562,11752,36,27666000,4149900,8000,31823900
CASE-2026-NW-02199,Terengganu,Agriculture,Suburban,Freehold,11430,7617,33,3425000,513800,8000,3946800
CASE-2026-NW-02200,Selangor,Building,Urban,Freehold,1428,901,7,3869000,580400,8000,4457400
CASE-2026-NW-02201,Perak,Building,Rural,Freehold,196,146,4,392000,58800,8000,458800
CASE-2026-NW-02202,Wilayah Persekutuan Kuala Lumpur,Building,Suburban,Leasehold,2013,610,4,2831000,424600,8000,3263600
CASE-2026-NW-02203,Pahang,Agriculture,Urban,Leasehold,12906,10861,9,6163000,924400,8000,7095400
CASE-2026-NW-02204,Wilayah Persekutuan Kuala Lumpur,Agriculture,Urban,Freehold,2462,2042,3,1810000,271500,8000,2089500
CASE-2026-NW-02205,Terengganu,Building,Rural,Leasehold,2740,878,15,1971000,295600,8000,2274600
CASE-2026-NW-02206,Selangor,Agriculture,Rural,Freehold,17274,7065,26,4338000,650700,8000,4996700
CASE-2026-NW-02207,Johor,Agriculture,Rural,Leasehold,15311,13487,37,5632000,844800,8000,6484800
CASE-2026-NW-02208,Pulau Pinang,Building,Suburban,Malay Reserve,1087,884,8,3251000,487600,8000,3746600
CASE-2026-NW-02209,Melaka,Building,Rural,Freehold,652,299,6,777000,116600,8000,901600
CASE-2026-NW-02210,Selangor,Industry,Rural,Leasehold,18360,8309,31,17993000,2699000,8000,20700000
CASE-2026-NW-02211,Johor,Agriculture,Suburban,Freehold,7284,6514,2,3661000,549200,8000,4218200
CASE-2026-NW-02212,Negeri Sembilan,Agriculture,Rural,Leasehold,17847,14256,39,5054000,758100,8000,5820100
CASE-2026-NW-02213,Johor,Building,Rural,Malay Reserve,1055,866,8,2407000,361000,8000,2776000
CASE-2026-NW-02214,Selangor,Building,Suburban,Leasehold,2727,1049,37,3712000,556800,8000,4276800
CASE-2026-NW-02215,Melaka,Building,Suburban,Freehold,1232,819,22,2486000,372900,8000,2866900
CASE-2026-NW-02216,Melaka,Agriculture,Rural,Malay Reserve,8725,7665,3,2925000,438800,8000,3371800
CASE-2026-NW-02217,Wilayah Persekutuan Kuala Lumpur,Building,Rural,Leasehold,1655,433,4,1562000,234300,8000,1804300
CASE-2026-NW-02218,Perak,Agriculture,Urban,Freehold,8351,3223,14,2005000,300800,8000,2313800
CASE-2026-NW-02219,Johor,Agriculture,Suburban,Leasehold,14484,3361,9,2356000,353400,8000,2717400
CASE-2026-NW-02220,Melaka,Agriculture,Urban,Leasehold,12250,10617,37,5863000,879400,8000,6750400
CASE-2026-NW-02221,Terengganu,Building,Rural,Leasehold,484,162,28,366000,54900,8000,428900
CASE-2026-NW-02222,Terengganu,Building,Suburban,Malay Reserve,1729,745,29,1853000,278000,8000,2139000
CASE-2026-NW-02223,Kedah,Agriculture,Urban,Freehold,7846,5454,24,2966000,444900,8000,3418900
CASE-2026-NW-02224,Melaka,Building,Suburban,Freehold,2162,1708,38,4478000,671700,8000,5157700
CASE-2026-NW-02225,Melaka,Agriculture,Rural,Leasehold,19936,12660,27,5342000,801300,8000,6151300
CASE-2026-NW-02226,Terengganu,Agriculture,Suburban,Freehold,16251,3777,11,1842000,276300,8000,2126300
CASE-2026-NW-02227,Pulau Pinang,Agriculture,Urban,Leasehold,14990,9834,23,7765000,1164800,8000,8937800
CASE-2026-NW-02228,Melaka,Building,Urban,Freehold,1838,1512,27,4842000,726300,8000,5576300
CASE-2026-NW-02229,Terengganu,Industry,Suburban,Malay Reserve,11117,6439,25,12239000,1835800,8000,14082800
CASE-2026-NW-02230,Pahang,Building,Suburban,Leasehold,1546,554,17,1658000,248700,8000,1914700
CASE-2026-NW-02231,Pahang,Industry,Urban,Leasehold,19638,16161,22,33155000,4973200,8000,38136200
CASE-2026-NW-02232,Selangor,Agriculture,Urban,Freehold,10709,2406,9,2449000,367400,8000,2824400
CASE-2026-NW-02233,Johor,Agriculture,Suburban,Leasehold,5380,3677,29,1935000,290200,8000,2233200
CASE-2026-NW-02234,Terengganu,Agriculture,Suburban,Freehold,4242,2576,21,1255000,188200,8000,1451200
CASE-2026-NW-02235,Kelantan,Building,Urban,Freehold,2971,1487,2,4988000,748200,8000,5744200
CASE-2026-NW-02236,Johor,Building,Urban,Freehold,580,166,1,737000,110600,8000,855600
CASE-2026-NW-02237,Kelantan,Building,Suburban,Leasehold,1043,556,20,1444000,216600,8000,1668600
CASE-2026-NW-02238,Negeri Sembilan,Agriculture,Urban,Leasehold,2868,1135,32,716000,107400,8000,831400
CASE-2026-NW-02239,Johor,Industry,Urban,Leasehold,19579,17844,18,44316000,6647400,8000,50971400
CASE-2026-NW-02240,Kedah,Agriculture,Urban,Freehold,14970,7077,26,3970000,595500,8000,4573500
CASE-2026-NW-02241,Johor,Agriculture,Rural,Freehold,19729,8711,32,4525000,678800,8000,5211800
CASE-2026-NW-02242,Selangor,Agriculture,Rural,Freehold,4314,1749,10,1097000,164600,8000,1269600
CASE-2026-NW-02243,Terengganu,Agriculture,Urban,Freehold,4542,3585,27,1882000,282300,8000,2172300
CASE-2026-NW-02244,Selangor,Building,Suburban,Leasehold,341,279,12,974000,146100,8000,1128100
CASE-2026-NW-02245,Pahang,Building,Rural,Leasehold,478,315,13,714000,107100,8000,829100
CASE-2026-NW-02246,Perak,Agriculture,Suburban,Freehold,15664,6503,1,3307000,496000,8000,3811000
CASE-2026-NW-02247,Wilayah Persekutuan Kuala Lumpur,Agriculture,Rural,Freehold,9053,5795,15,3616000,542400,8000,4166400
CASE-2026-NW-02248,Pulau Pinang,Industry,Suburban,Freehold,4973,3308,27,8458000,1268700,8000,9734700
CASE-2026-NW-02249,Pulau Pinang,Industry,Urban,Leasehold,9608,6630,27,18303000,2745400,8000,21056400
CASE-2026-NW-02250,Negeri Sembilan,Agriculture,Suburban,Leasehold,3854,2887,36,1351000,202600,8000,1561600
CASE-2026-NW-02251,Negeri Sembilan,Agriculture,Suburban,Leasehold,3515,3134,2,1677000,251600,8000,1936600
CASE-2026-NW-02252,Selangor,Agriculture,Suburban,Malay Reserve,3675,2674,33,1632000,244800,8000,1884800
CASE-2026-NW-02253,Pulau Pinang,Building,Urban,Freehold,1650,450,14,2005000,300800,8000,2313800
CASE-2026-NW-02254,Negeri Sembilan,Building,Urban,Leasehold,346,142,14,463000,69400,8000,540400
CASE-2026-NW-02255,Pulau Pinang,Agriculture,Suburban,Freehold,2382,537,25,390000,58500,8000,456500
CASE-2026-NW-02256,Melaka,Agriculture,Rural,Leasehold,18790,12225,7,5593000,839000,8000,6440000
CASE-2026-NW-02257,Melaka,Building,Suburban,Leasehold,2453,984,18,2763000,414400,8000,3185400
CASE-2026-NW-02258,Johor,Building,Suburban,Freehold,199,107,16,385000,57800,8000,450800
CASE-2026-NW-02259,Kelantan,Agriculture,Rural,Malay Reserve,10108,6306,8,2343000,351400,8000,2702400
CASE-2026-NW-02260,Selangor,Building,Suburban,Leasehold,818,683,23,2405000,360800,8000,2773800
CASE-2026-NW-02261,Wilayah Persekutuan Kuala Lumpur,Agriculture,Urban,Freehold,9301,4129,9,4356000,653400,8000,5017400
CASE-2026-NW-02262,Negeri Sembilan,Building,Suburban,Leasehold,2314,1107,27,2847000,427000,8000,3282000
CASE-2026-NW-02263,Wilayah Persekutuan Kuala Lumpur,Agriculture,Urban,Freehold,5093,2944,32,2858000,428700,8000,3294700
CASE-2026-NW-02264,Wilayah Persekutuan Kuala Lumpur,Agriculture,Rural,Freehold,5904,3811,5,2539000,380800,8000,2927800
CASE-2026-NW-02265,Sarawak,Agriculture,Rural,Freehold,16393,7219,21,3420000,513000,8000,3941000
CASE-2026-NW-02266,Johor,Building,Urban,Freehold,2338,1153,10,4936000,740400,8000,5684400
CASE-2026-NW-02267,Negeri Sembilan,Agriculture,Urban,Leasehold,16302,12790,17,7047000,1057000,8000,8112000
CASE-2026-NW-02268,Selangor,Agriculture,Suburban,Leasehold,10881,6975,8,4534000,680100,8000,5222100
CASE-2026-NW-02269,Johor,Agriculture,Rural,Freehold,10915,4250,30,2016000,302400,8000,2326400
CASE-2026-NW-02270,Johor,Agriculture,Suburban,Freehold,4944,3081,3,1913000,287000,8000,2208000
CASE-2026-NW-02271,Pahang,Agriculture,Suburban,Freehold,16160,12824,36,5461000,819200,8000,6288200
CASE-2026-NW-02272,Perak,Agriculture,Urban,Freehold,12133,5265,29,2964000,444600,8000,3416600
CASE-2026-NW-02273,Johor,Agriculture,Urban,Leasehold,2695,731,12,536000,80400,8000,624400
CASE-2026-NW-02274,Kelantan,Building,Suburban,Malay Reserve,2391,1827,27,4100000,615000,8000,4723000
CASE-2026-NW-02275,Pahang,Building,Rural,Freehold,1781,794,16,2117000,317600,8000,2442600
CASE-2026-NW-02276,Perak,Agriculture,Urban,Freehold,6410,4239,32,2360000,354000,8000,2722000
CASE-2026-NW-02277,Johor,Building,Suburban,Leasehold,2164,1428,5,4988000,748200,8000,5744200
CASE-2026-NW-02278,Perak,Agriculture,Rural,Freehold,11854,5283,1,2307000,346000,8000,2661000
CASE-2026-NW-02279,Pulau Pinang,Building,Suburban,Freehold,1380,1005,4,4170000,625500,8000,4803500
CASE-2026-NW-02280,Wilayah Persekutuan Kuala Lumpur,Building,Suburban,Malay Reserve,2178,807,14,3167000,475000,8000,3650000
CASE-2026-NW-02281,Johor,Building,Urban,Freehold,599,444,30,1612000,241800,8000,1861800
CASE-2026-NW-02282,Melaka,Agriculture,Urban,Leasehold,6349,4134,13,2589000,388400,8000,2985400
CASE-2026-NW-02283,Terengganu,Building,Urban,Leasehold,1276,863,36,2085000,312800,8000,2405800
CASE-2026-NW-02284,Pahang,Building,Suburban,Leasehold,2773,1921,25,4730000,709500,8000,5447500
CASE-2026-NW-02285,Pahang,Agriculture,Urban,Leasehold,4054,2240,37,1171000,175600,8000,1354600
CASE-2026-NW-02286,Kedah,Agriculture,Suburban,Freehold,14599,11160,5,4952000,742800,8000,5702800
CASE-2026-NW-02287,Selangor,Agriculture,Rural,Freehold,14077,6237,29,3846000,576900,8000,4430900
CASE-2026-NW-02288,Kelantan,Building,Suburban,Freehold,1018,786,10,1874000,281100,8000,2163100
CASE-2026-NW-02289,Selangor,Agriculture,Rural,Freehold,3949,2924,8,1598000,239700,8000,1845700
CASE-2026-NW-02290,Pulau Pinang,Building,Urban,Leasehold,2713,1759,32,6446000,966900,8000,7420900
CASE-2026-NW-02291,Selangor,Building,Suburban,Freehold,2900,2113,3,8340000,1251000,8000,9599000
CASE-2026-NW-02292,Kedah,Building,Suburban,Malay Reserve,489,153,34,354000,53100,8000,415100
CASE-2026-NW-02293,Selangor,Agriculture,Urban,Leasehold,12047,8346,8,6514000,977100,8000,7499100
CASE-2026-NW-02294,Sarawak,Building,Suburban,Freehold,1260,725,18,2010000,301500,8000,2319500
CASE-2026-NW-02295,Selangor,Agriculture,Suburban,Freehold,12735,3883,18,3045000,456800,8000,3509800
CASE-2026-NW-02296,Selangor,Building,Rural,Leasehold,1536,698,17,2169000,325400,8000,2502400
CASE-2026-NW-02297,Pulau Pinang,Building,Urban,Freehold,1220,1039,28,4081000,612200,8000,4701200
CASE-2026-NW-02298,Melaka,Agriculture,Suburban,Leasehold,2261,506,32,281000,42200,8000,331200
CASE-2026-NW-02299,Perak,Agriculture,Suburban,Leasehold,9154,3672,36,1684000,252600,8000,1944600
CASE-2026-NW-02300,Sabah,Building,Urban,Freehold,2805,2237,20,6515000,977200,8000,7500200
CASE-2026-NW-02301,Perak,Building,Urban,Freehold,2080,952,34,2750000,412500,8000,3170500
CASE-2026-NW-02302,Johor,Agriculture,Urban,Leasehold,8193,3525,32,2378000,356700,8000,2742700
CASE-2026-NW-02303,Wilayah Persekutuan Kuala Lumpur,Building,Urban,Freehold,729,197,15,1080000,162000,8000,1250000
CASE-2026-NW-02304,Pulau Pinang,Agriculture,Rural,Freehold,3754,2097,37,1183000,177400,8000,1368400
CASE-2026-NW-02305,Wilayah Persekutuan Putrajaya,Agriculture,Urban,Freehold,15489,8337,38,6958000,1043700,8000,8009700
CASE-2026-NW-02306,Negeri Sembilan,Building,Suburban,Freehold,2697,1035,17,3085000,462800,8000,3555800
CASE-2026-NW-02307,Johor,Building,Urban,Leasehold,608,295,5,1108000,166200,8000,1282200
CASE-2026-NW-02308,Terengganu,Building,Urban,Freehold,509,473,27,1299000,194800,8000,1501800
CASE-2026-NW-02309,Selangor,Agriculture,Urban,Leasehold,11215,3275,28,2942000,441300,8000,3391300
CASE-2026-NW-02310,Wilayah Persekutuan Kuala Lumpur,Building,Urban,Freehold,2700,2174,38,9262000,1389300,8000,10659300
CASE-2026-NW-02311,Negeri Sembilan,Industry,Urban,Leasehold,20684,16858,6,37929000,5689400,8000,43626400
CASE-2026-NW-02312,Johor,Building,Rural,Freehold,1062,706,30,1684000,252600,8000,1944600
CASE-2026-NW-02313,Perak,Agriculture,Suburban,Freehold,5687,2682,26,1278000,191700,8000,1477700
CASE-2026-NW-02314,Perak,Agriculture,Suburban,Leasehold,8423,6536,6,3040000,456000,8000,3504000
CASE-2026-NW-02315,Pahang,Building,Suburban,Freehold,1081,694,38,1548000,232200,8000,1788200
CASE-2026-NW-02316,Pulau Pinang,Building,Urban,Malay Reserve,1308,494,13,1995000,299200,8000,2302200
CASE-2026-NW-02317,Negeri Sembilan,Agriculture,Urban,Freehold,13475,6858,21,4345000,651800,8000,5004800
CASE-2026-NW-02318,Melaka,Building,Suburban,Malay Reserve,2599,730,17,2271000,340600,8000,2619600
CASE-2026-NW-02319,Pulau Pinang,Building,Suburban,Freehold,1230,700,6,2740000,411000,8000,3159000
CASE-2026-NW-02320,Kelantan,Agriculture,Suburban,Leasehold,11350,2302,32,1042000,156300,8000,1206300
CASE-2026-NW-02321,Kedah,Agriculture,Urban,Malay Reserve,9552,5038,23,2671000,400600,8000,3079600
CASE-2026-NW-02322,Selangor,Agriculture,Rural,Leasehold,4634,2100,23,1279000,191800,8000,1478800
CASE-2026-NW-02323,Kelantan,Building,Urban,Malay Reserve,1498,430,4,1374000,206100,8000,1588100
CASE-2026-NW-02324,Negeri Sembilan,Building,Urban,Leasehold,2057,621,7,2071000,310600,8000,2389600
CASE-2026-NW-02325,Sarawak,Building,Suburban,Freehold,438,257,36,644000,96600,8000,748600
CASE-2026-NW-02326,Pulau Pinang,Building,Urban,Freehold,1832,842,16,3829000,574400,8000,4411400
CASE-2026-NW-02327,Wilayah Persekutuan Kuala Lumpur,Building,Urban,Freehold,1441,1082,34,4669000,700400,8000,5377400
CASE-2026-NW-02328,Kelantan,Building,Suburban,Leasehold,1860,842,2,2467000,370000,8000,2845000
CASE-2026-NW-02329,Wilayah Persekutuan Putrajaya,Agriculture,Rural,Freehold,11435,8925,25,4373000,656000,8000,5037000
CASE-2026-NW-02330,Selangor,Agriculture,Rural,Freehold,13510,3918,23,2362000,354300,8000,2724300
CASE-2026-NW-02331,Melaka,Building,Urban,Freehold,301,219,7,783000,117400,8000,908400
CASE-2026-NW-02332,Pahang,Agriculture,Urban,Leasehold,12311,8180,18,4342000,651300,8000,5001300
CASE-2026-NW-02333,Selangor,Agriculture,Urban,Leasehold,16559,3816,34,3306000,495900,8000,3809900
CASE-2026-NW-02334,Johor,Agriculture,Urban,Leasehold,10959,9859,14,6738000,1010700,8000,7756700
CASE-2026-NW-02335,Kelantan,Building,Urban,Leasehold,2000,574,5,1663000,249400,8000,1920400
CASE-2026-NW-02336,Kedah,Agriculture,Urban,Leasehold,7073,4290,1,2257000,338600,8000,2603600
CASE-2026-NW-02337,Negeri Sembilan,Building,Urban,Freehold,1261,481,32,1496000,224400,8000,1728400
CASE-2026-NW-02338,Melaka,Building,Urban,Leasehold,2126,1405,23,4632000,694800,8000,5334800
CASE-2026-NW-02339,Kedah,Agriculture,Urban,Leasehold,8379,5211,28,2690000,403500,8000,3101500
CASE-2026-NW-02340,Johor,Building,Rural,Freehold,2814,2593,18,6781000,1017200,8000,7806200
CASE-2026-NW-02341,Negeri Sembilan,Building,Urban,Freehold,2202,900,15,2945000,441800,8000,3394800
CASE-2026-NW-02342,Selangor,Agriculture,Urban,Leasehold,2490,693,25,631000,94600,8000,733600
CASE-2026-NW-02343,Pulau Pinang,Agriculture,Urban,Freehold,16646,10019,11,7768000,1165200,8000,8941200
CASE-2026-NW-02344,Kelantan,Agriculture,Urban,Freehold,11329,8414,15,4579000,686800,8000,5273800
CASE-2026-NW-02345,Terengganu,Industry,Suburban,Freehold,11555,5224,19,11015000,1652200,8000,12675200
CASE-2026-NW-02346,Pulau Pinang,Building,Rural,Freehold,1432,462,5,1532000,229800,8000,1769800
CASE-2026-NW-02347,Wilayah Persekutuan Kuala Lumpur,Agriculture,Rural,Leasehold,12214,9517,1,5400000,810000,8000,6218000
CASE-2026-NW-02348,Pulau Pinang,Building,Urban,Leasehold,964,656,23,2548000,382200,8000,2938200
CASE-2026-NW-02349,Wilayah Persekutuan Kuala Lumpur,Agriculture,Urban,Freehold,5526,4745,4,4488000,673200,8000,5169200
CASE-2026-NW-02350,Johor,Building,Urban,Leasehold,1397,603,9,2455000,368200,8000,2831200
CASE-2026-NW-02351,Pulau Pinang,Agriculture,Suburban,Leasehold,15541,6109,26,4225000,633800,8000,4866800
CASE-2026-NW-02352,Perak,Agriculture,Suburban,Freehold,19696,7350,11,3603000,540400,8000,4151400
CASE-2026-NW-02353,Pulau Pinang,Building,Urban,Leasehold,480,296,4,1220000,183000,8000,1411000
CASE-2026-NW-02354,Wilayah Persekutuan Kuala Lumpur,Agriculture,Urban,Leasehold,12956,5470,12,5202000,780300,8000,5990300
CASE-2026-NW-02355,Selangor,Building,Suburban,Malay Reserve,1120,380,39,1238000,185700,8000,1431700
CASE-2026-NW-02356,Johor,Building,Urban,Freehold,2546,1752,19,6752000,1012800,8000,7772800
CASE-2026-NW-02357,Kedah,Agriculture,Suburban,Leasehold,6814,4039,1,2176000,326400,8000,2510400
CASE-2026-NW-02358,Sarawak,Building,Urban,Freehold,1650,455,33,1449000,217400,8000,1674400
CASE-2026-NW-02359,Pulau Pinang,Agriculture,Suburban,Freehold,15605,10164,24,6655000,998200,8000,7661200
CASE-2026-NW-02360,Melaka,Agriculture,Urban,Freehold,3488,1953,28,1279000,191800,8000,1478800
CASE-2026-NW-02361,Wilayah Persekutuan Kuala Lumpur,Building,Urban,Leasehold,759,595,23,2500000,375000,8000,2883000
CASE-2026-NW-02362,Melaka,Building,Urban,Malay Reserve,1179,1098,9,3706000,555900,8000,4269900
CASE-2026-NW-02363,Johor,Building,Rural,Leasehold,1290,690,38,1664000,249600,8000,1921600
CASE-2026-NW-02364,Selangor,Building,Suburban,Leasehold,2392,1692,26,5563000,834400,8000,6405400
CASE-2026-NW-02365,Kedah,Agriculture,Urban,Leasehold,18749,6498,10,3934000,590100,8000,4532100
CASE-2026-NW-02366,Johor,Building,Suburban,Freehold,1020,514,26,1608000,241200,8000,1857200
CASE-2026-NW-02367,Sabah,Building,Urban,Freehold,707,652,32,1738000,260700,8000,2006700
CASE-2026-NW-02368,Kedah,Agriculture,Urban,Freehold,6817,3668,4,2174000,326100,8000,2508100
CASE-2026-NW-02369,Pulau Pinang,Building,Urban,Freehold,1986,1810,27,6928000,1039200,8000,7975200
CASE-2026-NW-02370,Selangor,Building,Urban,Malay Reserve,446,350,4,1463000,219400,8000,1690400
CASE-2026-NW-02371,Wilayah Persekutuan Kuala Lumpur,Building,Urban,Freehold,1092,764,2,3871000,580600,8000,4459600
CASE-2026-NW-02372,Melaka,Building,Urban,Freehold,357,205,16,737000,110600,8000,855600
CASE-2026-NW-02373,Pulau Pinang,Building,Urban,Malay Reserve,1592,1108,8,4609000,691400,8000,5308400
CASE-2026-NW-02374,Selangor,Agriculture,Urban,Freehold,7302,4114,16,3699000,554800,8000,4261800
CASE-2026-NW-02375,Johor,Building,Suburban,Leasehold,708,629,23,1782000,267300,8000,2057300
CASE-2026-NW-02376,Pulau Pinang,Industry,Urban,Malay Reserve,6064,4925,28,12655000,1898200,8000,14561200
CASE-2026-NW-02377,Pulau Pinang,Building,Urban,Freehold,1815,1064,3,4545000,681800,8000,5234800
CASE-2026-NW-02378,Johor,Building,Suburban,Leasehold,1885,1471,34,4162000,624300,8000,4794300
CASE-2026-NW-02379,Melaka,Agriculture,Urban,Leasehold,12620,7177,13,4218000,632700,8000,4858700
CASE-2026-NW-02380,Pahang,Agriculture,Urban,Freehold,17295,8290,35,4866000,729900,8000,5603900
CASE-2026-NW-02381,Wilayah Persekutuan Kuala Lumpur,Agriculture,Suburban,Leasehold,6393,3632,30,2770000,415500,8000,3193500
CASE-2026-NW-02382,Perak,Building,Rural,Freehold,1565,903,38,1755000,263200,8000,2026200
CASE-2026-NW-02383,Sabah,Building,Urban,Leasehold,862,652,3,1976000,296400,8000,2280400
CASE-2026-NW-02384,Pulau Pinang,Building,Rural,Leasehold,1122,848,14,2452000,367800,8000,2827800
CASE-2026-NW-02385,Pahang,Industry,Urban,Freehold,17860,15716,35,31482000,4722300,8000,36212300
CASE-2026-NW-02386,Melaka,Building,Urban,Freehold,2624,2234,9,8052000,1207800,8000,9267800
CASE-2026-NW-02387,Wilayah Persekutuan Labuan,Agriculture,Suburban,Freehold,3957,1032,25,579000,86800,8000,673800
CASE-2026-NW-02388,Perak,Agriculture,Suburban,Malay Reserve,17055,3688,7,1860000,279000,8000,2147000
CASE-2026-NW-02389,Perak,Agriculture,Rural,Freehold,11852,6144,37,2186000,327900,8000,2521900
CASE-2026-NW-02390,Selangor,Building,Urban,Leasehold,370,233,33,892000,133800,8000,1033800
CASE-2026-NW-02391,Pulau Pinang,Agriculture,Rural,Leasehold,7177,3958,17,2271000,340600,8000,2619600
CASE-2026-NW-02392,Johor,Agriculture,Rural,Freehold,9182,6872,31,3273000,491000,8000,3772000
CASE-2026-NW-02393,Melaka,Building,Urban,Freehold,647,536,12,1896000,284400,8000,2188400
CASE-2026-NW-02394,Johor,Building,Suburban,Leasehold,1538,406,14,1384000,207600,8000,1599600
CASE-2026-NW-02395,Wilayah Persekutuan Kuala Lumpur,Agriculture,Urban,Leasehold,2889,1152,8,1148000,172200,8000,1328200
CASE-2026-NW-02396,Wilayah Persekutuan Kuala Lumpur,Agriculture,Urban,Freehold,6170,4049,37,3754000,563100,8000,4325100
CASE-2026-NW-02397,Wilayah Persekutuan Kuala Lumpur,Agriculture,Urban,Leasehold,19630,15206,34,12242000,1836300,8000,14086300
CASE-2026-NW-02398,Kedah,Agriculture,Urban,Freehold,6997,3251,5,1845000,276800,8000,2129800
CASE-2026-NW-02399,Perak,Building,Urban,Leasehold,174,76,30,207000,31000,8000,246000
CASE-2026-NW-02400,Terengganu,Building,Urban,Leasehold,2098,1578,23,4266000,639900,8000,4913900
CASE-2026-NW-02401,Perak,Building,Rural,Malay Reserve,2198,2001,37,3476000,521400,8000,4005400
CASE-2026-NW-02402,Johor,Building,Rural,Freehold,2418,632,15,2012000,301800,8000,2321800
CASE-2026-NW-02403,Johor,Building,Suburban,Leasehold,981,552,1,1870000,280500,8000,2158500
CASE-2026-NW-02404,Wilayah Persekutuan Kuala Lumpur,Building,Suburban,Freehold,2447,1067,32,4361000,654200,8000,5023200
CASE-2026-NW-02405,Wilayah Persekutuan Kuala Lumpur,Building,Rural,Freehold,1289,1045,1,3991000,598600,8000,4597600
CASE-2026-NW-02406,Terengganu,Agriculture,Suburban,Leasehold,4774,2810,16,1265000,189800,8000,1462800
CASE-2026-NW-02407,Pulau Pinang,Building,Urban,Leasehold,2274,1002,32,3882000,582300,8000,4472300
CASE-2026-NW-02408,Perak,Agriculture,Rural,Leasehold,18922,12259,21,4358000,653700,8000,5019700
CASE-2026-NW-02409,Pulau Pinang,Agriculture,Suburban,Leasehold,15930,12817,11,7882000,1182300,8000,9072300
CASE-2026-NW-02410,Terengganu,Agriculture,Urban,Freehold,6407,2246,36,1207000,181000,8000,1396000
CASE-2026-NW-02411,Perak,Building,Urban,Leasehold,371,168,14,500000,75000,8000,583000
CASE-2026-NW-02412,Pahang,Agriculture,Urban,Freehold,6470,5045,34,2755000,413200,8000,3176200
CASE-2026-NW-02413,Selangor,Building,Suburban,Leasehold,1721,1494,21,5301000,795200,8000,6104200
CASE-2026-NW-02414,Kelantan,Industry,Rural,Freehold,5018,1662,29,2642000,396300,8000,3046300
CASE-2026-NW-02415,Johor,Building,Suburban,Freehold,1444,1227,31,3581000,537200,8000,4126200
CASE-2026-NW-02416,Wilayah Persekutuan Labuan,Industry,Suburban,Leasehold,18045,10006,38,18723000,2808400,8000,21539400
CASE-2026-NW-02417,Pulau Pinang,Building,Rural,Malay Reserve,2719,2344,2,6695000,1004200,8000,7707200
CASE-2026-NW-02418,Selangor,Building,Suburban,Freehold,2091,1921,23,6586000,987900,8000,7581900
CASE-2026-NW-02419,Perak,Agriculture,Suburban,Leasehold,2672,901,33,414000,62100,8000,484100
CASE-2026-NW-02420,Johor,Agriculture,Rural,Leasehold,10885,5782,1,2832000,424800,8000,3264800
CASE-2026-NW-02421,Wilayah Persekutuan Kuala Lumpur,Building,Suburban,Freehold,585,289,4,1349000,202400,8000,1559400
CASE-2026-NW-02422,Wilayah Persekutuan Kuala Lumpur,Agriculture,Urban,Leasehold,15396,9857,21,9140000,1371000,8000,10519000
CASE-2026-NW-02423,Selangor,Building,Rural,Freehold,2133,737,39,2311000,346600,8000,2665600
CASE-2026-NW-02424,Selangor,Industry,Urban,Freehold,11455,5474,21,17974000,2696100,8000,20678100
CASE-2026-NW-02425,Selangor,Industry,Rural,Freehold,10216,4107,19,10143000,1521400,8000,11672400
CASE-2026-NW-02426,Selangor,Agriculture,Suburban,Leasehold,8159,4752,3,3499000,524800,8000,4031800
CASE-2026-NW-02427,Johor,Building,Urban,Freehold,1951,1267,20,4814000,722100,8000,5544100
CASE-2026-NW-02428,Johor,Building,Suburban,Freehold,2558,2021,31,6233000,935000,8000,7176000
CASE-2026-NW-02429,Wilayah Persekutuan Kuala Lumpur,Agriculture,Urban,Freehold,8228,3869,25,3743000,561400,8000,4312400
CASE-2026-NW-02430,Pulau Pinang,Agriculture,Suburban,Malay Reserve,12440,10640,13,6461000,969200,8000,7438200
CASE-2026-NW-02431,Wilayah Persekutuan Kuala Lumpur,Building,Suburban,Freehold,2205,1375,9,6186000,927900,8000,7121900
CASE-2026-NW-02432,Kelantan,Building,Suburban,Leasehold,1776,974,39,1941000,291200,8000,2240200
CASE-2026-NW-02433,Pulau Pinang,Agriculture,Suburban,Leasehold,14882,12594,36,7135000,1070200,8000,8213200
CASE-2026-NW-02434,Wilayah Persekutuan Kuala Lumpur,Building,Suburban,Freehold,1820,778,34,3316000,497400,8000,3821400
CASE-2026-NW-02435,Johor,Building,Suburban,Freehold,412,148,35,473000,71000,8000,552000
CASE-2026-NW-02436,Selangor,Agriculture,Suburban,Freehold,2292,1060,13,854000,128100,8000,990100
CASE-2026-NW-02437,Melaka,Building,Rural,Malay Reserve,2214,1983,8,4928000,739200,8000,5675200
CASE-2026-NW-02438,Melaka,Agriculture,Suburban,Freehold,18972,11545,7,6877000,1031600,8000,7916600
CASE-2026-NW-02439,Melaka,Agriculture,Rural,Malay Reserve,12771,8568,14,3443000,516400,8000,3967400
CASE-2026-NW-02440,Selangor,Building,Rural,Freehold,919,628,30,1914000,287100,8000,2209100
CASE-2026-NW-02441,Sabah,Building,Urban,Freehold,2950,2131,1,7878000,1181700,8000,9067700
CASE-2026-NW-02442,Negeri Sembilan,Building,Urban,Freehold,261,209,20,698000,104700,8000,810700
CASE-2026-NW-02443,Pulau Pinang,Industry,Rural,Leasehold,18059,10506,36,19769000,2965400,8000,22742400
CASE-2026-NW-02444,Terengganu,Agriculture,Urban,Leasehold,17466,14053,35,6627000,994000,8000,7629000
CASE-2026-NW-02445,Melaka,Agriculture,Rural,Freehold,10945,4119,13,2130000,319500,8000,2457500
CASE-2026-NW-02446,Wilayah Persekutuan Kuala Lumpur,Building,Urban,Leasehold,1694,625,27,2812000,421800,8000,3241800
CASE-2026-NW-02447,Selangor,Industry,Suburban,Leasehold,1092,636,33,1617000,242600,8000,1867600
CASE-2026-NW-02448,Kedah,Agriculture,Urban,Freehold,8296,7220,4,3695000,554200,8000,4257200
CASE-2026-NW-02449,Kelantan,Building,Urban,Freehold,2213,1823,1,5068000,760200,8000,5836200
CASE-2026-NW-02450,Pahang,Agriculture,Rural,Leasehold,16688,4357,29,1594000,239100,8000,1841100
CASE-2026-NW-02451,Wilayah Persekutuan Kuala Lumpur,Agriculture,Suburban,Malay Reserve,12122,7003,26,5210000,781500,8000,5999500
CASE-2026-NW-02452,Kedah,Building,Suburban,Leasehold,944,504,8,1371000,205600,8000,1584600
CASE-2026-NW-02453,Wilayah Persekutuan Kuala Lumpur,Building,Urban,Leasehold,1670,1113,30,4829000,724400,8000,5561400
CASE-2026-NW-02454,Pulau Pinang,Agriculture,Suburban,Leasehold,2397,480,32,342000,51300,8000,401300
CASE-2026-NW-02455,Melaka,Agriculture,Urban,Freehold,13809,10325,34,6430000,964500,8000,7402500
CASE-2026-NW-02456,Wilayah Persekutuan Kuala Lumpur,Agriculture,Urban,Leasehold,11131,4553,12,4427000,664000,8000,5099000
CASE-2026-NW-02457,Johor,Agriculture,Suburban,Freehold,6938,4083,15,2531000,379600,8000,2918600
CASE-2026-NW-02458,Perak,Industry,Urban,Freehold,2669,1305,1,3296000,494400,8000,3798400
CASE-2026-NW-02459,Wilayah Persekutuan Kuala Lumpur,Building,Urban,Leasehold,1588,741,30,3404000,510600,8000,3922600
CASE-2026-NW-02460,Selangor,Agriculture,Urban,Freehold,16077,7499,36,6620000,993000,8000,7621000
CASE-2026-NW-02461,Pulau Pinang,Building,Urban,Leasehold,1491,991,38,3705000,555800,8000,4268800
CASE-2026-NW-02462,Terengganu,Building,Urban,Freehold,2346,1085,29,3139000,470800,8000,3617800
CASE-2026-NW-02463,Terengganu,Industry,Urban,Leasehold,9561,3164,5,7479000,1121800,8000,8608800
CASE-2026-NW-02464,Pahang,Building,Suburban,Leasehold,1099,444,3,1406000,210900,8000,1624900
CASE-2026-NW-02465,Selangor,Agriculture,Suburban,Leasehold,15204,9292,8,6730000,1009500,8000,7747500
CASE-2026-NW-02466,Wilayah Persekutuan Kuala Lumpur,Building,Urban,Freehold,1751,690,32,3366000,504900,8000,3878900
CASE-2026-NW-02467,Selangor,Industry,Suburban,Leasehold,10612,9778,28,24446000,3666900,8000,28120900
CASE-2026-NW-02468,Melaka,Agriculture,Suburban,Freehold,10140,8161,23,4417000,662600,8000,5087600
CASE-2026-NW-02469,Wilayah Persekutuan Kuala Lumpur,Building,Urban,Freehold,2792,1061,18,5573000,836000,8000,6417000
CASE-2026-NW-02470,Johor,Industry,Suburban,Freehold,18936,6464,17,17278000,2591700,8000,19877700
CASE-2026-NW-02471,Johor,Agriculture,Rural,Freehold,11554,9362,38,4212000,631800,8000,4851800
CASE-2026-NW-02472,Perlis,Agriculture,Suburban,Freehold,4193,2854,32,1177000,176600,8000,1361600
CASE-2026-NW-02473,Wilayah Persekutuan Kuala Lumpur,Building,Suburban,Freehold,769,238,5,1156000,173400,8000,1337400
CASE-2026-NW-02474,Wilayah Persekutuan Kuala Lumpur,Industry,Urban,Leasehold,24160,10294,16,34720000,5208000,8000,39936000
CASE-2026-NW-02475,Pulau Pinang,Building,Suburban,Freehold,1932,565,31,2111000,316600,8000,2435600
CASE-2026-NW-02476,Johor,Building,Suburban,Freehold,2643,1672,19,5143000,771400,8000,5922400
CASE-2026-NW-02477,Kelantan,Agriculture,Urban,Freehold,3692,764,30,454000,68100,8000,530100
CASE-2026-NW-02478,Selangor,Agriculture,Suburban,Freehold,18122,4341,29,3515000,527200,8000,4050200
CASE-2026-NW-02479,Perak,Building,Urban,Leasehold,1218,1007,10,3014000,452100,8000,3474100
CASE-2026-NW-02480,Selangor,Building,Urban,Leasehold,800,482,17,2105000,315800,8000,2428800
CASE-2026-NW-02481,Melaka,Agriculture,Rural,Leasehold,18795,10650,19,4663000,699400,8000,5370400
CASE-2026-NW-02482,Wilayah Persekutuan Kuala Lumpur,Agriculture,Urban,Leasehold,16604,7591,36,7098000,1064700,8000,8170700
CASE-2026-NW-02483,Wilayah Persekutuan Putrajaya,Agriculture,Urban,Leasehold,13312,3691,29,3024000,453600,8000,3485600
CASE-2026-NW-02484,Selangor,Building,Rural,Leasehold,1912,1183,16,3633000,545000,8000,4186000
CASE-2026-NW-02485,Pulau Pinang,Building,Suburban,Freehold,2304,1988,2,7404000,1110600,8000,8522600
CASE-2026-NW-02486,Wilayah Persekutuan Kuala Lumpur,Building,Rural,Leasehold,1084,1009,37,2707000,406000,8000,3121000
CASE-2026-NW-02487,Selangor,Building,Suburban,Freehold,1628,527,14,2278000,341700,8000,2627700
CASE-2026-NW-02488,Pahang,Building,Urban,Freehold,1864,960,11,3113000,467000,8000,3588000
CASE-2026-NW-02489,Perak,Building,Rural,Freehold,309,185,34,356000,53400,8000,417400
CASE-2026-NW-02490,Wilayah Persekutuan Labuan,Industry,Urban,Freehold,20838,16457,15,40929000,6139400,8000,47076400
CASE-2026-NW-02491,Sarawak,Industry,Urban,Freehold,7588,5283,26,11996000,1799400,8000,13803400
CASE-2026-NW-02492,Pulau Pinang,Agriculture,Urban,Leasehold,11096,6826,30,4862000,729300,8000,5599300
CASE-2026-NW-02493,Selangor,Agriculture,Suburban,Leasehold,9939,5065,37,3362000,504300,8000,3874300
CASE-2026-NW-02494,Kedah,Building,Suburban,Freehold,2001,903,39,2215000,332200,8000,2555200
CASE-2026-NW-02495,Johor,Agriculture,Suburban,Freehold,14912,12801,28,7509000,1126400,8000,8643400
CASE-2026-NW-02496,Selangor,Industry,Urban,Leasehold,2530,2151,14,6838000,1025700,8000,7871700
CASE-2026-NW-02497,Pahang,Building,Rural,Malay Reserve,2353,644,18,1494000,224100,8000,1726100
CASE-2026-NW-02498,Johor,Building,Rural,Freehold,2558,1064,6,2978000,446700,8000,3432700
CASE-2026-NW-02499,Sabah,Building,Suburban,Freehold,501,129,24,353000,53000,8000,414000
CASE-2026-NW-02500,Johor,Agriculture,Suburban,Freehold,3192,2770,7,1520000,228000,8000,1756000
CASE-2026-NW-02501,Johor,Building,Urban,Freehold,2106,1992,19,7258000,1088700,8000,8354700
CASE-2026-NW-02502,Pulau Pinang,Agriculture,Urban,Leasehold,19448,5510,29,4378000,656700,8000,5042700
CASE-2026-NW-02503,Pulau Pinang,Agriculture,Rural,Freehold,15687,3305,21,2031000,304600,8000,2343600
CASE-2026-NW-02504,Wilayah Persekutuan Kuala Lumpur,Building,Rural,Leasehold,977,470,23,1637000,245600,8000,1890600
CASE-2026-NW-02505,Pulau Pinang,Building,Suburban,Freehold,2674,1627,2,6578000,986700,8000,7572700
CASE-2026-NW-02506,Johor,Building,Urban,Freehold,2223,741,38,2736000,410400,8000,3154400
CASE-2026-NW-02507,Pulau Pinang,Agriculture,Suburban,Leasehold,16706,3724,17,2619000,392800,8000,3019800
CASE-2026-NW-02508,Melaka,Building,Suburban,Leasehold,1237,454,24,1268000,190200,8000,1466200
CASE-2026-NW-02509,Negeri Sembilan,Building,Rural,Leasehold,2522,1279,3,3490000,523500,8000,4021500
CASE-2026-NW-02510,Terengganu,Building,Suburban,Freehold,1867,886,10,2323000,348400,8000,2679400
CASE-2026-NW-02511,Wilayah Persekutuan Kuala Lumpur,Building,Suburban,Freehold,2744,1468,10,6530000,979500,8000,7517500
CASE-2026-NW-02512,Selangor,Industry,Rural,Freehold,20501,6590,14,16894000,2534100,8000,19436100
CASE-2026-NW-02513,Kedah,Building,Urban,Malay Reserve,2464,1632,26,4131000,619600,8000,4758600
CASE-2026-NW-02514,Selangor,Building,Suburban,Freehold,2356,2078,35,6702000,1005300,8000,7715300
CASE-2026-NW-02515,Selangor,Agriculture,Urban,Freehold,19903,13025,31,11325000,1698800,8000,13031800
CASE-2026-NW-02516,Johor,Building,Suburban,Leasehold,1390,956,6,2973000,446000,8000,3427000
CASE-2026-NW-02517,Pulau Pinang,Building,Rural,Malay Reserve,1578,1339,23,3630000,544500,8000,4182500
CASE-2026-NW-02518,Melaka,Building,Urban,Leasehold,1841,583,21,1984000,297600,8000,2289600
CASE-2026-NW-02519,Perak,Industry,Urban,Leasehold,14403,7784,32,15369000,2305400,8000,17682400
CASE-2026-NW-02520,Pulau Pinang,Building,Urban,Freehold,2211,1961,5,8934000,1340100,8000,10282100
CASE-2026-NW-02521,Perak,Building,Suburban,Malay Reserve,292,181,17,420000,63000,8000,491000
CASE-2026-NW-02522,Wilayah Persekutuan Kuala Lumpur,Building,Suburban,Leasehold,1118,501,2,2158000,323700,8000,2489700
CASE-2026-NW-02523,Selangor,Building,Rural,Freehold,1764,1568,3,5007000,751000,8000,5766000
CASE-2026-NW-02524,Selangor,Agriculture,Urban,Freehold,7760,3768,38,3370000,505500,8000,3883500
CASE-2026-NW-02525,Pahang,Agriculture,Suburban,Freehold,15029,8627,22,4187000,628000,8000,4823000
CASE-2026-NW-02526,Pulau Pinang,Building,Suburban,Freehold,214,105,33,376000,56400,8000,440400
CASE-2026-NW-02527,Melaka,Building,Suburban,Freehold,667,527,1,1565000,234800,8000,1807800
CASE-2026-NW-02528,Selangor,Agriculture,Urban,Leasehold,16467,9297,35,7484000,1122600,8000,8614600
CASE-2026-NW-02529,Johor,Industry,Suburban,Freehold,21167,16179,30,35418000,5312700,8000,40738700
CASE-2026-NW-02530,Negeri Sembilan,Building,Suburban,Leasehold,2710,2130,25,5173000,776000,8000,5957000
CASE-2026-NW-02531,Sabah,Building,Suburban,Freehold,1065,312,31,804000,120600,8000,932600
CASE-2026-NW-02532,Melaka,Agriculture,Urban,Leasehold,5344,2850,39,1715000,257200,8000,1980200
CASE-2026-NW-02533,Kelantan,Building,Urban,Leasehold,2594,1218,12,3522000,528300,8000,4058300
CASE-2026-NW-02534,Johor,Building,Urban,Freehold,1254,916,2,3744000,561600,8000,4313600
CASE-2026-NW-02535,Pahang,Agriculture,Rural,Freehold,17118,3687,7,1696000,254400,8000,1958400
CASE-2026-NW-02536,Pulau Pinang,Building,Suburban,Freehold,2255,2079,13,7454000,1118100,8000,8580100
CASE-2026-NW-02537,Johor,Agriculture,Urban,Leasehold,12889,8984,38,5437000,815600,8000,6260600
CASE-2026-NW-02538,Johor,Building,Suburban,Leasehold,2828,1136,2,3848000,577200,8000,4433200
CASE-2026-NW-02539,Selangor,Agriculture,Suburban,Freehold,13390,6690,36,5068000,760200,8000,5836200
CASE-2026-NW-02540,Kelantan,Building,Rural,Freehold,625,571,22,1138000,170700,8000,1316700
CASE-2026-NW-02541,Johor,Building,Rural,Freehold,2083,1896,34,4113000,617000,8000,4738000
CASE-2026-NW-02542,Pahang,Building,Urban,Leasehold,1919,754,20,2236000,335400,8000,2579400
CASE-2026-NW-02543,Wilayah Persekutuan Kuala Lumpur,Building,Urban,Leasehold,276,186,32,758000,113700,8000,879700
CASE-2026-NW-02544,Kelantan,Building,Suburban,Freehold,2344,1600,20,3785000,567800,8000,4360800
CASE-2026-NW-02545,Johor,Agriculture,Suburban,Freehold,12112,3734,11,2704000,405600,8000,3117600
CASE-2026-NW-02546,Kedah,Building,Suburban,Freehold,455,332,16,934000,140100,8000,1082100
CASE-2026-NW-02547,Johor,Agriculture,Suburban,Freehold,3939,3057,0,1937000,290600,8000,2235600
CASE-2026-NW-02548,Selangor,Building,Suburban,Freehold,1601,959,24,3617000,542600,8000,4167600
CASE-2026-NW-02549,Melaka,Building,Rural,Freehold,2399,763,38,1693000,254000,8000,1955000
CASE-2026-NW-02550,Johor,Building,Suburban,Freehold,2965,2552,20,7706000,1155900,8000,8869900
CASE-2026-NW-02551,Kedah,Agriculture,Rural,Freehold,10659,8111,2,3088000,463200,8000,3559200
CASE-2026-NW-02552,Pulau Pinang,Building,Urban,Freehold,1922,527,21,2292000,343800,8000,2643800
CASE-2026-NW-02553,Selangor,Building,Suburban,Leasehold,1228,630,1,2539000,380800,8000,2927800
CASE-2026-NW-02554,Terengganu,Industry,Urban,Freehold,5258,4836,39,8408000,1261200,8000,9677200
CASE-2026-NW-02555,Selangor,Building,Urban,Freehold,2387,1866,6,7943000,1191400,8000,9142400
CASE-2026-NW-02556,Wilayah Persekutuan Kuala Lumpur,Agriculture,Rural,Leasehold,3225,1397,4,999000,149800,8000,1156800
CASE-2026-NW-02557,Pahang,Building,Suburban,Freehold,1945,1812,37,4049000,607400,8000,4664400
CASE-2026-NW-02558,Sarawak,Building,Suburban,Freehold,1078,915,6,2991000,448600,8000,3447600
CASE-2026-NW-02559,Pulau Pinang,Agriculture,Urban,Leasehold,11923,10672,17,7810000,1171500,8000,8989500
CASE-2026-NW-02560,Perak,Building,Rural,Leasehold,2585,2392,25,4440000,666000,8000,5114000
CASE-2026-NW-02561,Kedah,Building,Suburban,Leasehold,1648,1361,33,3036000,455400,8000,3499400
CASE-2026-NW-02562,Melaka,Building,Urban,Freehold,1160,696,31,2356000,353400,8000,2717400
CASE-2026-NW-02563,Johor,Agriculture,Suburban,Freehold,10645,8198,0,5047000,757000,8000,5812000
CASE-2026-NW-02564,Kedah,Building,Urban,Freehold,867,575,24,1722000,258300,8000,1988300
CASE-2026-NW-02565,Wilayah Persekutuan Kuala Lumpur,Building,Urban,Leasehold,1502,1116,11,5004000,750600,8000,5762600
CASE-2026-NW-02566,Melaka,Industry,Suburban,Leasehold,4727,2606,28,5269000,790400,8000,6067400
CASE-2026-NW-02567,Pulau Pinang,Agriculture,Urban,Leasehold,2062,1394,30,1037000,155600,8000,1200600
CASE-2026-NW-02568,Wilayah Persekutuan Kuala Lumpur,Building,Urban,Leasehold,1205,638,22,2799000,419800,8000,3226800
CASE-2026-NW-02569,Wilayah Persekutuan Kuala Lumpur,Building,Suburban,Leasehold,840,466,16,1801000,270200,8000,2079200
CASE-2026-NW-02570,Wilayah Persekutuan Kuala Lumpur,Agriculture,Urban,Freehold,14351,5938,10,6263000,939400,8000,7210400
CASE-2026-NW-02571,Terengganu,Building,Suburban,Freehold,640,251,37,565000,84800,8000,657800
CASE-2026-NW-02572,Pulau Pinang,Building,Urban,Leasehold,2648,1818,25,6558000,983700,8000,7549700
CASE-2026-NW-02573,Kelantan,Building,Suburban,Leasehold,1299,978,17,2187000,328000,8000,2523000
CASE-2026-NW-02574,Wilayah Persekutuan Kuala Lumpur,Building,Suburban,Freehold,1494,925,2,4144000,621600,8000,4773600
CASE-2026-NW-02575,Wilayah Persekutuan Kuala Lumpur,Agriculture,Suburban,Freehold,10928,9263,14,7019000,1052800,8000,8079800
CASE-2026-NW-02576,Sabah,Industry,Suburban,Leasehold,23194,7004,27,15046000,2256900,8000,17310900
CASE-2026-NW-02577,Kedah,Agriculture,Rural,Freehold,10894,6503,39,2447000,367000,8000,2822000
CASE-2026-NW-02578,Johor,Agriculture,Urban,Freehold,3240,1319,10,1049000,157400,8000,1214400
CASE-2026-NW-02579,Sabah,Building,Suburban,Malay Reserve,1445,1218,17,3084000,462600,8000,3554600
CASE-2026-NW-02580,Johor,Building,Rural,Leasehold,1307,708,20,1895000,284200,8000,2187200
CASE-2026-NW-02581,Pulau Pinang,Industry,Urban,Freehold,22048,11284,13,37897000,5684600,8000,43589600
CASE-2026-NW-02582,Wilayah Persekutuan Putrajaya,Building,Suburban,Freehold,1880,1236,35,4277000,641600,8000,4926600
CASE-2026-NW-02583,Wilayah Persekutuan Kuala Lumpur,Building,Suburban,Malay Reserve,1124,504,30,1872000,280800,8000,2160800
CASE-2026-NW-02584,Pahang,Building,Urban,Leasehold,1087,699,8,1989000,298400,8000,2295400
CASE-2026-NW-02585,Melaka,Building,Urban,Leasehold,1278,387,39,1210000,181500,8000,1399500
CASE-2026-NW-02586,Selangor,Building,Urban,Freehold,600,557,1,2410000,361500,8000,2779500
CASE-2026-NW-02587,Sarawak,Agriculture,Rural,Leasehold,14645,4838,12,2040000,306000,8000,2354000
CASE-2026-NW-02588,Kelantan,Agriculture,Urban,Malay Reserve,4973,2949,12,1413000,212000,8000,1633000
CASE-2026-NW-02589,Selangor,Building,Rural,Freehold,2403,1104,38,3207000,481000,8000,3696000
CASE-2026-NW-02590,Pulau Pinang,Industry,Urban,Leasehold,7969,4824,8,14391000,2158600,8000,16557600
CASE-2026-NW-02591,Selangor,Industry,Urban,Freehold,18270,7000,26,24003000,3600400,8000,27611400
CASE-2026-NW-02592,Wilayah Persekutuan Putrajaya,Agriculture,Urban,Freehold,2271,476,23,425000,63800,8000,496800
CASE-2026-NW-02593,Selangor,Industry,Urban,Leasehold,10226,7526,12,25143000,3771400,8000,28922400
CASE-2026-NW-02594,Wilayah Persekutuan Kuala Lumpur,Agriculture,Suburban,Leasehold,13517,6232,10,5224000,783600,8000,6015600
CASE-2026-NW-02595,Pahang,Agriculture,Urban,Leasehold,2741,1543,32,799000,119800,8000,926800
CASE-2026-NW-02596,Selangor,Building,Suburban,Leasehold,2326,1056,36,3621000,543200,8000,4172200
CASE-2026-NW-02597,Pulau Pinang,Agriculture,Urban,Leasehold,10789,5494,19,4480000,672000,8000,5160000
CASE-2026-NW-02598,Wilayah Persekutuan Kuala Lumpur,Building,Urban,Leasehold,2862,818,37,3620000,543000,8000,4171000
CASE-2026-NW-02599,Kedah,Building,Suburban,Freehold,2583,2205,35,5177000,776600,8000,5961600
CASE-2026-NW-02600,Wilayah Persekutuan Kuala Lumpur,Building,Suburban,Freehold,2226,1449,17,6291000,943600,8000,7242600
CASE-2026-NW-02601,Perak,Building,Suburban,Freehold,1774,1111,29,2621000,393200,8000,3022200
CASE-2026-NW-02602,Kedah,Building,Urban,Freehold,2983,2682,30,7597000,1139600,8000,8744600
CASE-2026-NW-02603,Selangor,Building,Rural,Leasehold,1444,1284,5,3667000,550000,8000,4225000
CASE-2026-NW-02604,Wilayah Persekutuan Kuala Lumpur,Building,Urban,Freehold,1343,782,8,4029000,604400,8000,4641400
CASE-2026-NW-02605,Melaka,Building,Urban,Malay Reserve,1786,1691,10,4995000,749200,8000,5752200
CASE-2026-NW-02606,Wilayah Persekutuan Kuala Lumpur,Agriculture,Urban,Malay Reserve,16012,8736,5,8046000,1206900,8000,9260900
CASE-2026-NW-02607,Selangor,Building,Urban,Freehold,2083,1526,38,6155000,923200,8000,7086200
CASE-2026-NW-02608,Kedah,Agriculture,Suburban,Leasehold,3864,1249,7,656000,98400,8000,762400
CASE-2026-NW-02609,Kelantan,Building,Suburban,Leasehold,223,57,15,155000,23200,8000,186200
CASE-2026-NW-02610,Selangor,Agriculture,Suburban,Freehold,11691,3915,29,3041000,456200,8000,3505200
CASE-2026-NW-02611,Melaka,Agriculture,Urban,Leasehold,6730,3918,33,2479000,371800,8000,2858800
CASE-2026-NW-02612,Pahang,Building,Suburban,Freehold,542,164,13,466000,69900,8000,543900
CASE-2026-NW-02613,Sabah,Agriculture,Urban,Leasehold,6316,4461,23,2300000,345000,8000,2653000
CASE-2026-NW-02614,Perak,Industry,Urban,Leasehold,17387,16056,7,32163000,4824400,8000,36995400
CASE-2026-NW-02615,Johor,Building,Urban,Freehold,1025,618,34,2076000,311400,8000,2395400
CASE-2026-NW-02616,Pulau Pinang,Agriculture,Suburban,Freehold,19010,11655,37,7914000,1187100,8000,9109100
CASE-2026-NW-02617,Perak,Building,Suburban,Leasehold,2078,550,6,1489000,223400,8000,1720400
CASE-2026-NW-02618,Pulau Pinang,Building,Urban,Freehold,1476,1187,28,4350000,652500,8000,5010500
CASE-2026-NW-02619,Selangor,Agriculture,Urban,Leasehold,18063,12306,10,9848000,1477200,8000,11333200
CASE-2026-NW-02620,Kelantan,Industry,Urban,Freehold,6291,3404,3,7790000,1168500,8000,8966500
CASE-2026-NW-02621,Selangor,Agriculture,Rural,Malay Reserve,17415,9574,17,4967000,745000,8000,5720000
CASE-2026-NW-02622,Wilayah Persekutuan Kuala Lumpur,Building,Suburban,Freehold,892,773,18,2892000,433800,8000,3333800
CASE-2026-NW-02623,Selangor,Agriculture,Suburban,Freehold,17745,8924,32,6456000,968400,8000,7432400
CASE-2026-NW-02624,Selangor,Building,Suburban,Malay Reserve,886,565,39,1830000,274500,8000,2112500
CASE-2026-NW-02625,Johor,Building,Suburban,Leasehold,946,619,11,2159000,323800,8000,2490800
CASE-2026-NW-02626,Selangor,Industry,Suburban,Freehold,8812,4688,5,14909000,2236400,8000,17153400
CASE-2026-NW-02627,Terengganu,Building,Rural,Freehold,432,237,16,575000,86200,8000,669200
CASE-2026-NW-02628,Pahang,Building,Rural,Freehold,607,274,18,623000,93400,8000,724400
CASE-2026-NW-02629,Johor,Agriculture,Suburban,Malay Reserve,12949,7616,21,4275000,641200,8000,4924200
CASE-2026-NW-02630,Selangor,Industry,Suburban,Leasehold,19850,14271,25,34831000,5224600,8000,40063600
CASE-2026-NW-02631,Pahang,Building,Suburban,Leasehold,2554,2220,31,4750000,712500,8000,5470500
CASE-2026-NW-02632,Selangor,Building,Suburban,Freehold,618,443,37,1599000,239800,8000,1846800
CASE-2026-NW-02633,Melaka,Building,Urban,Freehold,281,116,38,388000,58200,8000,454200
CASE-2026-NW-02634,Terengganu,Agriculture,Suburban,Leasehold,8049,4134,29,1765000,264800,8000,2037800
CASE-2026-NW-02635,Pulau Pinang,Building,Urban,Freehold,1724,431,37,1826000,273900,8000,2107900
CASE-2026-NW-02636,Pulau Pinang,Building,Suburban,Leasehold,2171,1700,3,5763000,864400,8000,6635400
CASE-2026-NW-02637,Perlis,Agriculture,Urban,Freehold,10229,5287,29,2888000,433200,8000,3329200
CASE-2026-NW-02638,Johor,Industry,Rural,Freehold,14677,9454,26,17437000,2615600,8000,20060600
CASE-2026-NW-02639,Selangor,Building,Suburban,Leasehold,2539,1096,10,4262000,639300,8000,4909300
CASE-2026-NW-02640,Perak,Agriculture,Urban,Malay Reserve,19390,15323,11,7278000,1091700,8000,8377700
CASE-2026-NW-02641,Terengganu,Building,Rural,Freehold,1662,1372,38,2429000,364400,8000,2801400
CASE-2026-NW-02642,Negeri Sembilan,Agriculture,Rural,Freehold,7259,3320,4,1413000,212000,8000,1633000
CASE-2026-NW-02643,Wilayah Persekutuan Putrajaya,Building,Suburban,Freehold,279,250,17,789000,118400,8000,915400
CASE-2026-NW-02644,Wilayah Persekutuan Kuala Lumpur,Agriculture,Suburban,Freehold,2015,499,8,441000,66200,8000,515200
CASE-2026-NW-02645,Terengganu,Building,Suburban,Freehold,457,130,37,299000,44800,8000,351800
CASE-2026-NW-02646,Melaka,Agriculture,Urban,Leasehold,9037,5419,13,3512000,526800,8000,4046800
CASE-2026-NW-02647,Perak,Agriculture,Suburban,Freehold,17556,9817,28,4408000,661200,8000,5077200
CASE-2026-NW-02648,Kedah,Building,Rural,Freehold,2310,1362,34,2801000,420200,8000,3229200
CASE-2026-NW-02649,Melaka,Industry,Rural,Freehold,6081,2466,17,5129000,769400,8000,5906400
CASE-2026-NW-02650,Kelantan,Building,Urban,Leasehold,1543,1281,23,3037000,455600,8000,3500600
CASE-2026-NW-02651,Pulau Pinang,Building,Rural,Freehold,1220,939,33,2472000,370800,8000,2850800
CASE-2026-NW-02652,Kedah,Building,Suburban,Leasehold,341,190,31,489000,73400,8000,570400
CASE-2026-NW-02653,Selangor,Industry,Urban,Freehold,7950,4598,17,16028000,2404200,8000,18440200
CASE-2026-NW-02654,Terengganu,Agriculture,Urban,Freehold,5846,3641,28,1929000,289400,8000,2226400
CASE-2026-NW-02655,Melaka,Agriculture,Urban,Leasehold,11634,7798,31,4512000,676800,8000,5196800
CASE-2026-NW-02656,Negeri Sembilan,Building,Suburban,Freehold,1227,615,25,1843000,276400,8000,2127400
CASE-2026-NW-02657,Pulau Pinang,Agriculture,Rural,Leasehold,8786,7758,26,3563000,534400,8000,4105400
CASE-2026-NW-02658,Johor,Agriculture,Suburban,Freehold,18049,15707,35,8478000,1271700,8000,9757700
CASE-2026-NW-02659,Wilayah Persekutuan Kuala Lumpur,Building,Suburban,Leasehold,2033,1138,7,4977000,746600,8000,5731600
CASE-2026-NW-02660,Selangor,Building,Urban,Leasehold,228,59,39,243000,36400,8000,287400
CASE-2026-NW-02661,Pulau Pinang,Agriculture,Suburban,Leasehold,5835,3344,14,2174000,326100,8000,2508100
CASE-2026-NW-02662,Wilayah Persekutuan Kuala Lumpur,Building,Suburban,Freehold,857,461,21,1944000,291600,8000,2243600
CASE-2026-NW-02663,Selangor,Building,Rural,Leasehold,1884,609,1,2124000,318600,8000,2450600
CASE-2026-NW-02664,Pahang,Industry,Rural,Freehold,22632,16340,15,26537000,3980600,8000,30525600
CASE-2026-NW-02665,Melaka,Agriculture,Suburban,Malay Reserve,2507,565,25,308000,46200,8000,362200
CASE-2026-NW-02666,Melaka,Building,Suburban,Malay Reserve,415,237,30,639000,95800,8000,742800
CASE-2026-NW-02667,Pulau Pinang,Agriculture,Urban,Leasehold,8518,3812,30,2855000,428200,8000,3291200
CASE-2026-NW-02668,Johor,Agriculture,Urban,Malay Reserve,10878,8649,0,5173000,776000,8000,5957000
CASE-2026-NW-02669,Kelantan,Agriculture,Rural,Freehold,2408,1380,22,554000,83100,8000,645100
CASE-2026-NW-02670,Negeri Sembilan,Industry,Suburban,Freehold,22903,11294,38,22106000,3315900,8000,25429900
CASE-2026-NW-02671,Johor,Building,Suburban,Leasehold,2413,2267,13,6976000,1046400,8000,8030400
CASE-2026-NW-02672,Selangor,Agriculture,Rural,Freehold,16306,10297,39,5625000,843800,8000,6476800
CASE-2026-NW-02673,Wilayah Persekutuan Kuala Lumpur,Industry,Rural,Leasehold,16736,10319,6,28880000,4332000,8000,33220000
CASE-2026-NW-02674,Pulau Pinang,Building,Urban,Leasehold,1368,969,38,3340000,501000,8000,3849000
CASE-2026-NW-02675,Kedah,Building,Urban,Malay Reserve,544,175,27,464000,69600,8000,541600
CASE-2026-NW-02676,Johor,Building,Urban,Leasehold,491,422,23,1292000,193800,8000,1493800
CASE-2026-NW-02677,Selangor,Agriculture,Urban,Freehold,14169,4894,23,4595000,689200,8000,5292200
CASE-2026-NW-02678,Pulau Pinang,Building,Suburban,Leasehold,2828,2500,1,9233000,1385000,8000,10626000
CASE-2026-NW-02679,Johor,Agriculture,Suburban,Freehold,15539,5361,6,3618000,542700,8000,4168700
CASE-2026-NW-02680,Kedah,Agriculture,Suburban,Leasehold,18617,9164,3,4412000,661800,8000,5081800
CASE-2026-NW-02681,Wilayah Persekutuan Kuala Lumpur,Agriculture,Urban,Freehold,18022,11102,30,10136000,1520400,8000,11664400
CASE-2026-NW-02682,Selangor,Agriculture,Suburban,Leasehold,12912,9383,23,6202000,930300,8000,7140300
CASE-2026-NW-02683,Johor,Industry,Rural,Freehold,4527,2510,5,5449000,817400,8000,6274400
CASE-2026-NW-02684,Pulau Pinang,Agriculture,Suburban,Freehold,14180,6403,29,4385000,657800,8000,5050800
CASE-2026-NW-02685,Pulau Pinang,Industry,Urban,Leasehold,10824,8617,6,26809000,4021400,8000,30838400
CASE-2026-NW-02686,Wilayah Persekutuan Labuan,Building,Suburban,Freehold,425,125,9,389000,58400,8000,455400
CASE-2026-NW-02687,Wilayah Persekutuan Kuala Lumpur,Building,Urban,Freehold,541,207,28,1026000,153900,8000,1187900
CASE-2026-NW-02688,Selangor,Building,Urban,Leasehold,1568,1049,25,4310000,646500,8000,4964500
CASE-2026-NW-02689,Pulau Pinang,Agriculture,Urban,Malay Reserve,5224,1121,6,977000,146600,8000,1131600
CASE-2026-NW-02690,Sabah,Building,Urban,Freehold,2409,2047,24,6340000,951000,8000,7299000
CASE-2026-NW-02691,Pulau Pinang,Agriculture,Urban,Leasehold,16224,7605,3,6266000,939900,8000,7213900
CASE-2026-NW-02692,Johor,Building,Rural,Freehold,1593,661,6,2083000,312400,8000,2403400
CASE-2026-NW-02693,Pahang,Industry,Rural,Freehold,9703,8607,11,16735000,2510200,8000,19253200
CASE-2026-NW-02694,Selangor,Building,Urban,Leasehold,2305,739,5,3315000,497200,8000,3820200
CASE-2026-NW-02695,Melaka,Building,Urban,Leasehold,2497,2226,15,6852000,1027800,8000,7887800
CASE-2026-NW-02696,Terengganu,Building,Suburban,Leasehold,1060,698,21,1620000,243000,8000,1871000
CASE-2026-NW-02697,Perak,Building,Suburban,Leasehold,712,565,9,1493000,224000,8000,1725000
CASE-2026-NW-02698,Selangor,Agriculture,Urban,Freehold,11256,2771,38,2548000,382200,8000,2938200
CASE-2026-NW-02699,Selangor,Building,Suburban,Malay Reserve,714,534,15,1698000,254700,8000,1960700
CASE-2026-NW-02700,Pulau Pinang,Agriculture,Rural,Freehold,9047,5139,8,2833000,425000,8000,3266000
CASE-2026-NW-02701,Selangor,Building,Suburban,Freehold,414,381,28,1332000,199800,8000,1539800
CASE-2026-NW-02702,Selangor,Agriculture,Rural,Freehold,13359,9356,34,5086000,762900,8000,5856900
CASE-2026-NW-02703,Pahang,Building,Suburban,Freehold,2633,773,10,2558000,383700,8000,2949700
CASE-2026-NW-02704,Perak,Building,Urban,Leasehold,354,146,2,489000,73400,8000,570400
CASE-2026-NW-02705,Wilayah Persekutuan Kuala Lumpur,Industry,Urban,Leasehold,18801,15375,13,48206000,7230900,8000,55444900
CASE-2026-NW-02706,Selangor,Building,Rural,Freehold,785,588,3,1950000,292500,8000,2250500
CASE-2026-NW-02707,Kedah,Agriculture,Rural,Freehold,19137,3980,6,2006000,300900,8000,2314900
CASE-2026-NW-02708,Sabah,Agriculture,Urban,Malay Reserve,10755,6672,9,3761000,564200,8000,4333200
CASE-2026-NW-02709,Selangor,Building,Suburban,Malay Reserve,538,338,29,1101000,165200,8000,1274200
CASE-2026-NW-02710,Johor,Building,Urban,Freehold,510,218,9,840000,126000,8000,974000
CASE-2026-NW-02711,Melaka,Agriculture,Urban,Leasehold,15019,9376,38,5485000,822800,8000,6315800
CASE-2026-NW-02712,Selangor,Building,Urban,Malay Reserve,1479,626,34,2501000,375200,8000,2884200
CASE-2026-NW-02713,Wilayah Persekutuan Kuala Lumpur,Building,Urban,Freehold,168,100,21,460000,69000,8000,537000
CASE-2026-NW-02714,Kedah,Building,Urban,Freehold,852,267,3,947000,142000,8000,1097000
CASE-2026-NW-02715,Negeri Sembilan,Agriculture,Rural,Leasehold,4000,822,12,400000,60000,8000,468000
CASE-2026-NW-02716,Perak,Building,Suburban,Malay Reserve,2824,2277,35,4461000,669200,8000,5138200
CASE-2026-NW-02717,Pulau Pinang,Building,Urban,Freehold,595,543,19,2114000,317100,8000,2439100
CASE-2026-NW-02718,Kedah,Agriculture,Urban,Freehold,2087,797,27,478000,71700,8000,557700
CASE-2026-NW-02719,Terengganu,Industry,Urban,Freehold,9320,7855,36,13784000,2067600,8000,15859600
CASE-2026-NW-02720,Johor,Building,Suburban,Malay Reserve,873,506,2,1817000,272600,8000,2097600
CASE-2026-NW-02721,Selangor,Agriculture,Urban,Leasehold,11311,8826,39,6404000,960600,8000,7372600
CASE-2026-NW-02722,Perak,Building,Urban,Freehold,720,225,33,692000,103800,8000,803800
CASE-2026-NW-02723,Wilayah Persekutuan Kuala Lumpur,Industry,Urban,Leasehold,9574,4169,4,16384000,2457600,8000,18849600
CASE-2026-NW-02724,Perak,Building,Suburban,Leasehold,1344,901,39,1813000,272000,8000,2093000
CASE-2026-NW-02725,Negeri Sembilan,Building,Urban,Freehold,1770,975,3,3520000,528000,8000,4056000
CASE-2026-NW-02726,Kedah,Building,Rural,Malay Reserve,1356,754,18,1819000,272800,8000,2099800
CASE-2026-NW-02727,Melaka,Building,Urban,Freehold,1046,603,10,2201000,330200,8000,2539200
CASE-2026-NW-02728,Selangor,Building,Urban,Freehold,2325,716,24,3495000,524200,8000,4027200
CASE-2026-NW-02729,Johor,Building,Urban,Freehold,2295,1408,33,4690000,703500,8000,5401500
CASE-2026-NW-02730,Perak,Building,Suburban,Freehold,2097,1977,21,4860000,729000,8000,5597000
CASE-2026-NW-02731,Negeri Sembilan,Building,Rural,Freehold,2235,1464,26,3443000,516400,8000,3967400
CASE-2026-NW-02732,Sarawak,Building,Suburban,Freehold,675,277,17,914000,137100,8000,1059100
CASE-2026-NW-02733,Wilayah Persekutuan Kuala Lumpur,Building,Urban,Freehold,1465,565,2,3075000,461200,8000,3544200
CASE-2026-NW-02734,Melaka,Agriculture,Urban,Freehold,3682,2870,18,1700000,255000,8000,1963000
CASE-2026-NW-02735,Terengganu,Building,Suburban,Freehold,2089,1374,38,3180000,477000,8000,3665000
CASE-2026-NW-02736,Wilayah Persekutuan Kuala Lumpur,Building,Rural,Freehold,1637,756,38,2278000,341700,8000,2627700
CASE-2026-NW-02737,Terengganu,Industry,Urban,Leasehold,12386,9502,28,18095000,2714200,8000,20817200
CASE-2026-NW-02738,Johor,Agriculture,Suburban,Freehold,19959,15110,19,8940000,1341000,8000,10289000
CASE-2026-NW-02739,Johor,Industry,Rural,Freehold,18672,10557,2,23246000,3486900,8000,26740900
CASE-2026-NW-02740,Johor,Building,Suburban,Freehold,508,428,15,1276000,191400,8000,1475400
CASE-2026-NW-02741,Sarawak,Agriculture,Urban,Freehold,6993,5963,5,3465000,519800,8000,3992800
CASE-2026-NW-02742,Kedah,Agriculture,Urban,Freehold,7573,2669,11,1714000,257100,8000,1979100
CASE-2026-NW-02743,Pulau Pinang,Building,Suburban,Freehold,2673,2307,8,8168000,1225200,8000,9401200
CASE-2026-NW-02744,Terengganu,Industry,Suburban,Leasehold,8591,3829,14,7965000,1194800,8000,9167800
CASE-2026-NW-02745,Terengganu,Building,Urban,Leasehold,1081,368,26,995000,149200,8000,1152200
CASE-2026-NW-02746,Johor,Agriculture,Rural,Freehold,9909,5789,22,3064000,459600,8000,3531600
CASE-2026-NW-02747,Perak,Agriculture,Suburban,Freehold,18396,5828,29,2761000,414200,8000,3183200
CASE-2026-NW-02748,Pulau Pinang,Agriculture,Rural,Leasehold,15838,13668,5,7357000,1103600,8000,8468600
CASE-2026-NW-02749,Terengganu,Agriculture,Suburban,Leasehold,18726,10511,7,4393000,659000,8000,5060000
CASE-2026-NW-02750,Melaka,Building,Suburban,Malay Reserve,2374,1115,21,3304000,495600,8000,3807600
CASE-2026-NW-02751,Melaka,Building,Suburban,Leasehold,2789,2551,27,6661000,999200,8000,7668200
CASE-2026-NW-02752,Pulau Pinang,Agriculture,Urban,Freehold,17506,4694,0,4175000,626200,8000,4809200
CASE-2026-NW-02753,Melaka,Building,Suburban,Leasehold,381,179,34,458000,68700,8000,534700
CASE-2026-NW-02754,Pulau Pinang,Building,Suburban,Freehold,163,106,12,422000,63300,8000,493300
CASE-2026-NW-02755,Melaka,Building,Suburban,Freehold,2442,1424,12,4811000,721600,8000,5540600
CASE-2026-NW-02756,Selangor,Agriculture,Rural,Leasehold,16488,6240,3,4158000,623700,8000,4789700
CASE-2026-NW-02757,Selangor,Building,Rural,Freehold,425,256,24,813000,122000,8000,943000
CASE-2026-NW-02758,Selangor,Agriculture,Urban,Freehold,18944,15544,12,12879000,1931800,8000,14818800
CASE-2026-NW-02759,Johor,Agriculture,Urban,Leasehold,11486,5045,20,3576000,536400,8000,4120400
CASE-2026-NW-02760,Wilayah Persekutuan Labuan,Building,Rural,Freehold,637,261,26,698000,104700,8000,810700
CASE-2026-NW-02761,Sabah,Industry,Urban,Freehold,22843,9813,12,24587000,3688000,8000,28283000
CASE-2026-NW-02762,Selangor,Building,Suburban,Malay Reserve,2639,1772,9,6689000,1003400,8000,7700400
CASE-2026-NW-02763,Negeri Sembilan,Building,Suburban,Leasehold,1937,1103,33,2672000,400800,8000,3080800
CASE-2026-NW-02764,Sarawak,Building,Urban,Leasehold,1450,572,23,1875000,281200,8000,2164200
CASE-2026-NW-02765,Melaka,Agriculture,Urban,Leasehold,18208,5532,1,3955000,593200,8000,4556200
CASE-2026-NW-02766,Sarawak,Agriculture,Rural,Leasehold,13960,11542,10,4738000,710700,8000,5456700
CASE-2026-NW-02767,Wilayah Persekutuan Kuala Lumpur,Building,Suburban,Leasehold,2331,1873,1,7008000,1051200,8000,8067200
CASE-2026-NW-02768,Selangor,Building,Suburban,Freehold,1537,914,4,3798000,569700,8000,4375700
CASE-2026-NW-02769,Melaka,Agriculture,Rural,Malay Reserve,19562,13883,29,5026000,753900,8000,5787900
CASE-2026-NW-02770,Pahang,Building,Rural,Freehold,2705,1033,30,2144000,321600,8000,2473600
CASE-2026-NW-02771,Melaka,Building,Urban,Freehold,725,423,30,1443000,216400,8000,1667400
CASE-2026-NW-02772,Melaka,Building,Rural,Leasehold,2518,2383,39,4637000,695600,8000,5340600
CASE-2026-NW-02773,Kedah,Agriculture,Urban,Leasehold,8640,4747,12,2732000,409800,8000,3149800
CASE-2026-NW-02774,Pulau Pinang,Building,Urban,Freehold,1588,1056,29,4001000,600200,8000,4609200
CASE-2026-NW-02775,Pulau Pinang,Agriculture,Urban,Freehold,2294,1128,35,929000,139400,8000,1076400
CASE-2026-NW-02776,Selangor,Agriculture,Urban,Freehold,15944,5913,15,5663000,849400,8000,6520400
CASE-2026-NW-02777,Melaka,Building,Urban,Leasehold,1651,1459,5,4917000,737600,8000,5662600
CASE-2026-NW-02778,Pahang,Agriculture,Suburban,Freehold,11825,3064,14,1578000,236700,8000,1822700
CASE-2026-NW-02779,Perak,Agriculture,Rural,Freehold,11096,7821,25,2675000,401200,8000,3084200
CASE-2026-NW-02780,Pahang,Agriculture,Urban,Leasehold,14594,8182,35,4264000,639600,8000,4911600
CASE-2026-NW-02781,Selangor,Building,Rural,Freehold,1475,536,7,1987000,298000,8000,2293000
CASE-2026-NW-02782,Negeri Sembilan,Agriculture,Suburban,Leasehold,7041,2750,24,1501000,225200,8000,1734200
CASE-2026-NW-02783,Kedah,Agriculture,Rural,Malay Reserve,4428,1701,4,753000,113000,8000,874000
CASE-2026-NW-02784,Wilayah Persekutuan Kuala Lumpur,Building,Suburban,Freehold,2016,1833,25,6460000,969000,8000,7437000
CASE-2026-NW-02785,Terengganu,Agriculture,Suburban,Leasehold,15137,13228,33,4972000,745800,8000,5725800
CASE-2026-NW-02786,Selangor,Agriculture,Suburban,Malay Reserve,13554,6762,29,4299000,644800,8000,4951800
CASE-2026-NW-02787,Selangor,Building,Rural,Leasehold,694,212,3,688000,103200,8000,799200
CASE-2026-NW-02788,Kelantan,Building,Urban,Malay Reserve,2898,2502,35,5751000,862600,8000,6621600
CASE-2026-NW-02789,Perak,Building,Urban,Freehold,891,437,9,1384000,207600,8000,1599600
CASE-2026-NW-02790,Pulau Pinang,Agriculture,Suburban,Malay Reserve,6397,3011,39,1847000,277000,8000,2132000
CASE-2026-NW-02791,Wilayah Persekutuan Kuala Lumpur,Agriculture,Suburban,Malay Reserve,13168,11366,14,7241000,1086200,8000,8335200
CASE-2026-NW-02792,Pulau Pinang,Agriculture,Suburban,Freehold,4815,1558,22,1115000,167200,8000,1290200
CASE-2026-NW-02793,Johor,Building,Suburban,Freehold,486,371,10,1303000,195400,8000,1506400
CASE-2026-NW-02794,Johor,Building,Suburban,Freehold,295,93,38,294000,44100,8000,346100
CASE-2026-NW-02795,Kelantan,Agriculture,Urban,Freehold,10437,6507,38,3197000,479600,8000,3684600
CASE-2026-NW-02796,Selangor,Agriculture,Urban,Freehold,3400,1527,11,1434000,215100,8000,1657100
CASE-2026-NW-02797,Selangor,Building,Rural,Freehold,695,629,13,2069000,310400,8000,2387400
CASE-2026-NW-02798,Johor,Building,Rural,Freehold,2333,1422,23,3782000,567300,8000,4357300
CASE-2026-NW-02799,Sarawak,Agriculture,Suburban,Freehold,16998,11977,6,6423000,963400,8000,7394400
CASE-2026-NW-02800,Terengganu,Agriculture,Suburban,Freehold,6103,3251,15,1484000,222600,8000,1714600
CASE-2026-NW-02801,Terengganu,Industry,Urban,Freehold,22952,12444,5,31303000,4695400,8000,36006400
CASE-2026-NW-02802,Pahang,Building,Urban,Freehold,1739,1438,36,3863000,579400,8000,4450400
CASE-2026-NW-02803,Terengganu,Agriculture,Suburban,Leasehold,9714,5928,3,2993000,449000,8000,3450000
CASE-2026-NW-02804,Selangor,Building,Suburban,Leasehold,1260,766,18,2906000,435900,8000,3349900
CASE-2026-NW-02805,Pahang,Agriculture,Suburban,Leasehold,3970,1944,38,899000,134800,8000,1041800
CASE-2026-NW-02806,Selangor,Building,Urban,Leasehold,2207,1986,25,7621000,1143200,8000,8772200
CASE-2026-NW-02807,Terengganu,Building,Urban,Leasehold,1448,890,38,2137000,320600,8000,2465600
CASE-2026-NW-02808,Wilayah Persekutuan Kuala Lumpur,Building,Suburban,Freehold,252,107,38,426000,63900,8000,497900
CASE-2026-NW-02809,Terengganu,Industry,Urban,Leasehold,11719,10744,36,18997000,2849600,8000,21854600
CASE-2026-NW-02810,Selangor,Agriculture,Urban,Leasehold,9497,3025,11,2736000,410400,8000,3154400
CASE-2026-NW-02811,Terengganu,Agriculture,Suburban,Freehold,18737,11665,15,5430000,814500,8000,6252500
CASE-2026-NW-02812,Selangor,Agriculture,Urban,Leasehold,11440,3747,2,3464000,519600,8000,3991600
CASE-2026-NW-02813,Perak,Agriculture,Urban,Leasehold,8559,5809,32,2881000,432200,8000,3321200
CASE-2026-NW-02814,Kelantan,Building,Urban,Leasehold,2157,1820,14,5377000,806600,8000,6191600
CASE-2026-NW-02815,Wilayah Persekutuan Kuala Lumpur,Agriculture,Rural,Freehold,4355,1506,23,1060000,159000,8000,1227000
CASE-2026-NW-02816,Pulau Pinang,Building,Urban,Freehold,1566,706,6,3096000,464400,8000,3568400
CASE-2026-NW-02817,Wilayah Persekutuan Kuala Lumpur,Agriculture,Suburban,Leasehold,13007,8878,14,6335000,950200,8000,7293200
CASE-2026-NW-02818,Selangor,Building,Suburban,Freehold,1141,297,20,1286000,192900,8000,1486900
CASE-2026-NW-02819,Negeri Sembilan,Industry,Suburban,Leasehold,9759,2743,8,6625000,993800,8000,7626800
CASE-2026-NW-02820,Negeri Sembilan,Building,Urban,Leasehold,462,395,29,1148000,172200,8000,1328200
CASE-2026-NW-02821,Negeri Sembilan,Agriculture,Suburban,Freehold,8010,6768,23,3176000,476400,8000,3660400
CASE-2026-NW-02822,Sabah,Agriculture,Rural,Leasehold,9100,6261,34,2195000,329200,8000,2532200
CASE-2026-NW-02823,Kedah,Building,Suburban,Freehold,2218,1733,13,4538000,680700,8000,5226700
CASE-2026-NW-02824,Wilayah Persekutuan Labuan,Building,Suburban,Freehold,2346,1663,1,5933000,890000,8000,6831000
CASE-2026-NW-02825,Wilayah Persekutuan Kuala Lumpur,Building,Rural,Leasehold,1497,1198,9,3706000,555900,8000,4269900
CASE-2026-NW-02826,Johor,Building,Urban,Freehold,1489,1060,25,3996000,599400,8000,4603400
CASE-2026-NW-02827,Selangor,Agriculture,Suburban,Freehold,3775,2783,5,1925000,288800,8000,2221800
CASE-2026-NW-02828,Perak,Building,Urban,Leasehold,619,392,16,1227000,184000,8000,1419000
CASE-2026-NW-02829,Sabah,Building,Suburban,Malay Reserve,713,448,12,1101000,165200,8000,1274200
CASE-2026-NW-02830,Selangor,Agriculture,Suburban,Leasehold,2169,545,18,427000,64000,8000,499000
CASE-2026-NW-02831,Pulau Pinang,Building,Suburban,Leasehold,376,270,8,965000,144800,8000,1117800
CASE-2026-NW-02832,Kedah,Building,Rural,Freehold,784,418,8,1175000,176200,8000,1359200
CASE-2026-NW-02833,Pahang,Building,Rural,Leasehold,1503,1323,30,2604000,390600,8000,3002600
CASE-2026-NW-02834,Selangor,Building,Rural,Leasehold,969,743,20,2304000,345600,8000,2657600
CASE-2026-NW-02835,Negeri Sembilan,Building,Suburban,Freehold,2773,1197,14,3405000,510800,8000,3923800
CASE-2026-NW-02836,Pulau Pinang,Building,Suburban,Freehold,2447,674,12,2938000,440700,8000,3386700
CASE-2026-NW-02837,Johor,Building,Rural,Freehold,2651,1627,8,4387000,658000,8000,5053000
CASE-2026-NW-02838,Melaka,Building,Suburban,Freehold,2033,687,10,2406000,360900,8000,2774900
CASE-2026-NW-02839,Kedah,Building,Urban,Freehold,1036,876,23,2521000,378200,8000,2907200
CASE-2026-NW-02840,Wilayah Persekutuan Putrajaya,Building,Urban,Freehold,1450,659,36,2630000,394500,8000,3032500
CASE-2026-NW-02841,Kedah,Agriculture,Suburban,Leasehold,3544,2255,9,1095000,164200,8000,1267200
CASE-2026-NW-02842,Selangor,Industry,Suburban,Leasehold,14595,13539,34,30962000,4644300,8000,35614300
CASE-2026-NW-02843,Johor,Agriculture,Urban,Leasehold,13751,5833,8,3963000,594400,8000,4565400
CASE-2026-NW-02844,Kelantan,Agriculture,Suburban,Freehold,13784,4818,4,2347000,352000,8000,2707000
CASE-2026-NW-02845,Selangor,Building,Suburban,Freehold,1806,1354,24,4749000,712400,8000,5469400
CASE-2026-NW-02846,Johor,Building,Suburban,Freehold,856,313,11,1152000,172800,8000,1332800
CASE-2026-NW-02847,Selangor,Agriculture,Suburban,Freehold,4751,1708,9,1397000,209600,8000,1614600
CASE-2026-NW-02848,Johor,Agriculture,Suburban,Freehold,11055,9637,25,5565000,834800,8000,6407800
CASE-2026-NW-02849,Melaka,Building,Urban,Freehold,2817,1169,1,4417000,662600,8000,5087600
CASE-2026-NW-02850,Johor,Industry,Suburban,Leasehold,11195,8814,28,19648000,2947200,8000,22603200
CASE-2026-NW-02851,Johor,Agriculture,Suburban,Freehold,19921,17561,13,10562000,1584300,8000,12154300
CASE-2026-NW-02852,Melaka,Agriculture,Suburban,Leasehold,19431,10711,3,6298000,944700,8000,7250700
CASE-2026-NW-02853,Pulau Pinang,Agriculture,Suburban,Leasehold,7130,2442,8,1725000,258800,8000,1991800
CASE-2026-NW-02854,Kedah,Agriculture,Rural,Freehold,9516,5024,19,1957000,293600,8000,2258600
CASE-2026-NW-02855,Wilayah Persekutuan Kuala Lumpur,Building,Urban,Leasehold,774,237,9,1257000,188600,8000,1453600
CASE-2026-NW-02856,Pulau Pinang,Building,Rural,Freehold,2948,1698,31,4856000,728400,8000,5592400
CASE-2026-NW-02857,Pulau Pinang,Building,Suburban,Freehold,2028,1001,6,3819000,572800,8000,4399800
CASE-2026-NW-02858,Selangor,Agriculture,Suburban,Freehold,11027,2622,1,2126000,318900,8000,2452900
CASE-2026-NW-02859,Johor,Agriculture,Suburban,Malay Reserve,6437,5786,21,3084000,462600,8000,3554600
CASE-2026-NW-02860,Melaka,Building,Suburban,Leasehold,2896,2667,13,7831000,1174600,8000,9013600
CASE-2026-NW-02861,Wilayah Persekutuan Kuala Lumpur,Building,Urban,Freehold,2638,1013,23,4968000,745200,8000,5721200
CASE-2026-NW-02862,Pulau Pinang,Building,Urban,Malay Reserve,2318,1639,21,5980000,897000,8000,6885000
CASE-2026-NW-02863,Terengganu,Building,Urban,Malay Reserve,2947,1108,31,2767000,415000,8000,3190000
CASE-2026-NW-02864,Kedah,Building,Rural,Freehold,1841,1659,27,3429000,514400,8000,3951400
CASE-2026-NW-02865,Melaka,Building,Suburban,Leasehold,704,368,33,972000,145800,8000,1125800
CASE-2026-NW-02866,Perak,Agriculture,Urban,Leasehold,3930,3389,37,1494000,224100,8000,1726100
CASE-2026-NW-02867,Melaka,Agriculture,Suburban,Leasehold,15683,10511,5,6126000,918900,8000,7052900
CASE-2026-NW-02868,Selangor,Building,Urban,Malay Reserve,1003,732,17,2928000,439200,8000,3375200
CASE-2026-NW-02869,Wilayah Persekutuan Kuala Lumpur,Agriculture,Urban,Freehold,18078,11433,13,11329000,1699400,8000,13036400
CASE-2026-NW-02870,Kelantan,Industry,Suburban,Leasehold,9661,4145,28,7811000,1171600,8000,8990600
CASE-2026-NW-02871,Pulau Pinang,Building,Urban,Freehold,2587,762,17,3505000,525800,8000,4038800
CASE-2026-NW-02872,Terengganu,Agriculture,Urban,Freehold,10757,6605,22,3451000,517600,8000,3976600
CASE-2026-NW-02873,Selangor,Agriculture,Rural,Freehold,15083,6968,13,4238000,635700,8000,4881700
CASE-2026-NW-02874,Pulau Pinang,Building,Urban,Freehold,2796,1100,22,4919000,737800,8000,5664800
CASE-2026-NW-02875,Sarawak,Building,Rural,Freehold,741,359,30,858000,128700,8000,994700
CASE-2026-NW-02876,Kelantan,Building,Suburban,Leasehold,1144,361,32,788000,118200,8000,914200
CASE-2026-NW-02877,Kedah,Industry,Suburban,Leasehold,4026,1989,10,4605000,690800,8000,5303800
CASE-2026-NW-02878,Selangor,Building,Suburban,Freehold,454,419,38,1317000,197600,8000,1522600
CASE-2026-NW-02879,Johor,Building,Rural,Leasehold,187,146,30,365000,54800,8000,427800
CASE-2026-NW-02880,Terengganu,Agriculture,Urban,Freehold,17963,14211,12,7381000,1107200,8000,8496200
CASE-2026-NW-02881,Selangor,Building,Rural,Malay Reserve,2550,943,23,2945000,441800,8000,3394800
CASE-2026-NW-02882,Pulau Pinang,Agriculture,Suburban,Freehold,15925,7299,11,5425000,813800,8000,6246800
CASE-2026-NW-02883,Pahang,Industry,Urban,Freehold,21481,13635,8,36434000,5465100,8000,41907100
CASE-2026-NW-02884,Melaka,Building,Rural,Freehold,705,417,34,974000,146100,8000,1128100
CASE-2026-NW-02885,Terengganu,Building,Urban,Leasehold,241,147,16,385000,57800,8000,450800
CASE-2026-NW-02886,Johor,Agriculture,Rural,Freehold,5634,4012,12,1988000,298200,8000,2294200
CASE-2026-NW-02887,Negeri Sembilan,Industry,Suburban,Freehold,13110,10952,3,23715000,3557200,8000,27280200
CASE-2026-NW-02888,Wilayah Persekutuan Kuala Lumpur,Building,Urban,Leasehold,2540,1788,2,8757000,1313600,8000,10078600
CASE-2026-NW-02889,Wilayah Persekutuan Labuan,Building,Suburban,Leasehold,2827,1199,5,3648000,547200,8000,4203200
CASE-2026-NW-02890,Selangor,Agriculture,Urban,Freehold,4502,1497,39,1339000,200800,8000,1547800
CASE-2026-NW-02891,Kelantan,Agriculture,Urban,Leasehold,15928,7884,38,3809000,571400,8000,4388400
CASE-2026-NW-02892,Kelantan,Agriculture,Urban,Leasehold,14476,10868,5,5868000,880200,8000,6756200
CASE-2026-NW-02893,Selangor,Building,Suburban,Freehold,2731,2529,39,7672000,1150800,8000,8830800
CASE-2026-NW-02894,Kedah,Building,Rural,Freehold,347,244,35,499000,74800,8000,581800
CASE-2026-NW-02895,Kedah,Building,Rural,Freehold,1893,964,9,2674000,401100,8000,3083100
CASE-2026-NW-02896,Kelantan,Agriculture,Urban,Malay Reserve,5500,2782,39,1220000,183000,8000,1411000
CASE-2026-NW-02897,Kedah,Building,Rural,Freehold,1383,672,20,1745000,261800,8000,2014800
CASE-2026-NW-02898,Wilayah Persekutuan Kuala Lumpur,Agriculture,Rural,Leasehold,11273,4387,13,2908000,436200,8000,3352200
CASE-2026-NW-02899,Johor,Building,Rural,Freehold,857,686,10,2080000,312000,8000,2400000
CASE-2026-NW-02900,Selangor,Building,Suburban,Freehold,1984,1680,13,6305000,945800,8000,7258800
CASE-2026-NW-02901,Wilayah Persekutuan Putrajaya,Agriculture,Suburban,Malay Reserve,10872,8189,36,4712000,706800,8000,5426800
CASE-2026-NW-02902,Terengganu,Agriculture,Urban,Leasehold,5762,3933,2,2047000,307000,8000,2362000
CASE-2026-NW-02903,Kedah,Industry,Rural,Freehold,17850,6299,3,12913000,1937000,8000,14858000
CASE-2026-NW-02904,Kedah,Agriculture,Rural,Freehold,11439,9671,38,3552000,532800,8000,4092800
CASE-2026-NW-02905,Kelantan,Building,Suburban,Leasehold,639,464,31,1085000,162800,8000,1255800
CASE-2026-NW-02906,Wilayah Persekutuan Labuan,Building,Suburban,Freehold,680,536,12,1433000,215000,8000,1656000
CASE-2026-NW-02907,Pulau Pinang,Agriculture,Suburban,Leasehold,6399,4271,6,2969000,445400,8000,3422400
CASE-2026-NW-02908,Selangor,Building,Suburban,Leasehold,795,414,14,1674000,251100,8000,1933100
CASE-2026-NW-02909,Johor,Building,Rural,Freehold,541,286,36,771000,115600,8000,894600
CASE-2026-NW-02910,Melaka,Agriculture,Rural,Malay Reserve,18450,10327,4,5026000,753900,8000,5787900
CASE-2026-NW-02911,Kelantan,Agriculture,Rural,Freehold,16407,6422,30,2288000,343200,8000,2639200
CASE-2026-NW-02912,Pahang,Building,Rural,Freehold,2647,1548,19,3621000,543200,8000,4172200
CASE-2026-NW-02913,Melaka,Agriculture,Urban,Freehold,12017,2585,26,1904000,285600,8000,2197600
CASE-2026-NW-02914,Selangor,Agriculture,Rural,Freehold,12180,8641,39,4834000,725100,8000,5567100
CASE-2026-NW-02915,Selangor,Building,Rural,Malay Reserve,242,197,10,618000,92700,8000,718700
CASE-2026-NW-02916,Negeri Sembilan,Agriculture,Suburban,Leasehold,10878,4834,37,2377000,356600,8000,2741600
CASE-2026-NW-02917,Selangor,Building,Rural,Leasehold,174,151,34,377000,56600,8000,441600
CASE-2026-NW-02918,Perak,Building,Urban,Freehold,1923,936,4,3033000,455000,8000,3496000
CASE-2026-NW-02919,Johor,Industry,Suburban,Leasehold,8131,2751,26,6777000,1016600,8000,7801600
CASE-2026-NW-02920,Selangor,Building,Suburban,Freehold,227,148,8,572000,85800,8000,665800
CASE-2026-NW-02921,Negeri Sembilan,Agriculture,Rural,Freehold,6923,2342,1,1207000,181000,8000,1396000
CASE-2026-NW-02922,Melaka,Agriculture,Rural,Freehold,13455,3062,10,1628000,244200,8000,1880200
CASE-2026-NW-02923,Selangor,Agriculture,Urban,Leasehold,4006,2963,1,2295000,344200,8000,2647200
CASE-2026-NW-02924,Melaka,Building,Suburban,Freehold,1816,1262,30,3546000,531900,8000,4085900
CASE-2026-NW-02925,Selangor,Building,Urban,Freehold,246,100,22,453000,68000,8000,529000
CASE-2026-NW-02926,Negeri Sembilan,Building,Urban,Leasehold,1767,1060,29,3291000,493600,8000,3792600
CASE-2026-NW-02927,Selangor,Industry,Rural,Freehold,19682,7361,28,17858000,2678700,8000,20544700
CASE-2026-NW-02928,Pahang,Building,Urban,Leasehold,308,269,16,774000,116100,8000,898100
CASE-2026-NW-02929,Perak,Agriculture,Urban,Leasehold,16594,14286,17,6908000,1036200,8000,7952200
CASE-2026-NW-02930,Kelantan,Agriculture,Urban,Freehold,2048,1731,37,831000,124600,8000,963600
CASE-2026-NW-02931,Kelantan,Building,Rural,Freehold,2945,2103,24,4421000,663200,8000,5092200
CASE-2026-NW-02932,Selangor,Agriculture,Suburban,Freehold,18114,14383,4,10567000,1585000,8000,12160000
CASE-2026-NW-02933,Pulau Pinang,Agriculture,Suburban,Freehold,4770,3709,34,2355000,353200,8000,2716200
CASE-2026-NW-02934,Selangor,Building,Suburban,Malay Reserve,1903,1056,4,4153000,623000,8000,4784000
CASE-2026-NW-02935,Kelantan,Industry,Urban,Leasehold,15834,10827,38,18983000,2847400,8000,21838400
CASE-2026-NW-02936,Pulau Pinang,Agriculture,Urban,Leasehold,9929,8670,29,5786000,867900,8000,6661900
CASE-2026-NW-02937,Johor,Building,Suburban,Malay Reserve,631,481,12,1528000,229200,8000,1765200
CASE-2026-NW-02938,Perak,Industry,Urban,Freehold,15374,5008,4,13617000,2042600,8000,15667600
CASE-2026-NW-02939,Wilayah Persekutuan Labuan,Building,Rural,Freehold,961,548,33,1292000,193800,8000,1493800
CASE-2026-NW-02940,Pulau Pinang,Agriculture,Rural,Leasehold,13108,8886,24,4507000,676000,8000,5191000
CASE-2026-NW-02941,Pulau Pinang,Building,Urban,Leasehold,2834,735,14,3360000,504000,8000,3872000
CASE-2026-NW-02942,Negeri Sembilan,Building,Suburban,Leasehold,2681,1774,1,5298000,794700,8000,6100700
CASE-2026-NW-02943,Wilayah Persekutuan Kuala Lumpur,Building,Urban,Freehold,973,368,39,1697000,254600,8000,1959600
CASE-2026-NW-02944,Wilayah Persekutuan Kuala Lumpur,Agriculture,Suburban,Leasehold,17315,13858,17,9401000,1410200,8000,10819200
CASE-2026-NW-02945,Sarawak,Building,Rural,Freehold,1404,1048,20,2565000,384800,8000,2957800
CASE-2026-NW-02946,Selangor,Agriculture,Rural,Freehold,15459,8176,39,4761000,714200,8000,5483200
CASE-2026-NW-02947,Selangor,Agriculture,Urban,Freehold,19564,8524,12,7977000,1196600,8000,9181600
CASE-2026-NW-02948,Wilayah Persekutuan Kuala Lumpur,Agriculture,Rural,Freehold,18997,7466,21,5165000,774800,8000,5947800
CASE-2026-NW-02949,Sarawak,Industry,Suburban,Leasehold,1517,1078,28,2156000,323400,8000,2487400
CASE-2026-NW-02950,Melaka,Agriculture,Suburban,Freehold,2986,1887,22,1048000,157200,8000,1213200
CASE-2026-NW-02951,Melaka,Agriculture,Rural,Malay Reserve,13488,9028,25,3369000,505400,8000,3882400
CASE-2026-NW-02952,Johor,Agriculture,Suburban,Freehold,12253,3820,19,2427000,364000,8000,2799000
CASE-2026-NW-02953,Pulau Pinang,Building,Suburban,Freehold,1903,733,35,2631000,394600,8000,3033600
CASE-2026-NW-02954,Wilayah Persekutuan Kuala Lumpur,Agriculture,Suburban,Malay Reserve,7211,2199,23,1738000,260700,8000,2006700
CASE-2026-NW-02955,Wilayah Persekutuan Kuala Lumpur,Building,Urban,Freehold,1447,766,21,3723000,558400,8000,4289400
CASE-2026-NW-02956,Terengganu,Agriculture,Suburban,Leasehold,4160,2498,6,1090000,163500,8000,1261500
CASE-2026-NW-02957,Negeri Sembilan,Agriculture,Suburban,Leasehold,9439,8290,21,3895000,584200,8000,4487200
CASE-2026-NW-02958,Pahang,Agriculture,Rural,Leasehold,5520,4040,30,1435000,215200,8000,1658200
CASE-2026-NW-02959,Pahang,Building,Rural,Leasehold,690,330,2,844000,126600,8000,978600
CASE-2026-NW-02960,Selangor,Building,Urban,Malay Reserve,1896,1051,10,4666000,699900,8000,5373900
CASE-2026-NW-02961,Pahang,Agriculture,Suburban,Leasehold,9272,3836,1,1951000,292600,8000,2251600
CASE-2026-NW-02962,Sarawak,Agriculture,Rural,Freehold,17092,6183,21,2942000,441300,8000,3391300
CASE-2026-NW-02963,Pulau Pinang,Agriculture,Urban,Freehold,13723,3794,36,3236000,485400,8000,3729400
CASE-2026-NW-02964,Johor,Agriculture,Suburban,Freehold,19731,8376,4,5808000,871200,8000,6687200
CASE-2026-NW-02965,Wilayah Persekutuan Putrajaya,Building,Urban,Leasehold,1371,683,6,3176000,476400,8000,3660400
CASE-2026-NW-02966,Selangor,Building,Suburban,Leasehold,2743,1663,24,6284000,942600,8000,7234600
CASE-2026-NW-02967,Selangor,Agriculture,Urban,Leasehold,18930,14966,30,11345000,1701800,8000,13054800
CASE-2026-NW-02968,Selangor,Agriculture,Urban,Leasehold,16137,13128,12,10886000,1632900,8000,12526900
CASE-2026-NW-02969,Negeri Sembilan,Building,Suburban,Malay Reserve,200,110,17,308000,46200,8000,362200
CASE-2026-NW-02970,Selangor,Agriculture,Suburban,Freehold,16404,6316,35,4651000,697600,8000,5356600
CASE-2026-NW-02971,Melaka,Building,Urban,Freehold,2056,1630,21,5468000,820200,8000,6296200
CASE-2026-NW-02972,Kedah,Building,Urban,Freehold,1733,476,4,1675000,251200,8000,1934200
CASE-2026-NW-02973,Wilayah Persekutuan Kuala Lumpur,Building,Rural,Leasehold,2087,1391,22,4378000,656700,8000,5042700
CASE-2026-NW-02974,Negeri Sembilan,Building,Rural,Freehold,207,145,38,312000,46800,8000,366800
CASE-2026-NW-02975,Johor,Building,Suburban,Freehold,667,627,26,1825000,273800,8000,2106800
CASE-2026-NW-02976,Pulau Pinang,Building,Suburban,Leasehold,2499,1731,6,5786000,867900,8000,6661900
CASE-2026-NW-02977,Wilayah Persekutuan Kuala Lumpur,Building,Urban,Freehold,2419,1419,30,6325000,948800,8000,7281800
CASE-2026-NW-02978,Terengganu,Industry,Suburban,Freehold,17331,6047,9,13998000,2099700,8000,16105700
CASE-2026-NW-02979,Kedah,Building,Suburban,Freehold,881,674,25,1779000,266800,8000,2053800
CASE-2026-NW-02980,Pahang,Building,Suburban,Freehold,1437,1057,21,2918000,437700,8000,3363700
CASE-2026-NW-02981,Wilayah Persekutuan Kuala Lumpur,Agriculture,Rural,Freehold,14712,6272,12,4440000,666000,8000,5114000
CASE-2026-NW-02982,Selangor,Agriculture,Rural,Leasehold,17900,6404,21,3881000,582200,8000,4471200
CASE-2026-NW-02983,Wilayah Persekutuan Kuala Lumpur,Agriculture,Urban,Freehold,3166,2587,37,2255000,338200,8000,2601200
CASE-2026-NW-02984,Pulau Pinang,Industry,Rural,Leasehold,2409,1062,34,2081000,312200,8000,2401200
CASE-2026-NW-02985,Johor,Building,Urban,Freehold,1446,1337,33,4507000,676000,8000,5191000
CASE-2026-NW-02986,Perak,Agriculture,Suburban,Leasehold,3922,2918,4,1379000,206800,8000,1593800
CASE-2026-NW-02987,Melaka,Agriculture,Rural,Freehold,7013,1936,20,901000,135200,8000,1044200
CASE-2026-NW-02988,Selangor,Agriculture,Suburban,Leasehold,9141,5958,29,4186000,627900,8000,4821900
CASE-2026-NW-02989,Johor,Industry,Urban,Freehold,21795,15678,14,45724000,6858600,8000,52590600
CASE-2026-NW-02990,Kelantan,Agriculture,Rural,Leasehold,11559,6362,7,2720000,408000,8000,3136000
CASE-2026-NW-02991,Kedah,Building,Suburban,Leasehold,2936,2294,16,6408000,961200,8000,7377200
CASE-2026-NW-02992,Pulau Pinang,Agriculture,Suburban,Leasehold,17807,13507,1,8827000,1324000,8000,10159000
CASE-2026-NW-02993,Pulau Pinang,Building,Suburban,Freehold,2814,2310,6,9270000,1390500,8000,10668500
CASE-2026-NW-02994,Selangor,Agriculture,Suburban,Leasehold,9974,4070,32,2826000,423900,8000,3257900
CASE-2026-NW-02995,Wilayah Persekutuan Kuala Lumpur,Agriculture,Urban,Freehold,4318,1122,24,1171000,175600,8000,1354600
CASE-2026-NW-02996,Selangor,Industry,Urban,Freehold,9999,7267,33,22577000,3386600,8000,25971600
CASE-2026-NW-02997,Negeri Sembilan,Building,Urban,Freehold,1631,641,16,2414000,362100,8000,2784100
CASE-2026-NW-02998,Wilayah Persekutuan Kuala Lumpur,Building,Suburban,Leasehold,2120,1878,24,6443000,966400,8000,7417400
CASE-2026-NW-02999,Perak,Agriculture,Urban,Freehold,19234,5573,2,3816000,572400,8000,4396400
CASE-2026-NW-03000,Perak,Building,Suburban,Leasehold,2027,1308,16,3592000,538800,8000,4138800
CASE-2026-NW-03001,Wilayah Persekutuan Kuala Lumpur,Agriculture,Urban,Leasehold,15944,3749,0,3885000,582800,8000,4475800
CASE-2026-NW-03002,Terengganu,Building,Urban,Malay Reserve,1980,1275,4,4019000,602800,8000,4629800
CASE-2026-NW-03003,Terengganu,Industry,Rural,Freehold,14542,12951,32,19655000,2948200,8000,22611200
CASE-2026-NW-03004,Perak,Building,Suburban,Freehold,1955,1753,9,4610000,691500,8000,5309500
CASE-2026-NW-03005,Johor,Agriculture,Rural,Freehold,4224,3297,5,1773000,266000,8000,2047000
CASE-2026-NW-03006,Melaka,Building,Suburban,Leasehold,1034,936,25,2308000,346200,8000,2662200
CASE-2026-NW-03007,Selangor,Building,Suburban,Freehold,2657,1232,15,4782000,717300,8000,5507300
CASE-2026-NW-03008,Selangor,Building,Suburban,Leasehold,1170,980,29,3297000,494600,8000,3799600
CASE-2026-NW-03009,Pulau Pinang,Building,Rural,Freehold,1118,334,18,1002000,150300,8000,1160300
CASE-2026-NW-03010,Selangor,Agriculture,Urban,Freehold,16869,6790,15,6118000,917700,8000,7043700
CASE-2026-NW-03011,Wilayah Persekutuan Putrajaya,Agriculture,Urban,Freehold,8942,3415,16,2994000,449100,8000,3451100
CASE-2026-NW-03012,Pulau Pinang,Building,Urban,Leasehold,160,138,29,457000,68600,8000,533600
CASE-2026-NW-03013,Selangor,Building,Urban,Freehold,329,274,1,1205000,180800,8000,1393800
CASE-2026-NW-03014,Wilayah Persekutuan Kuala Lumpur,Agriculture,Rural,Freehold,5599,4989,10,3268000,490200,8000,3766200
CASE-2026-NW-03015,Selangor,Agriculture,Suburban,Leasehold,3282,712,21,570000,85500,8000,663500
CASE-2026-NW-03016,Terengganu,Building,Suburban,Freehold,2617,1929,38,4440000,666000,8000,5114000
CASE-2026-NW-03017,Perak,Building,Urban,Leasehold,2983,1052,38,2864000,429600,8000,3301600
CASE-2026-NW-03018,Perak,Building,Urban,Freehold,2567,2229,1,7099000,1064800,8000,8171800
CASE-2026-NW-03019,Pulau Pinang,Industry,Suburban,Leasehold,13814,10627,37,23615000,3542200,8000,27165200
CASE-2026-NW-03020,Wilayah Persekutuan Kuala Lumpur,Agriculture,Urban,Freehold,7664,6052,16,5543000,831400,8000,6382400
CASE-2026-NW-03021,Wilayah Persekutuan Kuala Lumpur,Industry,Suburban,Freehold,11333,4808,7,16387000,2458000,8000,18853000
CASE-2026-NW-03022,Pulau Pinang,Building,Suburban,Freehold,1552,619,20,2368000,355200,8000,2731200
CASE-2026-NW-03023,Wilayah Persekutuan Kuala Lumpur,Building,Urban,Freehold,2080,706,24,3605000,540800,8000,4153800
CASE-2026-NW-03024,Wilayah Persekutuan Kuala Lumpur,Building,Urban,Freehold,1798,1275,4,6603000,990400,8000,7601400
CASE-2026-NW-03025,Selangor,Building,Urban,Leasehold,1566,424,16,1952000,292800,8000,2252800
CASE-2026-NW-03026,Kedah,Building,Urban,Freehold,2574,2343,19,6370000,955500,8000,7333500
CASE-2026-NW-03027,Melaka,Building,Rural,Freehold,1647,748,7,2321000,348200,8000,2677200
CASE-2026-NW-03028,Selangor,Building,Suburban,Freehold,1087,824,32,2823000,423400,8000,3254400
CASE-2026-NW-03029,Perak,Agriculture,Suburban,Freehold,3624,2063,12,1058000,158700,8000,1224700
CASE-2026-NW-03030,Selangor,Building,Urban,Freehold,2690,2275,24,9291000,1393600,8000,10692600
CASE-2026-NW-03031,Wilayah Persekutuan Kuala Lumpur,Building,Suburban,Leasehold,2216,1462,12,6100000,915000,8000,7023000
CASE-2026-NW-03032,Selangor,Agriculture,Rural,Leasehold,11459,6642,28,3516000,527400,8000,4051400
CASE-2026-NW-03033,Wilayah Persekutuan Kuala Lumpur,Agriculture,Rural,Freehold,6923,3457,11,2328000,349200,8000,2685200
CASE-2026-NW-03034,Terengganu,Building,Urban,Leasehold,304,189,34,460000,69000,8000,537000
CASE-2026-NW-03035,Wilayah Persekutuan Kuala Lumpur,Agriculture,Suburban,Leasehold,15225,8738,11,6748000,1012200,8000,7768200
CASE-2026-NW-03036,Kelantan,Building,Suburban,Freehold,1444,1229,38,2640000,396000,8000,3044000
CASE-2026-NW-03037,Selangor,Agriculture,Suburban,Freehold,7041,3198,33,2351000,352600,8000,2711600
CASE-2026-NW-03038,Johor,Building,Suburban,Freehold,472,391,23,1191000,178600,8000,1377600
CASE-2026-NW-03039,Selangor,Agriculture,Rural,Leasehold,2681,1444,16,887000,133000,8000,1028000
CASE-2026-NW-03040,Kedah,Building,Urban,Freehold,811,474,22,1545000,231800,8000,1784800
CASE-2026-NW-03041,Pulau Pinang,Agriculture,Urban,Leasehold,13455,8874,2,6817000,1022600,8000,7847600
CASE-2026-NW-03042,Pulau Pinang,Building,Urban,Leasehold,2303,1368,34,5144000,771600,8000,5923600
CASE-2026-NW-03043,Selangor,Agriculture,Suburban,Malay Reserve,16666,10132,15,6350000,952500,8000,7310500
CASE-2026-NW-03044,Sarawak,Building,Rural,Leasehold,555,168,37,365000,54800,8000,427800
CASE-2026-NW-03045,Selangor,Building,Suburban,Freehold,722,573,6,2274000,341100,8000,2623100
CASE-2026-NW-03046,Kelantan,Agriculture,Urban,Malay Reserve,19117,16102,12,6690000,1003500,8000,7701500
CASE-2026-NW-03047,Perak,Agriculture,Urban,Freehold,9387,6084,24,3306000,495900,8000,3809900
CASE-2026-NW-03048,Johor,Building,Suburban,Freehold,2378,2108,14,6368000,955200,8000,7331200
CASE-2026-NW-03049,Negeri Sembilan,Industry,Suburban,Malay Reserve,4918,4519,30,7457000,1118600,8000,8583600
CASE-2026-NW-03050,Melaka,Agriculture,Suburban,Leasehold,14225,11515,16,5361000,804200,8000,6173200
CASE-2026-NW-03051,Johor,Agriculture,Suburban,Leasehold,7944,4837,29,2885000,432800,8000,3325800
CASE-2026-NW-03052,Johor,Building,Rural,Leasehold,1086,405,35,1028000,154200,8000,1190200
CASE-2026-NW-03053,Negeri Sembilan,Building,Suburban,Freehold,1472,1047,9,2968000,445200,8000,3421200
CASE-2026-NW-03054,Kelantan,Building,Urban,Freehold,193,70,25,200000,30000,8000,238000
CASE-2026-NW-03055,Pulau Pinang,Agriculture,Rural,Freehold,13367,11075,34,5412000,811800,8000,6231800
CASE-2026-NW-03056,Sabah,Building,Urban,Freehold,342,105,34,347000,52000,8000,407000
CASE-2026-NW-03057,Perlis,Agriculture,Rural,Leasehold,8894,3814,16,1322000,198300,8000,1528300
CASE-2026-NW-03058,Kelantan,Agriculture,Rural,Malay Reserve,2690,1651,30,479000,71800,8000,558800
CASE-2026-NW-03059,Melaka,Building,Suburban,Leasehold,2308,672,3,2272000,340800,8000,2620800
CASE-2026-NW-03060,Selangor,Building,Rural,Leasehold,821,704,1,2480000,372000,8000,2860000
CASE-2026-NW-03061,Selangor,Building,Rural,Leasehold,2655,1511,23,4342000,651300,8000,5001300
CASE-2026-NW-03062,Melaka,Building,Suburban,Leasehold,2823,2376,31,6127000,919000,8000,7054000
CASE-2026-NW-03063,Kelantan,Agriculture,Rural,Leasehold,15397,7399,11,3013000,452000,8000,3473000
CASE-2026-NW-03064,Sarawak,Building,Rural,Malay Reserve,1974,504,32,1043000,156400,8000,1207400
CASE-2026-NW-03065,Perlis,Building,Rural,Freehold,2784,2047,19,4212000,631800,8000,4851800
CASE-2026-NW-03066,Selangor,Building,Suburban,Freehold,2011,677,39,2564000,384600,8000,2956600
CASE-2026-NW-03067,Sabah,Building,Rural,Leasehold,1584,1147,8,2970000,445500,8000,3423500
CASE-2026-NW-03068,Perak,Agriculture,Rural,Leasehold,5268,1378,13,591000,88600,8000,687600
CASE-2026-NW-03069,Kelantan,Industry,Suburban,Freehold,3316,1127,6,2579000,386800,8000,2973800
CASE-2026-NW-03070,Pulau Pinang,Building,Rural,Leasehold,415,259,38,664000,99600,8000,771600
CASE-2026-NW-03071,Selangor,Building,Suburban,Malay Reserve,2676,1033,34,3464000,519600,8000,3991600
CASE-2026-NW-03072,Sabah,Agriculture,Suburban,Freehold,7274,6128,19,2844000,426600,8000,3278600
CASE-2026-NW-03073,Kelantan,Industry,Suburban,Leasehold,14171,12117,23,19806000,2970900,8000,22784900
CASE-2026-NW-03074,Selangor,Agriculture,Urban,Freehold,5393,2968,15,2589000,388400,8000,2985400
CASE-2026-NW-03075,Pahang,Building,Urban,Freehold,545,452,9,1319000,197800,8000,1524800
CASE-2026-NW-03076,Wilayah Persekutuan Kuala Lumpur,Building,Suburban,Leasehold,1530,1151,8,4664000,699600,8000,5371600
CASE-2026-NW-03077,Selangor,Agriculture,Urban,Leasehold,12706,6043,1,5308000,796200,8000,6112200
CASE-2026-NW-03078,Melaka,Building,Urban,Leasehold,1689,640,25,2104000,315600,8000,2427600
CASE-2026-NW-03079,Perak,Agriculture,Rural,Leasehold,18208,8077,21,3116000,467400,8000,3591400
CASE-2026-NW-03080,Melaka,Industry,Urban,Freehold,8810,6946,7,18715000,2807200,8000,21530200
CASE-2026-NW-03081,Negeri Sembilan,Building,Urban,Freehold,1595,656,7,2343000,351400,8000,2702400
CASE-2026-NW-03082,Sabah,Building,Suburban,Leasehold,1813,847,4,2496000,374400,8000,2878400
CASE-2026-NW-03083,Pulau Pinang,Building,Urban,Leasehold,2579,878,29,3609000,541400,8000,4158400
CASE-2026-NW-03084,Johor,Agriculture,Suburban,Leasehold,14340,12402,19,6927000,1039000,8000,7974000
CASE-2026-NW-03085,Perlis,Building,Urban,Freehold,279,264,12,728000,109200,8000,845200
CASE-2026-NW-03086,Melaka,Building,Urban,Malay Reserve,2247,710,15,2345000,351800,8000,2704800
CASE-2026-NW-03087,Negeri Sembilan,Agriculture,Suburban,Leasehold,7488,3971,17,2036000,305400,8000,2349400
CASE-2026-NW-03088,Johor,Building,Rural,Leasehold,2310,725,1,2473000,371000,8000,2852000
CASE-2026-NW-03089,Selangor,Industry,Suburban,Freehold,2866,2617,15,7471000,1120600,8000,8599600
CASE-2026-NW-03090,Perak,Agriculture,Urban,Leasehold,18971,9141,12,4742000,711300,8000,5461300
CASE-2026-NW-03091,Sabah,Agriculture,Suburban,Malay Reserve,8092,4729,34,2136000,320400,8000,2464400
CASE-2026-NW-03092,Perak,Building,Urban,Freehold,440,333,14,931000,139600,8000,1078600
CASE-2026-NW-03093,Pulau Pinang,Building,Urban,Freehold,2078,662,13,2909000,436400,8000,3353400
CASE-2026-NW-03094,Sarawak,Agriculture,Rural,Leasehold,5144,2543,28,1012000,151800,8000,1171800
CASE-2026-NW-03095,Johor,Building,Suburban,Leasehold,1733,782,2,2742000,411300,8000,3161300
CASE-2026-NW-03096,Kedah,Building,Suburban,Malay Reserve,2808,1710,7,4705000,705800,8000,5418800
CASE-2026-NW-03097,Pahang,Agriculture,Urban,Freehold,5486,1233,23,765000,114800,8000,887800
CASE-2026-NW-03098,Wilayah Persekutuan Kuala Lumpur,Agriculture,Rural,Leasehold,10940,9711,31,5009000,751400,8000,5768400
CASE-2026-NW-03099,Terengganu,Building,Suburban,Freehold,1382,1173,32,2415000,362200,8000,2785200
CASE-2026-NW-03100,Melaka,Agriculture,Suburban,Leasehold,17437,13422,0,7410000,1111500,8000,8529500
CASE-2026-NW-03101,Johor,Agriculture,Urban,Freehold,17410,6414,13,5075000,761200,8000,5844200
CASE-2026-NW-03102,Terengganu,Agriculture,Rural,Leasehold,4670,3763,30,1322000,198300,8000,1528300
CASE-2026-NW-03103,Johor,Agriculture,Urban,Freehold,13557,8112,38,5734000,860100,8000,6602100
CASE-2026-NW-03104,Pulau Pinang,Building,Urban,Freehold,2689,1635,27,6252000,937800,8000,7197800
CASE-2026-NW-03105,Perlis,Industry,Urban,Freehold,14868,6974,18,17285000,2592800,8000,19885800
CASE-2026-NW-03106,Selangor,Building,Urban,Freehold,2980,2780,27,10809000,1621400,8000,12438400
CASE-2026-NW-03107,Pahang,Agriculture,Rural,Leasehold,9654,7894,5,3342000,501300,8000,3851300
CASE-2026-NW-03108,Pulau Pinang,Building,Rural,Leasehold,323,148,22,470000,70500,8000,548500
CASE-2026-NW-03109,Pahang,Agriculture,Suburban,Freehold,5897,1991,14,1140000,171000,8000,1319000
CASE-2026-NW-03110,Johor,Building,Suburban,Freehold,835,366,12,1219000,182800,8000,1409800
CASE-2026-NW-03111,Johor,Building,Urban,Leasehold,1300,878,36,2948000,442200,8000,3398200
CASE-2026-NW-03112,Kelantan,Agriculture,Rural,Leasehold,19619,15538,31,4641000,696200,8000,5345200
CASE-2026-NW-03113,Pulau Pinang,Industry,Rural,Leasehold,17833,12014,24,23406000,3510900,8000,26924900
CASE-2026-NW-03114,Perak,Agriculture,Suburban,Leasehold,7463,2882,21,1456000,218400,8000,1682400
CASE-2026-NW-03115,Melaka,Building,Suburban,Freehold,2281,2125,10,6414000,962100,8000,7384100
CASE-2026-NW-03116,Perak,Building,Suburban,Freehold,1155,1028,7,3106000,465900,8000,3579900
CASE-2026-NW-03117,Negeri Sembilan,Agriculture,Urban,Freehold,15611,5510,33,3518000,527700,8000,4053700
CASE-2026-NW-03118,Sarawak,Building,Rural,Freehold,1147,830,39,1777000,266600,8000,2051600
CASE-2026-NW-03119,Kedah,Agriculture,Rural,Freehold,5904,4552,20,1625000,243800,8000,1876800
CASE-2026-NW-03120,Melaka,Building,Urban,Freehold,2623,1338,30,4446000,666900,8000,5120900
CASE-2026-NW-03121,Wilayah Persekutuan Kuala Lumpur,Building,Urban,Leasehold,349,278,31,1082000,162300,8000,1252300
CASE-2026-NW-03122,Johor,Building,Suburban,Freehold,1883,1664,4,5883000,882400,8000,6773400
CASE-2026-NW-03123,Johor,Agriculture,Rural,Freehold,14682,6137,28,3145000,471800,8000,3624800
CASE-2026-NW-03124,Melaka,Building,Suburban,Freehold,1658,544,9,1696000,254400,8000,1958400
CASE-2026-NW-03125,Pahang,Building,Urban,Freehold,2296,721,37,2228000,334200,8000,2570200
CASE-2026-NW-03126,Wilayah Persekutuan Kuala Lumpur,Building,Urban,Freehold,646,241,33,1120000,168000,8000,1296000
CASE-2026-NW-03127,Kedah,Building,Suburban,Freehold,2237,1238,33,3109000,466400,8000,3583400
CASE-2026-NW-03128,Johor,Industry,Suburban,Freehold,14958,7386,8,21484000,3222600,8000,24714600
CASE-2026-NW-03129,Sabah,Agriculture,Suburban,Freehold,9123,5120,27,2499000,374800,8000,2881800
CASE-2026-NW-03130,Selangor,Agriculture,Suburban,Freehold,12801,2687,14,2275000,341200,8000,2624200
CASE-2026-NW-03131,Pahang,Agriculture,Suburban,Leasehold,4635,2612,20,1147000,172000,8000,1327000
CASE-2026-NW-03132,Pahang,Building,Suburban,Leasehold,821,726,27,1738000,260700,8000,2006700
CASE-2026-NW-03133,Kedah,Building,Urban,Freehold,2548,1980,35,5377000,806600,8000,6191600
CASE-2026-NW-03134,Selangor,Building,Rural,Freehold,1848,610,24,1891000,283600,8000,2182600
CASE-2026-NW-03135,Wilayah Persekutuan Kuala Lumpur,Agriculture,Rural,Freehold,11596,10130,13,6293000,944000,8000,7245000
CASE-2026-NW-03136,Perak,Building,Urban,Malay Reserve,790,437,19,1331000,199600,8000,1538600
CASE-2026-NW-03137,Kelantan,Building,Suburban,Freehold,1170,377,13,1079000,161800,8000,1248800
CASE-2026-NW-03138,Pulau Pinang,Agriculture,Rural,Leasehold,5439,4852,19,2464000,369600,8000,2841600
CASE-2026-NW-03139,Selangor,Building,Suburban,Freehold,333,298,28,1017000,152600,8000,1177600
CASE-2026-NW-03140,Sarawak,Agriculture,Urban,Malay Reserve,13815,7932,36,4209000,631400,8000,4848400
CASE-2026-NW-03141,Johor,Building,Suburban,Freehold,1977,762,27,2413000,362000,8000,2783000
CASE-2026-NW-03142,Kedah,Agriculture,Urban,Malay Reserve,8973,5572,25,2872000,430800,8000,3310800
CASE-2026-NW-03143,Selangor,Industry,Urban,Freehold,1865,1143,30,3745000,561800,8000,4314800
CASE-2026-NW-03144,Pulau Pinang,Building,Suburban,Freehold,2162,1027,29,3630000,544500,8000,4182500
CASE-2026-NW-03145,Kedah,Building,Rural,Freehold,2799,1875,24,4120000,618000,8000,4746000
CASE-2026-NW-03146,Kelantan,Agriculture,Rural,Freehold,5824,3796,14,1265000,189800,8000,1462800
CASE-2026-NW-03147,Kedah,Building,Rural,Freehold,238,122,21,274000,41100,8000,323100
CASE-2026-NW-03148,Johor,Building,Urban,Leasehold,2964,1041,19,3720000,558000,8000,4286000
CASE-2026-NW-03149,Perak,Agriculture,Suburban,Freehold,19898,8074,26,4091000,613600,8000,4712600
CASE-2026-NW-03150,Wilayah Persekutuan Kuala Lumpur,Agriculture,Suburban,Leasehold,2486,2153,9,1513000,227000,8000,1748000
CASE-2026-NW-03151,Selangor,Building,Rural,Freehold,408,201,36,586000,87900,8000,681900
CASE-2026-NW-03152,Pulau Pinang,Building,Suburban,Leasehold,1678,849,37,2818000,422700,8000,3248700
CASE-2026-NW-03153,Wilayah Persekutuan Kuala Lumpur,Building,Urban,Freehold,369,312,29,1386000,207900,8000,1601900
CASE-2026-NW-03154,Kedah,Building,Urban,Leasehold,2444,1877,35,4744000,711600,8000,5463600
CASE-2026-NW-03155,Selangor,Agriculture,Suburban,Leasehold,14913,4090,4,3019000,452800,8000,3479800
CASE-2026-NW-03156,Kedah,Agriculture,Rural,Leasehold,16466,10916,32,3740000,561000,8000,4309000
CASE-2026-NW-03157,Sarawak,Agriculture,Urban,Leasehold,14139,7113,21,4131000,619600,8000,4758600
CASE-2026-NW-03158,Selangor,Agriculture,Rural,Leasehold,3192,1047,6,701000,105200,8000,814200
CASE-2026-NW-03159,Selangor,Industry,Rural,Freehold,8190,5521,22,11830000,1774500,8000,13612500
CASE-2026-NW-03160,Perak,Agriculture,Rural,Freehold,4600,1950,24,791000,118600,8000,917600
CASE-2026-NW-03161,Wilayah Persekutuan Kuala Lumpur,Building,Urban,Freehold,2853,2526,36,10293000,1544000,8000,11845000
CASE-2026-NW-03162,Terengganu,Industry,Urban,Freehold,11113,7413,31,14777000,2216600,8000,17001600
CASE-2026-NW-03163,Pahang,Agriculture,Suburban,Freehold,3823,3366,34,1497000,224600,8000,1729600
CASE-2026-NW-03164,Selangor,Industry,Urban,Freehold,5214,2956,2,10896000,1634400,8000,12538400
CASE-2026-NW-03165,Kedah,Building,Urban,Freehold,2774,1292,29,3914000,587100,8000,4509100
CASE-2026-NW-03166,Pahang,Agriculture,Suburban,Leasehold,3018,2150,4,1123000,168400,8000,1299400
CASE-2026-NW-03167,Selangor,Building,Suburban,Freehold,660,516,37,1711000,256600,8000,1975600
CASE-2026-NW-03168,Kelantan,Building,Suburban,Malay Reserve,788,253,27,545000,81800,8000,634800
CASE-2026-NW-03169,Pulau Pinang,Building,Suburban,Leasehold,1722,1599,20,4906000,735900,8000,5649900
CASE-2026-NW-03170,Wilayah Persekutuan Kuala Lumpur,Agriculture,Suburban,Freehold,7421,6021,35,4406000,660900,8000,5074900
CASE-2026-NW-03171,Pahang,Agriculture,Urban,Freehold,5344,3957,14,2356000,353400,8000,2717400
CASE-2026-NW-03172,Sarawak,Industry,Suburban,Freehold,12600,7795,29,15958000,2393700,8000,18359700
CASE-2026-NW-03173,Pulau Pinang,Agriculture,Urban,Leasehold,16494,9617,22,7064000,1059600,8000,8131600
CASE-2026-NW-03174,Terengganu,Building,Urban,Malay Reserve,2919,1234,8,3513000,527000,8000,4048000
CASE-2026-NW-03175,Terengganu,Building,Suburban,Freehold,2202,1757,37,4115000,617200,8000,4740200
CASE-2026-NW-03176,Perak,Building,Rural,Freehold,2659,2394,11,5323000,798400,8000,6129400
CASE-2026-NW-03177,Melaka,Agriculture,Suburban,Leasehold,2467,2043,17,1049000,157400,8000,1214400
CASE-2026-NW-03178,Kelantan,Industry,Rural,Malay Reserve,1691,1215,5,2079000,311800,8000,2398800
CASE-2026-NW-03179,Pulau Pinang,Agriculture,Urban,Leasehold,8615,2327,17,1916000,287400,8000,2211400
CASE-2026-NW-03180,Pulau Pinang,Building,Suburban,Leasehold,2443,1710,33,5425000,813800,8000,6246800
CASE-2026-NW-03181,Kedah,Building,Urban,Malay Reserve,2695,2319,33,5627000,844000,8000,6479000
CASE-2026-NW-03182,Wilayah Persekutuan Labuan,Agriculture,Suburban,Freehold,2318,690,28,385000,57800,8000,450800
CASE-2026-NW-03183,Melaka,Industry,Rural,Freehold,16918,5573,15,12559000,1883800,8000,14450800
CASE-2026-NW-03184,Johor,Industry,Urban,Freehold,10210,5995,37,14843000,2226400,8000,17077400
CASE-2026-NW-03185,Selangor,Building,Urban,Freehold,2624,1310,35,5764000,864600,8000,6636600
CASE-2026-NW-03186,Terengganu,Building,Rural,Leasehold,2132,703,31,1309000,196400,8000,1513400
CASE-2026-NW-03187,Melaka,Agriculture,Suburban,Leasehold,3104,1893,13,1066000,159900,8000,1233900
CASE-2026-NW-03188,Johor,Agriculture,Suburban,Malay Reserve,19239,6025,23,3469000,520400,8000,3997400
CASE-2026-NW-03189,Johor,Agriculture,Urban,Leasehold,5535,1329,27,953000,143000,8000,1104000
CASE-2026-NW-03190,Selangor,Agriculture,Urban,Leasehold,2048,1732,35,1307000,196000,8000,1511000
CASE-2026-NW-03191,Selangor,Building,Suburban,Freehold,1905,834,4,3364000,504600,8000,3876600
CASE-2026-NW-03192,Selangor,Building,Suburban,Freehold,514,148,8,609000,91400,8000,708400
CASE-2026-NW-03193,Selangor,Agriculture,Suburban,Freehold,14562,8924,5,6597000,989600,8000,7594600
CASE-2026-NW-03194,Negeri Sembilan,Building,Suburban,Freehold,1291,720,1,2346000,351900,8000,2705900
CASE-2026-NW-03195,Johor,Agriculture,Urban,Leasehold,9708,8230,27,5229000,784400,8000,6021400
CASE-2026-NW-03196,Perak,Industry,Urban,Leasehold,17583,6084,22,14442000,2166300,8000,16616300
CASE-2026-NW-03197,Selangor,Building,Suburban,Freehold,1650,839,19,3266000,489900,8000,3763900
CASE-2026-NW-03198,Perak,Agriculture,Rural,Freehold,10377,3668,0,1510000,226500,8000,1744500
CASE-2026-NW-03199,Pulau Pinang,Industry,Suburban,Freehold,4070,3774,22,9536000,1430400,8000,10974400
CASE-2026-NW-03200,Pahang,Industry,Rural,Malay Reserve,22619,10518,31,15393000,2309000,8000,17710000
CASE-2026-NW-03201,Kedah,Agriculture,Urban,Freehold,9001,5378,35,2919000,437800,8000,3364800
CASE-2026-NW-03202,Selangor,Industry,Urban,Leasehold,4255,1360,22,4387000,658000,8000,5053000
CASE-2026-NW-03203,Sabah,Agriculture,Rural,Freehold,14359,8943,18,3653000,548000,8000,4209000
CASE-2026-NW-03204,Selangor,Agriculture,Rural,Freehold,15283,5804,22,3572000,535800,8000,4115800
CASE-2026-NW-03205,Selangor,Agriculture,Urban,Freehold,11073,5290,21,4985000,747800,8000,5740800
CASE-2026-NW-03206,Selangor,Building,Suburban,Freehold,388,157,33,610000,91500,8000,709500
CASE-2026-NW-03207,Selangor,Agriculture,Rural,Leasehold,3905,2686,35,1478000,221700,8000,1707700
CASE-2026-NW-03208,Selangor,Industry,Rural,Freehold,14249,10928,28,25399000,3809800,8000,29216800
CASE-2026-NW-03209,Perak,Building,Urban,Leasehold,2311,2065,12,5333000,800000,8000,6141000
CASE-2026-NW-03210,Pulau Pinang,Agriculture,Suburban,Freehold,5179,1978,35,1426000,213900,8000,1647900
CASE-2026-NW-03211,Johor,Building,Suburban,Freehold,1410,424,16,1571000,235600,8000,1814600
CASE-2026-NW-03212,Wilayah Persekutuan Kuala Lumpur,Agriculture,Urban,Malay Reserve,17742,13430,5,11374000,1706100,8000,13088100
CASE-2026-NW-03213,Negeri Sembilan,Agriculture,Suburban,Freehold,15803,5258,16,3166000,474900,8000,3648900
CASE-2026-NW-03214,Wilayah Persekutuan Labuan,Agriculture,Urban,Malay Reserve,18782,11092,3,6456000,968400,8000,7432400
CASE-2026-NW-03215,Wilayah Persekutuan Kuala Lumpur,Agriculture,Suburban,Malay Reserve,13408,4471,3,3719000,557800,8000,4284800
CASE-2026-NW-03216,Wilayah Persekutuan Kuala Lumpur,Agriculture,Rural,Freehold,17063,15186,3,9917000,1487600,8000,11412600
CASE-2026-NW-03217,Wilayah Persekutuan Kuala Lumpur,Agriculture,Rural,Leasehold,5973,3302,12,1958000,293700,8000,2259700
CASE-2026-NW-03218,Wilayah Persekutuan Kuala Lumpur,Agriculture,Urban,Leasehold,14462,7796,15,7247000,1087000,8000,8342000
CASE-2026-NW-03219,Pulau Pinang,Agriculture,Urban,Freehold,2193,1652,23,1312000,196800,8000,1516800
CASE-2026-NW-03220,Kelantan,Building,Suburban,Freehold,336,269,24,687000,103000,8000,798000
CASE-2026-NW-03221,Terengganu,Agriculture,Urban,Freehold,15593,4102,34,2294000,344100,8000,2646100
CASE-2026-NW-03222,Negeri Sembilan,Building,Suburban,Freehold,2488,2097,33,4912000,736800,8000,5656800
CASE-2026-NW-03223,Selangor,Building,Rural,Freehold,328,285,31,849000,127400,8000,984400
CASE-2026-NW-03224,Pulau Pinang,Agriculture,Suburban,Malay Reserve,18965,13422,18,7714000,1157100,8000,8879100
CASE-2026-NW-03225,Johor,Building,Suburban,Malay Reserve,1607,498,21,1658000,248700,8000,1914700
CASE-2026-NW-03226,Selangor,Agriculture,Rural,Leasehold,5267,2040,23,1193000,179000,8000,1380000
CASE-2026-NW-03227,Melaka,Agriculture,Urban,Freehold,14401,4094,5,3122000,468300,8000,3598300
CASE-2026-NW-03228,Selangor,Building,Rural,Leasehold,943,844,19,2404000,360600,8000,2772600
CASE-2026-NW-03229,Pulau Pinang,Building,Suburban,Freehold,1474,1366,13,4789000,718400,8000,5515400
CASE-2026-NW-03230,Perak,Agriculture,Suburban,Malay Reserve,6870,4305,32,1831000,274600,8000,2113600
CASE-2026-NW-03231,Terengganu,Building,Rural,Malay Reserve,246,104,36,202000,30300,8000,240300
CASE-2026-NW-03232,Pahang,Industry,Urban,Freehold,19705,17023,38,33620000,5043000,8000,38671000
CASE-2026-NW-03233,Selangor,Building,Urban,Freehold,1773,1304,24,5191000,778600,8000,5977600
CASE-2026-NW-03234,Pahang,Agriculture,Urban,Freehold,15506,5810,27,3381000,507200,8000,3896200
CASE-2026-NW-03235,Wilayah Persekutuan Kuala Lumpur,Building,Urban,Malay Reserve,2366,723,12,3536000,530400,8000,4074400
CASE-2026-NW-03236,Terengganu,Building,Urban,Freehold,169,139,23,367000,55000,8000,430000
CASE-2026-NW-03237,Kelantan,Building,Rural,Freehold,1218,821,15,1788000,268200,8000,2064200
CASE-2026-NW-03238,Johor,Building,Suburban,Freehold,1565,1063,21,3234000,485100,8000,3727100
CASE-2026-NW-03239,Selangor,Building,Rural,Freehold,1075,369,39,1099000,164800,8000,1271800
CASE-2026-NW-03240,Wilayah Persekutuan Kuala Lumpur,Building,Rural,Freehold,1584,1130,16,3982000,597300,8000,4587300
CASE-2026-NW-03241,Selangor,Building,Urban,Malay Reserve,2467,1896,3,7647000,1147000,8000,8802000
CASE-2026-NW-03242,Kelantan,Agriculture,Urban,Leasehold,19679,3961,14,2079000,311800,8000,2398800
CASE-2026-NW-03243,Kelantan,Building,Urban,Freehold,2466,1412,2,4351000,652600,8000,5011600
CASE-2026-NW-03244,Wilayah Persekutuan Kuala Lumpur,Agriculture,Suburban,Freehold,7764,2613,27,2237000,335600,8000,2580600
CASE-2026-NW-03245,Kedah,Industry,Suburban,Freehold,21856,11966,10,27206000,4080900,8000,31294900
CASE-2026-NW-03246,Terengganu,Building,Suburban,Freehold,2084,1913,2,5673000,851000,8000,6532000
CASE-2026-NW-03247,Melaka,Agriculture,Suburban,Freehold,15522,12869,0,7045000,1056800,8000,8109800
CASE-2026-NW-03248,Johor,Agriculture,Suburban,Freehold,14456,7090,8,4362000,654300,8000,5024300
CASE-2026-NW-03249,Selangor,Building,Suburban,Leasehold,2250,1155,5,4608000,691200,8000,5307200
CASE-2026-NW-03250,Johor,Industry,Urban,Malay Reserve,3899,3697,14,9195000,1379200,8000,10582200
CASE-2026-NW-03251,Selangor,Agriculture,Suburban,Freehold,16244,11966,0,8404000,1260600,8000,9672600
CASE-2026-NW-03252,Selangor,Building,Suburban,Freehold,2915,2604,9,10427000,1564000,8000,11999000
CASE-2026-NW-03253,Selangor,Agriculture,Suburban,Leasehold,3990,1342,17,1043000,156400,8000,1207400
CASE-2026-NW-03254,Sabah,Building,Rural,Freehold,1345,1255,37,2448000,367200,8000,2823200
CASE-2026-NW-03255,Perak,Building,Urban,Leasehold,248,167,29,473000,71000,8000,552000
CASE-2026-NW-03256,Selangor,Agriculture,Urban,Malay Reserve,4841,3811,17,2708000,406200,8000,3122200
CASE-2026-NW-03257,Kedah,Building,Urban,Freehold,1608,602,25,1775000,266200,8000,2049200
CASE-2026-NW-03258,Pulau Pinang,Agriculture,Urban,Leasehold,7106,4647,25,3515000,527200,8000,4050200
CASE-2026-NW-03259,Kelantan,Building,Suburban,Freehold,2412,872,7,2553000,383000,8000,2944000
CASE-2026-NW-03260,Johor,Building,Urban,Leasehold,1206,530,20,1901000,285200,8000,2194200
CASE-2026-NW-03261,Selangor,Building,Urban,Freehold,1951,1385,2,6757000,1013600,8000,7778600
CASE-2026-NW-03262,Wilayah Persekutuan Kuala Lumpur,Industry,Suburban,Leasehold,22752,15219,5,47756000,7163400,8000,54927400
CASE-2026-NW-03263,Johor,Building,Urban,Leasehold,885,692,12,2647000,397000,8000,3052000
CASE-2026-NW-03264,Terengganu,Building,Suburban,Leasehold,2520,630,8,1986000,297900,8000,2291900
CASE-2026-NW-03265,Terengganu,Agriculture,Suburban,Malay Reserve,15551,13194,29,5120000,768000,8000,5896000
CASE-2026-NW-03266,Perlis,Agriculture,Urban,Malay Reserve,16124,11288,12,5537000,830600,8000,6375600
CASE-2026-NW-03267,Johor,Building,Rural,Malay Reserve,589,426,12,1021000,153200,8000,1182200
CASE-2026-NW-03268,Selangor,Building,Suburban,Malay Reserve,2193,1187,9,4462000,669300,8000,5139300
CASE-2026-NW-03269,Negeri Sembilan,Building,Suburban,Leasehold,365,304,21,768000,115200,8000,891200
CASE-2026-NW-03270,Selangor,Building,Urban,Leasehold,1603,1508,25,5495000,824200,8000,6327200
CASE-2026-NW-03271,Wilayah Persekutuan Putrajaya,Building,Suburban,Freehold,1124,1058,6,3800000,570000,8000,4378000
CASE-2026-NW-03272,Terengganu,Industry,Urban,Freehold,11746,4575,12,11170000,1675500,8000,12853500
CASE-2026-NW-03273,Johor,Agriculture,Urban,Freehold,7356,4881,10,3473000,521000,8000,4002000
CASE-2026-NW-03274,Johor,Agriculture,Suburban,Malay Reserve,16554,10931,12,6324000,948600,8000,7280600
CASE-2026-NW-03275,Negeri Sembilan,Agriculture,Urban,Malay Reserve,17178,3917,27,2256000,338400,8000,2602400
CASE-2026-NW-03276,Johor,Building,Suburban,Leasehold,803,454,33,1381000,207200,8000,1596200
CASE-2026-NW-03277,Johor,Agriculture,Suburban,Freehold,7443,2639,38,1734000,260100,8000,2002100
CASE-2026-NW-03278,Wilayah Persekutuan Kuala Lumpur,Agriculture,Suburban,Leasehold,11198,9582,24,6821000,1023200,8000,7852200
CASE-2026-NW-03279,Johor,Agriculture,Suburban,Freehold,16854,4351,15,2983000,447400,8000,3438400
CASE-2026-NW-03280,Perak,Agriculture,Rural,Leasehold,14749,8951,5,3542000,531300,8000,4081300
CASE-2026-NW-03281,Pulau Pinang,Agriculture,Rural,Malay Reserve,8029,5838,28,2706000,405900,8000,3119900
CASE-2026-NW-03282,Pulau Pinang,Building,Suburban,Freehold,1864,1754,15,5823000,873400,8000,6704400
CASE-2026-NW-03283,Wilayah Persekutuan Kuala Lumpur,Building,Suburban,Freehold,2312,1178,5,5475000,821200,8000,6304200
CASE-2026-NW-03284,Pulau Pinang,Building,Rural,Freehold,2572,1040,19,3474000,521100,8000,4003100
CASE-2026-NW-03285,Kedah,Building,Suburban,Leasehold,1200,793,27,1769000,265400,8000,2042400
CASE-2026-NW-03286,Selangor,Building,Urban,Freehold,981,346,29,1502000,225300,8000,1735300
CASE-2026-NW-03287,Wilayah Persekutuan Kuala Lumpur,Building,Suburban,Freehold,809,404,35,1659000,248800,8000,1915800
CASE-2026-NW-03288,Pulau Pinang,Industry,Suburban,Freehold,8082,5235,1,16158000,2423700,8000,18589700
CASE-2026-NW-03289,Sarawak,Building,Suburban,Leasehold,782,578,14,1606000,240900,8000,1854900
CASE-2026-NW-03290,Kedah,Building,Rural,Freehold,2939,1154,15,3005000,450800,8000,3463800
CASE-2026-NW-03291,Pahang,Agriculture,Suburban,Leasehold,5228,2325,22,1204000,180600,8000,1392600
CASE-2026-NW-03292,Kedah,Building,Urban,Leasehold,1621,1022,36,2538000,380700,8000,2926700
CASE-2026-NW-03293,Kelantan,Building,Urban,Leasehold,2726,2114,37,5245000,786800,8000,6039800
CASE-2026-NW-03294,Pahang,Building,Urban,Leasehold,2302,2078,39,4803000,720400,8000,5531400
CASE-2026-NW-03295,Perak,Building,Urban,Freehold,2969,1948,29,5777000,866600,8000,6651600
CASE-2026-NW-03296,Selangor,Building,Suburban,Freehold,2294,2147,38,7079000,1061800,8000,8148800
CASE-2026-NW-03297,Perak,Agriculture,Urban,Freehold,5169,2054,6,1277000,191600,8000,1476600
CASE-2026-NW-03298,Pahang,Agriculture,Urban,Freehold,3313,2507,26,1295000,194200,8000,1497200
CASE-2026-NW-03299,Kedah,Building,Urban,Freehold,2664,2203,37,5665000,849800,8000,6522800
CASE-2026-NW-03300,Terengganu,Agriculture,Suburban,Malay Reserve,15848,4143,15,2049000,307400,8000,2364400
CASE-2026-NW-03301,Sarawak,Agriculture,Urban,Freehold,4494,4040,26,2319000,347800,8000,2674800
CASE-2026-NW-03302,Perak,Building,Urban,Leasehold,959,854,38,2062000,309300,8000,2379300
CASE-2026-NW-03303,Terengganu,Agriculture,Rural,Freehold,15869,8881,31,3144000,471600,8000,3623600
CASE-2026-NW-03304,Johor,Agriculture,Suburban,Leasehold,16976,6462,28,4095000,614200,8000,4717200
CASE-2026-NW-03305,Selangor,Agriculture,Suburban,Leasehold,2929,861,39,608000,91200,8000,707200
CASE-2026-NW-03306,Selangor,Building,Urban,Leasehold,1906,929,25,3950000,592500,8000,4550500
CASE-2026-NW-03307,Pulau Pinang,Building,Suburban,Malay Reserve,195,108,5,389000,58400,8000,455400
CASE-2026-NW-03308,Kedah,Building,Suburban,Leasehold,2960,921,6,2700000,405000,8000,3113000
CASE-2026-NW-03309,Perak,Building,Urban,Leasehold,745,573,36,1429000,214400,8000,1651400
CASE-2026-NW-03310,Perak,Agriculture,Rural,Freehold,7843,4314,34,1597000,239600,8000,1844600
CASE-2026-NW-03311,Pulau Pinang,Agriculture,Suburban,Freehold,15718,8236,11,6252000,937800,8000,7197800
CASE-2026-NW-03312,Pulau Pinang,Building,Suburban,Freehold,689,270,7,1043000,156400,8000,1207400
CASE-2026-NW-03313,Wilayah Persekutuan Kuala Lumpur,Agriculture,Urban,Freehold,10793,5572,37,5159000,773800,8000,5940800
CASE-2026-NW-03314,Wilayah Persekutuan Kuala Lumpur,Agriculture,Suburban,Leasehold,14009,5944,36,4684000,702600,8000,5394600
CASE-2026-NW-03315,Wilayah Persekutuan Kuala Lumpur,Building,Urban,Freehold,1717,734,16,3673000,551000,8000,4232000
CASE-2026-NW-03316,Sarawak,Agriculture,Urban,Malay Reserve,8014,6885,27,3437000,515600,8000,3960600
CASE-2026-NW-03317,Johor,Building,Suburban,Leasehold,2656,2205,20,6723000,1008400,8000,7739400
CASE-2026-NW-03318,Perak,Building,Urban,Freehold,1118,780,27,2154000,323100,8000,2485100
CASE-2026-NW-03319,Negeri Sembilan,Building,Urban,Leasehold,2309,1197,6,3802000,570300,8000,4380300
CASE-2026-NW-03320,Melaka,Building,Suburban,Freehold,448,421,21,1245000,186800,8000,1439800
CASE-2026-NW-03321,Selangor,Agriculture,Urban,Leasehold,14322,8602,21,7210000,1081500,8000,8299500
CASE-2026-NW-03322,Johor,Agriculture,Rural,Leasehold,6333,5388,12,2660000,399000,8000,3067000
CASE-2026-NW-03323,Pahang,Agriculture,Suburban,Malay Reserve,10433,4730,22,1991000,298600,8000,2297600
CASE-2026-NW-03324,Kelantan,Building,Urban,Freehold,248,82,6,269000,40400,8000,317400
CASE-2026-NW-03325,Kedah,Building,Rural,Freehold,567,199,24,476000,71400,8000,555400
CASE-2026-NW-03326,Kelantan,Industry,Urban,Leasehold,4895,1504,27,3187000,478000,8000,3673000
CASE-2026-NW-03327,Melaka,Agriculture,Urban,Leasehold,7154,2980,15,2084000,312600,8000,2404600
CASE-2026-NW-03328,Melaka,Agriculture,Urban,Leasehold,16327,10510,13,6819000,1022800,8000,7849800
CASE-2026-NW-03329,Pahang,Building,Rural,Freehold,409,175,29,353000,53000,8000,414000
CASE-2026-NW-03330,Perak,Building,Suburban,Freehold,1991,531,32,1342000,201300,8000,1551300
CASE-2026-NW-03331,Sarawak,Building,Rural,Leasehold,525,190,6,461000,69200,8000,538200
CASE-2026-NW-03332,Selangor,Building,Rural,Freehold,2952,1037,34,3373000,506000,8000,3887000
CASE-2026-NW-03333,Selangor,Building,Urban,Freehold,1411,391,7,2059000,308800,8000,2375800
CASE-2026-NW-03334,Johor,Building,Suburban,Leasehold,357,178,33,497000,74600,8000,579600
CASE-2026-NW-03335,Selangor,Building,Suburban,Leasehold,817,709,5,2551000,382600,8000,2941600
CASE-2026-NW-03336,Melaka,Industry,Suburban,Leasehold,3384,2695,20,5714000,857100,8000,6579100
CASE-2026-NW-03337,Pahang,Agriculture,Urban,Malay Reserve,16128,3589,37,1911000,286600,8000,2205600
CASE-2026-NW-03338,Pulau Pinang,Agriculture,Urban,Freehold,7389,4202,37,3353000,503000,8000,3864000
CASE-2026-NW-03339,Selangor,Building,Urban,Malay Reserve,943,381,11,1712000,256800,8000,1976800
CASE-2026-NW-03340,Negeri Sembilan,Building,Suburban,Freehold,2459,1671,22,4648000,697200,8000,5353200
CASE-2026-NW-03341,Sabah,Agriculture,Rural,Freehold,10872,3633,11,1565000,234800,8000,1807800
CASE-2026-NW-03342,Wilayah Persekutuan Kuala Lumpur,Industry,Suburban,Freehold,21483,15117,20,44168000,6625200,8000,50801200
CASE-2026-NW-03343,Perak,Building,Suburban,Freehold,532,266,14,702000,105300,8000,815300
CASE-2026-NW-03344,Pulau Pinang,Building,Suburban,Leasehold,1044,370,16,1419000,212800,8000,1639800
CASE-2026-NW-03345,Kedah,Agriculture,Urban,Leasehold,11933,4891,1,2897000,434600,8000,3339600
CASE-2026-NW-03346,Melaka,Agriculture,Urban,Leasehold,2861,1623,5,1078000,161700,8000,1247700
CASE-2026-NW-03347,Pahang,Building,Suburban,Leasehold,1236,1017,6,3024000,453600,8000,3485600
CASE-2026-NW-03348,Terengganu,Agriculture,Suburban,Leasehold,19190,5456,27,2731000,409600,8000,3148600
CASE-2026-NW-03349,Perak,Building,Rural,Freehold,781,481,30,935000,140200,8000,1083200
CASE-2026-NW-03350,Johor,Agriculture,Rural,Freehold,6421,5068,30,2411000,361600,8000,2780600
CASE-2026-NW-03351,Selangor,Building,Suburban,Freehold,167,136,7,505000,75800,8000,588800
CASE-2026-NW-03352,Kedah,Industry,Suburban,Freehold,1304,971,19,1893000,284000,8000,2185000
CASE-2026-NW-03353,Wilayah Persekutuan Kuala Lumpur,Agriculture,Urban,Freehold,10555,4481,5,4691000,703600,8000,5402600
CASE-2026-NW-03354,Selangor,Building,Suburban,Freehold,2487,1631,38,5922000,888300,8000,6818300
CASE-2026-NW-03355,Selangor,Building,Suburban,Freehold,490,172,11,766000,114900,8000,888900
CASE-2026-NW-03356,Melaka,Agriculture,Urban,Leasehold,12759,8361,16,5341000,801200,8000,6150200
CASE-2026-NW-03357,Selangor,Agriculture,Urban,Freehold,17456,4391,17,4145000,621800,8000,4774800
CASE-2026-NW-03358,Terengganu,Building,Rural,Leasehold,1119,989,26,1847000,277000,8000,2132000
CASE-2026-NW-03359,Pulau Pinang,Agriculture,Urban,Leasehold,5649,2040,21,1598000,239700,8000,1845700
CASE-2026-NW-03360,Johor,Building,Urban,Freehold,1432,478,3,2089000,313400,8000,2410400
CASE-2026-NW-03361,Wilayah Persekutuan Kuala Lumpur,Building,Urban,Freehold,2149,929,10,4675000,701200,8000,5384200
CASE-2026-NW-03362,Perak,Building,Urban,Leasehold,1648,942,17,2805000,420800,8000,3233800
CASE-2026-NW-03363,Pulau Pinang,Building,Urban,Freehold,1905,1126,32,4493000,674000,8000,5175000
CASE-2026-NW-03364,Johor,Building,Suburban,Freehold,2979,1145,13,4390000,658500,8000,5056500
CASE-2026-NW-03365,Sarawak,Agriculture,Suburban,Leasehold,5514,1214,6,664000,99600,8000,771600
CASE-2026-NW-03366,Selangor,Agriculture,Urban,Freehold,9124,6847,28,5467000,820000,8000,6295000
CASE-2026-NW-03367,Perak,Industry,Urban,Malay Reserve,5831,3477,5,7232000,1084800,8000,8324800
CASE-2026-NW-03368,Wilayah Persekutuan Kuala Lumpur,Agriculture,Urban,Freehold,13139,7820,35,7178000,1076700,8000,8262700
CASE-2026-NW-03369,Negeri Sembilan,Building,Suburban,Freehold,457,135,25,365000,54800,8000,427800
CASE-2026-NW-03370,Kedah,Building,Suburban,Freehold,1324,332,2,1101000,165200,8000,1274200
CASE-2026-NW-03371,Negeri Sembilan,Building,Rural,Malay Reserve,2745,2530,14,5980000,897000,8000,6885000
CASE-2026-NW-03372,Pahang,Agriculture,Suburban,Leasehold,6949,4901,19,2054000,308100,8000,2370100
CASE-2026-NW-03373,Wilayah Persekutuan Kuala Lumpur,Industry,Urban,Freehold,23873,21105,16,67700000,10155000,8000,77863000
CASE-2026-NW-03374,Sarawak,Building,Urban,Freehold,1418,983,10,3149000,472400,8000,3629400
CASE-2026-NW-03375,Wilayah Persekutuan Kuala Lumpur,Agriculture,Urban,Leasehold,13255,8718,21,7918000,1187700,8000,9113700
CASE-2026-NW-03376,Perak,Agriculture,Suburban,Malay Reserve,8704,6333,0,2645000,396800,8000,3049800
CASE-2026-NW-03377,Pulau Pinang,Agriculture,Rural,Leasehold,3617,933,29,506000,75900,8000,589900
CASE-2026-NW-03378,Kedah,Building,Rural,Freehold,2044,854,18,2007000,301000,8000,2316000
CASE-2026-NW-03379,Pulau Pinang,Building,Suburban,Leasehold,829,687,39,2041000,306200,8000,2355200
CASE-2026-NW-03380,Wilayah Persekutuan Putrajaya,Agriculture,Urban,Leasehold,8652,4896,31,3684000,552600,8000,4244600
CASE-2026-NW-03381,Kelantan,Building,Urban,Freehold,2203,1803,38,4156000,623400,8000,4787400
CASE-2026-NW-03382,Pulau Pinang,Building,Urban,Freehold,2293,1527,1,7063000,1059400,8000,8130400
CASE-2026-NW-03383,Johor,Building,Urban,Leasehold,1939,1350,12,5164000,774600,8000,5946600
CASE-2026-NW-03384,Wilayah Persekutuan Kuala Lumpur,Industry,Urban,Freehold,7232,3961,38,13109000,1966400,8000,15083400
CASE-2026-NW-03385,Selangor,Agriculture,Suburban,Leasehold,8647,3002,25,2190000,328500,8000,2526500
CASE-2026-NW-03386,Pahang,Building,Urban,Freehold,250,126,18,381000,57200,8000,446200
CASE-2026-NW-03387,Wilayah Persekutuan Labuan,Agriculture,Suburban,Freehold,7219,2349,13,1402000,210300,8000,1620300
CASE-2026-NW-03388,Negeri Sembilan,Building,Suburban,Freehold,2663,952,8,3249000,487400,8000,3744400
CASE-2026-NW-03389,Wilayah Persekutuan Kuala Lumpur,Agriculture,Urban,Leasehold,8379,2860,38,2657000,398600,8000,3063600
CASE-2026-NW-03390,Selangor,Building,Urban,Freehold,409,258,14,1227000,184000,8000,1419000
CASE-2026-NW-03391,Pulau Pinang,Agriculture,Suburban,Leasehold,18078,14080,28,8183000,1227400,8000,9418400
CASE-2026-NW-03392,Kelantan,Building,Rural,Freehold,2912,993,37,1804000,270600,8000,2082600
CASE-2026-NW-03393,Selangor,Agriculture,Suburban,Leasehold,19840,6288,30,4425000,663800,8000,5096800
CASE-2026-NW-03394,Sabah,Building,Suburban,Leasehold,1899,1091,34,2716000,407400,8000,3131400
CASE-2026-NW-03395,Terengganu,Agriculture,Urban,Leasehold,5301,3285,33,1515000,227200,8000,1750200
CASE-2026-NW-03396,Johor,Agriculture,Rural,Freehold,16785,14408,7,7425000,1113800,8000,8546800
CASE-2026-NW-03397,Pulau Pinang,Building,Suburban,Freehold,2727,2560,34,7811000,1171600,8000,8990600
CASE-2026-NW-03398,Melaka,Building,Rural,Leasehold,2232,1790,27,4296000,644400,8000,4948400
CASE-2026-NW-03399,Selangor,Agriculture,Suburban,Freehold,4364,1368,8,1114000,167100,8000,1289100
CASE-2026-NW-03400,Wilayah Persekutuan Kuala Lumpur,Building,Urban,Freehold,1593,1013,4,4942000,741300,8000,5691300
CASE-2026-NW-03401,Wilayah Persekutuan Kuala Lumpur,Agriculture,Urban,Freehold,10053,6936,37,6210000,931500,8000,7149500
CASE-2026-NW-03402,Selangor,Industry,Urban,Leasehold,4133,3853,1,12783000,1917400,8000,14708400
CASE-2026-NW-03403,Johor,Agriculture,Urban,Freehold,7010,5417,23,3703000,555400,8000,4266400
CASE-2026-NW-03404,Sarawak,Agriculture,Suburban,Malay Reserve,15067,3532,3,2026000,303900,8000,2337900
CASE-2026-NW-03405,Kedah,Building,Suburban,Freehold,1568,903,8,2977000,446600,8000,3431600
CASE-2026-NW-03406,Pahang,Building,Rural,Leasehold,2456,1148,2,3331000,499600,8000,3838600
CASE-2026-NW-03407,Perak,Building,Urban,Leasehold,2537,671,25,2083000,312400,8000,2403400
CASE-2026-NW-03408,Pulau Pinang,Building,Rural,Freehold,1600,1304,34,3435000,515200,8000,3958200
CASE-2026-NW-03409,Wilayah Persekutuan Kuala Lumpur,Building,Suburban,Freehold,1843,1036,33,4052000,607800,8000,4667800
CASE-2026-NW-03410,Selangor,Agriculture,Urban,Malay Reserve,17934,14336,20,10345000,1551800,8000,11904800
CASE-2026-NW-03411,Wilayah Persekutuan Kuala Lumpur,Building,Suburban,Freehold,2269,1442,15,6093000,914000,8000,7015000
CASE-2026-NW-03412,Wilayah Persekutuan Kuala Lumpur,Building,Urban,Malay Reserve,2505,1701,5,7899000,1184800,8000,9091800
CASE-2026-NW-03413,Selangor,Agriculture,Suburban,Leasehold,16405,14723,26,9518000,1427700,8000,10953700
CASE-2026-NW-03414,Kelantan,Building,Rural,Freehold,1292,552,14,1263000,189400,8000,1460400
CASE-2026-NW-03415,Perak,Building,Suburban,Leasehold,660,474,16,1101000,165200,8000,1274200
CASE-2026-NW-03416,Sarawak,Building,Suburban,Freehold,433,194,14,567000,85000,8000,660000
CASE-2026-NW-03417,Pahang,Agriculture,Suburban,Leasehold,11121,2233,8,1239000,185800,8000,1432800
CASE-2026-NW-03418,Pulau Pinang,Agriculture,Urban,Leasehold,14167,6106,7,5123000,768400,8000,5899400
CASE-2026-NW-03419,Pahang,Building,Urban,Leasehold,657,564,7,1692000,253800,8000,1953800
CASE-2026-NW-03420,Selangor,Building,Urban,Leasehold,1436,1135,11,4702000,705300,8000,5415300
CASE-2026-NW-03421,Wilayah Persekutuan Kuala Lumpur,Agriculture,Urban,Freehold,19500,9512,19,9314000,1397100,8000,10719100
CASE-2026-NW-03422,Johor,Industry,Suburban,Freehold,1356,1033,23,2279000,341800,8000,2628800
CASE-2026-NW-03423,Pulau Pinang,Building,Suburban,Freehold,1199,1071,28,3293000,494000,8000,3795000
CASE-2026-NW-03424,Wilayah Persekutuan Kuala Lumpur,Agriculture,Urban,Freehold,5000,2178,18,2173000,326000,8000,2507000
CASE-2026-NW-03425,Pulau Pinang,Agriculture,Suburban,Freehold,18781,15206,6,10870000,1630500,8000,12508500
CASE-2026-NW-03426,Kelantan,Building,Urban,Freehold,560,423,4,1251000,187600,8000,1446600
CASE-2026-NW-03427,Wilayah Persekutuan Putrajaya,Agriculture,Urban,Freehold,13159,5021,8,4373000,656000,8000,5037000
CASE-2026-NW-03428,Pulau Pinang,Agriculture,Urban,Freehold,15951,8605,38,7063000,1059400,8000,8130400
CASE-2026-NW-03429,Pulau Pinang,Building,Suburban,Leasehold,1146,1006,20,3430000,514500,8000,3952500
CASE-2026-NW-03430,Pahang,Agriculture,Urban,Freehold,16343,11395,39,6205000,930800,8000,7143800
CASE-2026-NW-03431,Selangor,Agriculture,Rural,Freehold,4533,2195,29,1285000,192800,8000,1485800
CASE-2026-NW-03432,Negeri Sembilan,Building,Urban,Leasehold,1999,1439,14,4308000,646200,8000,4962200
CASE-2026-NW-03433,Selangor,Agriculture,Rural,Leasehold,13465,6662,3,3985000,597800,8000,4590800
CASE-2026-NW-03434,Selangor,Building,Suburban,Leasehold,2601,1065,10,4006000,600900,8000,4614900
CASE-2026-NW-03435,Johor,Building,Suburban,Freehold,901,495,28,1635000,245200,8000,1888200
CASE-2026-NW-03436,Wilayah Persekutuan Kuala Lumpur,Agriculture,Urban,Leasehold,3204,1581,33,1388000,208200,8000,1604200
CASE-2026-NW-03437,Pulau Pinang,Agriculture,Rural,Freehold,5449,3956,22,2082000,312300,8000,2402300
CASE-2026-NW-03438,Kelantan,Building,Urban,Freehold,1529,1108,9,3074000,461100,8000,3543100
CASE-2026-NW-03439,Pahang,Building,Suburban,Leasehold,1031,871,32,1963000,294400,8000,2265400
CASE-2026-NW-03440,Pahang,Building,Suburban,Freehold,2342,894,33,2402000,360300,8000,2770300
CASE-2026-NW-03441,Negeri Sembilan,Agriculture,Suburban,Freehold,15540,13248,22,6708000,1006200,8000,7722200
CASE-2026-NW-03442,Kelantan,Agriculture,Suburban,Freehold,9975,8024,23,3198000,479700,8000,3685700
CASE-2026-NW-03443,Pulau Pinang,Building,Suburban,Freehold,1654,732,1,2897000,434600,8000,3339600
CASE-2026-NW-03444,Kedah,Building,Urban,Freehold,2463,2127,18,6251000,937600,8000,7196600
CASE-2026-NW-03445,Pulau Pinang,Building,Suburban,Malay Reserve,1743,1338,35,3881000,582200,8000,4471200
CASE-2026-NW-03446,Selangor,Building,Urban,Leasehold,2422,1515,2,7188000,1078200,8000,8274200
CASE-2026-NW-03447,Selangor,Building,Suburban,Leasehold,405,171,12,716000,107400,8000,831400
CASE-2026-NW-03448,Selangor,Agriculture,Urban,Freehold,15873,12757,4,10796000,1619400,8000,12423400
CASE-2026-NW-03449,Perak,Industry,Urban,Leasehold,8130,6561,3,14568000,2185200,8000,16761200
CASE-2026-NW-03450,Pahang,Agriculture,Urban,Leasehold,11522,6395,17,3577000,536600,8000,4121600
CASE-2026-NW-03451,Wilayah Persekutuan Kuala Lumpur,Agriculture,Suburban,Leasehold,6815,1396,11,1221000,183200,8000,1412200
CASE-2026-NW-03452,Pulau Pinang,Agriculture,Urban,Leasehold,2727,2288,13,1572000,235800,8000,1815800
CASE-2026-NW-03453,Pulau Pinang,Building,Urban,Freehold,1597,964,14,4123000,618400,8000,4749400
CASE-2026-NW-03454,Kelantan,Building,Suburban,Leasehold,1344,397,1,1046000,156900,8000,1210900
CASE-2026-NW-03455,Johor,Agriculture,Urban,Leasehold,6163,5314,13,3356000,503400,8000,3867400
CASE-2026-NW-03456,Wilayah Persekutuan Putrajaya,Building,Suburban,Freehold,2091,747,31,2664000,399600,8000,3071600
CASE-2026-NW-03457,Pahang,Agriculture,Urban,Freehold,5305,1175,24,765000,114800,8000,887800
CASE-2026-NW-03458,Kedah,Building,Suburban,Freehold,475,256,10,750000,112500,8000,870500
CASE-2026-NW-03459,Johor,Building,Urban,Leasehold,831,592,7,2205000,330800,8000,2543800
CASE-2026-NW-03460,Melaka,Agriculture,Suburban,Leasehold,17789,6710,12,3974000,596100,8000,4578100
CASE-2026-NW-03461,Johor,Industry,Rural,Freehold,2846,1656,37,3141000,471200,8000,3620200
CASE-2026-NW-03462,Melaka,Building,Rural,Freehold,1390,1272,37,2486000,372900,8000,2866900
CASE-2026-NW-03463,Pulau Pinang,Industry,Suburban,Freehold,24377,20397,39,48674000,7301100,8000,55983100
CASE-2026-NW-03464,Sabah,Agriculture,Suburban,Freehold,3768,2679,30,1370000,205500,8000,1583500
CASE-2026-NW-03465,Selangor,Agriculture,Urban,Freehold,3746,2115,24,1817000,272600,8000,2097600
CASE-2026-NW-03466,Selangor,Building,Suburban,Freehold,2100,1919,36,6209000,931400,8000,7148400
CASE-2026-NW-03467,Selangor,Agriculture,Suburban,Freehold,19977,9780,7,7675000,1151200,8000,8834200
CASE-2026-NW-03468,Selangor,Agriculture,Suburban,Freehold,6368,1679,11,1415000,212200,8000,1635200
CASE-2026-NW-03469,Selangor,Agriculture,Urban,Freehold,15027,9494,32,8035000,1205200,8000,9248200
CASE-2026-NW-03470,Terengganu,Industry,Suburban,Leasehold,17649,5304,16,10614000,1592100,8000,12214100
CASE-2026-NW-03471,Johor,Agriculture,Suburban,Malay Reserve,2529,602,20,351000,52600,8000,411600
CASE-2026-NW-03472,Perak,Agriculture,Suburban,Leasehold,17485,5079,21,2693000,404000,8000,3105000
CASE-2026-NW-03473,Johor,Building,Urban,Malay Reserve,2091,1590,30,5159000,773800,8000,5940800
CASE-2026-NW-03474,Kedah,Building,Suburban,Leasehold,867,440,1,1312000,196800,8000,1516800
CASE-2026-NW-03475,Selangor,Agriculture,Suburban,Freehold,2146,1571,19,1068000,160200,8000,1236200
CASE-2026-NW-03476,Kelantan,Building,Rural,Malay Reserve,2612,1758,37,3021000,453200,8000,3482200
CASE-2026-NW-03477,Perak,Building,Urban,Leasehold,2515,1928,32,4896000,734400,8000,5638400
CASE-2026-NW-03478,Selangor,Agriculture,Rural,Leasehold,9706,7980,4,4552000,682800,8000,5242800
CASE-2026-NW-03479,Pulau Pinang,Building,Rural,Freehold,1987,1440,16,4321000,648200,8000,4977200
CASE-2026-NW-03480,Selangor,Building,Rural,Freehold,1510,503,22,1711000,256600,8000,1975600
CASE-2026-NW-03481,Negeri Sembilan,Building,Urban,Freehold,772,677,21,2104000,315600,8000,2427600
CASE-2026-NW-03482,Sabah,Building,Urban,Freehold,2097,1919,10,6601000,990200,8000,7599200
CASE-2026-NW-03483,Negeri Sembilan,Agriculture,Suburban,Freehold,16672,12092,8,6479000,971800,8000,7458800
CASE-2026-NW-03484,Johor,Agriculture,Urban,Freehold,16618,5741,22,4521000,678200,8000,5207200
CASE-2026-NW-03485,Kelantan,Agriculture,Suburban,Freehold,7570,3199,24,1391000,208600,8000,1607600
CASE-2026-NW-03486,Kelantan,Agriculture,Urban,Leasehold,5083,3214,23,1502000,225300,8000,1735300
CASE-2026-NW-03487,Perak,Agriculture,Suburban,Freehold,18653,6971,3,4124000,618600,8000,4750600
CASE-2026-NW-03488,Selangor,Agriculture,Rural,Freehold,6186,2025,24,1309000,196400,8000,1513400
CASE-2026-NW-03489,Selangor,Building,Urban,Freehold,1153,497,2,2323000,348400,8000,2679400
CASE-2026-NW-03490,Pulau Pinang,Industry,Urban,Freehold,18065,9734,2,33305000,4995800,8000,38308800
CASE-2026-NW-03491,Melaka,Building,Urban,Leasehold,1440,842,4,2979000,446800,8000,3433800
CASE-2026-NW-03492,Pulau Pinang,Industry,Suburban,Freehold,3516,1520,6,4467000,670000,8000,5145000
CASE-2026-NW-03493,Kedah,Building,Suburban,Freehold,2044,1205,7,3462000,519300,8000,3989300
CASE-2026-NW-03494,Perak,Agriculture,Urban,Freehold,12805,3909,38,2176000,326400,8000,2510400
CASE-2026-NW-03495,Pulau Pinang,Building,Rural,Leasehold,231,106,13,309000,46400,8000,363400
CASE-2026-NW-03496,Melaka,Agriculture,Suburban,Leasehold,11301,5606,1,2993000,449000,8000,3450000
CASE-2026-NW-03497,Sabah,Building,Suburban,Malay Reserve,2716,1678,10,4843000,726400,8000,5577400
CASE-2026-NW-03498,Selangor,Building,Suburban,Freehold,2198,657,3,3028000,454200,8000,3490200
CASE-2026-NW-03499,Kedah,Building,Suburban,Freehold,533,375,11,1040000,156000,8000,1204000
CASE-2026-NW-03500,Perak,Industry,Urban,Freehold,23921,21499,17,44621000,6693200,8000,51322200
CASE-2026-NW-03501,Negeri Sembilan,Building,Urban,Freehold,1126,661,20,2249000,337400,8000,2594400
CASE-2026-NW-03502,Perak,Building,Rural,Malay Reserve,1171,720,23,1350000,202500,8000,1560500
CASE-2026-NW-03503,Selangor,Building,Suburban,Malay Reserve,1608,1357,1,5182000,777300,8000,5967300
CASE-2026-NW-03504,Perak,Building,Rural,Freehold,841,567,2,1444000,216600,8000,1668600
CASE-2026-NW-03505,Kelantan,Building,Suburban,Leasehold,439,303,11,735000,110200,8000,853200
CASE-2026-NW-03506,Selangor,Agriculture,Suburban,Freehold,19281,7274,30,5662000,849300,8000,6519300
CASE-2026-NW-03507,Selangor,Building,Urban,Freehold,2632,768,29,3380000,507000,8000,3895000
CASE-2026-NW-03508,Wilayah Persekutuan Kuala Lumpur,Agriculture,Suburban,Leasehold,4054,3380,37,2326000,348900,8000,2682900
CASE-2026-NW-03509,Pulau Pinang,Building,Urban,Leasehold,2151,1735,9,6728000,1009200,8000,7745200
CASE-2026-NW-03510,Kelantan,Industry,Urban,Leasehold,12968,4836,34,9383000,1407400,8000,10798400
CASE-2026-NW-03511,Perak,Agriculture,Rural,Freehold,12660,5211,19,2331000,349600,8000,2688600
CASE-2026-NW-03512,Kedah,Industry,Rural,Freehold,14909,13571,36,19571000,2935600,8000,22514600
CASE-2026-NW-03513,Johor,Agriculture,Suburban,Leasehold,8559,6202,27,3296000,494400,8000,3798400
CASE-2026-NW-03514,Wilayah Persekutuan Labuan,Building,Suburban,Freehold,1663,1069,39,2642000,396300,8000,3046300
CASE-2026-NW-03515,Perak,Building,Urban,Freehold,733,436,1,1374000,206100,8000,1588100
CASE-2026-NW-03516,Wilayah Persekutuan Kuala Lumpur,Agriculture,Suburban,Freehold,15956,13156,18,9436000,1415400,8000,10859400
CASE-2026-NW-03517,Kelantan,Agriculture,Urban,Freehold,10501,6458,14,3484000,522600,8000,4014600
CASE-2026-NW-03518,Terengganu,Building,Suburban,Freehold,2669,921,36,2266000,339900,8000,2613900
CASE-2026-NW-03519,Wilayah Persekutuan Kuala Lumpur,Building,Urban,Malay Reserve,2146,1410,19,5805000,870800,8000,6683800
CASE-2026-NW-03520,Johor,Building,Rural,Freehold,2896,1167,39,2772000,415800,8000,3195800
CASE-2026-NW-03521,Johor,Agriculture,Suburban,Leasehold,9771,2538,5,1628000,244200,8000,1880200
CASE-2026-NW-03522,Pulau Pinang,Building,Rural,Malay Reserve,1123,343,3,1195000,179200,8000,1382200
CASE-2026-NW-03523,Selangor,Building,Rural,Freehold,1510,1250,31,3293000,494000,8000,3795000
CASE-2026-NW-03524,Johor,Agriculture,Urban,Malay Reserve,6151,4981,24,3082000,462300,8000,3552300
CASE-2026-NW-03525,Perak,Building,Suburban,Freehold,190,120,21,326000,48900,8000,382900
CASE-2026-NW-03526,Kedah,Building,Suburban,Malay Reserve,2454,2181,13,5596000,839400,8000,6443400
CASE-2026-NW-03527,Pahang,Building,Urban,Leasehold,1611,1164,23,3559000,533800,8000,4100800
CASE-2026-NW-03528,Selangor,Agriculture,Urban,Freehold,4429,1237,33,1157000,173600,8000,1338600
CASE-2026-NW-03529,Terengganu,Building,Suburban,Freehold,1067,823,37,1708000,256200,8000,1972200
CASE-2026-NW-03530,Selangor,Agriculture,Suburban,Freehold,9021,3322,24,2561000,384200,8000,2953200
CASE-2026-NW-03531,Selangor,Building,Urban,Leasehold,2688,1995,29,7594000,1139100,8000,8741100
CASE-2026-NW-03532,Pulau Pinang,Building,Urban,Malay Reserve,1503,1142,29,4098000,614700,8000,4720700
CASE-2026-NW-03533,Johor,Industry,Rural,Freehold,6686,4602,7,9199000,1379800,8000,10586800
CASE-2026-NW-03534,Perak,Agriculture,Urban,Leasehold,4894,1824,20,972000,145800,8000,1125800
CASE-2026-NW-03535,Selangor,Agriculture,Urban,Leasehold,16948,4035,28,3659000,548800,8000,4215800
CASE-2026-NW-03536,Melaka,Agriculture,Urban,Malay Reserve,8474,6545,13,3398000,509700,8000,3915700
CASE-2026-NW-03537,Perak,Industry,Rural,Leasehold,21043,12187,1,20180000,3027000,8000,23215000
CASE-2026-NW-03538,Pulau Pinang,Agriculture,Suburban,Leasehold,6242,4201,5,2679000,401800,8000,3088800
CASE-2026-NW-03539,Johor,Building,Suburban,Freehold,2703,1965,32,6134000,920100,8000,7062100
CASE-2026-NW-03540,Pulau Pinang,Building,Suburban,Freehold,2058,1152,37,3683000,552400,8000,4243400
CASE-2026-NW-03541,Kedah,Agriculture,Suburban,Malay Reserve,7742,3751,36,1586000,237900,8000,1831900
CASE-2026-NW-03542,Terengganu,Agriculture,Urban,Freehold,5858,1514,17,872000,130800,8000,1010800
CASE-2026-NW-03543,Pulau Pinang,Building,Urban,Malay Reserve,2061,1435,33,4878000,731700,8000,5617700
CASE-2026-NW-03544,Pulau Pinang,Building,Suburban,Leasehold,1566,1368,12,4742000,711300,8000,5461300
CASE-2026-NW-03545,Selangor,Agriculture,Urban,Freehold,14567,5777,39,5229000,784400,8000,6021400
CASE-2026-NW-03546,Wilayah Persekutuan Kuala Lumpur,Agriculture,Rural,Freehold,13003,8823,39,5120000,768000,8000,5896000
CASE-2026-NW-03547,Johor,Industry,Urban,Leasehold,20728,7026,32,19417000,2912600,8000,22337600
CASE-2026-NW-03548,Wilayah Persekutuan Kuala Lumpur,Agriculture,Suburban,Leasehold,19923,9345,5,7374000,1106100,8000,8488100
CASE-2026-NW-03549,Terengganu,Building,Suburban,Leasehold,1621,993,23,2187000,328000,8000,2523000
CASE-2026-NW-03550,Kelantan,Agriculture,Suburban,Leasehold,16212,7256,36,3205000,480800,8000,3693800
CASE-2026-NW-03551,Pahang,Agriculture,Suburban,Freehold,3818,2295,19,1182000,177300,8000,1367300
CASE-2026-NW-03552,Perlis,Agriculture,Suburban,Freehold,17149,6732,1,3747000,562000,8000,4317000
CASE-2026-NW-03553,Kelantan,Building,Rural,Leasehold,2398,1415,23,3129000,469400,8000,3606400
CASE-2026-NW-03554,Pulau Pinang,Building,Urban,Leasehold,2770,833,39,3192000,478800,8000,3678800
CASE-2026-NW-03555,Perak,Agriculture,Rural,Freehold,6617,3208,8,1382000,207300,8000,1597300
CASE-2026-NW-03556,Wilayah Persekutuan Labuan,Agriculture,Urban,Leasehold,13092,8365,8,4723000,708400,8000,5439400
CASE-2026-NW-03557,Terengganu,Building,Rural,Freehold,1221,538,21,1113000,167000,8000,1288000
CASE-2026-NW-03558,Perak,Building,Urban,Freehold,1695,1606,39,3912000,586800,8000,4506800
CASE-2026-NW-03559,Kelantan,Agriculture,Urban,Freehold,8781,2163,25,1257000,188600,8000,1453600
CASE-2026-NW-03560,Melaka,Building,Urban,Freehold,793,669,34,1955000,293200,8000,2256200
CASE-2026-NW-03561,Johor,Building,Urban,Malay Reserve,2508,2148,21,6881000,1032200,8000,7921200
CASE-2026-NW-03562,Wilayah Persekutuan Labuan,Building,Suburban,Freehold,776,247,6,789000,118400,8000,915400
CASE-2026-NW-03563,Wilayah Persekutuan Putrajaya,Agriculture,Suburban,Leasehold,7488,3311,19,2275000,341200,8000,2624200
CASE-2026-NW-03564,Kelantan,Building,Suburban,Leasehold,2665,2218,30,4544000,681600,8000,5233600
CASE-2026-NW-03565,Melaka,Building,Rural,Freehold,1254,1072,1,3083000,462400,8000,3553400
CASE-2026-NW-03566,Johor,Building,Urban,Leasehold,357,157,39,538000,80700,8000,626700
CASE-2026-NW-03567,Terengganu,Building,Suburban,Freehold,991,728,21,1910000,286500,8000,2204500
CASE-2026-NW-03568,Selangor,Building,Urban,Freehold,1255,1068,3,4826000,723900,8000,5557900
CASE-2026-NW-03569,Pulau Pinang,Building,Urban,Freehold,333,308,5,1284000,192600,8000,1484600
CASE-2026-NW-03570,Johor,Agriculture,Urban,Freehold,13529,8620,0,6140000,921000,8000,7069000
CASE-2026-NW-03571,Selangor,Agriculture,Suburban,Leasehold,16264,7063,10,5291000,793600,8000,6092600
CASE-2026-NW-03572,Kedah,Agriculture,Suburban,Freehold,11036,7556,26,3648000,547200,8000,4203200
CASE-2026-NW-03573,Selangor,Building,Suburban,Freehold,1495,1104,38,3504000,525600,8000,4037600
CASE-2026-NW-03574,Melaka,Building,Urban,Leasehold,584,264,38,835000,125200,8000,968200
CASE-2026-NW-03575,Melaka,Building,Suburban,Leasehold,1632,653,21,1947000,292000,8000,2247000
CASE-2026-NW-03576,Terengganu,Building,Urban,Leasehold,723,313,21,936000,140400,8000,1084400
CASE-2026-NW-03577,Kelantan,Agriculture,Suburban,Leasehold,5572,4853,20,1831000,274600,8000,2113600
CASE-2026-NW-03578,Johor,Agriculture,Suburban,Leasehold,6770,4963,27,2799000,419800,8000,3226800
CASE-2026-NW-03579,Selangor,Agriculture,Urban,Leasehold,8650,3580,29,3074000,461100,8000,3543100
CASE-2026-NW-03580,Selangor,Agriculture,Urban,Freehold,7271,2851,18,2723000,408400,8000,3139400
CASE-2026-NW-03581,Pulau Pinang,Building,Urban,Freehold,2880,1191,29,5193000,779000,8000,5980000
CASE-2026-NW-03582,Perlis,Agriculture,Urban,Leasehold,9294,8157,33,3752000,562800,8000,4322800
CASE-2026-NW-03583,Selangor,Agriculture,Urban,Leasehold,7389,3575,28,2932000,439800,8000,3379800
CASE-2026-NW-03584,Johor,Building,Urban,Leasehold,2414,1760,15,6238000,935700,8000,7181700
CASE-2026-NW-03585,Melaka,Agriculture,Suburban,Freehold,8001,5629,13,3037000,455600,8000,3500600
CASE-2026-NW-03586,Selangor,Building,Suburban,Freehold,1244,667,24,2561000,384200,8000,2953200
CASE-2026-NW-03587,Johor,Agriculture,Urban,Malay Reserve,5972,1849,29,1277000,191600,8000,1476600
CASE-2026-NW-03588,Negeri Sembilan,Agriculture,Suburban,Freehold,9427,6056,10,3531000,529600,8000,4068600
CASE-2026-NW-03589,Melaka,Building,Urban,Freehold,461,200,30,688000,103200,8000,799200
CASE-2026-NW-03590,Terengganu,Building,Rural,Freehold,428,328,13,844000,126600,8000,978600
CASE-2026-NW-03591,Perak,Building,Suburban,Freehold,2541,1022,19,2852000,427800,8000,3287800
CASE-2026-NW-03592,Kedah,Agriculture,Rural,Leasehold,3732,2023,6,852000,127800,8000,987800
CASE-2026-NW-03593,Negeri Sembilan,Building,Suburban,Freehold,178,132,27,371000,55600,8000,434600
CASE-2026-NW-03594,Johor,Building,Rural,Freehold,351,233,13,699000,104800,8000,811800
CASE-2026-NW-03595,Selangor,Agriculture,Urban,Leasehold,6720,3459,18,2829000,424400,8000,3261400
CASE-2026-NW-03596,Kedah,Building,Rural,Leasehold,1206,788,7,1723000,258400,8000,1989400
CASE-2026-NW-03597,Selangor,Building,Suburban,Freehold,1358,1024,10,3864000,579600,8000,4451600
CASE-2026-NW-03598,Selangor,Industry,Urban,Leasehold,5867,3629,36,11005000,1650800,8000,12663800
CASE-2026-NW-03599,Johor,Building,Urban,Freehold,997,373,25,1465000,219800,8000,1692800
CASE-2026-NW-03600,Pahang,Building,Suburban,Freehold,300,100,23,288000,43200,8000,339200
CASE-2026-NW-03601,Selangor,Building,Urban,Leasehold,1812,1420,21,5800000,870000,8000,6678000
CASE-2026-NW-03602,Melaka,Building,Suburban,Leasehold,730,290,26,845000,126800,8000,979800
CASE-2026-NW-03603,Pahang,Building,Urban,Freehold,1457,1280,27,3528000,529200,8000,4065200
CASE-2026-NW-03604,Perak,Building,Suburban,Leasehold,1764,541,13,1579000,236800,8000,1823800
CASE-2026-NW-03605,Pahang,Building,Suburban,Freehold,1926,707,39,1809000,271400,8000,2088400
CASE-2026-NW-03606,Pulau Pinang,Building,Rural,Leasehold,535,375,30,932000,139800,8000,1079800
CASE-2026-NW-03607,Negeri Sembilan,Agriculture,Suburban,Freehold,14251,4616,34,2403000,360400,8000,2771400
CASE-2026-NW-03608,Selangor,Agriculture,Urban,Malay Reserve,15225,12227,14,8823000,1323400,8000,10154400
CASE-2026-NW-03609,Wilayah Persekutuan Kuala Lumpur,Industry,Suburban,Freehold,17006,13153,33,36680000,5502000,8000,42190000
CASE-2026-NW-03610,Johor,Agriculture,Urban,Freehold,9618,2845,5,2390000,358500,8000,2756500
CASE-2026-NW-03611,Selangor,Agriculture,Rural,Leasehold,8129,5367,10,3078000,461700,8000,3547700
CASE-2026-NW-03612,Johor,Building,Urban,Leasehold,1124,898,6,3223000,483400,8000,3714400
CASE-2026-NW-03613,Selangor,Building,Suburban,Malay Reserve,186,73,5,267000,40000,8000,315000
CASE-2026-NW-03614,Negeri Sembilan,Building,Suburban,Leasehold,1981,998,1,3258000,488700,8000,3754700
CASE-2026-NW-03615,Wilayah Persekutuan Kuala Lumpur,Building,Suburban,Leasehold,1680,1175,4,4867000,730000,8000,5605000
CASE-2026-NW-03616,Negeri Sembilan,Agriculture,Rural,Leasehold,19312,13340,34,4830000,724500,8000,5562500
CASE-2026-NW-03617,Pahang,Building,Suburban,Leasehold,1736,1427,27,3224000,483600,8000,3715600
CASE-2026-NW-03618,Selangor,Building,Suburban,Freehold,1706,907,6,3717000,557600,8000,4282600
CASE-2026-NW-03619,Pulau Pinang,Building,Suburban,Freehold,1416,1314,35,3822000,573300,8000,4403300
CASE-2026-NW-03620,Selangor,Building,Rural,Malay Reserve,918,379,31,1117000,167600,8000,1292600
CASE-2026-NW-03621,Kelantan,Building,Urban,Freehold,1569,576,2,1939000,290800,8000,2237800
CASE-2026-NW-03622,Pulau Pinang,Building,Urban,Leasehold,1348,375,8,1789000,268400,8000,2065400
CASE-2026-NW-03623,Johor,Building,Rural,Freehold,199,60,5,179000,26800,8000,213800
CASE-2026-NW-03624,Perak,Building,Urban,Malay Reserve,668,600,2,1945000,291800,8000,2244800
CASE-2026-NW-03625,Selangor,Agriculture,Suburban,Leasehold,18610,8501,39,6049000,907400,8000,6964400
CASE-2026-NW-03626,Wilayah Persekutuan Kuala Lumpur,Building,Rural,Freehold,2586,664,27,2270000,340500,8000,2618500
CASE-2026-NW-03627,Johor,Industry,Urban,Freehold,15148,6869,16,20137000,3020600,8000,23165600
CASE-2026-NW-03628,Perak,Agriculture,Rural,Malay Reserve,7669,3175,22,1073000,161000,8000,1242000
CASE-2026-NW-03629,Pulau Pinang,Agriculture,Suburban,Freehold,5892,2491,13,1958000,293700,8000,2259700
CASE-2026-NW-03630,Johor,Building,Urban,Leasehold,2998,2031,19,6699000,1004800,8000,7711800
CASE-2026-NW-03631,Pulau Pinang,Agriculture,Suburban,Leasehold,5219,2661,35,1671000,250600,8000,1929600
CASE-2026-NW-03632,Negeri Sembilan,Building,Rural,Freehold,1209,303,26,813000,122000,8000,943000
CASE-2026-NW-03633,Selangor,Agriculture,Rural,Leasehold,3221,1526,20,945000,141800,8000,1094800
CASE-2026-NW-03634,Negeri Sembilan,Building,Suburban,Freehold,746,526,19,1385000,207800,8000,1600800
CASE-2026-NW-03635,Melaka,Building,Urban,Leasehold,1555,1457,2,4606000,690900,8000,5304900
CASE-2026-NW-03636,Kelantan,Agriculture,Suburban,Freehold,6770,2823,7,1352000,202800,8000,1562800
CASE-2026-NW-03637,Pulau Pinang,Agriculture,Suburban,Freehold,2967,2648,11,1592000,238800,8000,1838800
CASE-2026-NW-03638,Melaka,Agriculture,Suburban,Freehold,12621,9870,37,4714000,707100,8000,5429100
CASE-2026-NW-03639,Negeri Sembilan,Agriculture,Rural,Leasehold,3994,1940,24,778000,116700,8000,902700
CASE-2026-NW-03640,Terengganu,Building,Urban,Freehold,578,273,29,754000,113100,8000,875100
CASE-2026-NW-03641,Perlis,Building,Urban,Malay Reserve,214,172,5,462000,69300,8000,539300
CASE-2026-NW-03642,Melaka,Agriculture,Suburban,Leasehold,13213,7876,32,4212000,631800,8000,4851800
CASE-2026-NW-03643,Pulau Pinang,Building,Urban,Freehold,1941,1271,32,5006000,750900,8000,5764900
CASE-2026-NW-03644,Negeri Sembilan,Building,Suburban,Malay Reserve,1734,1509,20,3871000,580600,8000,4459600
CASE-2026-NW-03645,Johor,Building,Suburban,Leasehold,835,285,27,856000,128400,8000,992400
CASE-2026-NW-03646,Wilayah Persekutuan Labuan,Building,Urban,Leasehold,1360,1148,30,3235000,485200,8000,3728200
CASE-2026-NW-03647,Wilayah Persekutuan Kuala Lumpur,Building,Suburban,Freehold,1562,947,15,3809000,571400,8000,4388400
CASE-2026-NW-03648,Perak,Building,Suburban,Leasehold,1803,560,11,1721000,258200,8000,1987200
CASE-2026-NW-03649,Melaka,Agriculture,Rural,Freehold,4691,2214,11,1016000,152400,8000,1176400
CASE-2026-NW-03650,Wilayah Persekutuan Labuan,Industry,Urban,Freehold,22515,6423,18,17633000,2645000,8000,20286000
CASE-2026-NW-03651,Melaka,Agriculture,Urban,Freehold,3786,2146,21,1456000,218400,8000,1682400
CASE-2026-NW-03652,Selangor,Agriculture,Urban,Freehold,12972,3122,26,2977000,446600,8000,3431600
CASE-2026-NW-03653,Selangor,Building,Suburban,Malay Reserve,1348,701,19,2362000,354300,8000,2724300
CASE-2026-NW-03654,Wilayah Persekutuan Putrajaya,Agriculture,Rural,Freehold,15855,5003,11,3204000,480600,8000,3692600
CASE-2026-NW-03655,Selangor,Building,Suburban,Freehold,2807,916,11,3751000,562600,8000,4321600
CASE-2026-NW-03656,Perak,Building,Suburban,Leasehold,1771,1553,27,3695000,554200,8000,4257200
CASE-2026-NW-03657,Pulau Pinang,Agriculture,Suburban,Malay Reserve,11462,3707,34,2414000,362100,8000,2784100
CASE-2026-NW-03658,Johor,Building,Urban,Freehold,2724,1312,17,5013000,752000,8000,5773000
CASE-2026-NW-03659,Johor,Building,Urban,Freehold,1541,660,5,2617000,392600,8000,3017600
CASE-2026-NW-03660,Pulau Pinang,Agriculture,Urban,Freehold,6532,4531,9,3732000,559800,8000,4299800
CASE-2026-NW-03661,Wilayah Persekutuan Labuan,Agriculture,Suburban,Freehold,2817,2263,28,1149000,172400,8000,1329400
CASE-2026-NW-03662,Selangor,Building,Urban,Malay Reserve,953,871,34,2963000,444400,8000,3415400
CASE-2026-NW-03663,Kedah,Agriculture,Suburban,Freehold,12519,9650,34,4407000,661000,8000,5076000
CASE-2026-NW-03664,Selangor,Building,Suburban,Freehold,2607,1827,24,6362000,954300,8000,7324300
CASE-2026-NW-03665,Wilayah Persekutuan Putrajaya,Industry,Urban,Freehold,21792,19165,34,52766000,7914900,8000,60688900
CASE-2026-NW-03666,Selangor,Agriculture,Urban,Leasehold,19884,15478,15,11641000,1746200,8000,13395200
CASE-2026-NW-03667,Wilayah Persekutuan Kuala Lumpur,Building,Suburban,Freehold,724,292,25,1211000,181600,8000,1400600
CASE-2026-NW-03668,Kelantan,Agriculture,Urban,Freehold,9649,3631,23,1874000,281100,8000,2163100
CASE-2026-NW-03669,Johor,Agriculture,Urban,Freehold,19021,10364,5,7939000,1190800,8000,9137800
CASE-2026-NW-03670,Negeri Sembilan,Building,Suburban,Leasehold,1896,1524,19,4383000,657400,8000,5048400
CASE-2026-NW-03671,Perak,Agriculture,Suburban,Malay Reserve,14302,10121,32,4062000,609300,8000,4679300
CASE-2026-NW-03672,Kelantan,Agriculture,Suburban,Leasehold,10705,6192,32,2425000,363800,8000,2796800
CASE-2026-NW-03673,Johor,Building,Urban,Freehold,2647,1408,32,5186000,777900,8000,5971900
CASE-2026-NW-03674,Johor,Industry,Urban,Freehold,24148,18882,32,46698000,7004700,8000,53710700
CASE-2026-NW-03675,Kedah,Building,Suburban,Freehold,1641,1385,25,3399000,509800,8000,3916800
CASE-2026-NW-03676,Wilayah Persekutuan Labuan,Building,Rural,Freehold,1065,872,28,1971000,295600,8000,2274600
CASE-2026-NW-03677,Wilayah Persekutuan Kuala Lumpur,Agriculture,Rural,Leasehold,17909,6358,30,3943000,591400,8000,4542400
CASE-2026-NW-03678,Pulau Pinang,Industry,Suburban,Freehold,7790,3340,38,8706000,1305900,8000,10019900
CASE-2026-NW-03679,Johor,Agriculture,Urban,Leasehold,15660,13711,15,9099000,1364800,8000,10471800
CASE-2026-NW-03680,Johor,Building,Suburban,Freehold,1730,1422,2,4827000,724000,8000,5559000
CASE-2026-NW-03681,Selangor,Agriculture,Suburban,Leasehold,6395,2380,27,1752000,262800,8000,2022800
CASE-2026-NW-03682,Selangor,Building,Rural,Freehold,552,424,9,1344000,201600,8000,1553600
CASE-2026-NW-03683,Selangor,Building,Suburban,Freehold,2209,585,21,2504000,375600,8000,2887600
CASE-2026-NW-03684,Perak,Agriculture,Rural,Freehold,3811,1880,32,663000,99400,8000,770400
CASE-2026-NW-03685,Kelantan,Agriculture,Urban,Freehold,5236,2768,1,1641000,246200,8000,1895200
CASE-2026-NW-03686,Selangor,Building,Urban,Freehold,2236,707,14,3426000,513900,8000,3947900
CASE-2026-NW-03687,Selangor,Agriculture,Suburban,Freehold,9754,7047,7,5040000,756000,8000,5804000
CASE-2026-NW-03688,Wilayah Persekutuan Kuala Lumpur,Agriculture,Suburban,Freehold,5839,1273,2,1211000,181600,8000,1400600
CASE-2026-NW-03689,Selangor,Agriculture,Rural,Freehold,9347,5133,27,2901000,435200,8000,3344200
CASE-2026-NW-03690,Selangor,Agriculture,Urban,Freehold,15568,9225,38,7802000,1170300,8000,8980300
CASE-2026-NW-03691,Terengganu,Industry,Suburban,Freehold,1913,865,33,1613000,242000,8000,1863000
CASE-2026-NW-03692,Wilayah Persekutuan Putrajaya,Agriculture,Suburban,Leasehold,10887,8983,9,5534000,830100,8000,6372100
CASE-2026-NW-03693,Pahang,Building,Rural,Freehold,1035,424,17,1017000,152600,8000,1177600
CASE-2026-NW-03694,Selangor,Building,Urban,Malay Reserve,1973,1706,38,5883000,882400,8000,6773400
CASE-2026-NW-03695,Pulau Pinang,Building,Suburban,Freehold,907,514,4,2188000,328200,8000,2524200
CASE-2026-NW-03696,Terengganu,Industry,Suburban,Malay Reserve,20961,15404,10,26534000,3980100,8000,30522100
CASE-2026-NW-03697,Melaka,Building,Urban,Freehold,2051,1408,1,5125000,768800,8000,5901800
CASE-2026-NW-03698,Kelantan,Building,Urban,Leasehold,919,809,19,2024000,303600,8000,2335600
CASE-2026-NW-03699,Pulau Pinang,Agriculture,Urban,Freehold,6278,2867,35,2317000,347600,8000,2672600
CASE-2026-NW-03700,Selangor,Building,Urban,Leasehold,178,74,16,334000,50100,8000,392100
CASE-2026-NW-03701,Melaka,Building,Suburban,Freehold,2987,2221,3,7163000,1074400,8000,8245400
CASE-2026-NW-03702,Selangor,Building,Urban,Leasehold,1096,325,26,1372000,205800,8000,1585800
CASE-2026-NW-03703,Sarawak,Building,Urban,Leasehold,1251,1108,30,2994000,449100,8000,3451100
CASE-2026-NW-03704,Johor,Agriculture,Suburban,Leasehold,10291,6438,32,3465000,519800,8000,3992800
CASE-2026-NW-03705,Melaka,Agriculture,Suburban,Freehold,12344,10855,30,5512000,826800,8000,6346800
CASE-2026-NW-03706,Negeri Sembilan,Industry,Rural,Leasehold,15016,6668,15,11464000,1719600,8000,13191600
CASE-2026-NW-03707,Wilayah Persekutuan Kuala Lumpur,Building,Suburban,Freehold,1761,518,23,2272000,340800,8000,2620800
CASE-2026-NW-03708,Pulau Pinang,Agriculture,Suburban,Freehold,2278,814,12,643000,96400,8000,747400
CASE-2026-NW-03709,Sarawak,Agriculture,Urban,Freehold,18868,5558,20,3770000,565500,8000,4343500
CASE-2026-NW-03710,Selangor,Agriculture,Suburban,Freehold,19521,13970,2,10836000,1625400,8000,12469400
CASE-2026-NW-03711,Pahang,Building,Suburban,Freehold,2642,2327,13,6153000,923000,8000,7084000
CASE-2026-NW-03712,Selangor,Agriculture,Urban,Leasehold,18594,16357,24,12314000,1847100,8000,14169100
CASE-2026-NW-03713,Pulau Pinang,Agriculture,Urban,Leasehold,12181,8183,27,5853000,878000,8000,6739000
CASE-2026-NW-03714,Selangor,Building,Suburban,Freehold,2882,1207,23,4614000,692100,8000,5314100
CASE-2026-NW-03715,Melaka,Building,Suburban,Leasehold,2549,1676,15,5205000,780800,8000,5993800
CASE-2026-NW-03716,Selangor,Building,Suburban,Leasehold,1279,981,14,3682000,552300,8000,4242300
CASE-2026-NW-03717,Negeri Sembilan,Building,Suburban,Malay Reserve,1123,308,18,942000,141300,8000,1091300
CASE-2026-NW-03718,Wilayah Persekutuan Kuala Lumpur,Agriculture,Urban,Freehold,9268,3516,31,3531000,529600,8000,4068600
CASE-2026-NW-03719,Melaka,Agriculture,Suburban,Malay Reserve,6823,5398,33,2523000,378400,8000,2909400
CASE-2026-NW-03720,Melaka,Agriculture,Suburban,Leasehold,18925,6959,5,4190000,628500,8000,4826500
CASE-2026-NW-03721,Pahang,Building,Urban,Freehold,1523,475,12,1603000,240400,8000,1851400
CASE-2026-NW-03722,Wilayah Persekutuan Kuala Lumpur,Industry,Urban,Freehold,23038,14753,16,55688000,8353200,8000,64049200
CASE-2026-NW-03723,Perak,Building,Rural,Malay Reserve,2719,2217,7,4622000,693300,8000,5323300
CASE-2026-NW-03724,Kedah,Agriculture,Suburban,Leasehold,17373,15132,29,5937000,890600,8000,6835600
CASE-2026-NW-03725,Kedah,Building,Urban,Leasehold,2090,1132,30,3363000,504400,8000,3875400
CASE-2026-NW-03726,Perak,Building,Rural,Freehold,1348,568,28,1160000,174000,8000,1342000
CASE-2026-NW-03727,Negeri Sembilan,Industry,Rural,Malay Reserve,20345,18728,32,26691000,4003600,8000,30702600
CASE-2026-NW-03728,Pahang,Building,Urban,Freehold,686,455,29,1207000,181000,8000,1396000
CASE-2026-NW-03729,Sabah,Agriculture,Urban,Leasehold,3158,1103,26,669000,100400,8000,777400
CASE-2026-NW-03730,Pulau Pinang,Agriculture,Suburban,Leasehold,4792,1804,30,1263000,189400,8000,1460400
CASE-2026-NW-03731,Johor,Industry,Urban,Freehold,2672,965,31,2657000,398600,8000,3063600
CASE-2026-NW-03732,Selangor,Agriculture,Urban,Leasehold,10223,7549,14,5876000,881400,8000,6765400
CASE-2026-NW-03733,Wilayah Persekutuan Kuala Lumpur,Agriculture,Suburban,Leasehold,2883,2302,19,1611000,241600,8000,1860600
CASE-2026-NW-03734,Kelantan,Building,Suburban,Freehold,974,396,21,972000,145800,8000,1125800
CASE-2026-NW-03735,Johor,Building,Suburban,Freehold,1517,1360,19,4246000,636900,8000,4890900
CASE-2026-NW-03736,Wilayah Persekutuan Kuala Lumpur,Agriculture,Urban,Freehold,10604,3351,17,3397000,509600,8000,3914600
CASE-2026-NW-03737,Johor,Building,Urban,Freehold,1250,1018,24,3518000,527700,8000,4053700
CASE-2026-NW-03738,Perak,Agriculture,Suburban,Leasehold,8285,6772,6,2881000,432200,8000,3321200
CASE-2026-NW-03739,Terengganu,Industry,Rural,Freehold,10046,5179,37,8001000,1200200,8000,9209200
CASE-2026-NW-03740,Negeri Sembilan,Building,Urban,Freehold,2445,2271,24,6580000,987000,8000,7575000
CASE-2026-NW-03741,Melaka,Building,Rural,Freehold,1365,663,12,1739000,260800,8000,2007800
CASE-2026-NW-03742,Negeri Sembilan,Agriculture,Urban,Leasehold,7046,5653,26,2978000,446700,8000,3432700
CASE-2026-NW-03743,Pulau Pinang,Building,Urban,Freehold,1625,1491,28,5473000,821000,8000,6302000
CASE-2026-NW-03744,Pulau Pinang,Agriculture,Urban,Leasehold,4465,2128,13,1767000,265000,8000,2040000
CASE-2026-NW-03745,Selangor,Building,Urban,Leasehold,1907,1570,20,6466000,969900,8000,7443900
CASE-2026-NW-03746,Wilayah Persekutuan Kuala Lumpur,Agriculture,Suburban,Freehold,18436,13706,11,11009000,1651400,8000,12668400
CASE-2026-NW-03747,Pulau Pinang,Building,Rural,Freehold,264,178,12,590000,88500,8000,686500
CASE-2026-NW-03748,Sabah,Industry,Suburban,Freehold,10615,9176,18,17091000,2563600,8000,19662600
CASE-2026-NW-03749,Pahang,Building,Suburban,Leasehold,2622,1015,27,2595000,389200,8000,2992200
CASE-2026-NW-03750,Selangor,Agriculture,Suburban,Leasehold,7391,3556,24,2487000,373000,8000,2868000
CASE-2026-NW-03751,Pulau Pinang,Agriculture,Suburban,Freehold,17334,11224,29,7302000,1095300,8000,8405300
CASE-2026-NW-03752,Wilayah Persekutuan Kuala Lumpur,Agriculture,Suburban,Freehold,11734,8959,25,7110000,1066500,8000,8184500
CASE-2026-NW-03753,Terengganu,Agriculture,Urban,Freehold,11687,3319,25,2027000,304000,8000,2339000
CASE-2026-NW-03754,Johor,Agriculture,Rural,Freehold,15590,10165,29,4851000,727600,8000,5586600
CASE-2026-NW-03755,Melaka,Agriculture,Urban,Malay Reserve,11712,6872,26,4152000,622800,8000,4782800
CASE-2026-NW-03756,Pahang,Agriculture,Urban,Malay Reserve,14030,8888,16,4372000,655800,8000,5035800
CASE-2026-NW-03757,Selangor,Agriculture,Urban,Freehold,18669,5553,26,5253000,788000,8000,6049000
CASE-2026-NW-03758,Pulau Pinang,Building,Suburban,Freehold,2514,1007,30,3454000,518100,8000,3980100
CASE-2026-NW-03759,Wilayah Persekutuan Labuan,Building,Urban,Freehold,2987,1073,18,3521000,528200,8000,4057200
CASE-2026-NW-03760,Perak,Building,Suburban,Freehold,1549,641,12,1670000,250500,8000,1928500
CASE-2026-NW-03761,Selangor,Agriculture,Urban,Leasehold,4916,1963,9,1798000,269700,8000,2075700
CASE-2026-NW-03762,Selangor,Building,Suburban,Freehold,1614,1021,31,3539000,530800,8000,4077800
CASE-2026-NW-03763,Kelantan,Building,Rural,Freehold,1428,1268,21,2534000,380100,8000,2922100
CASE-2026-NW-03764,Pulau Pinang,Agriculture,Urban,Freehold,11517,6539,0,5809000,871400,8000,6688400
CASE-2026-NW-03765,Perak,Building,Urban,Malay Reserve,1186,406,13,1346000,201900,8000,1555900
CASE-2026-NW-03766,Pulau Pinang,Building,Urban,Leasehold,2228,1558,27,5693000,854000,8000,6555000
CASE-2026-NW-03767,Selangor,Building,Rural,Freehold,1680,445,6,1762000,264300,8000,2034300
CASE-2026-NW-03768,Kedah,Industry,Suburban,Leasehold,18833,6264,36,11179000,1676800,8000,12863800
CASE-2026-NW-03769,Selangor,Agriculture,Rural,Leasehold,19104,13844,8,8256000,1238400,8000,9502400
CASE-2026-NW-03770,Wilayah Persekutuan Kuala Lumpur,Agriculture,Urban,Freehold,14800,4837,8,5165000,774800,8000,5947800
CASE-2026-NW-03771,Kelantan,Agriculture,Urban,Freehold,14392,10122,38,4950000,742500,8000,5700500
CASE-2026-NW-03772,Sarawak,Industry,Suburban,Freehold,12449,5840,31,11795000,1769200,8000,13572200
CASE-2026-NW-03773,Kelantan,Agriculture,Suburban,Freehold,6360,1678,14,875000,131200,8000,1014200
CASE-2026-NW-03774,Selangor,Building,Suburban,Leasehold,2642,1474,21,5719000,857800,8000,6584800
CASE-2026-NW-03775,Selangor,Building,Urban,Freehold,2962,2245,11,9574000,1436100,8000,11018100
CASE-2026-NW-03776,Negeri Sembilan,Building,Urban,Leasehold,1089,816,20,2503000,375400,8000,2886400
CASE-2026-NW-03777,Johor,Building,Urban,Freehold,2787,2593,30,8039000,1205800,8000,9252800
CASE-2026-NW-03778,Selangor,Agriculture,Urban,Freehold,10113,2527,14,2567000,385000,8000,2960000
CASE-2026-NW-03779,Melaka,Building,Suburban,Freehold,2692,1945,38,5136000,770400,8000,5914400
CASE-2026-NW-03780,Johor,Building,Suburban,Leasehold,1987,1237,38,3475000,521200,8000,4004200
CASE-2026-NW-03781,Kelantan,Building,Urban,Leasehold,1381,558,15,1627000,244000,8000,1879000
CASE-2026-NW-03782,Melaka,Building,Rural,Freehold,260,111,27,297000,44600,8000,349600
CASE-2026-NW-03783,Wilayah Persekutuan Kuala Lumpur,Industry,Suburban,Freehold,3290,1400,26,4376000,656400,8000,5040400
CASE-2026-NW-03784,Terengganu,Building,Rural,Freehold,1156,383,5,1077000,161600,8000,1246600
CASE-2026-NW-03785,Melaka,Building,Suburban,Leasehold,2187,1466,27,3907000,586000,8000,4501000
CASE-2026-NW-03786,Kelantan,Building,Rural,Freehold,457,328,34,596000,89400,8000,693400
CASE-2026-NW-03787,Melaka,Building,Urban,Leasehold,862,695,32,1970000,295500,8000,2273500
CASE-2026-NW-03788,Perak,Building,Suburban,Leasehold,1338,821,26,2073000,311000,8000,2392000
CASE-2026-NW-03789,Negeri Sembilan,Agriculture,Urban,Leasehold,4193,3183,38,1716000,257400,8000,1981400
CASE-2026-NW-03790,Wilayah Persekutuan Kuala Lumpur,Building,Suburban,Freehold,1575,559,36,2347000,352000,8000,2707000
CASE-2026-NW-03791,Selangor,Agriculture,Urban,Freehold,2724,1599,26,1396000,209400,8000,1613400
CASE-2026-NW-03792,Johor,Agriculture,Urban,Freehold,2176,582,19,468000,70200,8000,546200
CASE-2026-NW-03793,Kelantan,Agriculture,Urban,Leasehold,16951,12922,1,5926000,888900,8000,6822900
CASE-2026-NW-03794,Selangor,Building,Urban,Malay Reserve,1500,1416,23,5029000,754400,8000,5791400
CASE-2026-NW-03795,Negeri Sembilan,Agriculture,Suburban,Leasehold,14473,5453,24,2669000,400400,8000,3077400
CASE-2026-NW-03796,Sabah,Agriculture,Suburban,Freehold,8932,2893,3,1795000,269200,8000,2072200
CASE-2026-NW-03797,Perak,Building,Urban,Freehold,1493,1144,1,4019000,602800,8000,4629800
CASE-2026-NW-03798,Johor,Building,Rural,Leasehold,1896,1312,21,3403000,510400,8000,3921400
CASE-2026-NW-03799,Wilayah Persekutuan Kuala Lumpur,Agriculture,Urban,Leasehold,16960,3916,25,3947000,592000,8000,4547000
CASE-2026-NW-03800,Selangor,Agriculture,Suburban,Freehold,2232,1568,6,1162000,174300,8000,1344300
CASE-2026-NW-03801,Sarawak,Building,Suburban,Leasehold,1178,810,7,2518000,377700,8000,2903700
CASE-2026-NW-03802,Kedah,Building,Suburban,Leasehold,561,175,12,539000,80800,8000,627800
CASE-2026-NW-03803,Selangor,Agriculture,Rural,Freehold,9309,7809,19,4170000,625500,8000,4803500
CASE-2026-NW-03804,Johor,Building,Suburban,Freehold,1600,582,38,1818000,272700,8000,2098700
CASE-2026-NW-03805,Perlis,Agriculture,Urban,Leasehold,16946,11915,2,6686000,1002900,8000,7696900
CASE-2026-NW-03806,Selangor,Industry,Suburban,Freehold,1128,731,17,2034000,305100,8000,2347100
CASE-2026-NW-03807,Kelantan,Building,Suburban,Freehold,1107,866,21,1966000,294900,8000,2268900
CASE-2026-NW-03808,Selangor,Building,Rural,Freehold,1948,624,25,1985000,297800,8000,2290800
CASE-2026-NW-03809,Wilayah Persekutuan Kuala Lumpur,Building,Urban,Freehold,2779,1710,14,8441000,1266200,8000,9715200
CASE-2026-NW-03810,Negeri Sembilan,Building,Urban,Freehold,2823,992,3,3694000,554100,8000,4256100
CASE-2026-NW-03811,Negeri Sembilan,Agriculture,Rural,Leasehold,11118,9659,36,3269000,490400,8000,3767400
CASE-2026-NW-03812,Selangor,Agriculture,Suburban,Leasehold,14552,6504,10,4743000,711400,8000,5462400
CASE-2026-NW-03813,Selangor,Agriculture,Suburban,Freehold,11113,7743,4,5998000,899700,8000,6905700
CASE-2026-NW-03814,Selangor,Agriculture,Suburban,Freehold,6291,2001,0,1713000,257000,8000,1978000
CASE-2026-NW-03815,Melaka,Agriculture,Urban,Freehold,15755,6503,30,4232000,634800,8000,4874800
CASE-2026-NW-03816,Selangor,Building,Urban,Leasehold,2187,1969,37,6887000,1033000,8000,7928000
CASE-2026-NW-03817,Melaka,Agriculture,Suburban,Leasehold,5941,4324,7,2141000,321200,8000,2470200
CASE-2026-NW-03818,Terengganu,Agriculture,Suburban,Freehold,10006,3375,28,1630000,244500,8000,1882500
CASE-2026-NW-03819,Kedah,Agriculture,Urban,Leasehold,15602,3774,27,2247000,337000,8000,2592000
CASE-2026-NW-03820,Kedah,Industry,Urban,Freehold,22591,16373,14,36822000,5523300,8000,42353300
CASE-2026-NW-03821,Wilayah Persekutuan Kuala Lumpur,Agriculture,Rural,Malay Reserve,9523,5714,32,3133000,470000,8000,3611000
CASE-2026-NW-03822,Johor,Building,Suburban,Freehold,2291,1502,29,4523000,678400,8000,5209400
CASE-2026-NW-03823,Selangor,Building,Urban,Freehold,774,453,18,2152000,322800,8000,2482800
CASE-2026-NW-03824,Pulau Pinang,Building,Urban,Leasehold,1663,655,19,2908000,436200,8000,3352200
CASE-2026-NW-03825,Perak,Agriculture,Suburban,Leasehold,12316,5869,14,3035000,455200,8000,3498200
CASE-2026-NW-03826,Melaka,Building,Rural,Freehold,2966,1731,8,4342000,651300,8000,5001300
CASE-2026-NW-03827,Johor,Building,Suburban,Freehold,1662,653,5,2610000,391500,8000,3009500
CASE-2026-NW-03828,Wilayah Persekutuan Kuala Lumpur,Building,Urban,Freehold,1922,1501,9,7382000,1107300,8000,8497300
CASE-2026-NW-03829,Perak,Agriculture,Urban,Freehold,12255,11024,14,6101000,915200,8000,7024200
CASE-2026-NW-03830,Pulau Pinang,Building,Rural,Freehold,419,208,20,656000,98400,8000,762400
CASE-2026-NW-03831,Selangor,Building,Urban,Leasehold,399,258,27,1011000,151600,8000,1170600
CASE-2026-NW-03832,Wilayah Persekutuan Kuala Lumpur,Agriculture,Urban,Malay Reserve,6887,2612,33,2264000,339600,8000,2611600
CASE-2026-NW-03833,Selangor,Building,Rural,Freehold,581,333,39,971000,145600,8000,1124600
CASE-2026-NW-03834,Perak,Building,Urban,Freehold,576,494,24,1366000,204900,8000,1578900
CASE-2026-NW-03835,Terengganu,Building,Urban,Leasehold,2048,1275,39,3211000,481600,8000,3700600
CASE-2026-NW-03836,Selangor,Building,Suburban,Freehold,934,529,32,1893000,284000,8000,2185000
CASE-2026-NW-03837,Johor,Building,Suburban,Freehold,2715,1772,24,5912000,886800,8000,6806800
CASE-2026-NW-03838,Selangor,Building,Suburban,Freehold,1146,955,4,4116000,617400,8000,4741400
CASE-2026-NW-03839,Negeri Sembilan,Agriculture,Suburban,Leasehold,4128,2939,6,1406000,210900,8000,1624900
CASE-2026-NW-03840,Wilayah Persekutuan Kuala Lumpur,Agriculture,Suburban,Freehold,14776,5146,19,4311000,646600,8000,4965600
CASE-2026-NW-03841,Terengganu,Building,Urban,Freehold,1846,563,3,2006000,300900,8000,2314900
CASE-2026-NW-03842,Melaka,Building,Urban,Freehold,2056,1578,36,4658000,698700,8000,5364700
CASE-2026-NW-03843,Selangor,Building,Urban,Freehold,2346,1315,5,6516000,977400,8000,7501400
CASE-2026-NW-03844,Pulau Pinang,Building,Rural,Freehold,1381,587,10,1849000,277400,8000,2134400
CASE-2026-NW-03845,Johor,Building,Rural,Freehold,800,739,1,2359000,353800,8000,2720800
CASE-2026-NW-03846,Selangor,Building,Urban,Leasehold,1059,664,24,2811000,421600,8000,3240600
CASE-2026-NW-03847,Selangor,Industry,Urban,Freehold,19509,9550,17,32062000,4809300,8000,36879300
CASE-2026-NW-03848,Pulau Pinang,Agriculture,Suburban,Freehold,12351,10565,28,6409000,961400,8000,7378400
CASE-2026-NW-03849,Wilayah Persekutuan Kuala Lumpur,Industry,Urban,Leasehold,20858,5940,35,20607000,3091000,8000,23706000
CASE-2026-NW-03850,Selangor,Building,Urban,Freehold,1850,1723,19,7417000,1112600,8000,8537600
CASE-2026-NW-03851,Selangor,Building,Suburban,Leasehold,241,147,5,534000,80100,8000,622100
CASE-2026-NW-03852,Melaka,Building,Rural,Freehold,1526,787,6,2335000,350200,8000,2693200
CASE-2026-NW-03853,Perak,Building,Urban,Freehold,841,247,15,840000,126000,8000,974000
CASE-2026-NW-03854,Pulau Pinang,Building,Suburban,Freehold,480,407,35,1240000,186000,8000,1434000
CASE-2026-NW-03855,Johor,Agriculture,Suburban,Leasehold,10051,3647,11,2388000,358200,8000,2754200
CASE-2026-NW-03856,Selangor,Building,Urban,Leasehold,2485,1657,1,7144000,1071600,8000,8223600
CASE-2026-NW-03857,Perak,Agriculture,Urban,Leasehold,3562,757,36,436000,65400,8000,509400
CASE-2026-NW-03858,Pulau Pinang,Agriculture,Urban,Freehold,5081,1358,26,1187000,178000,8000,1373000
CASE-2026-NW-03859,Wilayah Persekutuan Kuala Lumpur,Agriculture,Urban,Freehold,5558,3278,37,3032000,454800,8000,3494800
CASE-2026-NW-03860,Melaka,Agriculture,Rural,Freehold,13819,11457,32,4590000,688500,8000,5286500
CASE-2026-NW-03861,Melaka,Building,Suburban,Freehold,2470,1026,38,2704000,405600,8000,3117600
CASE-2026-NW-03862,Johor,Industry,Urban,Leasehold,8050,2726,25,7572000,1135800,8000,8715800
CASE-2026-NW-03863,Negeri Sembilan,Building,Suburban,Leasehold,432,182,1,589000,88400,8000,685400
CASE-2026-NW-03864,Melaka,Building,Suburban,Freehold,984,632,2,1912000,286800,8000,2206800
CASE-2026-NW-03865,Melaka,Building,Urban,Freehold,2084,784,39,2578000,386700,8000,2972700
CASE-2026-NW-03866,Kedah,Agriculture,Suburban,Freehold,10224,4240,34,2073000,311000,8000,2392000
CASE-2026-NW-03867,Sabah,Agriculture,Rural,Freehold,14415,8209,17,3431000,514600,8000,3953600
CASE-2026-NW-03868,Selangor,Agriculture,Urban,Leasehold,13458,5054,1,4632000,694800,8000,5334800
CASE-2026-NW-03869,Pahang,Building,Suburban,Freehold,1937,1637,27,4043000,606400,8000,4657400
CASE-2026-NW-03870,Perak,Agriculture,Urban,Freehold,16881,8538,26,4838000,725700,8000,5571700
CASE-2026-NW-03871,Negeri Sembilan,Building,Suburban,Freehold,956,254,26,786000,117900,8000,911900
CASE-2026-NW-03872,Kelantan,Industry,Urban,Freehold,2189,1729,1,4394000,659100,8000,5061100
CASE-2026-NW-03873,Kedah,Industry,Suburban,Freehold,14788,4592,8,10520000,1578000,8000,12106000
CASE-2026-NW-03874,Johor,Agriculture,Suburban,Malay Reserve,6898,4542,22,2425000,363800,8000,2796800
CASE-2026-NW-03875,Perak,Industry,Suburban,Freehold,1834,1029,10,2213000,332000,8000,2553000
CASE-2026-NW-03876,Negeri Sembilan,Industry,Urban,Malay Reserve,19015,5096,5,12467000,1870000,8000,14345000
CASE-2026-NW-03877,Johor,Agriculture,Urban,Freehold,3825,987,9,776000,116400,8000,900400
CASE-2026-NW-03878,Kelantan,Agriculture,Suburban,Freehold,6797,3602,18,1653000,248000,8000,1909000
CASE-2026-NW-03879,Wilayah Persekutuan Kuala Lumpur,Building,Urban,Freehold,2397,2237,16,10492000,1573800,8000,12073800
CASE-2026-NW-03880,Selangor,Building,Rural,Freehold,1852,1318,33,3958000,593700,8000,4559700
CASE-2026-NW-03881,Melaka,Agriculture,Urban,Freehold,17857,5445,15,3794000,569100,8000,4371100
CASE-2026-NW-03882,Selangor,Industry,Urban,Leasehold,20018,17814,23,47748000,7162200,8000,54918200
CASE-2026-NW-03883,Johor,Agriculture,Rural,Leasehold,3705,2898,11,1319000,197800,8000,1524800
CASE-2026-NW-03884,Negeri Sembilan,Building,Rural,Leasehold,1359,1146,27,2531000,379600,8000,2918600
CASE-2026-NW-03885,Selangor,Agriculture,Rural,Freehold,15733,12148,2,7865000,1179800,8000,9052800
CASE-2026-NW-03886,Johor,Agriculture,Rural,Freehold,6516,3948,8,1988000,298200,8000,2294200
CASE-2026-NW-03887,Wilayah Persekutuan Kuala Lumpur,Agriculture,Urban,Leasehold,12088,9015,31,7486000,1122900,8000,8616900
CASE-2026-NW-03888,Wilayah Persekutuan Kuala Lumpur,Building,Suburban,Leasehold,641,252,37,925000,138800,8000,1071800
CASE-2026-NW-03889,Sabah,Agriculture,Rural,Leasehold,2280,1731,15,671000,100600,8000,779600
CASE-2026-NW-03890,Pulau Pinang,Building,Urban,Freehold,1767,448,36,1963000,294400,8000,2265400
CASE-2026-NW-03891,Selangor,Building,Urban,Freehold,2673,1073,24,4754000,713100,8000,5475100
CASE-2026-NW-03892,Wilayah Persekutuan Kuala Lumpur,Building,Suburban,Freehold,219,184,18,724000,108600,8000,840600
CASE-2026-NW-03893,Kedah,Agriculture,Urban,Malay Reserve,4633,1910,38,969000,145400,8000,1122400
CASE-2026-NW-03894,Melaka,Building,Urban,Freehold,1947,1700,11,5768000,865200,8000,6641200
CASE-2026-NW-03895,Wilayah Persekutuan Kuala Lumpur,Building,Urban,Leasehold,2012,567,30,2691000,403600,8000,3102600
CASE-2026-NW-03896,Johor,Agriculture,Suburban,Freehold,9319,3323,20,2144000,321600,8000,2473600
CASE-2026-NW-03897,Wilayah Persekutuan Kuala Lumpur,Industry,Suburban,Freehold,18242,13177,35,38337000,5750600,8000,44095600
CASE-2026-NW-03898,Wilayah Persekutuan Kuala Lumpur,Industry,Urban,Freehold,12554,6599,18,24089000,3613400,8000,27710400
CASE-2026-NW-03899,Johor,Agriculture,Urban,Freehold,16290,4384,14,3486000,522900,8000,4016900
CASE-2026-NW-03900,Kelantan,Agriculture,Urban,Leasehold,3940,2377,39,1162000,174300,8000,1344300
CASE-2026-NW-03901,Sarawak,Agriculture,Rural,Freehold,3861,1886,25,759000,113800,8000,880800
CASE-2026-NW-03902,Kelantan,Building,Rural,Freehold,2933,1502,18,3353000,503000,8000,3864000
CASE-2026-NW-03903,Kedah,Building,Urban,Freehold,1825,1034,21,3222000,483300,8000,3713300
CASE-2026-NW-03904,Negeri Sembilan,Building,Suburban,Leasehold,1178,721,28,1714000,257100,8000,1979100
CASE-2026-NW-03905,Wilayah Persekutuan Kuala Lumpur,Agriculture,Urban,Freehold,9520,6783,12,6142000,921300,8000,7071300
CASE-2026-NW-03906,Wilayah Persekutuan Kuala Lumpur,Building,Rural,Leasehold,208,174,13,519000,77800,8000,604800
CASE-2026-NW-03907,Pulau Pinang,Building,Rural,Malay Reserve,1341,1012,26,2629000,394400,8000,3031400
CASE-2026-NW-03908,Perak,Building,Suburban,Leasehold,447,333,24,780000,117000,8000,905000
CASE-2026-NW-03909,Wilayah Persekutuan Kuala Lumpur,Agriculture,Urban,Freehold,2715,1377,21,1423000,213400,8000,1644400
CASE-2026-NW-03910,Pahang,Building,Urban,Leasehold,2963,1895,30,5050000,757500,8000,5815500
CASE-2026-NW-03911,Selangor,Agriculture,Suburban,Leasehold,6193,2604,21,1816000,272400,8000,2096400
CASE-2026-NW-03912,Selangor,Agriculture,Suburban,Freehold,5440,1187,26,963000,144400,8000,1115400
CASE-2026-NW-03913,Selangor,Building,Rural,Freehold,1173,742,6,2801000,420200,8000,3229200
CASE-2026-NW-03914,Wilayah Persekutuan Kuala Lumpur,Agriculture,Urban,Freehold,10288,4429,30,4353000,653000,8000,5014000
CASE-2026-NW-03915,Selangor,Building,Suburban,Freehold,658,617,27,2199000,329800,8000,2536800
CASE-2026-NW-03916,Wilayah Persekutuan Labuan,Building,Suburban,Freehold,1406,757,13,2402000,360300,8000,2770300
CASE-2026-NW-03917,Melaka,Building,Urban,Freehold,1032,890,13,3270000,490500,8000,3768500
CASE-2026-NW-03918,Selangor,Building,Urban,Leasehold,2335,1226,24,5322000,798300,8000,6128300
CASE-2026-NW-03919,Kelantan,Building,Suburban,Leasehold,2839,1134,28,2601000,390200,8000,2999200
CASE-2026-NW-03920,Wilayah Persekutuan Kuala Lumpur,Agriculture,Rural,Leasehold,6592,5872,6,3471000,520600,8000,3999600
CASE-2026-NW-03921,Perak,Building,Suburban,Malay Reserve,2577,2221,4,6548000,982200,8000,7538200
CASE-2026-NW-03922,Pulau Pinang,Building,Suburban,Freehold,480,441,21,1553000,233000,8000,1794000
CASE-2026-NW-03923,Wilayah Persekutuan Kuala Lumpur,Building,Suburban,Leasehold,2850,1964,15,7736000,1160400,8000,8904400
CASE-2026-NW-03924,Kedah,Industry,Rural,Freehold,14934,8807,25,13583000,2037400,8000,15628400
CASE-2026-NW-03925,Selangor,Building,Suburban,Freehold,1083,738,29,2531000,379600,8000,2918600
CASE-2026-NW-03926,Perlis,Building,Suburban,Freehold,2112,1318,11,4026000,603900,8000,4637900
CASE-2026-NW-03927,Wilayah Persekutuan Kuala Lumpur,Building,Suburban,Freehold,2239,2019,11,8118000,1217700,8000,9343700
CASE-2026-NW-03928,Selangor,Agriculture,Suburban,Freehold,3543,2091,20,1523000,228400,8000,1759400
CASE-2026-NW-03929,Sabah,Agriculture,Urban,Leasehold,10945,6143,32,3450000,517500,8000,3975500
CASE-2026-NW-03930,Kedah,Building,Suburban,Malay Reserve,1962,1854,24,4273000,641000,8000,4922000
CASE-2026-NW-03931,Johor,Building,Urban,Freehold,586,401,18,1531000,229600,8000,1768600
CASE-2026-NW-03932,Selangor,Building,Suburban,Freehold,2852,1731,22,6155000,923200,8000,7086200
CASE-2026-NW-03933,Kelantan,Building,Rural,Freehold,1103,280,39,559000,83800,8000,650800
CASE-2026-NW-03934,Kelantan,Building,Rural,Freehold,949,556,8,1192000,178800,8000,1378800
CASE-2026-NW-03935,Melaka,Agriculture,Suburban,Freehold,13283,7267,27,4111000,616600,8000,4735600
CASE-2026-NW-03936,Kelantan,Agriculture,Urban,Leasehold,17540,11088,31,5038000,755700,8000,5801700
CASE-2026-NW-03937,Kedah,Agriculture,Urban,Leasehold,18810,7947,30,4406000,660900,8000,5074900
CASE-2026-NW-03938,Melaka,Agriculture,Suburban,Freehold,8863,7654,38,3818000,572700,8000,4398700
CASE-2026-NW-03939,Selangor,Agriculture,Suburban,Leasehold,11745,7952,17,5181000,777200,8000,5966200
CASE-2026-NW-03940,Selangor,Building,Urban,Leasehold,1720,961,30,3832000,574800,8000,4414800
CASE-2026-NW-03941,Terengganu,Agriculture,Urban,Leasehold,5900,2749,39,1353000,203000,8000,1564000
CASE-2026-NW-03942,Pahang,Industry,Suburban,Freehold,8128,4940,3,10303000,1545400,8000,11856400
CASE-2026-NW-03943,Terengganu,Agriculture,Urban,Leasehold,9227,4230,29,2222000,333300,8000,2563300
CASE-2026-NW-03944,Kedah,Building,Urban,Freehold,1884,488,35,1419000,212800,8000,1639800
CASE-2026-NW-03945,Pahang,Agriculture,Suburban,Leasehold,15020,6488,5,3274000,491100,8000,3773100
CASE-2026-NW-03946,Pahang,Agriculture,Suburban,Freehold,13536,8507,11,4534000,680100,8000,5222100
CASE-2026-NW-03947,Wilayah Persekutuan Kuala Lumpur,Agriculture,Suburban,Leasehold,9307,4286,36,3203000,480400,8000,3691400
CASE-2026-NW-03948,Negeri Sembilan,Agriculture,Suburban,Leasehold,4689,2742,18,1422000,213300,8000,1643300
CASE-2026-NW-03949,Melaka,Agriculture,Suburban,Leasehold,9378,3765,15,2213000,332000,8000,2553000
CASE-2026-NW-03950,Melaka,Agriculture,Urban,Freehold,9332,7698,29,4454000,668100,8000,5130100
CASE-2026-NW-03951,Johor,Building,Suburban,Leasehold,2368,1855,6,5907000,886000,8000,6801000
CASE-2026-NW-03952,Perak,Building,Urban,Freehold,1523,1271,2,3784000,567600,8000,4359600
CASE-2026-NW-03953,Wilayah Persekutuan Kuala Lumpur,Agriculture,Rural,Freehold,13802,9034,38,5584000,837600,8000,6429600
CASE-2026-NW-03954,Kelantan,Agriculture,Suburban,Freehold,18717,7550,6,3899000,584800,8000,4491800
CASE-2026-NW-03955,Sarawak,Building,Suburban,Freehold,595,555,22,1416000,212400,8000,1636400
CASE-2026-NW-03956,Wilayah Persekutuan Kuala Lumpur,Agriculture,Suburban,Leasehold,4787,3788,34,2610000,391500,8000,3009500
CASE-2026-NW-03957,Perak,Agriculture,Urban,Freehold,9847,4635,26,2599000,389800,8000,2996800
CASE-2026-NW-03958,Melaka,Building,Urban,Freehold,994,629,24,2096000,314400,8000,2418400
CASE-2026-NW-03959,Sarawak,Building,Urban,Freehold,2501,2149,4,6990000,1048500,8000,8046500
CASE-2026-NW-03960,Johor,Building,Urban,Freehold,1857,1442,27,4725000,708800,8000,5441800
CASE-2026-NW-03961,Pulau Pinang,Building,Suburban,Freehold,181,76,38,257000,38600,8000,303600
CASE-2026-NW-03962,Pulau Pinang,Building,Urban,Malay Reserve,765,258,12,1080000,162000,8000,1250000
CASE-2026-NW-03963,Melaka,Agriculture,Suburban,Freehold,19544,15866,30,8153000,1223000,8000,9384000
CASE-2026-NW-03964,Pulau Pinang,Building,Urban,Freehold,2180,628,12,2904000,435600,8000,3347600
CASE-2026-NW-03965,Johor,Building,Urban,Leasehold,186,102,14,363000,54400,8000,425400
CASE-2026-NW-03966,Selangor,Building,Suburban,Freehold,1650,1341,3,5146000,771900,8000,5925900
CASE-2026-NW-03967,Kelantan,Agriculture,Suburban,Freehold,8634,5959,24,2558000,383700,8000,2949700
CASE-2026-NW-03968,Kedah,Agriculture,Urban,Freehold,9724,4783,1,3025000,453800,8000,3486800
CASE-2026-NW-03969,Terengganu,Building,Suburban,Freehold,996,682,32,1642000,246300,8000,1896300
CASE-2026-NW-03970,Wilayah Persekutuan Kuala Lumpur,Industry,Suburban,Freehold,12106,11007,1,32520000,4878000,8000,37406000
CASE-2026-NW-03971,Wilayah Persekutuan Kuala Lumpur,Industry,Urban,Leasehold,17084,12241,35,38837000,5825600,8000,44670600
CASE-2026-NW-03972,Negeri Sembilan,Building,Urban,Freehold,1181,651,36,1924000,288600,8000,2220600
CASE-2026-NW-03973,Kedah,Industry,Rural,Leasehold,11620,4132,37,6322000,948300,8000,7278300
CASE-2026-NW-03974,Sarawak,Building,Suburban,Leasehold,2696,2062,6,6678000,1001700,8000,7687700
CASE-2026-NW-03975,Kelantan,Agriculture,Urban,Freehold,8758,6480,28,3352000,502800,8000,3862800
CASE-2026-NW-03976,Melaka,Agriculture,Rural,Freehold,14860,3927,34,1901000,285200,8000,2194200
CASE-2026-NW-03977,Wilayah Persekutuan Putrajaya,Building,Urban,Freehold,566,452,25,1790000,268500,8000,2066500
CASE-2026-NW-03978,Negeri Sembilan,Agriculture,Urban,Freehold,15239,5110,20,3170000,475500,8000,3653500
CASE-2026-NW-03979,Kelantan,Building,Suburban,Malay Reserve,798,583,23,1285000,192800,8000,1485800
CASE-2026-NW-03980,Pulau Pinang,Building,Suburban,Freehold,1125,712,20,2665000,399800,8000,3072800
CASE-2026-NW-03981,Selangor,Agriculture,Urban,Freehold,2215,759,27,699000,104800,8000,811800
CASE-2026-NW-03982,Melaka,Building,Suburban,Freehold,510,298,1,979000,146800,8000,1133800
CASE-2026-NW-03983,Kedah,Building,Suburban,Freehold,1955,1322,11,3598000,539700,8000,4145700
CASE-2026-NW-03984,Selangor,Agriculture,Rural,Malay Reserve,19510,10480,30,5535000,830200,8000,6373200
CASE-2026-NW-03985,Johor,Building,Urban,Leasehold,1235,962,19,3082000,462300,8000,3552300
CASE-2026-NW-03986,Wilayah Persekutuan Kuala Lumpur,Building,Urban,Leasehold,894,358,31,1641000,246200,8000,1895200
CASE-2026-NW-03987,Pulau Pinang,Building,Urban,Freehold,800,312,18,1406000,210900,8000,1624900
CASE-2026-NW-03988,Pahang,Building,Urban,Freehold,1360,1038,29,3020000,453000,8000,3481000
CASE-2026-NW-03989,Johor,Agriculture,Urban,Malay Reserve,19936,7812,35,4961000,744200,8000,5713200
CASE-2026-NW-03990,Johor,Industry,Rural,Leasehold,20321,6719,10,14478000,2171700,8000,16657700
CASE-2026-NW-03991,Pulau Pinang,Agriculture,Suburban,Freehold,8697,4110,38,2821000,423200,8000,3252200
CASE-2026-NW-03992,Johor,Agriculture,Rural,Leasehold,3003,1870,11,922000,138300,8000,1068300
CASE-2026-NW-03993,Perak,Agriculture,Suburban,Freehold,12765,7371,32,3610000,541500,8000,4159500
CASE-2026-NW-03994,Wilayah Persekutuan Kuala Lumpur,Building,Urban,Freehold,2966,1136,4,6125000,918800,8000,7051800
CASE-2026-NW-03995,Wilayah Persekutuan Putrajaya,Industry,Urban,Leasehold,15539,12083,11,38155000,5723200,8000,43886200
CASE-2026-NW-03996,Selangor,Agriculture,Suburban,Freehold,8789,3396,27,2516000,377400,8000,2901400
CASE-2026-NW-03997,Selangor,Building,Suburban,Freehold,1129,1033,6,3707000,556000,8000,4271000
CASE-2026-NW-03998,Johor,Building,Rural,Leasehold,373,202,13,514000,77100,8000,599100
CASE-2026-NW-03999,Johor,Building,Suburban,Freehold,966,913,28,2584000,387600,8000,2979600
CASE-2026-NW-04000,Selangor,Industry,Urban,Freehold,12814,9068,35,27406000,4110900,8000,31524900
CASE-2026-NW-04001,Selangor,Agriculture,Rural,Leasehold,4975,1237,22,747000,112000,8000,867000
CASE-2026-NW-04002,Perak,Building,Rural,Malay Reserve,2092,619,9,1352000,202800,8000,1562800
CASE-2026-NW-04003,Kedah,Agriculture,Urban,Freehold,15603,8703,5,5694000,854100,8000,6556100
CASE-2026-NW-04004,Perak,Building,Rural,Freehold,2816,1976,5,4556000,683400,8000,5247400
CASE-2026-NW-04005,Selangor,Agriculture,Urban,Freehold,3625,1970,6,1755000,263200,8000,2026200
CASE-2026-NW-04006,Pulau Pinang,Industry,Suburban,Freehold,15208,4059,9,13010000,1951500,8000,14969500
CASE-2026-NW-04007,Pulau Pinang,Building,Urban,Freehold,2169,967,35,3849000,577400,8000,4434400
CASE-2026-NW-04008,Negeri Sembilan,Building,Urban,Freehold,1161,935,15,2956000,443400,8000,3407400
CASE-2026-NW-04009,Negeri Sembilan,Building,Urban,Leasehold,2101,880,16,2814000,422100,8000,3244100
CASE-2026-NW-04010,Wilayah Persekutuan Kuala Lumpur,Agriculture,Urban,Freehold,11598,9004,5,8942000,1341300,8000,10291300
CASE-2026-NW-04011,Selangor,Building,Urban,Freehold,1540,692,6,3176000,476400,8000,3660400
CASE-2026-NW-04012,Kelantan,Industry,Suburban,Freehold,10993,6220,7,13436000,2015400,8000,15459400
CASE-2026-NW-04013,Pulau Pinang,Agriculture,Suburban,Malay Reserve,9360,3588,19,2452000,367800,8000,2827800
CASE-2026-NW-04014,Selangor,Building,Urban,Leasehold,371,300,37,1104000,165600,8000,1277600
CASE-2026-NW-04015,Sarawak,Agriculture,Urban,Freehold,7737,1567,25,1010000,151500,8000,1169500
CASE-2026-NW-04016,Pulau Pinang,Agriculture,Rural,Freehold,2752,1159,18,685000,102800,8000,795800
CASE-2026-NW-04017,Negeri Sembilan,Industry,Suburban,Malay Reserve,17041,14409,5,28898000,4334700,8000,33240700
CASE-2026-NW-04018,Wilayah Persekutuan Kuala Lumpur,Agriculture,Rural,Freehold,13107,10252,13,6731000,1009600,8000,7748600
CASE-2026-NW-04019,Selangor,Building,Urban,Freehold,1564,688,12,3175000,476200,8000,3659200
CASE-2026-NW-04020,Johor,Building,Urban,Freehold,2847,1121,37,3970000,595500,8000,4573500
CASE-2026-NW-04021,Perak,Building,Rural,Malay Reserve,2334,972,4,2560000,384000,8000,2952000
CASE-2026-NW-04022,Sabah,Building,Urban,Leasehold,350,90,2,346000,51900,8000,405900
CASE-2026-NW-04023,Kelantan,Agriculture,Urban,Malay Reserve,10198,7797,6,3694000,554100,8000,4256100
CASE-2026-NW-04024,Pulau Pinang,Agriculture,Suburban,Leasehold,14177,7626,19,4782000,717300,8000,5507300
CASE-2026-NW-04025,Kedah,Industry,Suburban,Freehold,1503,939,13,1907000,286000,8000,2201000
CASE-2026-NW-04026,Selangor,Building,Urban,Leasehold,997,868,18,3627000,544000,8000,4179000
CASE-2026-NW-04027,Pulau Pinang,Building,Rural,Leasehold,2975,1493,6,4747000,712000,8000,5467000
CASE-2026-NW-04028,Wilayah Persekutuan Kuala Lumpur,Agriculture,Urban,Leasehold,9326,2609,9,2664000,399600,8000,3071600
CASE-2026-NW-04029,Terengganu,Building,Suburban,Leasehold,666,277,10,851000,127600,8000,986600
CASE-2026-NW-04030,Johor,Building,Suburban,Leasehold,1432,1226,19,3904000,585600,8000,4497600
CASE-2026-NW-04031,Melaka,Building,Urban,Freehold,2013,927,18,3490000,523500,8000,4021500
CASE-2026-NW-04032,Sarawak,Agriculture,Suburban,Freehold,8216,6427,5,3336000,500400,8000,3844400
CASE-2026-NW-04033,Kedah,Building,Rural,Freehold,2600,927,5,2233000,335000,8000,2576000
CASE-2026-NW-04034,Wilayah Persekutuan Kuala Lumpur,Building,Urban,Leasehold,1313,651,33,2785000,417800,8000,3210800
CASE-2026-NW-04035,Wilayah Persekutuan Putrajaya,Building,Suburban,Freehold,2385,1420,5,5773000,866000,8000,6647000
CASE-2026-NW-04036,Wilayah Persekutuan Kuala Lumpur,Building,Urban,Malay Reserve,1627,1149,28,4525000,678800,8000,5211800
CASE-2026-NW-04037,Wilayah Persekutuan Kuala Lumpur,Agriculture,Suburban,Leasehold,14952,8635,30,6361000,954200,8000,7323200
CASE-2026-NW-04038,Kedah,Agriculture,Urban,Leasehold,6175,2595,6,1407000,211000,8000,1626000
CASE-2026-NW-04039,Kedah,Industry,Rural,Freehold,20022,17487,24,25143000,3771400,8000,28922400
CASE-2026-NW-04040,Pahang,Industry,Urban,Freehold,1860,658,32,1481000,222200,8000,1711200
CASE-2026-NW-04041,Negeri Sembilan,Agriculture,Urban,Freehold,16166,10863,36,6233000,935000,8000,7176000
CASE-2026-NW-04042,Wilayah Persekutuan Kuala Lumpur,Agriculture,Suburban,Freehold,15137,4890,30,4163000,624400,8000,4795400
CASE-2026-NW-04043,Kedah,Building,Suburban,Leasehold,1760,1093,28,2563000,384400,8000,2955400
CASE-2026-NW-04044,Melaka,Building,Urban,Leasehold,1472,608,5,2174000,326100,8000,2508100
CASE-2026-NW-04045,Johor,Building,Rural,Freehold,571,515,37,1159000,173800,8000,1340800
CASE-2026-NW-04046,Wilayah Persekutuan Kuala Lumpur,Agriculture,Urban,Leasehold,17653,10822,25,9436000,1415400,8000,10859400
CASE-2026-NW-04047,Perlis,Agriculture,Rural,Freehold,17739,11388,5,4313000,647000,8000,4968000
CASE-2026-NW-04048,Johor,Agriculture,Suburban,Freehold,15761,6960,8,4979000,746800,8000,5733800
CASE-2026-NW-04049,Selangor,Agriculture,Urban,Leasehold,10992,6867,17,5725000,858800,8000,6591800
CASE-2026-NW-04050,Kedah,Agriculture,Rural,Freehold,2271,1754,10,691000,103600,8000,802600
CASE-2026-NW-04051,Negeri Sembilan,Agriculture,Rural,Malay Reserve,13883,11339,31,3889000,583400,8000,4480400
CASE-2026-NW-04052,Johor,Building,Suburban,Freehold,2262,1842,13,6100000,915000,8000,7023000
CASE-2026-NW-04053,Negeri Sembilan,Building,Urban,Freehold,1341,1010,38,2875000,431200,8000,3314200
CASE-2026-NW-04054,Pulau Pinang,Agriculture,Suburban,Freehold,10989,9882,19,6663000,999400,8000,7670400
CASE-2026-NW-04055,Selangor,Agriculture,Suburban,Leasehold,2217,1665,26,1052000,157800,8000,1217800
CASE-2026-NW-04056,Kelantan,Agriculture,Rural,Leasehold,10628,5029,26,1815000,272200,8000,2095200
CASE-2026-NW-04057,Wilayah Persekutuan Kuala Lumpur,Building,Rural,Freehold,2968,1298,35,4056000,608400,8000,4672400
CASE-2026-NW-04058,Negeri Sembilan,Agriculture,Urban,Leasehold,4552,1841,5,1200000,180000,8000,1388000
CASE-2026-NW-04059,Negeri Sembilan,Agriculture,Suburban,Freehold,15089,11249,13,5301000,795200,8000,6104200
CASE-2026-NW-04060,Kedah,Building,Suburban,Freehold,2370,2011,7,5993000,899000,8000,6900000
CASE-2026-NW-04061,Johor,Building,Suburban,Freehold,2646,1872,29,5396000,809400,8000,6213400
CASE-2026-NW-04062,Melaka,Building,Rural,Leasehold,1817,1421,8,3332000,499800,8000,3839800
CASE-2026-NW-04063,Pulau Pinang,Building,Urban,Freehold,2177,1036,16,4552000,682800,8000,5242800
CASE-2026-NW-04064,Negeri Sembilan,Building,Suburban,Freehold,588,298,8,900000,135000,8000,1043000
CASE-2026-NW-04065,Selangor,Building,Urban,Leasehold,834,724,39,2601000,390200,8000,2999200
CASE-2026-NW-04066,Kedah,Building,Urban,Freehold,2845,1089,24,3359000,503800,8000,3870800
CASE-2026-NW-04067,Kelantan,Building,Urban,Leasehold,1717,1028,21,2933000,440000,8000,3381000
CASE-2026-NW-04068,Wilayah Persekutuan Labuan,Building,Urban,Freehold,1200,527,35,1743000,261400,8000,2012400
CASE-2026-NW-04069,Pulau Pinang,Agriculture,Suburban,Freehold,13954,5544,33,3970000,595500,8000,4573500
CASE-2026-NW-04070,Selangor,Building,Suburban,Leasehold,2584,872,30,3207000,481000,8000,3696000
CASE-2026-NW-04071,Pahang,Building,Rural,Freehold,2444,2146,23,4445000,666800,8000,5119800
CASE-2026-NW-04072,Perak,Building,Suburban,Leasehold,2518,1436,27,3666000,549900,8000,4223900
CASE-2026-NW-04073,Wilayah Persekutuan Kuala Lumpur,Building,Urban,Freehold,376,217,32,971000,145600,8000,1124600
CASE-2026-NW-04074,Pahang,Agriculture,Suburban,Freehold,12987,7672,36,3583000,537400,8000,4128400
CASE-2026-NW-04075,Selangor,Agriculture,Suburban,Freehold,5302,2714,38,1985000,297800,8000,2290800
CASE-2026-NW-04076,Pulau Pinang,Building,Urban,Leasehold,829,624,16,2277000,341600,8000,2626600
CASE-2026-NW-04077,Negeri Sembilan,Building,Suburban,Leasehold,1967,1760,31,3974000,596100,8000,4578100
CASE-2026-NW-04078,Selangor,Industry,Suburban,Freehold,23552,21129,31,54731000,8209600,8000,62948600
CASE-2026-NW-04079,Perak,Agriculture,Urban,Malay Reserve,15736,10583,1,5913000,887000,8000,6808000
CASE-2026-NW-04080,Kedah,Building,Urban,Freehold,1699,1408,39,3644000,546600,8000,4198600
CASE-2026-NW-04081,Selangor,Building,Urban,Malay Reserve,2369,2060,2,8186000,1227900,8000,9421900
CASE-2026-NW-04082,Terengganu,Agriculture,Urban,Leasehold,12182,6416,22,3072000,460800,8000,3540800
CASE-2026-NW-04083,Wilayah Persekutuan Putrajaya,Agriculture,Suburban,Freehold,17533,14404,6,9665000,1449800,8000,11122800
CASE-2026-NW-04084,Selangor,Agriculture,Rural,Freehold,9233,2663,12,1647000,247000,8000,1902000
CASE-2026-NW-04085,Wilayah Persekutuan Kuala Lumpur,Agriculture,Urban,Freehold,4797,3032,23,2859000,428800,8000,3295800
CASE-2026-NW-04086,Selangor,Building,Urban,Malay Reserve,1403,799,6,3375000,506200,8000,3889200
CASE-2026-NW-04087,Johor,Building,Rural,Freehold,1387,1082,25,2785000,417800,8000,3210800
CASE-2026-NW-04088,Selangor,Building,Suburban,Malay Reserve,1719,1007,21,3377000,506600,8000,3891600
CASE-2026-NW-04089,Kedah,Agriculture,Suburban,Leasehold,7259,4635,38,2076000,311400,8000,2395400
CASE-2026-NW-04090,Kedah,Agriculture,Rural,Freehold,7411,6362,35,2346000,351900,8000,2705900
CASE-2026-NW-04091,Wilayah Persekutuan Putrajaya,Industry,Suburban,Freehold,11886,8082,21,20543000,3081400,8000,23632400
CASE-2026-NW-04092,Pulau Pinang,Building,Urban,Malay Reserve,978,724,9,2679000,401800,8000,3088800
CASE-2026-NW-04093,Negeri Sembilan,Building,Urban,Leasehold,1327,458,10,1533000,230000,8000,1771000
CASE-2026-NW-04094,Terengganu,Building,Urban,Leasehold,2461,1626,15,4970000,745500,8000,5723500
CASE-2026-NW-04095,Selangor,Agriculture,Urban,Freehold,11722,2740,0,2786000,417900,8000,3211900
CASE-2026-NW-04096,Johor,Building,Urban,Freehold,937,361,6,1578000,236700,8000,1822700
CASE-2026-NW-04097,Pahang,Agriculture,Rural,Freehold,3013,2095,8,798000,119700,8000,925700
CASE-2026-NW-04098,Kelantan,Agriculture,Rural,Leasehold,11847,10024,33,3068000,460200,8000,3536200
CASE-2026-NW-04099,Negeri Sembilan,Building,Urban,Freehold,1134,979,26,2931000,439600,8000,3378600
CASE-2026-NW-04100,Selangor,Agriculture,Urban,Freehold,19619,13582,38,11165000,1674800,8000,12847800
CASE-2026-NW-04101,Melaka,Building,Suburban,Leasehold,2807,1219,4,4277000,641600,8000,4926600
CASE-2026-NW-04102,Selangor,Industry,Urban,Freehold,1884,805,13,3050000,457500,8000,3515500
CASE-2026-NW-04103,Johor,Building,Urban,Malay Reserve,2048,1622,10,5333000,800000,8000,6141000
CASE-2026-NW-04104,Wilayah Persekutuan Kuala Lumpur,Building,Suburban,Freehold,2465,2308,8,9648000,1447200,8000,11103200
CASE-2026-NW-04105,Pulau Pinang,Agriculture,Suburban,Freehold,9930,6496,28,4305000,645800,8000,4958800
CASE-2026-NW-04106,Wilayah Persekutuan Kuala Lumpur,Agriculture,Rural,Freehold,19016,6014,30,3961000,594200,8000,4563200
CASE-2026-NW-04107,Perak,Building,Urban,Leasehold,1313,556,19,1625000,243800,8000,1876800
CASE-2026-NW-04108,Pulau Pinang,Building,Suburban,Freehold,1489,1188,6,4154000,623100,8000,4785100
CASE-2026-NW-04109,Selangor,Building,Urban,Freehold,1486,1209,26,5066000,759900,8000,5833900
CASE-2026-NW-04110,Perak,Agriculture,Urban,Leasehold,6735,3834,33,1939000,290800,8000,2237800
CASE-2026-NW-04111,Kelantan,Agriculture,Rural,Freehold,8459,3827,12,1342000,201300,8000,1551300
CASE-2026-NW-04112,Wilayah Persekutuan Kuala Lumpur,Agriculture,Suburban,Freehold,5453,3268,2,2697000,404600,8000,3109600
CASE-2026-NW-04113,Wilayah Persekutuan Kuala Lumpur,Building,Suburban,Leasehold,2052,818,2,3693000,554000,8000,4255000
CASE-2026-NW-04114,Johor,Agriculture,Urban,Freehold,5117,3654,33,2403000,360400,8000,2771400
CASE-2026-NW-04115,Kelantan,Industry,Suburban,Freehold,11392,5134,33,8852000,1327800,8000,10187800
CASE-2026-NW-04116,Kedah,Building,Urban,Freehold,2392,2148,27,5582000,837300,8000,6427300
CASE-2026-NW-04117,Negeri Sembilan,Industry,Urban,Freehold,6728,5690,25,13504000,2025600,8000,15537600
CASE-2026-NW-04118,Terengganu,Agriculture,Urban,Freehold,6459,3832,7,2388000,358200,8000,2754200
CASE-2026-NW-04119,Negeri Sembilan,Building,Suburban,Freehold,2895,981,18,2804000,420600,8000,3232600
CASE-2026-NW-04120,Pulau Pinang,Building,Urban,Freehold,481,233,36,936000,140400,8000,1084400
CASE-2026-NW-04121,Johor,Agriculture,Urban,Freehold,11684,8947,25,5864000,879600,8000,6751600
CASE-2026-NW-04122,Wilayah Persekutuan Kuala Lumpur,Building,Suburban,Freehold,2143,1129,1,5350000,802500,8000,6160500
CASE-2026-NW-04123,Melaka,Building,Suburban,Malay Reserve,1866,1261,17,3288000,493200,8000,3789200
CASE-2026-NW-04124,Perak,Agriculture,Rural,Freehold,11898,10459,24,3769000,565400,8000,4342400
CASE-2026-NW-04125,Kelantan,Industry,Rural,Freehold,19891,17872,17,30724000,4608600,8000,35340600
CASE-2026-NW-04126,Sarawak,Agriculture,Urban,Malay Reserve,12371,11040,26,5885000,882800,8000,6775800
CASE-2026-NW-04127,Kelantan,Building,Urban,Freehold,2490,650,23,1814000,272100,8000,2094100
CASE-2026-NW-04128,Johor,Industry,Urban,Leasehold,22386,16574,11,43981000,6597200,8000,50586200
CASE-2026-NW-04129,Johor,Building,Suburban,Leasehold,2859,1500,11,5373000,806000,8000,6187000
CASE-2026-NW-04130,Melaka,Building,Rural,Freehold,1045,942,6,2686000,402900,8000,3096900
CASE-2026-NW-04131,Selangor,Building,Rural,Freehold,624,334,18,1194000,179100,8000,1381100
CASE-2026-NW-04132,Perak,Agriculture,Suburban,Freehold,12135,4145,37,1987000,298000,8000,2293000
CASE-2026-NW-04133,Johor,Agriculture,Suburban,Leasehold,4131,3624,33,1817000,272600,8000,2097600
CASE-2026-NW-04134,Selangor,Industry,Suburban,Freehold,14738,7868,15,21862000,3279300,8000,25149300
CASE-2026-NW-04135,Wilayah Persekutuan Kuala Lumpur,Industry,Urban,Leasehold,11954,8347,20,28127000,4219000,8000,32354000
CASE-2026-NW-04136,Melaka,Agriculture,Suburban,Freehold,12981,5680,33,3255000,488200,8000,3751200
CASE-2026-NW-04137,Selangor,Agriculture,Rural,Freehold,8275,3980,19,2462000,369300,8000,2839300
CASE-2026-NW-04138,Pahang,Agriculture,Suburban,Freehold,6731,4607,36,2001000,300200,8000,2309200
CASE-2026-NW-04139,Johor,Building,Urban,Leasehold,2541,2138,32,6839000,1025800,8000,7872800
CASE-2026-NW-04140,Negeri Sembilan,Building,Suburban,Freehold,2093,1804,16,5311000,796600,8000,6115600
CASE-2026-NW-04141,Johor,Industry,Suburban,Leasehold,23690,10527,12,25950000,3892500,8000,29850500
CASE-2026-NW-04142,Selangor,Agriculture,Rural,Freehold,9756,5154,9,3356000,503400,8000,3867400
CASE-2026-NW-04143,Selangor,Agriculture,Suburban,Freehold,5909,5120,0,3466000,519900,8000,3993900
CASE-2026-NW-04144,Perak,Building,Rural,Malay Reserve,1905,543,5,1476000,221400,8000,1705400
CASE-2026-NW-04145,Selangor,Agriculture,Urban,Leasehold,18905,7071,18,6464000,969600,8000,7441600
CASE-2026-NW-04146,Pulau Pinang,Industry,Rural,Leasehold,22899,8705,7,19652000,2947800,8000,22607800
CASE-2026-NW-04147,Johor,Agriculture,Urban,Freehold,10180,7300,1,5274000,791100,8000,6073100
CASE-2026-NW-04148,Pulau Pinang,Agriculture,Rural,Leasehold,7317,6550,31,2972000,445800,8000,3425800
CASE-2026-NW-04149,Melaka,Building,Urban,Freehold,1550,508,17,1900000,285000,8000,2193000
CASE-2026-NW-04150,Selangor,Industry,Rural,Freehold,11604,8437,17,19930000,2989500,8000,22927500
CASE-2026-NW-04151,Wilayah Persekutuan Kuala Lumpur,Building,Urban,Leasehold,1840,1609,29,6333000,950000,8000,7291000
CASE-2026-NW-04152,Johor,Agriculture,Urban,Malay Reserve,5264,4421,28,2658000,398700,8000,3064700
CASE-2026-NW-04153,Kelantan,Agriculture,Urban,Leasehold,8685,5607,16,2963000,444400,8000,3415400
CASE-2026-NW-04154,Terengganu,Agriculture,Urban,Freehold,2397,897,38,478000,71700,8000,557700
CASE-2026-NW-04155,Wilayah Persekutuan Kuala Lumpur,Agriculture,Urban,Freehold,4907,1161,0,1203000,180400,8000,1391400
CASE-2026-NW-04156,Pahang,Building,Urban,Freehold,1483,1090,24,3404000,510600,8000,3922600
CASE-2026-NW-04157,Pulau Pinang,Agriculture,Suburban,Freehold,16549,8737,37,5896000,884400,8000,6788400
CASE-2026-NW-04158,Selangor,Building,Suburban,Leasehold,2865,1745,21,6380000,957000,8000,7345000
CASE-2026-NW-04159,Wilayah Persekutuan Kuala Lumpur,Building,Urban,Freehold,1758,1153,21,5633000,845000,8000,6486000
CASE-2026-NW-04160,Perak,Building,Suburban,Leasehold,381,346,21,808000,121200,8000,937200
CASE-2026-NW-04161,Negeri Sembilan,Building,Urban,Leasehold,199,124,4,461000,69200,8000,538200
CASE-2026-NW-04162,Sabah,Building,Suburban,Freehold,1013,513,28,1300000,195000,8000,1503000
CASE-2026-NW-04163,Terengganu,Agriculture,Urban,Freehold,3463,906,32,523000,78400,8000,609400
CASE-2026-NW-04164,Perak,Building,Urban,Freehold,1587,450,14,1455000,218200,8000,1681200
CASE-2026-NW-04165,Wilayah Persekutuan Kuala Lumpur,Building,Urban,Leasehold,2504,2260,9,8993000,1349000,8000,10350000
CASE-2026-NW-04166,Pulau Pinang,Building,Suburban,Freehold,461,396,24,1351000,202600,8000,1561600
CASE-2026-NW-04167,Wilayah Persekutuan Labuan,Agriculture,Urban,Leasehold,9850,3200,23,2018000,302700,8000,2328700
CASE-2026-NW-04168,Sabah,Agriculture,Suburban,Freehold,15254,3796,4,2177000,326600,8000,2511600
CASE-2026-NW-04169,Selangor,Building,Suburban,Freehold,1463,1372,6,5686000,852900,8000,6546900
CASE-2026-NW-04170,Wilayah Persekutuan Kuala Lumpur,Building,Urban,Leasehold,899,279,26,1338000,200700,8000,1546700
CASE-2026-NW-04171,Kedah,Building,Urban,Freehold,2360,1332,38,3755000,563200,8000,4326200
CASE-2026-NW-04172,Kedah,Building,Rural,Leasehold,2333,660,14,1680000,252000,8000,1940000
CASE-2026-NW-04173,Selangor,Building,Urban,Freehold,607,382,35,1540000,231000,8000,1779000
CASE-2026-NW-04174,Selangor,Agriculture,Suburban,Leasehold,9221,3740,26,2621000,393200,8000,3022200
CASE-2026-NW-04175,Selangor,Agriculture,Suburban,Freehold,10532,6951,13,5103000,765400,8000,5876400
CASE-2026-NW-04176,Wilayah Persekutuan Kuala Lumpur,Building,Rural,Leasehold,2713,1576,15,5116000,767400,8000,5891400
CASE-2026-NW-04177,Terengganu,Agriculture,Urban,Leasehold,6853,4500,1,2563000,384400,8000,2955400
CASE-2026-NW-04178,Negeri Sembilan,Agriculture,Urban,Leasehold,8203,3044,6,2045000,306800,8000,2359800
CASE-2026-NW-04179,Selangor,Building,Urban,Freehold,2350,1923,9,8896000,1334400,8000,10238400
CASE-2026-NW-04180,Perak,Building,Suburban,Leasehold,358,132,9,370000,55500,8000,433500
CASE-2026-NW-04181,Johor,Building,Urban,Leasehold,952,243,3,1068000,160200,8000,1236200
CASE-2026-NW-04182,Wilayah Persekutuan Kuala Lumpur,Agriculture,Urban,Leasehold,8700,6136,38,5079000,761800,8000,5848800
CASE-2026-NW-04183,Wilayah Persekutuan Putrajaya,Agriculture,Suburban,Freehold,18132,7084,11,5223000,783400,8000,6014400
CASE-2026-NW-04184,Pulau Pinang,Agriculture,Suburban,Leasehold,4604,3628,11,2411000,361600,8000,2780600
CASE-2026-NW-04185,Johor,Building,Rural,Freehold,1597,1165,20,3192000,478800,8000,3678800
CASE-2026-NW-04186,Selangor,Building,Suburban,Freehold,1338,844,2,3565000,534800,8000,4107800
CASE-2026-NW-04187,Selangor,Agriculture,Suburban,Leasehold,9718,6401,5,4290000,643500,8000,4941500
CASE-2026-NW-04188,Selangor,Industry,Urban,Leasehold,24105,20245,38,52515000,7877200,8000,60400200
CASE-2026-NW-04189,Perak,Building,Suburban,Freehold,2082,999,12,2914000,437100,8000,3359100
CASE-2026-NW-04190,Kedah,Building,Rural,Freehold,2494,1756,7,4326000,648900,8000,4982900
CASE-2026-NW-04191,Pulau Pinang,Building,Suburban,Freehold,1085,277,6,1171000,175600,8000,1354600
CASE-2026-NW-04192,Wilayah Persekutuan Kuala Lumpur,Industry,Suburban,Freehold,24266,16601,39,44859000,6728800,8000,51595800
CASE-2026-NW-04193,Kelantan,Agriculture,Suburban,Freehold,18284,14951,3,6151000,922600,8000,7081600
CASE-2026-NW-04194,Kelantan,Agriculture,Suburban,Freehold,8990,3882,35,1679000,251800,8000,1938800
CASE-2026-NW-04195,Selangor,Building,Rural,Freehold,1221,742,10,2453000,368000,8000,2829000
CASE-2026-NW-04196,Pulau Pinang,Building,Rural,Freehold,1057,420,5,1300000,195000,8000,1503000
CASE-2026-NW-04197,Pulau Pinang,Building,Urban,Freehold,281,224,16,871000,130600,8000,1009600
CASE-2026-NW-04198,Selangor,Agriculture,Urban,Freehold,16771,7953,34,6858000,1028700,8000,7894700
CASE-2026-NW-04199,Melaka,Building,Suburban,Freehold,1942,1494,14,4819000,722800,8000,5549800
CASE-2026-NW-04200,Pulau Pinang,Agriculture,Urban,Freehold,9349,4138,3,3746000,561900,8000,4315900
CASE-2026-NW-04201,Kelantan,Agriculture,Urban,Freehold,13512,6645,11,3582000,537300,8000,4127300
CASE-2026-NW-04202,Melaka,Building,Urban,Freehold,1605,669,34,2272000,340800,8000,2620800
CASE-2026-NW-04203,Kelantan,Agriculture,Rural,Freehold,11876,2788,0,1282000,192300,8000,1482300
CASE-2026-NW-04204,Pulau Pinang,Industry,Suburban,Freehold,8502,7936,26,18046000,2706900,8000,20760900
CASE-2026-NW-04205,Selangor,Industry,Urban,Freehold,11163,10331,8,35108000,5266200,8000,40382200
CASE-2026-NW-04206,Wilayah Persekutuan Putrajaya,Agriculture,Urban,Malay Reserve,2275,1158,12,878000,131700,8000,1017700
CASE-2026-NW-04207,Selangor,Building,Urban,Leasehold,2943,1058,39,4310000,646500,8000,4964500
CASE-2026-NW-04208,Wilayah Persekutuan Kuala Lumpur,Agriculture,Urban,Freehold,16268,7814,25,7476000,1121400,8000,8605400
CASE-2026-NW-04209,Pulau Pinang,Agriculture,Urban,Leasehold,8581,7621,10,5732000,859800,8000,6599800
CASE-2026-NW-04210,Wilayah Persekutuan Kuala Lumpur,Building,Rural,Freehold,217,107,16,393000,59000,8000,460000
CASE-2026-NW-04211,Wilayah Persekutuan Kuala Lumpur,Agriculture,Urban,Leasehold,7608,5046,28,4612000,691800,8000,5311800
CASE-2026-NW-04212,Kedah,Agriculture,Urban,Leasehold,14847,4463,14,2687000,403000,8000,3098000
CASE-2026-NW-04213,Pulau Pinang,Building,Urban,Freehold,209,146,15,586000,87900,8000,681900
CASE-2026-NW-04214,Johor,Agriculture,Urban,Malay Reserve,14583,3916,11,2836000,425400,8000,3269400
CASE-2026-NW-04215,Pahang,Industry,Suburban,Leasehold,9317,3239,28,6370000,955500,8000,7333500
CASE-2026-NW-04216,Selangor,Building,Rural,Leasehold,504,321,39,867000,130000,8000,1005000
CASE-2026-NW-04217,Melaka,Agriculture,Suburban,Freehold,5296,4746,39,2277000,341600,8000,2626600
CASE-2026-NW-04218,Wilayah Persekutuan Kuala Lumpur,Agriculture,Rural,Leasehold,10323,7674,34,4180000,627000,8000,4815000
CASE-2026-NW-04219,Pulau Pinang,Industry,Suburban,Freehold,19231,9411,30,25848000,3877200,8000,29733200
CASE-2026-NW-04220,Melaka,Building,Suburban,Freehold,2474,1516,17,4352000,652800,8000,5012800
CASE-2026-NW-04221,Pahang,Building,Suburban,Leasehold,2508,2190,14,5613000,842000,8000,6463000
CASE-2026-NW-04222,Kedah,Building,Urban,Freehold,1764,1621,34,4237000,635600,8000,4880600
CASE-2026-NW-04223,Johor,Building,Suburban,Leasehold,1116,497,38,1442000,216300,8000,1666300
CASE-2026-NW-04224,Selangor,Building,Rural,Leasehold,1678,1309,13,4143000,621400,8000,4772400
CASE-2026-NW-04225,Melaka,Agriculture,Suburban,Freehold,12602,4968,3,3232000,484800,8000,3724800
CASE-2026-NW-04226,Selangor,Industry,Suburban,Leasehold,22634,13946,36,33162000,4974300,8000,38144300
CASE-2026-NW-04227,Selangor,Building,Urban,Leasehold,761,216,9,1024000,153600,8000,1185600
CASE-2026-NW-04228,Pulau Pinang,Building,Suburban,Freehold,1645,1396,37,4217000,632600,8000,4857600
CASE-2026-NW-04229,Sabah,Building,Urban,Freehold,1451,719,31,2285000,342800,8000,2635800
CASE-2026-NW-04230,Perak,Building,Suburban,Freehold,2991,2839,38,6323000,948400,8000,7279400
CASE-2026-NW-04231,Selangor,Building,Suburban,Leasehold,837,741,19,2641000,396200,8000,3045200
CASE-2026-NW-04232,Selangor,Building,Urban,Freehold,1477,1246,31,4729000,709400,8000,5446400
CASE-2026-NW-04233,Kedah,Industry,Suburban,Leasehold,13282,8863,3,20691000,3103600,8000,23802600
CASE-2026-NW-04234,Pahang,Building,Suburban,Malay Reserve,1250,328,32,742000,111300,8000,861300
CASE-2026-NW-04235,Johor,Industry,Rural,Leasehold,14308,10909,10,21657000,3248600,8000,24913600
CASE-2026-NW-04236,Perlis,Building,Suburban,Freehold,2094,1300,34,2847000,427000,8000,3282000
CASE-2026-NW-04237,Johor,Building,Suburban,Freehold,807,486,16,1579000,236800,8000,1823800
CASE-2026-NW-04238,Selangor,Building,Rural,Freehold,414,231,10,732000,109800,8000,849800
CASE-2026-NW-04239,Pahang,Building,Suburban,Freehold,2758,1406,37,3248000,487200,8000,3743200
CASE-2026-NW-04240,Sabah,Building,Urban,Freehold,2098,1971,1,6008000,901200,8000,6917200
CASE-2026-NW-04241,Wilayah Persekutuan Kuala Lumpur,Building,Suburban,Freehold,1716,739,36,2962000,444300,8000,3414300
CASE-2026-NW-04242,Perak,Industry,Urban,Leasehold,6398,2227,1,6128000,919200,8000,7055200
CASE-2026-NW-04243,Wilayah Persekutuan Kuala Lumpur,Agriculture,Urban,Freehold,19788,11282,27,10628000,1594200,8000,12230200
CASE-2026-NW-04244,Pulau Pinang,Agriculture,Urban,Leasehold,5935,1699,38,1376000,206400,8000,1590400
CASE-2026-NW-04245,Selangor,Industry,Rural,Leasehold,4950,4179,34,8639000,1295800,8000,9942800
CASE-2026-NW-04246,Negeri Sembilan,Building,Suburban,Freehold,1204,591,1,1814000,272100,8000,2094100
CASE-2026-NW-04247,Wilayah Persekutuan Kuala Lumpur,Building,Suburban,Leasehold,2391,1956,38,6499000,974800,8000,7481800
CASE-2026-NW-04248,Selangor,Building,Suburban,Freehold,2238,1944,27,6705000,1005800,8000,7718800
CASE-2026-NW-04249,Selangor,Agriculture,Suburban,Leasehold,3088,1449,39,998000,149700,8000,1155700
CASE-2026-NW-04250,Wilayah Persekutuan Kuala Lumpur,Building,Suburban,Leasehold,1657,1465,37,4911000,736600,8000,5655600
CASE-2026-NW-04251,Selangor,Building,Suburban,Leasehold,1037,767,7,2963000,444400,8000,3415400
CASE-2026-NW-04252,Pahang,Building,Urban,Leasehold,754,529,12,1696000,254400,8000,1958400
CASE-2026-NW-04253,Perak,Building,Suburban,Leasehold,1262,322,6,892000,133800,8000,1033800
CASE-2026-NW-04254,Pulau Pinang,Agriculture,Suburban,Freehold,2263,474,20,368000,55200,8000,431200
CASE-2026-NW-04255,Selangor,Building,Urban,Freehold,654,617,36,2313000,347000,8000,2668000
CASE-2026-NW-04256,Johor,Agriculture,Urban,Leasehold,5684,1226,2,916000,137400,8000,1061400
CASE-2026-NW-04257,Pulau Pinang,Building,Urban,Leasehold,940,706,7,2702000,405300,8000,3115300
CASE-2026-NW-04258,Selangor,Agriculture,Suburban,Leasehold,18788,9449,38,6264000,939600,8000,7211600
CASE-2026-NW-04259,Selangor,Building,Rural,Freehold,2715,1716,25,5356000,803400,8000,6167400
CASE-2026-NW-04260,Wilayah Persekutuan Kuala Lumpur,Agriculture,Rural,Leasehold,8369,3186,4,2178000,326700,8000,2512700
CASE-2026-NW-04261,Wilayah Persekutuan Kuala Lumpur,Agriculture,Suburban,Freehold,9364,2865,28,2445000,366800,8000,2819800
CASE-2026-NW-04262,Kedah,Building,Suburban,Freehold,1667,640,25,1624000,243600,8000,1875600
CASE-2026-NW-04263,Perak,Building,Suburban,Malay Reserve,2878,2209,26,4928000,739200,8000,5675200
CASE-2026-NW-04264,Johor,Building,Suburban,Malay Reserve,1471,808,7,2679000,401800,8000,3088800
CASE-2026-NW-04265,Kedah,Building,Urban,Freehold,2158,1538,9,4772000,715800,8000,5495800
CASE-2026-NW-04266,Wilayah Persekutuan Kuala Lumpur,Building,Urban,Leasehold,1829,1630,29,6378000,956700,8000,7342700
CASE-2026-NW-04267,Johor,Building,Urban,Leasehold,2339,1000,39,3216000,482400,8000,3706400
CASE-2026-NW-04268,Selangor,Agriculture,Rural,Leasehold,5403,4367,6,2613000,392000,8000,3013000
CASE-2026-NW-04269,Wilayah Persekutuan Kuala Lumpur,Agriculture,Suburban,Leasehold,5811,2597,5,2158000,323700,8000,2489700
CASE-2026-NW-04270,Pulau Pinang,Agriculture,Suburban,Leasehold,8815,3404,36,2280000,342000,8000,2630000
CASE-2026-NW-04271,Negeri Sembilan,Building,Urban,Freehold,2363,905,29,2983000,447400,8000,3438400
CASE-2026-NW-04272,Negeri Sembilan,Agriculture,Rural,Freehold,11497,4601,15,2214000,332100,8000,2554100
CASE-2026-NW-04273,Selangor,Agriculture,Suburban,Leasehold,6671,2620,30,1858000,278700,8000,2144700
CASE-2026-NW-04274,Selangor,Building,Rural,Leasehold,1449,1122,23,3295000,494200,8000,3797200
CASE-2026-NW-04275,Selangor,Building,Suburban,Freehold,258,120,3,474000,71100,8000,553100
CASE-2026-NW-04276,Perak,Building,Suburban,Leasehold,2272,789,20,2260000,339000,8000,2607000
CASE-2026-NW-04277,Selangor,Building,Suburban,Freehold,2771,2243,13,8249000,1237400,8000,9494400
CASE-2026-NW-04278,Kelantan,Industry,Urban,Freehold,19796,16684,16,36325000,5448800,8000,41781800
CASE-2026-NW-04279,Perak,Agriculture,Urban,Leasehold,8010,5544,5,2813000,422000,8000,3243000
CASE-2026-NW-04280,Selangor,Building,Suburban,Leasehold,2470,1361,27,4898000,734700,8000,5640700
CASE-2026-NW-04281,Selangor,Building,Suburban,Freehold,2627,1590,38,5743000,861400,8000,6612400
CASE-2026-NW-04282,Terengganu,Agriculture,Suburban,Leasehold,16075,9710,33,4209000,631400,8000,4848400
CASE-2026-NW-04283,Wilayah Persekutuan Kuala Lumpur,Agriculture,Suburban,Leasehold,4133,2210,5,1724000,258600,8000,1990600
CASE-2026-NW-04284,Selangor,Building,Suburban,Freehold,2549,964,28,3947000,592000,8000,4547000
CASE-2026-NW-04285,Wilayah Persekutuan Kuala Lumpur,Industry,Urban,Leasehold,15629,8992,17,30061000,4509200,8000,34578200
CASE-2026-NW-04286,Pulau Pinang,Agriculture,Urban,Malay Reserve,14348,12220,21,8279000,1241800,8000,9528800
CASE-2026-NW-04287,Selangor,Agriculture,Urban,Freehold,18119,5264,4,5161000,774200,8000,5943200
CASE-2026-NW-04288,Pahang,Building,Suburban,Malay Reserve,2323,1033,29,2642000,396300,8000,3046300
CASE-2026-NW-04289,Johor,Building,Rural,Freehold,1710,905,23,2684000,402600,8000,3094600
CASE-2026-NW-04290,Sabah,Building,Urban,Freehold,2143,818,5,2854000,428100,8000,3290100
CASE-2026-NW-04291,Terengganu,Industry,Rural,Freehold,9202,3092,16,5589000,838400,8000,6435400
CASE-2026-NW-04292,Wilayah Persekutuan Kuala Lumpur,Agriculture,Suburban,Freehold,3292,918,24,817000,122600,8000,947600
CASE-2026-NW-04293,Kedah,Agriculture,Rural,Leasehold,10401,5892,9,2375000,356200,8000,2739200
CASE-2026-NW-04294,Perak,Building,Urban,Freehold,1145,566,34,1516000,227400,8000,1751400
CASE-2026-NW-04295,Terengganu,Agriculture,Rural,Leasehold,7608,3249,7,1462000,219300,8000,1689300
CASE-2026-NW-04296,Pulau Pinang,Industry,Rural,Malay Reserve,16197,8929,10,18756000,2813400,8000,21577400
CASE-2026-NW-04297,Wilayah Persekutuan Kuala Lumpur,Agriculture,Urban,Leasehold,18794,5216,4,5208000,781200,8000,5997200
CASE-2026-NW-04298,Johor,Industry,Urban,Leasehold,10285,4748,23,13127000,1969000,8000,15104000
CASE-2026-NW-04299,Selangor,Agriculture,Urban,Malay Reserve,11056,2493,23,2037000,305600,8000,2350600
CASE-2026-NW-04300,Pahang,Agriculture,Urban,Freehold,4708,1061,31,643000,96400,8000,747400
CASE-2026-NW-04301,Selangor,Building,Suburban,Freehold,2827,1889,14,7302000,1095300,8000,8405300
CASE-2026-NW-04302,Perak,Building,Rural,Freehold,789,333,35,681000,102200,8000,791200
CASE-2026-NW-04303,Selangor,Agriculture,Suburban,Freehold,2421,1963,30,1386000,207900,8000,1601900
CASE-2026-NW-04304,Pulau Pinang,Agriculture,Urban,Leasehold,3414,2836,17,2119000,317800,8000,2444800
CASE-2026-NW-04305,Kelantan,Building,Suburban,Freehold,890,350,16,1000000,150000,8000,1158000
CASE-2026-NW-04306,Sabah,Agriculture,Urban,Freehold,9774,5125,9,3369000,505400,8000,3882400
CASE-2026-NW-04307,Selangor,Agriculture,Urban,Leasehold,5440,4530,10,3777000,566600,8000,4351600
CASE-2026-NW-04308,Pulau Pinang,Agriculture,Rural,Leasehold,11863,3472,37,1881000,282200,8000,2171200
CASE-2026-NW-04309,Pahang,Agriculture,Suburban,Freehold,6688,5612,20,2619000,392800,8000,3019800
CASE-2026-NW-04310,Melaka,Building,Suburban,Freehold,877,617,11,2082000,312300,8000,2402300
CASE-2026-NW-04311,Selangor,Agriculture,Suburban,Freehold,16341,9675,38,6994000,1049100,8000,8051100
CASE-2026-NW-04312,Selangor,Agriculture,Rural,Leasehold,12982,11244,34,5865000,879800,8000,6752800
CASE-2026-NW-04313,Wilayah Persekutuan Kuala Lumpur,Building,Suburban,Freehold,1473,595,15,2760000,414000,8000,3182000
CASE-2026-NW-04314,Selangor,Industry,Suburban,Freehold,3641,1955,30,5291000,793600,8000,6092600
CASE-2026-NW-04315,Kedah,Building,Urban,Leasehold,1636,997,35,2558000,383700,8000,2949700
CASE-2026-NW-04316,Negeri Sembilan,Building,Rural,Freehold,2051,1861,39,3627000,544000,8000,4179000
CASE-2026-NW-04317,Kedah,Building,Urban,Leasehold,1873,1288,39,3325000,498800,8000,3831800
CASE-2026-NW-04318,Wilayah Persekutuan Kuala Lumpur,Building,Rural,Leasehold,2991,1850,21,6380000,957000,8000,7345000
CASE-2026-NW-04319,Perak,Building,Rural,Freehold,2490,1898,26,3699000,554800,8000,4261800
CASE-2026-NW-04320,Wilayah Persekutuan Putrajaya,Agriculture,Suburban,Leasehold,11412,7035,22,4674000,701100,8000,5383100
CASE-2026-NW-04321,Selangor,Industry,Urban,Freehold,9261,7595,32,23020000,3453000,8000,26481000
CASE-2026-NW-04322,Johor,Agriculture,Rural,Freehold,19156,12835,17,5817000,872600,8000,6697600
CASE-2026-NW-04323,Perak,Building,Urban,Freehold,151,49,21,146000,21900,8000,175900
CASE-2026-NW-04324,Perak,Building,Suburban,Leasehold,1834,1614,8,3760000,564000,8000,4332000
CASE-2026-NW-04325,Selangor,Agriculture,Suburban,Leasehold,10733,2707,29,1997000,299600,8000,2304600
CASE-2026-NW-04326,Kedah,Agriculture,Suburban,Freehold,5560,1500,10,872000,130800,8000,1010800
CASE-2026-NW-04327,Melaka,Agriculture,Suburban,Leasehold,18549,14668,28,6759000,1013800,8000,7780800
CASE-2026-NW-04328,Sabah,Building,Suburban,Freehold,2954,2121,16,6439000,965800,8000,7412800
CASE-2026-NW-04329,Pahang,Agriculture,Suburban,Malay Reserve,5456,3559,30,1468000,220200,8000,1696200
CASE-2026-NW-04330,Selangor,Building,Rural,Leasehold,2001,1035,14,3062000,459300,8000,3529300
CASE-2026-NW-04331,Wilayah Persekutuan Kuala Lumpur,Industry,Urban,Freehold,10772,8817,38,28350000,4252500,8000,32610500
CASE-2026-NW-04332,Kelantan,Building,Rural,Malay Reserve,1924,987,15,2406000,360900,8000,2774900
CASE-2026-NW-04333,Melaka,Building,Urban,Freehold,1640,862,8,3148000,472200,8000,3628200
CASE-2026-NW-04334,Perak,Building,Rural,Leasehold,277,127,7,284000,42600,8000,334600
CASE-2026-NW-04335,Wilayah Persekutuan Kuala Lumpur,Agriculture,Rural,Freehold,5653,5026,2,2982000,447300,8000,3437300
CASE-2026-NW-04336,Johor,Building,Urban,Leasehold,497,272,32,874000,131100,8000,1013100
CASE-2026-NW-04337,Selangor,Agriculture,Urban,Freehold,10498,5583,2,5228000,784200,8000,6020200
CASE-2026-NW-04338,Johor,Building,Rural,Freehold,2807,2299,1,7078000,1061700,8000,8147700
CASE-2026-NW-04339,Negeri Sembilan,Agriculture,Rural,Freehold,14577,10272,4,4077000,611600,8000,4696600
CASE-2026-NW-04340,Johor,Agriculture,Urban,Leasehold,6879,2631,33,1918000,287700,8000,2213700
CASE-2026-NW-04341,Selangor,Industry,Urban,Freehold,24591,14665,15,50599000,7589800,8000,58196800
CASE-2026-NW-04342,Kedah,Agriculture,Suburban,Leasehold,17613,13419,24,5956000,893400,8000,6857400
CASE-2026-NW-04343,Johor,Agriculture,Urban,Leasehold,3661,2346,2,1708000,256200,8000,1972200
CASE-2026-NW-04344,Selangor,Building,Urban,Malay Reserve,1979,736,38,2748000,412200,8000,3168200
CASE-2026-NW-04345,Selangor,Building,Suburban,Freehold,393,182,11,799000,119800,8000,926800
CASE-2026-NW-04346,Selangor,Industry,Rural,Leasehold,15351,12862,12,27668000,4150200,8000,31826200
CASE-2026-NW-04347,Kelantan,Agriculture,Suburban,Freehold,8887,2906,30,1324000,198600,8000,1530600
CASE-2026-NW-04348,Pahang,Building,Urban,Leasehold,2034,617,15,2113000,317000,8000,2438000
CASE-2026-NW-04349,Wilayah Persekutuan Labuan,Building,Rural,Leasehold,194,138,21,284000,42600,8000,334600
CASE-2026-NW-04350,Perak,Building,Rural,Leasehold,1137,313,39,643000,96400,8000,747400
CASE-2026-NW-04351,Johor,Building,Urban,Leasehold,1484,408,32,1475000,221200,8000,1704200
CASE-2026-NW-04352,Melaka,Building,Suburban,Freehold,2140,1093,17,3162000,474300,8000,3644300
CASE-2026-NW-04353,Selangor,Agriculture,Rural,Freehold,14596,7313,17,4480000,672000,8000,5160000
CASE-2026-NW-04354,Pulau Pinang,Agriculture,Rural,Leasehold,7445,1550,10,864000,129600,8000,1001600
CASE-2026-NW-04355,Perak,Building,Urban,Leasehold,378,307,25,797000,119600,8000,924600
CASE-2026-NW-04356,Selangor,Building,Rural,Freehold,601,314,28,958000,143700,8000,1109700
CASE-2026-NW-04357,Selangor,Building,Suburban,Freehold,2356,989,29,3891000,583600,8000,4482600
CASE-2026-NW-04358,Wilayah Persekutuan Kuala Lumpur,Industry,Rural,Freehold,9026,3097,24,8382000,1257300,8000,9647300
CASE-2026-NW-04359,Pahang,Agriculture,Urban,Leasehold,9662,3512,7,2243000,336400,8000,2587400
CASE-2026-NW-04360,Terengganu,Agriculture,Rural,Freehold,5354,3691,29,1364000,204600,8000,1576600
CASE-2026-NW-04361,Selangor,Industry,Urban,Leasehold,23530,16457,28,50110000,7516500,8000,57634500
CASE-2026-NW-04362,Kelantan,Building,Suburban,Malay Reserve,1099,883,38,1711000,256600,8000,1975600
CASE-2026-NW-04363,Pulau Pinang,Building,Rural,Leasehold,1285,945,4,3168000,475200,8000,3651200
CASE-2026-NW-04364,Negeri Sembilan,Building,Rural,Malay Reserve,1114,583,18,1263000,189400,8000,1460400
CASE-2026-NW-04365,Pahang,Agriculture,Rural,Malay Reserve,3045,2566,27,881000,132200,8000,1021200
CASE-2026-NW-04366,Selangor,Building,Urban,Freehold,2300,1233,32,5056000,758400,8000,5822400
CASE-2026-NW-04367,Pulau Pinang,Agriculture,Rural,Freehold,5573,4425,37,2316000,347400,8000,2671400
CASE-2026-NW-04368,Selangor,Industry,Urban,Malay Reserve,7138,5736,34,15357000,2303600,8000,17668600
CASE-2026-NW-04369,Johor,Building,Rural,Malay Reserve,2317,2184,32,4711000,706600,8000,5425600
CASE-2026-NW-04370,Perak,Agriculture,Urban,Leasehold,10257,6150,4,3374000,506100,8000,3888100
CASE-2026-NW-04371,Pahang,Building,Urban,Leasehold,2432,870,15,2866000,429900,8000,3303900
CASE-2026-NW-04372,Melaka,Building,Rural,Freehold,320,150,39,331000,49600,8000,388600
CASE-2026-NW-04373,Negeri Sembilan,Agriculture,Suburban,Freehold,18136,13055,15,7437000,1115600,8000,8560600
CASE-2026-NW-04374,Terengganu,Building,Rural,Leasehold,2156,1228,31,2308000,346200,8000,2662200
CASE-2026-NW-04375,Pulau Pinang,Building,Rural,Leasehold,1344,594,25,1812000,271800,8000,2091800
CASE-2026-NW-04376,Pulau Pinang,Building,Suburban,Leasehold,688,647,17,2141000,321200,8000,2470200
CASE-2026-NW-04377,Johor,Agriculture,Suburban,Freehold,9703,1965,17,1307000,196000,8000,1511000
CASE-2026-NW-04378,Kelantan,Building,Suburban,Freehold,2894,921,26,2223000,333400,8000,2564400
CASE-2026-NW-04379,Selangor,Building,Urban,Leasehold,2586,2125,25,8596000,1289400,8000,9893400
CASE-2026-NW-04380,Johor,Agriculture,Suburban,Freehold,5020,2885,14,1797000,269600,8000,2074600
CASE-2026-NW-04381,Sabah,Agriculture,Rural,Leasehold,7674,2682,21,1079000,161800,8000,1248800
CASE-2026-NW-04382,Kedah,Building,Suburban,Freehold,2731,2426,5,6246000,936900,8000,7190900
CASE-2026-NW-04383,Wilayah Persekutuan Kuala Lumpur,Building,Suburban,Leasehold,1106,816,31,3072000,460800,8000,3540800
CASE-2026-NW-04384,Wilayah Persekutuan Kuala Lumpur,Building,Urban,Freehold,2133,1061,37,5018000,752700,8000,5778700
CASE-2026-NW-04385,Selangor,Building,Rural,Leasehold,1183,797,19,2286000,342900,8000,2636900
CASE-2026-NW-04386,Wilayah Persekutuan Kuala Lumpur,Industry,Urban,Freehold,4269,1327,13,5201000,780200,8000,5989200
CASE-2026-NW-04387,Sabah,Agriculture,Urban,Leasehold,8820,4454,30,2374000,356100,8000,2738100
CASE-2026-NW-04388,Selangor,Agriculture,Suburban,Freehold,16668,12179,38,8172000,1225800,8000,9405800
CASE-2026-NW-04389,Sabah,Building,Suburban,Freehold,1272,839,17,2314000,347100,8000,2669100
CASE-2026-NW-04390,Terengganu,Industry,Suburban,Freehold,15479,11391,9,22767000,3415000,8000,26190000
CASE-2026-NW-04391,Perak,Building,Urban,Freehold,2040,1538,22,4404000,660600,8000,5072600
CASE-2026-NW-04392,Negeri Sembilan,Building,Urban,Freehold,914,780,16,2656000,398400,8000,3062400
CASE-2026-NW-04393,Negeri Sembilan,Agriculture,Suburban,Leasehold,2756,2309,2,1277000,191600,8000,1476600
CASE-2026-NW-04394,Melaka,Agriculture,Urban,Freehold,7222,4483,13,2962000,444300,8000,3414300
CASE-2026-NW-04395,Wilayah Persekutuan Kuala Lumpur,Building,Rural,Freehold,1685,869,11,3169000,475400,8000,3652400
CASE-2026-NW-04396,Johor,Agriculture,Rural,Malay Reserve,7817,2597,36,1207000,181000,8000,1396000
CASE-2026-NW-04397,Pahang,Agriculture,Urban,Freehold,10952,7258,29,3829000,574400,8000,4411400
CASE-2026-NW-04398,Johor,Building,Rural,Malay Reserve,2983,1730,27,4397000,659600,8000,5064600
CASE-2026-NW-04399,Melaka,Building,Suburban,Freehold,723,291,19,844000,126600,8000,978600
CASE-2026-NW-04400,Kelantan,Building,Rural,Malay Reserve,778,542,33,1006000,150900,8000,1164900
CASE-2026-NW-04401,Negeri Sembilan,Building,Suburban,Leasehold,2805,905,31,2634000,395100,8000,3037100
CASE-2026-NW-04402,Pulau Pinang,Agriculture,Rural,Leasehold,5278,4689,18,2241000,336200,8000,2585200
CASE-2026-NW-04403,Perak,Building,Urban,Freehold,2144,1480,20,4461000,669200,8000,5138200
CASE-2026-NW-04404,Selangor,Agriculture,Rural,Freehold,3827,1654,14,1056000,158400,8000,1222400
CASE-2026-NW-04405,Johor,Building,Suburban,Freehold,1006,555,33,1719000,257800,8000,1984800
CASE-2026-NW-04406,Negeri Sembilan,Industry,Rural,Freehold,4619,2240,35,3895000,584200,8000,4487200
CASE-2026-NW-04407,Selangor,Building,Suburban,Freehold,684,329,26,1231000,184600,8000,1423600
CASE-2026-NW-04408,Selangor,Industry,Urban,Freehold,16666,11223,32,33454000,5018100,8000,38480100
CASE-2026-NW-04409,Kelantan,Agriculture,Suburban,Malay Reserve,9144,7009,9,2662000,399300,8000,3069300
CASE-2026-NW-04410,Negeri Sembilan,Building,Rural,Freehold,251,193,17,507000,76000,8000,591000
CASE-2026-NW-04411,Pulau Pinang,Building,Suburban,Leasehold,1840,726,39,2405000,360800,8000,2773800
CASE-2026-NW-04412,Johor,Building,Urban,Freehold,2703,2127,27,7221000,1083200,8000,8312200
CASE-2026-NW-04413,Pahang,Building,Rural,Leasehold,2284,2079,23,4141000,621200,8000,4770200
CASE-2026-NW-04414,Wilayah Persekutuan Kuala Lumpur,Building,Rural,Leasehold,1244,619,29,1859000,278800,8000,2145800
CASE-2026-NW-04415,Sabah,Industry,Urban,Freehold,10009,8483,38,16279000,2441800,8000,18728800
CASE-2026-NW-04416,Kelantan,Building,Suburban,Freehold,1381,1001,9,2818000,422700,8000,3248700
CASE-2026-NW-04417,Selangor,Building,Urban,Malay Reserve,316,224,7,903000,135400,8000,1046400
CASE-2026-NW-04418,Melaka,Building,Suburban,Leasehold,1826,888,36,2332000,349800,8000,2689800
CASE-2026-NW-04419,Wilayah Persekutuan Kuala Lumpur,Building,Suburban,Leasehold,339,235,10,926000,138900,8000,1072900
CASE-2026-NW-04420,Sarawak,Building,Urban,Freehold,2424,2111,8,7294000,1094100,8000,8396100
CASE-2026-NW-04421,Selangor,Agriculture,Suburban,Freehold,13431,7845,1,6615000,992200,8000,7615200
CASE-2026-NW-04422,Melaka,Industry,Urban,Leasehold,6886,2649,10,7387000,1108000,8000,8503000
CASE-2026-NW-04423,Pulau Pinang,Building,Urban,Freehold,323,222,1,989000,148400,8000,1145400
CASE-2026-NW-04424,Perak,Industry,Suburban,Leasehold,1142,385,30,769000,115400,8000,892400
CASE-2026-NW-04425,Pulau Pinang,Industry,Suburban,Malay Reserve,21030,11689,32,27397000,4109600,8000,31514600
CASE-2026-NW-04426,Kelantan,Industry,Rural,Leasehold,19968,5103,28,7998000,1199700,8000,9205700
CASE-2026-NW-04427,Melaka,Agriculture,Suburban,Leasehold,3823,2728,4,1559000,233800,8000,1800800
CASE-2026-NW-04428,Kedah,Building,Urban,Leasehold,2117,1030,37,2694000,404100,8000,3106100
CASE-2026-NW-04429,Selangor,Agriculture,Suburban,Malay Reserve,16182,11904,5,8182000,1227300,8000,9417300
CASE-2026-NW-04430,Perak,Building,Urban,Freehold,2866,1934,9,6346000,951900,8000,7305900
CASE-2026-NW-04431,Wilayah Persekutuan Kuala Lumpur,Agriculture,Urban,Freehold,5184,3270,7,3319000,497800,8000,3824800
CASE-2026-NW-04432,Selangor,Building,Suburban,Leasehold,625,191,7,831000,124600,8000,963600
CASE-2026-NW-04433,Wilayah Persekutuan Kuala Lumpur,Industry,Suburban,Leasehold,12305,7803,1,25908000,3886200,8000,29802200
CASE-2026-NW-04434,Selangor,Building,Rural,Freehold,797,328,11,1133000,170000,8000,1311000
CASE-2026-NW-04435,Terengganu,Industry,Rural,Freehold,3718,3026,4,5478000,821700,8000,6307700
CASE-2026-NW-04436,Pulau Pinang,Agriculture,Suburban,Freehold,14378,6092,4,4316000,647400,8000,4971400
CASE-2026-NW-04437,Negeri Sembilan,Building,Rural,Freehold,2793,1065,36,2341000,351200,8000,2700200
CASE-2026-NW-04438,Sarawak,Building,Urban,Leasehold,2197,1065,24,3424000,513600,8000,3945600
CASE-2026-NW-04439,Johor,Building,Urban,Leasehold,1322,687,29,2316000,347400,8000,2671400
CASE-2026-NW-04440,Sarawak,Building,Suburban,Leasehold,2445,1312,12,3616000,542400,8000,4166400
CASE-2026-NW-04441,Selangor,Agriculture,Suburban,Leasehold,18079,10684,29,7147000,1072000,8000,8227000
CASE-2026-NW-04442,Pulau Pinang,Agriculture,Suburban,Leasehold,15289,4058,1,2832000,424800,8000,3264800
CASE-2026-NW-04443,Terengganu,Building,Urban,Leasehold,2160,1602,26,4495000,674200,8000,5177200
CASE-2026-NW-04444,Pulau Pinang,Agriculture,Suburban,Leasehold,4771,2367,38,1537000,230600,8000,1775600
CASE-2026-NW-04445,Perak,Industry,Rural,Leasehold,1916,1162,34,1644000,246600,8000,1898600
CASE-2026-NW-04446,Sarawak,Building,Urban,Leasehold,762,392,16,1169000,175400,8000,1352400
CASE-2026-NW-04447,Perak,Agriculture,Suburban,Leasehold,9035,4263,22,2072000,310800,8000,2390800
CASE-2026-NW-04448,Selangor,Building,Rural,Leasehold,1161,392,34,1114000,167100,8000,1289100
CASE-2026-NW-04449,Selangor,Industry,Suburban,Freehold,13500,5295,25,14942000,2241300,8000,17191300
CASE-2026-NW-04450,Selangor,Building,Urban,Freehold,188,112,26,499000,74800,8000,581800
CASE-2026-NW-04451,Negeri Sembilan,Building,Suburban,Freehold,241,163,36,388000,58200,8000,454200
CASE-2026-NW-04452,Pulau Pinang,Building,Urban,Freehold,1843,1555,29,6081000,912200,8000,7001200
CASE-2026-NW-04453,Negeri Sembilan,Building,Suburban,Freehold,586,333,38,857000,128600,8000,993600
CASE-2026-NW-04454,Terengganu,Building,Suburban,Leasehold,223,190,11,512000,76800,8000,596800
CASE-2026-NW-04455,Melaka,Agriculture,Rural,Freehold,3451,2432,3,1089000,163400,8000,1260400
CASE-2026-NW-04456,Pahang,Agriculture,Suburban,Leasehold,14906,9953,28,4539000,680800,8000,5227800
CASE-2026-NW-04457,Pulau Pinang,Industry,Rural,Freehold,24984,14310,4,35132000,5269800,8000,40409800
CASE-2026-NW-04458,Selangor,Building,Rural,Leasehold,2799,2599,26,6943000,1041400,8000,7992400
CASE-2026-NW-04459,Johor,Building,Urban,Leasehold,949,812,35,2416000,362400,8000,2786400
CASE-2026-NW-04460,Negeri Sembilan,Building,Suburban,Malay Reserve,1447,515,18,1419000,212800,8000,1639800
CASE-2026-NW-04461,Kedah,Agriculture,Suburban,Leasehold,3373,1885,13,953000,143000,8000,1104000
CASE-2026-NW-04462,Johor,Industry,Suburban,Freehold,7384,2054,30,5024000,753600,8000,5785600
CASE-2026-NW-04463,Pahang,Building,Urban,Freehold,1160,703,29,2051000,307600,8000,2366600
CASE-2026-NW-04464,Selangor,Building,Suburban,Freehold,1639,1176,31,4012000,601800,8000,4621800
CASE-2026-NW-04465,Wilayah Persekutuan Kuala Lumpur,Building,Suburban,Freehold,1733,973,38,3610000,541500,8000,4159500
CASE-2026-NW-04466,Terengganu,Agriculture,Rural,Freehold,16602,12888,6,4649000,697400,8000,5354400
CASE-2026-NW-04467,Pahang,Agriculture,Urban,Leasehold,13431,10925,10,5759000,863800,8000,6630800
CASE-2026-NW-04468,Kelantan,Building,Urban,Freehold,1959,1660,19,4859000,728800,8000,5595800
CASE-2026-NW-04469,Selangor,Agriculture,Suburban,Leasehold,2482,854,7,679000,101800,8000,788800
CASE-2026-NW-04470,Kedah,Building,Suburban,Leasehold,471,142,30,368000,55200,8000,431200
CASE-2026-NW-04471,Wilayah Persekutuan Labuan,Agriculture,Rural,Leasehold,18702,4456,38,1868000,280200,8000,2156200
CASE-2026-NW-04472,Selangor,Building,Urban,Leasehold,2949,2122,32,8360000,1254000,8000,9622000
CASE-2026-NW-04473,Selangor,Agriculture,Suburban,Freehold,14858,10323,10,7893000,1184000,8000,9085000
CASE-2026-NW-04474,Johor,Building,Rural,Freehold,268,146,7,394000,59100,8000,461100
CASE-2026-NW-04475,Pulau Pinang,Building,Urban,Freehold,1171,736,10,3302000,495300,8000,3805300
CASE-2026-NW-04476,Kedah,Agriculture,Urban,Freehold,5606,4561,2,2470000,370500,8000,2848500
CASE-2026-NW-04477,Johor,Agriculture,Urban,Leasehold,4443,2339,36,1548000,232200,8000,1788200
CASE-2026-NW-04478,Pulau Pinang,Building,Urban,Freehold,1130,1065,17,4190000,628500,8000,4826500
CASE-2026-NW-04479,Sabah,Agriculture,Urban,Freehold,7650,4232,1,2880000,432000,8000,3320000
CASE-2026-NW-04480,Wilayah Persekutuan Putrajaya,Building,Suburban,Freehold,915,426,17,1727000,259000,8000,1994000
CASE-2026-NW-04481,Johor,Building,Suburban,Freehold,2710,2370,13,7170000,1075500,8000,8253500
CASE-2026-NW-04482,Kelantan,Building,Suburban,Freehold,1151,957,32,2146000,321900,8000,2475900
CASE-2026-NW-04483,Wilayah Persekutuan Kuala Lumpur,Agriculture,Urban,Leasehold,5293,2054,1,2099000,314800,8000,2421800
CASE-2026-NW-04484,Kedah,Agriculture,Urban,Freehold,8614,7067,6,4062000,609300,8000,4679300
CASE-2026-NW-04485,Selangor,Building,Suburban,Freehold,1913,1289,16,4803000,720400,8000,5531400
CASE-2026-NW-04486,Kedah,Building,Urban,Leasehold,342,319,35,800000,120000,8000,928000
CASE-2026-NW-04487,Selangor,Building,Urban,Leasehold,313,117,2,538000,80700,8000,626700
CASE-2026-NW-04488,Negeri Sembilan,Building,Rural,Malay Reserve,2926,2261,1,5068000,760200,8000,5836200
CASE-2026-NW-04489,Melaka,Building,Urban,Leasehold,1967,652,38,2076000,311400,8000,2395400
CASE-2026-NW-04490,Melaka,Agriculture,Rural,Leasehold,12099,7306,1,3282000,492300,8000,3782300
CASE-2026-NW-04491,Negeri Sembilan,Industry,Suburban,Freehold,8905,3041,16,7570000,1135500,8000,8713500
CASE-2026-NW-04492,Wilayah Persekutuan Kuala Lumpur,Agriculture,Rural,Leasehold,13772,6856,19,4475000,671200,8000,5154200
CASE-2026-NW-04493,Pulau Pinang,Industry,Urban,Freehold,22849,6651,11,24635000,3695200,8000,28338200
CASE-2026-NW-04494,Perak,Agriculture,Rural,Freehold,13550,10377,30,4014000,602100,8000,4624100
CASE-2026-NW-04495,Pahang,Agriculture,Rural,Freehold,10485,5049,2,2315000,347200,8000,2670200
CASE-2026-NW-04496,Kelantan,Agriculture,Suburban,Leasehold,10253,7933,27,3076000,461400,8000,3545400
CASE-2026-NW-04497,Selangor,Agriculture,Suburban,Leasehold,19504,5463,0,4061000,609200,8000,4678200
CASE-2026-NW-04498,Johor,Building,Suburban,Leasehold,1561,1008,23,3267000,490000,8000,3765000
CASE-2026-NW-04499,Kedah,Building,Rural,Leasehold,2304,1595,33,3260000,489000,8000,3757000
CASE-2026-NW-04500,Kelantan,Building,Rural,Leasehold,481,129,9,351000,52600,8000,411600
CASE-2026-NW-04501,Perak,Agriculture,Suburban,Freehold,15330,6681,11,3482000,522300,8000,4012300
CASE-2026-NW-04502,Wilayah Persekutuan Kuala Lumpur,Industry,Suburban,Malay Reserve,21624,14009,28,39067000,5860000,8000,44935000
CASE-2026-NW-04503,Perlis,Agriculture,Rural,Leasehold,13503,7704,16,2782000,417300,8000,3207300
CASE-2026-NW-04504,Selangor,Building,Urban,Freehold,2227,1124,16,5345000,801800,8000,6154800
CASE-2026-NW-04505,Negeri Sembilan,Building,Urban,Freehold,344,118,32,389000,58400,8000,455400
CASE-2026-NW-04506,Kedah,Building,Suburban,Leasehold,2874,2126,24,4859000,728800,8000,5595800
CASE-2026-NW-04507,Pulau Pinang,Building,Suburban,Freehold,1617,553,18,2076000,311400,8000,2395400
CASE-2026-NW-04508,Johor,Building,Rural,Leasehold,2351,1865,38,4206000,630900,8000,4844900
CASE-2026-NW-04509,Kedah,Agriculture,Urban,Leasehold,10802,9092,26,4415000,662200,8000,5085200
CASE-2026-NW-04510,Melaka,Agriculture,Rural,Freehold,9141,4624,20,2084000,312600,8000,2404600
CASE-2026-NW-04511,Wilayah Persekutuan Kuala Lumpur,Agriculture,Urban,Freehold,18285,14539,17,13147000,1972000,8000,15127000
CASE-2026-NW-04512,Wilayah Persekutuan Labuan,Building,Suburban,Leasehold,1971,1344,33,3119000,467800,8000,3594800
CASE-2026-NW-04513,Sabah,Agriculture,Urban,Freehold,5308,1556,33,997000,149600,8000,1154600
CASE-2026-NW-04514,Perlis,Building,Suburban,Freehold,1192,1127,20,2854000,428100,8000,3290100
CASE-2026-NW-04515,Selangor,Building,Suburban,Leasehold,1625,1141,32,3789000,568400,8000,4365400
CASE-2026-NW-04516,Johor,Agriculture,Urban,Freehold,18934,15093,21,9890000,1483500,8000,11381500
CASE-2026-NW-04517,Pulau Pinang,Industry,Suburban,Freehold,1427,449,33,1214000,182100,8000,1404100
CASE-2026-NW-04518,Wilayah Persekutuan Kuala Lumpur,Building,Rural,Freehold,2928,1238,14,4439000,665800,8000,5112800
CASE-2026-NW-04519,Melaka,Agriculture,Suburban,Freehold,12202,9244,8,5499000,824800,8000,6331800
CASE-2026-NW-04520,Perak,Building,Rural,Leasehold,591,155,19,363000,54400,8000,425400
CASE-2026-NW-04521,Melaka,Agriculture,Urban,Leasehold,18920,8288,37,5032000,754800,8000,5794800
CASE-2026-NW-04522,Sabah,Building,Urban,Freehold,783,296,28,995000,149200,8000,1152200
CASE-2026-NW-04523,Selangor,Agriculture,Urban,Freehold,5998,4719,16,3847000,577000,8000,4432000
CASE-2026-NW-04524,Johor,Building,Suburban,Freehold,1886,1730,32,4856000,728400,8000,5592400
CASE-2026-NW-04525,Negeri Sembilan,Building,Suburban,Leasehold,2724,1657,7,5202000,780300,8000,5990300
CASE-2026-NW-04526,Terengganu,Agriculture,Urban,Leasehold,18623,16146,14,7173000,1076000,8000,8257000
CASE-2026-NW-04527,Johor,Building,Urban,Freehold,2439,825,36,3031000,454600,8000,3493600
CASE-2026-NW-04528,Sarawak,Building,Rural,Leasehold,1169,358,16,874000,131100,8000,1013100
CASE-2026-NW-04529,Negeri Sembilan,Building,Suburban,Malay Reserve,741,512,16,1508000,226200,8000,1742200
CASE-2026-NW-04530,Wilayah Persekutuan Kuala Lumpur,Agriculture,Rural,Leasehold,5616,4140,16,2310000,346500,8000,2664500
CASE-2026-NW-04531,Johor,Industry,Suburban,Freehold,12115,9364,32,21791000,3268600,8000,25067600
CASE-2026-NW-04532,Sabah,Building,Urban,Leasehold,1619,547,39,1523000,228400,8000,1759400
CASE-2026-NW-04533,Johor,Building,Suburban,Freehold,568,266,6,1007000,151000,8000,1166000
CASE-2026-NW-04534,Wilayah Persekutuan Kuala Lumpur,Industry,Suburban,Freehold,22382,8778,22,29491000,4423600,8000,33922600
CASE-2026-NW-04535,Selangor,Agriculture,Urban,Freehold,17101,5976,10,5787000,868000,8000,6663000
CASE-2026-NW-04536,Johor,Industry,Urban,Freehold,9073,4714,34,12605000,1890800,8000,14503800
CASE-2026-NW-04537,Pulau Pinang,Agriculture,Urban,Freehold,12949,10071,27,7615000,1142200,8000,8765200
CASE-2026-NW-04538,Selangor,Agriculture,Suburban,Leasehold,13882,6616,39,4431000,664600,8000,5103600
CASE-2026-NW-04539,Selangor,Building,Urban,Leasehold,1544,1423,30,5400000,810000,8000,6218000
CASE-2026-NW-04540,Terengganu,Agriculture,Suburban,Freehold,2066,881,22,434000,65100,8000,507100
CASE-2026-NW-04541,Wilayah Persekutuan Kuala Lumpur,Building,Suburban,Malay Reserve,2874,991,3,4397000,659600,8000,5064600
CASE-2026-NW-04542,Sabah,Building,Urban,Leasehold,1199,589,4,1895000,284200,8000,2187200
CASE-2026-NW-04543,Negeri Sembilan,Building,Suburban,Freehold,438,151,13,448000,67200,8000,523200
CASE-2026-NW-04544,Negeri Sembilan,Agriculture,Rural,Freehold,4645,2230,8,1137000,170600,8000,1315600
CASE-2026-NW-04545,Pahang,Building,Suburban,Leasehold,2564,1980,30,4186000,627900,8000,4821900
CASE-2026-NW-04546,Perak,Building,Rural,Freehold,321,182,35,373000,56000,8000,437000
CASE-2026-NW-04547,Negeri Sembilan,Building,Suburban,Freehold,2923,949,18,2898000,434700,8000,3340700
CASE-2026-NW-04548,Melaka,Building,Suburban,Freehold,2176,560,15,1773000,266000,8000,2047000
CASE-2026-NW-04549,Selangor,Agriculture,Rural,Freehold,15534,4259,17,2730000,409500,8000,3147500
CASE-2026-NW-04550,Pahang,Building,Suburban,Leasehold,1169,520,22,1478000,221700,8000,1707700
CASE-2026-NW-04551,Selangor,Building,Urban,Freehold,1106,445,15,2000000,300000,8000,2308000
CASE-2026-NW-04552,Perak,Building,Urban,Leasehold,1101,421,13,1222000,183300,8000,1413300
CASE-2026-NW-04553,Negeri Sembilan,Agriculture,Suburban,Freehold,11046,6063,27,3145000,471800,8000,3624800
CASE-2026-NW-04554,Melaka,Building,Urban,Freehold,2215,744,14,2937000,440600,8000,3385600
CASE-2026-NW-04555,Sabah,Building,Suburban,Leasehold,1780,717,11,2225000,333800,8000,2566800
CASE-2026-NW-04556,Melaka,Agriculture,Suburban,Freehold,5110,3028,14,1633000,245000,8000,1886000
CASE-2026-NW-04557,Perak,Agriculture,Rural,Freehold,19935,6856,1,3373000,506000,8000,3887000
CASE-2026-NW-04558,Melaka,Building,Suburban,Freehold,506,248,19,740000,111000,8000,859000
CASE-2026-NW-04559,Perak,Agriculture,Urban,Leasehold,18819,4408,8,2837000,425600,8000,3270600
CASE-2026-NW-04560,Johor,Building,Suburban,Malay Reserve,2373,2154,15,6769000,1015400,8000,7792400
CASE-2026-NW-04561,Selangor,Building,Urban,Freehold,2429,1386,18,6077000,911600,8000,6996600
CASE-2026-NW-04562,Selangor,Building,Suburban,Leasehold,2405,1891,28,6139000,920800,8000,7067800
CASE-2026-NW-04563,Selangor,Building,Suburban,Freehold,654,507,10,1984000,297600,8000,2289600
CASE-2026-NW-04564,Selangor,Building,Urban,Leasehold,1004,494,15,2098000,314700,8000,2420700
CASE-2026-NW-04565,Wilayah Persekutuan Putrajaya,Building,Rural,Leasehold,1235,1162,3,3140000,471000,8000,3619000
CASE-2026-NW-04566,Wilayah Persekutuan Kuala Lumpur,Agriculture,Suburban,Freehold,18331,7626,10,6652000,997800,8000,7657800
CASE-2026-NW-04567,Selangor,Building,Urban,Leasehold,580,479,39,1709000,256400,8000,1973400
CASE-2026-NW-04568,Selangor,Building,Suburban,Leasehold,222,76,26,270000,40500,8000,318500
CASE-2026-NW-04569,Terengganu,Agriculture,Suburban,Leasehold,15433,12846,39,4687000,703000,8000,5398000
CASE-2026-NW-04570,Pulau Pinang,Agriculture,Urban,Freehold,2433,1210,30,984000,147600,8000,1139600
CASE-2026-NW-04571,Perak,Building,Urban,Freehold,2849,1645,29,5019000,752800,8000,5779800
CASE-2026-NW-04572,Selangor,Agriculture,Suburban,Leasehold,18310,5001,5,4177000,626600,8000,4811600
CASE-2026-NW-04573,Wilayah Persekutuan Putrajaya,Industry,Suburban,Freehold,1560,661,5,1954000,293100,8000,2255100
CASE-2026-NW-04574,Perak,Agriculture,Suburban,Freehold,8659,7677,8,3905000,585800,8000,4498800
CASE-2026-NW-04575,Pulau Pinang,Agriculture,Rural,Leasehold,9815,7535,8,3899000,584800,8000,4491800
CASE-2026-NW-04576,Kedah,Agriculture,Suburban,Leasehold,8883,5030,39,2097000,314600,8000,2419600
CASE-2026-NW-04577,Negeri Sembilan,Building,Suburban,Freehold,1713,1114,36,2863000,429400,8000,3300400
CASE-2026-NW-04578,Johor,Agriculture,Suburban,Leasehold,2170,679,19,419000,62800,8000,489800
CASE-2026-NW-04579,Johor,Building,Rural,Leasehold,1648,1207,12,3238000,485700,8000,3731700
CASE-2026-NW-04580,Selangor,Agriculture,Urban,Freehold,6204,4248,19,3656000,548400,8000,4212400
CASE-2026-NW-04581,Pulau Pinang,Agriculture,Urban,Leasehold,18187,12560,28,9238000,1385700,8000,10631700
CASE-2026-NW-04582,Kelantan,Industry,Rural,Freehold,13261,11902,38,14868000,2230200,8000,17106200
CASE-2026-NW-04583,Pulau Pinang,Agriculture,Urban,Leasehold,16922,13727,25,9853000,1478000,8000,11339000
CASE-2026-NW-04584,Wilayah Persekutuan Kuala Lumpur,Building,Suburban,Leasehold,2222,1795,33,6528000,979200,8000,7515200
CASE-2026-NW-04585,Pahang,Agriculture,Urban,Freehold,16417,6693,9,4004000,600600,8000,4612600
CASE-2026-NW-04586,Sarawak,Agriculture,Rural,Freehold,6837,2670,39,1109000,166400,8000,1283400
CASE-2026-NW-04587,Pulau Pinang,Agriculture,Urban,Freehold,12650,7616,18,6216000,932400,8000,7156400
CASE-2026-NW-04588,Kedah,Agriculture,Suburban,Freehold,16675,5077,19,2662000,399300,8000,3069300
CASE-2026-NW-04589,Selangor,Agriculture,Suburban,Freehold,6034,4439,14,3064000,459600,8000,3531600
CASE-2026-NW-04590,Wilayah Persekutuan Kuala Lumpur,Building,Suburban,Leasehold,2268,1500,8,6095000,914200,8000,7017200
CASE-2026-NW-04591,Wilayah Persekutuan Kuala Lumpur,Building,Urban,Freehold,2709,1908,26,8914000,1337100,8000,10259100
CASE-2026-NW-04592,Melaka,Industry,Suburban,Freehold,13597,5979,33,12153000,1823000,8000,13984000
CASE-2026-NW-04593,Selangor,Agriculture,Suburban,Malay Reserve,7489,5224,19,3519000,527800,8000,4054800
CASE-2026-NW-04594,Perak,Building,Urban,Leasehold,1529,1050,27,2748000,412200,8000,3168200
CASE-2026-NW-04595,Johor,Agriculture,Urban,Freehold,8980,5118,0,4110000,616500,8000,4734500
CASE-2026-NW-04596,Kedah,Building,Rural,Malay Reserve,1717,518,34,1099000,164800,8000,1271800
CASE-2026-NW-04597,Johor,Industry,Suburban,Freehold,15664,7770,15,19704000,2955600,8000,22667600
CASE-2026-NW-04598,Wilayah Persekutuan Kuala Lumpur,Agriculture,Urban,Freehold,4487,1227,21,1270000,190500,8000,1468500
CASE-2026-NW-04599,Melaka,Building,Rural,Freehold,2005,1420,8,4053000,608000,8000,4669000
CASE-2026-NW-04600,Wilayah Persekutuan Kuala Lumpur,Building,Suburban,Freehold,2961,2689,28,9838000,1475700,8000,11321700
CASE-2026-NW-04601,Selangor,Building,Suburban,Leasehold,1287,907,13,3510000,526500,8000,4044500
CASE-2026-NW-04602,Selangor,Agriculture,Suburban,Leasehold,7139,5164,1,3395000,509200,8000,3912200
CASE-2026-NW-04603,Selangor,Agriculture,Suburban,Freehold,5283,2477,3,2038000,305700,8000,2351700
CASE-2026-NW-04604,Perlis,Agriculture,Suburban,Leasehold,8381,3648,2,1772000,265800,8000,2045800
CASE-2026-NW-04605,Melaka,Building,Urban,Freehold,2558,2048,2,8054000,1208100,8000,9270100
CASE-2026-NW-04606,Perak,Building,Urban,Leasehold,897,739,31,1811000,271600,8000,2090600
CASE-2026-NW-04607,Melaka,Building,Urban,Freehold,601,450,11,1681000,252200,8000,1941200
CASE-2026-NW-04608,Pulau Pinang,Building,Suburban,Freehold,707,239,5,995000,149200,8000,1152200
CASE-2026-NW-04609,Johor,Agriculture,Rural,Freehold,4082,2672,38,1234000,185100,8000,1427100
CASE-2026-NW-04610,Selangor,Agriculture,Suburban,Leasehold,2396,1493,14,1058000,158700,8000,1224700
CASE-2026-NW-04611,Melaka,Industry,Urban,Leasehold,6335,1699,17,4708000,706200,8000,5422200
CASE-2026-NW-04612,Selangor,Agriculture,Rural,Leasehold,16028,5519,30,3401000,510200,8000,3919200
CASE-2026-NW-04613,Pahang,Agriculture,Suburban,Freehold,5748,4928,27,2198000,329700,8000,2535700
CASE-2026-NW-04614,Pulau Pinang,Building,Suburban,Freehold,2204,1449,4,5829000,874400,8000,6711400
CASE-2026-NW-04615,Selangor,Building,Urban,Freehold,869,422,16,1909000,286400,8000,2203400
CASE-2026-NW-04616,Johor,Agriculture,Suburban,Freehold,13718,3715,20,2462000,369300,8000,2839300
CASE-2026-NW-04617,Terengganu,Agriculture,Suburban,Freehold,3279,1857,8,837000,125600,8000,970600
CASE-2026-NW-04618,Selangor,Building,Suburban,Leasehold,741,441,37,1511000,226600,8000,1745600
CASE-2026-NW-04619,Sarawak,Agriculture,Rural,Leasehold,15420,8394,24,3141000,471200,8000,3620200
CASE-2026-NW-04620,Johor,Agriculture,Suburban,Leasehold,13051,2757,25,1679000,251800,8000,1938800
CASE-2026-NW-04621,Pahang,Building,Urban,Freehold,2810,1910,12,5938000,890700,8000,6836700
CASE-2026-NW-04622,Johor,Building,Rural,Freehold,1622,494,34,1405000,210800,8000,1623800
CASE-2026-NW-04623,Selangor,Agriculture,Urban,Freehold,7682,3473,25,3223000,483400,8000,3714400
CASE-2026-NW-04624,Pulau Pinang,Building,Suburban,Freehold,2364,774,6,3315000,497200,8000,3820200
CASE-2026-NW-04625,Selangor,Agriculture,Rural,Freehold,2120,1806,28,1013000,152000,8000,1173000
CASE-2026-NW-04626,Pulau Pinang,Building,Urban,Freehold,1905,741,32,3202000,480300,8000,3690300
CASE-2026-NW-04627,Johor,Industry,Urban,Leasehold,2698,1583,26,4095000,614200,8000,4717200
CASE-2026-NW-04628,Selangor,Building,Urban,Leasehold,462,337,12,1520000,228000,8000,1756000
CASE-2026-NW-04629,Pulau Pinang,Building,Urban,Leasehold,2425,1171,39,4445000,666800,8000,5119800
CASE-2026-NW-04630,Johor,Industry,Rural,Freehold,13897,6831,28,12636000,1895400,8000,14539400
CASE-2026-NW-04631,Terengganu,Agriculture,Urban,Freehold,19613,4069,15,2420000,363000,8000,2791000
CASE-2026-NW-04632,Melaka,Building,Suburban,Freehold,162,73,4,237000,35600,8000,280600
CASE-2026-NW-04633,Negeri Sembilan,Agriculture,Suburban,Leasehold,15411,10488,9,5081000,762200,8000,5851200
CASE-2026-NW-04634,Selangor,Industry,Suburban,Freehold,23314,18133,7,53068000,7960200,8000,61036200
CASE-2026-NW-04635,Wilayah Persekutuan Kuala Lumpur,Building,Suburban,Leasehold,629,161,13,690000,103500,8000,801500
CASE-2026-NW-04636,Kelantan,Building,Urban,Leasehold,2949,929,10,2724000,408600,8000,3140600
CASE-2026-NW-04637,Wilayah Persekutuan Labuan,Industry,Urban,Malay Reserve,12094,8230,39,16232000,2434800,8000,18674800
CASE-2026-NW-04638,Pulau Pinang,Agriculture,Suburban,Freehold,11572,5483,27,3768000,565200,8000,4341200
CASE-2026-NW-04639,Wilayah Persekutuan Kuala Lumpur,Building,Rural,Malay Reserve,2125,1436,5,4544000,681600,8000,5233600
CASE-2026-NW-04640,Wilayah Persekutuan Kuala Lumpur,Agriculture,Rural,Leasehold,10916,5299,4,3684000,552600,8000,4244600
CASE-2026-NW-04641,Negeri Sembilan,Building,Urban,Freehold,2924,964,13,3229000,484400,8000,3721400
CASE-2026-NW-04642,Selangor,Building,Urban,Freehold,2543,1723,28,7443000,1116400,8000,8567400
CASE-2026-NW-04643,Selangor,Building,Rural,Leasehold,1151,288,32,825000,123800,8000,956800
CASE-2026-NW-04644,Perak,Building,Urban,Leasehold,2156,1600,6,5186000,777900,8000,5971900
CASE-2026-NW-04645,Pulau Pinang,Building,Urban,Freehold,1022,742,17,3086000,462900,8000,3556900
CASE-2026-NW-04646,Johor,Building,Urban,Freehold,2269,1673,17,6407000,961000,8000,7376000
CASE-2026-NW-04647,Selangor,Building,Rural,Freehold,1936,1592,13,4866000,729900,8000,5603900
CASE-2026-NW-04648,Pahang,Agriculture,Suburban,Leasehold,14052,11463,12,4688000,703200,8000,5399200
CASE-2026-NW-04649,Terengganu,Industry,Urban,Leasehold,4235,2338,31,4418000,662700,8000,5088700
CASE-2026-NW-04650,Negeri Sembilan,Industry,Suburban,Leasehold,2033,1052,8,2430000,364500,8000,2802500
CASE-2026-NW-04651,Pulau Pinang,Industry,Suburban,Freehold,10663,7903,1,22853000,3428000,8000,26289000
CASE-2026-NW-04652,Pulau Pinang,Agriculture,Urban,Freehold,11399,9291,26,7219000,1082800,8000,8309800
CASE-2026-NW-04653,Wilayah Persekutuan Kuala Lumpur,Building,Suburban,Leasehold,2233,1558,7,6814000,1022100,8000,7844100
CASE-2026-NW-04654,Pulau Pinang,Agriculture,Suburban,Leasehold,4533,2093,1,1414000,212100,8000,1634100
CASE-2026-NW-04655,Perak,Building,Suburban,Malay Reserve,432,406,12,1014000,152100,8000,1174100
CASE-2026-NW-04656,Selangor,Agriculture,Urban,Leasehold,10078,8066,23,6301000,945200,8000,7254200
CASE-2026-NW-04657,Pahang,Building,Rural,Freehold,496,271,3,687000,103000,8000,798000
CASE-2026-NW-04658,Melaka,Building,Suburban,Leasehold,2112,1030,3,3243000,486400,8000,3737400
CASE-2026-NW-04659,Wilayah Persekutuan Kuala Lumpur,Agriculture,Rural,Freehold,2113,1086,29,694000,104100,8000,806100
CASE-2026-NW-04660,Selangor,Agriculture,Rural,Freehold,9226,2708,3,1829000,274400,8000,2111400
CASE-2026-NW-04661,Johor,Agriculture,Suburban,Malay Reserve,3319,2265,27,1163000,174400,8000,1345400
CASE-2026-NW-04662,Johor,Building,Rural,Freehold,2162,1929,22,5168000,775200,8000,5951200
CASE-2026-NW-04663,Selangor,Building,Urban,Malay Reserve,1409,475,30,1916000,287400,8000,2211400
CASE-2026-NW-04664,Selangor,Agriculture,Suburban,Leasehold,14649,6531,3,4938000,740700,8000,5686700
CASE-2026-NW-04665,Melaka,Building,Urban,Freehold,1155,815,13,2809000,421400,8000,3238400
CASE-2026-NW-04666,Melaka,Industry,Suburban,Leasehold,12790,7975,27,15426000,2313900,8000,17747900
CASE-2026-NW-04667,Kedah,Building,Suburban,Leasehold,593,174,35,397000,59600,8000,464600
CASE-2026-NW-04668,Wilayah Persekutuan Labuan,Agriculture,Urban,Leasehold,18511,14537,19,8526000,1278900,8000,9812900
CASE-2026-NW-04669,Selangor,Agriculture,Urban,Freehold,3751,2908,19,2415000,362200,8000,2785200
CASE-2026-NW-04670,Perak,Industry,Rural,Malay Reserve,8588,3241,23,4687000,703000,8000,5398000
CASE-2026-NW-04671,Selangor,Building,Urban,Freehold,1152,993,39,3741000,561200,8000,4310200
CASE-2026-NW-04672,Wilayah Persekutuan Kuala Lumpur,Agriculture,Urban,Freehold,18134,5908,34,6165000,924800,8000,7097800
CASE-2026-NW-04673,Pahang,Building,Rural,Freehold,2193,904,13,2468000,370200,8000,2846200
CASE-2026-NW-04674,Johor,Agriculture,Rural,Leasehold,2486,1006,26,517000,77600,8000,602600
CASE-2026-NW-04675,Kelantan,Building,Suburban,Freehold,957,850,35,1883000,282400,8000,2173400
CASE-2026-NW-04676,Wilayah Persekutuan Kuala Lumpur,Building,Urban,Leasehold,1286,1020,26,4365000,654800,8000,5027800
CASE-2026-NW-04677,Selangor,Agriculture,Suburban,Malay Reserve,14320,3173,3,2415000,362200,8000,2785200
CASE-2026-NW-04678,Selangor,Building,Urban,Malay Reserve,1725,557,37,2094000,314100,8000,2416100
CASE-2026-NW-04679,Sabah,Agriculture,Rural,Freehold,18687,6790,11,2941000,441200,8000,3390200
CASE-2026-NW-04680,Perak,Building,Suburban,Leasehold,230,113,20,293000,44000,8000,345000
CASE-2026-NW-04681,Pulau Pinang,Building,Urban,Leasehold,778,671,30,2296000,344400,8000,2648400
CASE-2026-NW-04682,Wilayah Persekutuan Kuala Lumpur,Building,Suburban,Leasehold,1939,1426,14,5316000,797400,8000,6121400
CASE-2026-NW-04683,Pulau Pinang,Building,Suburban,Leasehold,2091,1821,18,6128000,919200,8000,7055200
CASE-2026-NW-04684,Wilayah Persekutuan Putrajaya,Agriculture,Suburban,Freehold,8841,2806,14,2070000,310500,8000,2388500
CASE-2026-NW-04685,Kelantan,Agriculture,Rural,Leasehold,13270,7438,5,2707000,406000,8000,3121000
CASE-2026-NW-04686,Melaka,Agriculture,Urban,Freehold,16546,12288,26,7401000,1110200,8000,8519200
CASE-2026-NW-04687,Selangor,Building,Suburban,Leasehold,1816,1641,3,5838000,875700,8000,6721700
CASE-2026-NW-04688,Pahang,Agriculture,Suburban,Malay Reserve,3085,2462,33,998000,149700,8000,1155700
CASE-2026-NW-04689,Selangor,Agriculture,Urban,Freehold,16554,8151,38,7115000,1067200,8000,8190200
CASE-2026-NW-04690,Kelantan,Building,Urban,Freehold,2603,2254,22,6173000,926000,8000,7107000
CASE-2026-NW-04691,Johor,Building,Suburban,Leasehold,517,228,8,770000,115500,8000,893500
CASE-2026-NW-04692,Selangor,Building,Urban,Leasehold,2369,872,31,3633000,545000,8000,4186000
CASE-2026-NW-04693,Wilayah Persekutuan Kuala Lumpur,Building,Urban,Freehold,777,554,15,2564000,384600,8000,2956600
CASE-2026-NW-04694,Pulau Pinang,Agriculture,Rural,Leasehold,5686,5026,34,2420000,363000,8000,2791000
CASE-2026-NW-04695,Pulau Pinang,Agriculture,Suburban,Malay Reserve,9368,7393,36,4043000,606400,8000,4657400
CASE-2026-NW-04696,Negeri Sembilan,Industry,Suburban,Leasehold,1736,1231,18,2385000,357800,8000,2750800
CASE-2026-NW-04697,Negeri Sembilan,Building,Urban,Freehold,684,225,5,779000,116800,8000,903800
CASE-2026-NW-04698,Johor,Agriculture,Urban,Leasehold,18411,6356,23,4430000,664500,8000,5102500
CASE-2026-NW-04699,Selangor,Building,Rural,Leasehold,1936,1452,30,4165000,624800,8000,4797800
CASE-2026-NW-04700,Kedah,Building,Urban,Leasehold,2749,1882,36,4974000,746100,8000,5728100
CASE-2026-NW-04701,Melaka,Agriculture,Suburban,Freehold,4925,4312,15,2311000,346600,8000,2665600
CASE-2026-NW-04702,Melaka,Building,Suburban,Leasehold,436,303,27,868000,130200,8000,1006200
CASE-2026-NW-04703,Negeri Sembilan,Building,Suburban,Leasehold,2614,883,10,2571000,385600,8000,2964600
CASE-2026-NW-04704,Johor,Industry,Suburban,Freehold,1184,377,31,926000,138900,8000,1072900
CASE-2026-NW-04705,Wilayah Persekutuan Kuala Lumpur,Agriculture,Urban,Freehold,11158,9427,33,8213000,1232000,8000,9453000
CASE-2026-NW-04706,Pulau Pinang,Building,Urban,Malay Reserve,1553,1383,35,4509000,676400,8000,5193400
CASE-2026-NW-04707,Wilayah Persekutuan Kuala Lumpur,Building,Suburban,Freehold,2338,889,9,4194000,629100,8000,4831100
CASE-2026-NW-04708,Wilayah Persekutuan Labuan,Agriculture,Urban,Leasehold,8069,4131,30,2484000,372600,8000,2864600
CASE-2026-NW-04709,Melaka,Agriculture,Urban,Freehold,12136,5699,8,4190000,628500,8000,4826500
CASE-2026-NW-04710,Selangor,Agriculture,Urban,Leasehold,11617,7541,13,6495000,974200,8000,7477200
CASE-2026-NW-04711,Melaka,Agriculture,Urban,Malay Reserve,19054,5276,2,3622000,543300,8000,4173300
CASE-2026-NW-04712,Wilayah Persekutuan Kuala Lumpur,Building,Rural,Leasehold,310,199,33,578000,86700,8000,672700
CASE-2026-NW-04713,Wilayah Persekutuan Kuala Lumpur,Industry,Rural,Freehold,7251,4244,6,11422000,1713300,8000,13143300
CASE-2026-NW-04714,Kedah,Industry,Suburban,Freehold,21753,13776,37,24989000,3748400,8000,28745400
CASE-2026-NW-04715,Kedah,Building,Rural,Leasehold,1564,733,31,1506000,225900,8000,1739900
CASE-2026-NW-04716,Pulau Pinang,Industry,Suburban,Leasehold,16795,10194,29,25143000,3771400,8000,28922400
CASE-2026-NW-04717,Selangor,Building,Rural,Freehold,1684,569,17,1921000,288200,8000,2217200
CASE-2026-NW-04718,Kelantan,Agriculture,Urban,Freehold,8984,5685,13,2857000,428600,8000,3293600
CASE-2026-NW-04719,Kedah,Building,Urban,Leasehold,2108,1671,29,4373000,656000,8000,5037000
CASE-2026-NW-04720,Pulau Pinang,Agriculture,Urban,Leasehold,12952,5324,3,4313000,647000,8000,4968000
CASE-2026-NW-04721,Pahang,Building,Urban,Freehold,221,124,21,392000,58800,8000,458800
CASE-2026-NW-04722,Pulau Pinang,Building,Rural,Freehold,2754,1292,33,3742000,561300,8000,4311300
CASE-2026-NW-04723,Perak,Building,Suburban,Malay Reserve,596,401,7,1052000,157800,8000,1217800
CASE-2026-NW-04724,Selangor,Industry,Suburban,Freehold,23237,13538,21,38028000,5704200,8000,43740200
CASE-2026-NW-04725,Pulau Pinang,Building,Suburban,Malay Reserve,1340,885,23,2776000,416400,8000,3200400
CASE-2026-NW-04726,Pahang,Agriculture,Rural,Freehold,19009,3811,4,1587000,238000,8000,1833000
CASE-2026-NW-04727,Kedah,Industry,Urban,Leasehold,17161,8855,14,19686000,2952900,8000,22646900
CASE-2026-NW-04728,Selangor,Building,Rural,Malay Reserve,906,425,7,1339000,200800,8000,1547800
CASE-2026-NW-04729,Wilayah Persekutuan Kuala Lumpur,Building,Suburban,Freehold,240,220,18,808000,121200,8000,937200
CASE-2026-NW-04730,Wilayah Persekutuan Kuala Lumpur,Agriculture,Rural,Freehold,8989,3210,21,2234000,335100,8000,2577100
CASE-2026-NW-04731,Sarawak,Industry,Rural,Leasehold,19012,8635,18,14997000,2249600,8000,17254600
CASE-2026-NW-04732,Perak,Agriculture,Urban,Freehold,16027,8515,14,4805000,720800,8000,5533800
CASE-2026-NW-04733,Wilayah Persekutuan Labuan,Building,Suburban,Freehold,537,318,6,1043000,156400,8000,1207400
CASE-2026-NW-04734,Perak,Building,Suburban,Leasehold,2464,678,23,1940000,291000,8000,2239000
CASE-2026-NW-04735,Wilayah Persekutuan Kuala Lumpur,Agriculture,Suburban,Freehold,13292,2699,1,2635000,395200,8000,3038200
CASE-2026-NW-04736,Wilayah Persekutuan Kuala Lumpur,Agriculture,Suburban,Leasehold,3877,2447,6,1859000,278800,8000,2145800
CASE-2026-NW-04737,Johor,Building,Suburban,Malay Reserve,715,571,7,1719000,257800,8000,1984800
CASE-2026-NW-04738,Wilayah Persekutuan Kuala Lumpur,Agriculture,Suburban,Leasehold,9210,2012,8,1795000,269200,8000,2072200
CASE-2026-NW-04739,Kedah,Agriculture,Urban,Leasehold,4577,3275,38,1652000,247800,8000,1907800
CASE-2026-NW-04740,Perak,Building,Suburban,Freehold,2293,675,3,1976000,296400,8000,2280400
CASE-2026-NW-04741,Selangor,Building,Suburban,Freehold,2814,1412,1,6378000,956700,8000,7342700
CASE-2026-NW-04742,Wilayah Persekutuan Labuan,Building,Rural,Leasehold,2620,1619,28,3334000,500100,8000,3842100
CASE-2026-NW-04743,Johor,Building,Rural,Freehold,2555,1585,23,4194000,629100,8000,4831100
CASE-2026-NW-04744,Wilayah Persekutuan Kuala Lumpur,Agriculture,Rural,Freehold,18621,6797,37,4658000,698700,8000,5364700
CASE-2026-NW-04745,Wilayah Persekutuan Putrajaya,Agriculture,Suburban,Leasehold,8533,4338,22,2806000,420900,8000,3234900
CASE-2026-NW-04746,Melaka,Agriculture,Rural,Freehold,14204,7249,21,3188000,478200,8000,3674200
CASE-2026-NW-04747,Pahang,Agriculture,Suburban,Freehold,4107,1971,0,1093000,164000,8000,1265000
CASE-2026-NW-04748,Selangor,Building,Suburban,Freehold,867,392,24,1477000,221600,8000,1706600
CASE-2026-NW-04749,Johor,Agriculture,Suburban,Freehold,19420,10313,23,6209000,931400,8000,7148400
CASE-2026-NW-04750,Selangor,Building,Suburban,Leasehold,2921,1648,25,5631000,844600,8000,6483600
CASE-2026-NW-04751,Johor,Building,Suburban,Malay Reserve,244,212,15,624000,93600,8000,725600
CASE-2026-NW-04752,Melaka,Agriculture,Suburban,Freehold,3026,2002,30,1101000,165200,8000,1274200
CASE-2026-NW-04753,Pulau Pinang,Agriculture,Urban,Leasehold,12851,3937,19,3311000,496600,8000,3815600
CASE-2026-NW-04754,Johor,Building,Suburban,Leasehold,2435,1822,32,5269000,790400,8000,6067400
CASE-2026-NW-04755,Wilayah Persekutuan Kuala Lumpur,Agriculture,Suburban,Freehold,7142,6026,16,4397000,659600,8000,5064600
CASE-2026-NW-04756,Johor,Agriculture,Suburban,Leasehold,10279,2478,16,1667000,250000,8000,1925000
CASE-2026-NW-04757,Perak,Building,Rural,Leasehold,2145,1058,14,2463000,369400,8000,2840400
CASE-2026-NW-04758,Pulau Pinang,Building,Urban,Leasehold,1801,1673,8,6585000,987800,8000,7580800
CASE-2026-NW-04759,Melaka,Building,Suburban,Freehold,384,260,35,664000,99600,8000,771600
CASE-2026-NW-04760,Pulau Pinang,Agriculture,Urban,Freehold,18075,7394,14,6443000,966400,8000,7417400
CASE-2026-NW-04761,Johor,Agriculture,Rural,Leasehold,17824,5903,13,2779000,416800,8000,3203800
CASE-2026-NW-04762,Johor,Building,Rural,Malay Reserve,916,513,28,1177000,176600,8000,1361600
CASE-2026-NW-04763,Johor,Agriculture,Suburban,Freehold,16377,5662,4,3703000,555400,8000,4266400
CASE-2026-NW-04764,Selangor,Agriculture,Suburban,Freehold,11936,8401,24,5929000,889400,8000,6826400
CASE-2026-NW-04765,Kedah,Agriculture,Suburban,Freehold,18989,16748,29,7487000,1123000,8000,8618000
CASE-2026-NW-04766,Pahang,Building,Rural,Leasehold,334,298,28,539000,80800,8000,627800
CASE-2026-NW-04767,Selangor,Building,Suburban,Leasehold,1384,654,26,2221000,333200,8000,2562200
CASE-2026-NW-04768,Selangor,Building,Suburban,Leasehold,1234,511,36,1775000,266200,8000,2049200
CASE-2026-NW-04769,Johor,Building,Rural,Malay Reserve,395,370,17,827000,124000,8000,959000
CASE-2026-NW-04770,Perak,Agriculture,Suburban,Freehold,8737,2459,6,1253000,188000,8000,1449000
CASE-2026-NW-04771,Selangor,Industry,Suburban,Leasehold,20033,6586,29,17558000,2633700,8000,20199700
CASE-2026-NW-04772,Kedah,Building,Suburban,Freehold,2899,793,35,1984000,297600,8000,2289600
CASE-2026-NW-04773,Negeri Sembilan,Building,Suburban,Freehold,2522,1610,2,4865000,729800,8000,5602800
CASE-2026-NW-04774,Wilayah Persekutuan Putrajaya,Industry,Suburban,Malay Reserve,17723,10506,10,25781000,3867200,8000,29656200
CASE-2026-NW-04775,Negeri Sembilan,Agriculture,Urban,Leasehold,18122,7464,12,4441000,666200,8000,5115200
CASE-2026-NW-04776,Selangor,Building,Suburban,Malay Reserve,1141,935,8,3152000,472800,8000,3632800
CASE-2026-NW-04777,Selangor,Building,Rural,Freehold,2139,546,19,1967000,295000,8000,2270000
CASE-2026-NW-04778,Kedah,Building,Rural,Freehold,1396,1013,25,2272000,340800,8000,2620800
CASE-2026-NW-04779,Selangor,Agriculture,Suburban,Freehold,17064,6266,13,4887000,733000,8000,5628000
CASE-2026-NW-04780,Selangor,Agriculture,Urban,Freehold,11855,7147,19,5927000,889000,8000,6824000
CASE-2026-NW-04781,Kelantan,Agriculture,Suburban,Freehold,3277,983,11,475000,71200,8000,554200
CASE-2026-NW-04782,Selangor,Building,Rural,Leasehold,1788,1485,18,4402000,660300,8000,5070300
CASE-2026-NW-04783,Wilayah Persekutuan Kuala Lumpur,Building,Rural,Leasehold,1906,1246,19,3836000,575400,8000,4419400
CASE-2026-NW-04784,Selangor,Agriculture,Suburban,Leasehold,9177,7612,11,5019000,752800,8000,5779800
CASE-2026-NW-04785,Pahang,Building,Suburban,Leasehold,1870,1490,22,3756000,563400,8000,4327400
CASE-2026-NW-04786,Selangor,Agriculture,Urban,Freehold,8565,5039,19,4413000,662000,8000,5083000
CASE-2026-NW-04787,Pahang,Agriculture,Suburban,Freehold,8223,4946,13,2358000,353700,8000,2719700
CASE-2026-NW-04788,Melaka,Building,Suburban,Leasehold,738,325,1,1010000,151500,8000,1169500
CASE-2026-NW-04789,Melaka,Agriculture,Urban,Leasehold,13892,3869,12,2780000,417000,8000,3205000
CASE-2026-NW-04790,Johor,Building,Suburban,Malay Reserve,1414,723,29,2142000,321300,8000,2471300
CASE-2026-NW-04791,Melaka,Building,Rural,Freehold,1720,1286,28,3170000,475500,8000,3653500
CASE-2026-NW-04792,Wilayah Persekutuan Kuala Lumpur,Industry,Suburban,Malay Reserve,16427,7707,33,21459000,3218800,8000,24685800
CASE-2026-NW-04793,Wilayah Persekutuan Labuan,Agriculture,Suburban,Leasehold,9385,2858,37,1554000,233100,8000,1795100
CASE-2026-NW-04794,Johor,Building,Urban,Freehold,1331,798,2,3198000,479700,8000,3685700
CASE-2026-NW-04795,Perak,Building,Urban,Freehold,214,140,17,421000,63200,8000,492200
CASE-2026-NW-04796,Selangor,Agriculture,Rural,Freehold,6948,5336,9,2992000,448800,8000,3448800
CASE-2026-NW-04797,Perak,Agriculture,Urban,Malay Reserve,18235,6624,10,3496000,524400,8000,4028400
CASE-2026-NW-04798,Selangor,Building,Suburban,Freehold,1877,1476,36,5248000,787200,8000,6043200
CASE-2026-NW-04799,Johor,Agriculture,Suburban,Freehold,9872,8300,32,4593000,689000,8000,5290000
CASE-2026-NW-04800,Kedah,Industry,Urban,Freehold,13195,5236,13,13987000,2098000,8000,16093000
CASE-2026-NW-04801,Wilayah Persekutuan Kuala Lumpur,Building,Urban,Leasehold,1482,1209,36,4664000,699600,8000,5371600
CASE-2026-NW-04802,Selangor,Building,Rural,Freehold,537,213,29,681000,102200,8000,791200
CASE-2026-NW-04803,Pulau Pinang,Agriculture,Suburban,Leasehold,14373,5913,27,4202000,630300,8000,4840300
CASE-2026-NW-04804,Selangor,Industry,Rural,Freehold,15004,14018,21,29432000,4414800,8000,33854800
CASE-2026-NW-04805,Johor,Agriculture,Urban,Freehold,19121,15307,6,10260000,1539000,8000,11807000
CASE-2026-NW-04806,Pulau Pinang,Agriculture,Urban,Leasehold,19337,11343,33,8416000,1262400,8000,9686400
CASE-2026-NW-04807,Negeri Sembilan,Building,Urban,Leasehold,697,546,39,1445000,216800,8000,1669800
CASE-2026-NW-04808,Kedah,Building,Rural,Freehold,1527,534,22,1192000,178800,8000,1378800
CASE-2026-NW-04809,Selangor,Agriculture,Urban,Leasehold,11312,4491,33,3964000,594600,8000,4566600
CASE-2026-NW-04810,Wilayah Persekutuan Kuala Lumpur,Building,Urban,Freehold,327,241,36,1034000,155100,8000,1197100
CASE-2026-NW-04811,Kelantan,Building,Rural,Freehold,1568,829,4,1963000,294400,8000,2265400
CASE-2026-NW-04812,Wilayah Persekutuan Kuala Lumpur,Agriculture,Urban,Freehold,6076,4262,25,3827000,574000,8000,4409000
CASE-2026-NW-04813,Melaka,Agriculture,Rural,Leasehold,19434,4546,6,2361000,354200,8000,2723200
CASE-2026-NW-04814,Melaka,Building,Suburban,Freehold,2891,1973,18,5755000,863200,8000,6626200
CASE-2026-NW-04815,Melaka,Building,Suburban,Freehold,1119,540,18,1631000,244600,8000,1883600
CASE-2026-NW-04816,Kelantan,Agriculture,Urban,Freehold,12386,8967,7,4988000,748200,8000,5744200
CASE-2026-NW-04817,Melaka,Building,Urban,Leasehold,345,197,35,597000,89600,8000,694600
CASE-2026-NW-04818,Selangor,Agriculture,Urban,Leasehold,14709,6535,24,5492000,823800,8000,6323800
CASE-2026-NW-04819,Selangor,Building,Urban,Freehold,1554,432,31,1954000,293100,8000,2255100
CASE-2026-NW-04820,Johor,Building,Suburban,Leasehold,1589,1444,15,4287000,643000,8000,4938000
CASE-2026-NW-04821,Johor,Agriculture,Urban,Freehold,12361,8429,6,5952000,892800,8000,6852800
CASE-2026-NW-04822,Wilayah Persekutuan Labuan,Building,Urban,Freehold,2633,1506,18,5210000,781500,8000,5999500
CASE-2026-NW-04823,Selangor,Building,Suburban,Leasehold,2090,1201,38,3935000,590200,8000,4533200
CASE-2026-NW-04824,Selangor,Building,Rural,Leasehold,223,147,36,392000,58800,8000,458800
CASE-2026-NW-04825,Johor,Building,Suburban,Leasehold,2667,2144,10,7348000,1102200,8000,8458200
CASE-2026-NW-04826,Melaka,Agriculture,Urban,Freehold,11530,7423,23,4732000,709800,8000,5449800
CASE-2026-NW-04827,Johor,Building,Suburban,Leasehold,402,299,28,865000,129800,8000,1002800
CASE-2026-NW-04828,Johor,Building,Suburban,Leasehold,338,115,27,385000,57800,8000,450800
CASE-2026-NW-04829,Selangor,Building,Suburban,Leasehold,1196,432,15,1795000,269200,8000,2072200
CASE-2026-NW-04830,Pulau Pinang,Agriculture,Suburban,Freehold,14614,5092,27,3880000,582000,8000,4470000
CASE-2026-NW-04831,Perak,Building,Urban,Leasehold,635,423,20,1220000,183000,8000,1411000
CASE-2026-NW-04832,Pulau Pinang,Building,Rural,Freehold,1099,751,19,2139000,320800,8000,2467800
CASE-2026-NW-04833,Johor,Building,Urban,Freehold,302,142,27,543000,81400,8000,632400
CASE-2026-NW-04834,Selangor,Building,Suburban,Leasehold,2510,743,37,2644000,396600,8000,3048600
CASE-2026-NW-04835,Selangor,Building,Rural,Leasehold,485,387,15,1203000,180400,8000,1391400
CASE-2026-NW-04836,Wilayah Persekutuan Kuala Lumpur,Building,Urban,Freehold,1533,808,4,3972000,595800,8000,4575800
CASE-2026-NW-04837,Pulau Pinang,Agriculture,Urban,Freehold,6270,2180,15,1934000,290100,8000,2232100
CASE-2026-NW-04838,Perak,Agriculture,Suburban,Freehold,17682,7348,26,3475000,521200,8000,4004200
CASE-2026-NW-04839,Kelantan,Industry,Urban,Malay Reserve,10096,6275,4,13436000,2015400,8000,15459400
CASE-2026-NW-04840,Selangor,Industry,Suburban,Leasehold,6412,2148,1,6858000,1028700,8000,7894700
CASE-2026-NW-04841,Negeri Sembilan,Agriculture,Suburban,Freehold,10120,8644,4,4280000,642000,8000,4930000
CASE-2026-NW-04842,Pulau Pinang,Building,Urban,Freehold,1374,929,3,4131000,619600,8000,4758600
CASE-2026-NW-04843,Perlis,Building,Urban,Freehold,218,113,20,368000,55200,8000,431200
CASE-2026-NW-04844,Kelantan,Building,Urban,Malay Reserve,670,432,17,1129000,169400,8000,1306400
CASE-2026-NW-04845,Selangor,Building,Urban,Leasehold,1846,1306,2,5565000,834800,8000,6407800
CASE-2026-NW-04846,Johor,Building,Urban,Leasehold,521,336,17,1149000,172400,8000,1329400
CASE-2026-NW-04847,Kelantan,Building,Suburban,Freehold,300,89,21,255000,38200,8000,301200
CASE-2026-NW-04848,Johor,Agriculture,Rural,Freehold,13632,10063,5,4558000,683700,8000,5249700
CASE-2026-NW-04849,Perak,Agriculture,Suburban,Leasehold,8167,3041,27,1332000,199800,8000,1539800
CASE-2026-NW-04850,Wilayah Persekutuan Kuala Lumpur,Building,Suburban,Leasehold,2903,1197,24,4978000,746700,8000,5732700
CASE-2026-NW-04851,Pahang,Agriculture,Urban,Freehold,17750,9744,20,6029000,904400,8000,6941400
CASE-2026-NW-04852,Negeri Sembilan,Building,Suburban,Freehold,2865,2363,13,7282000,1092300,8000,8382300
CASE-2026-NW-04853,Melaka,Building,Urban,Leasehold,1500,571,33,1889000,283400,8000,2180400
CASE-2026-NW-04854,Wilayah Persekutuan Kuala Lumpur,Agriculture,Rural,Freehold,16727,8836,5,6032000,904800,8000,6944800
CASE-2026-NW-04855,Johor,Agriculture,Suburban,Malay Reserve,13535,10293,1,6289000,943400,8000,7240400
CASE-2026-NW-04856,Selangor,Building,Urban,Freehold,1185,360,16,1804000,270600,8000,2082600
CASE-2026-NW-04857,Johor,Agriculture,Urban,Leasehold,16023,10841,37,6864000,1029600,8000,7901600
CASE-2026-NW-04858,Melaka,Building,Rural,Freehold,441,197,15,541000,81200,8000,630200
CASE-2026-NW-04859,Negeri Sembilan,Building,Urban,Malay Reserve,2007,1048,11,3146000,471900,8000,3625900
CASE-2026-NW-04860,Pulau Pinang,Agriculture,Suburban,Freehold,8914,2677,38,1942000,291300,8000,2241300
CASE-2026-NW-04861,Sarawak,Agriculture,Urban,Malay Reserve,7534,1722,9,1056000,158400,8000,1222400
CASE-2026-NW-04862,Selangor,Agriculture,Suburban,Freehold,12925,4870,10,3994000,599100,8000,4601100
CASE-2026-NW-04863,Pulau Pinang,Building,Suburban,Leasehold,587,254,31,859000,128800,8000,995800
CASE-2026-NW-04864,Selangor,Building,Rural,Freehold,501,224,26,741000,111200,8000,860200
CASE-2026-NW-04865,Pulau Pinang,Agriculture,Suburban,Freehold,10248,2428,17,1916000,287400,8000,2211400
CASE-2026-NW-04866,Perak,Agriculture,Urban,Malay Reserve,4557,1253,28,633000,95000,8000,736000
CASE-2026-NW-04867,Kedah,Industry,Urban,Leasehold,22319,15427,9,34618000,5192700,8000,39818700
CASE-2026-NW-04868,Negeri Sembilan,Building,Suburban,Leasehold,1079,861,30,2222000,333300,8000,2563300
CASE-2026-NW-04869,Johor,Agriculture,Rural,Malay Reserve,16422,14140,10,5763000,864400,8000,6635400
CASE-2026-NW-04870,Melaka,Agriculture,Suburban,Freehold,4462,2939,37,1477000,221600,8000,1706600
CASE-2026-NW-04871,Pulau Pinang,Building,Suburban,Freehold,2844,1698,8,6536000,980400,8000,7524400
CASE-2026-NW-04872,Wilayah Persekutuan Labuan,Building,Rural,Freehold,1690,1178,8,3221000,483200,8000,3712200
CASE-2026-NW-04873,Pahang,Industry,Urban,Leasehold,14001,9956,18,19720000,2958000,8000,22686000
CASE-2026-NW-04874,Kedah,Building,Urban,Leasehold,323,90,19,297000,44600,8000,349600
CASE-2026-NW-04875,Pulau Pinang,Agriculture,Urban,Freehold,18910,5379,8,4991000,748600,8000,5747600
CASE-2026-NW-04876,Sarawak,Agriculture,Suburban,Freehold,3003,2491,11,1157000,173600,8000,1338600
CASE-2026-NW-04877,Terengganu,Building,Suburban,Freehold,201,168,39,370000,55500,8000,433500
CASE-2026-NW-04878,Selangor,Building,Suburban,Leasehold,1342,1160,28,3873000,581000,8000,4462000
CASE-2026-NW-04879,Wilayah Persekutuan Kuala Lumpur,Building,Suburban,Freehold,2301,1649,39,6163000,924400,8000,7095400
CASE-2026-NW-04880,Pulau Pinang,Building,Urban,Malay Reserve,2415,1889,26,6390000,958500,8000,7356500
CASE-2026-NW-04881,Pahang,Agriculture,Urban,Freehold,10117,5366,17,3143000,471400,8000,3622400
CASE-2026-NW-04882,Selangor,Building,Urban,Malay Reserve,2865,906,20,3989000,598400,8000,4595400
CASE-2026-NW-04883,Selangor,Building,Urban,Malay Reserve,493,148,39,582000,87300,8000,677300
CASE-2026-NW-04884,Perak,Building,Urban,Leasehold,1460,1254,28,3299000,494800,8000,3801800
CASE-2026-NW-04885,Negeri Sembilan,Building,Suburban,Freehold,766,669,8,1843000,276400,8000,2127400
CASE-2026-NW-04886,Kedah,Agriculture,Suburban,Leasehold,18237,10597,33,4591000,688600,8000,5287600
CASE-2026-NW-04887,Wilayah Persekutuan Kuala Lumpur,Agriculture,Urban,Leasehold,10171,4352,14,4231000,634600,8000,4873600
CASE-2026-NW-04888,Selangor,Building,Suburban,Malay Reserve,449,224,27,787000,118000,8000,913000
CASE-2026-NW-04889,Pahang,Building,Rural,Malay Reserve,2514,1362,39,2419000,362800,8000,2789800
CASE-2026-NW-04890,Wilayah Persekutuan Kuala Lumpur,Building,Urban,Freehold,553,520,23,2235000,335200,8000,2578200
CASE-2026-NW-04891,Melaka,Building,Rural,Freehold,1983,1804,8,4659000,698800,8000,5365800
CASE-2026-NW-04892,Selangor,Building,Suburban,Malay Reserve,1094,778,6,3059000,458800,8000,3525800
CASE-2026-NW-04893,Melaka,Agriculture,Rural,Leasehold,19141,5719,4,2989000,448400,8000,3445400
CASE-2026-NW-04894,Kedah,Agriculture,Suburban,Leasehold,10774,4881,5,2333000,350000,8000,2691000
CASE-2026-NW-04895,Melaka,Agriculture,Rural,Leasehold,9805,8000,2,3371000,505600,8000,3884600
CASE-2026-NW-04896,Selangor,Industry,Suburban,Freehold,14435,9791,24,26591000,3988600,8000,30587600
CASE-2026-NW-04897,Selangor,Building,Suburban,Freehold,1066,431,12,1802000,270300,8000,2080300
CASE-2026-NW-04898,Pahang,Agriculture,Urban,Freehold,12846,10815,29,5457000,818600,8000,6283600
CASE-2026-NW-04899,Pulau Pinang,Agriculture,Suburban,Freehold,13635,11100,24,7185000,1077800,8000,8270800
CASE-2026-NW-04900,Negeri Sembilan,Agriculture,Suburban,Leasehold,19277,10777,39,5287000,793000,8000,6088000
CASE-2026-NW-04901,Perak,Industry,Urban,Freehold,7274,2597,28,5672000,850800,8000,6530800
CASE-2026-NW-04902,Kedah,Building,Urban,Freehold,1874,921,22,3008000,451200,8000,3467200
CASE-2026-NW-04903,Selangor,Building,Urban,Freehold,423,127,14,623000,93400,8000,724400
CASE-2026-NW-04904,Perak,Agriculture,Urban,Leasehold,12007,3369,29,1861000,279200,8000,2148200
CASE-2026-NW-04905,Melaka,Building,Rural,Freehold,2855,1794,4,4777000,716600,8000,5501600
CASE-2026-NW-04906,Selangor,Agriculture,Rural,Leasehold,11284,8009,34,4009000,601400,8000,4618400
CASE-2026-NW-04907,Negeri Sembilan,Building,Suburban,Freehold,999,468,22,1268000,190200,8000,1466200
CASE-2026-NW-04908,Terengganu,Building,Suburban,Leasehold,1609,469,23,1139000,170800,8000,1317800
CASE-2026-NW-04909,Kedah,Building,Suburban,Freehold,2814,2381,24,5897000,884600,8000,6789600
CASE-2026-NW-04910,Wilayah Persekutuan Kuala Lumpur,Building,Suburban,Freehold,2373,1835,10,7850000,1177500,8000,9035500
CASE-2026-NW-04911,Selangor,Agriculture,Suburban,Malay Reserve,19174,7578,39,5060000,759000,8000,5827000
CASE-2026-NW-04912,Selangor,Building,Urban,Freehold,693,214,14,998000,149700,8000,1155700
CASE-2026-NW-04913,Pahang,Industry,Urban,Leasehold,19016,9561,19,21401000,3210200,8000,24619200
CASE-2026-NW-04914,Negeri Sembilan,Agriculture,Suburban,Malay Reserve,13796,8047,16,4050000,607500,8000,4665500
CASE-2026-NW-04915,Selangor,Agriculture,Suburban,Freehold,9609,8401,11,6075000,911200,8000,6994200
CASE-2026-NW-04916,Johor,Building,Urban,Leasehold,639,197,30,704000,105600,8000,817600
CASE-2026-NW-04917,Kedah,Agriculture,Urban,Freehold,15693,3378,0,2069000,310400,8000,2387400
CASE-2026-NW-04918,Terengganu,Agriculture,Suburban,Freehold,5754,1342,2,771000,115600,8000,894600
CASE-2026-NW-04919,Sabah,Building,Urban,Freehold,1156,1031,23,3150000,472500,8000,3630500
CASE-2026-NW-04920,Kelantan,Building,Rural,Freehold,1452,588,1,1341000,201200,8000,1550200
CASE-2026-NW-04921,Perak,Building,Suburban,Freehold,1264,401,24,1136000,170400,8000,1314400
CASE-2026-NW-04922,Selangor,Agriculture,Rural,Leasehold,5748,1927,5,1234000,185100,8000,1427100
CASE-2026-NW-04923,Selangor,Agriculture,Suburban,Leasehold,13329,4081,34,2883000,432400,8000,3323400
CASE-2026-NW-04924,Kedah,Building,Urban,Leasehold,2253,1224,28,3696000,554400,8000,4258400
CASE-2026-NW-04925,Wilayah Persekutuan Kuala Lumpur,Building,Suburban,Leasehold,2422,2259,1,8401000,1260200,8000,9669200
CASE-2026-NW-04926,Wilayah Persekutuan Kuala Lumpur,Building,Urban,Leasehold,1025,357,5,1724000,258600,8000,1990600
CASE-2026-NW-04927,Kedah,Building,Rural,Freehold,699,486,16,1204000,180600,8000,1392600
CASE-2026-NW-04928,Selangor,Building,Suburban,Freehold,2614,2452,23,8216000,1232400,8000,9456400
CASE-2026-NW-04929,Melaka,Agriculture,Suburban,Malay Reserve,18950,5238,39,2567000,385000,8000,2960000
CASE-2026-NW-04930,Johor,Agriculture,Rural,Leasehold,15617,11511,16,5719000,857800,8000,6584800
CASE-2026-NW-04931,Melaka,Building,Suburban,Freehold,1611,772,1,2597000,389600,8000,2994600
CASE-2026-NW-04932,Pahang,Building,Rural,Malay Reserve,2724,2320,27,4168000,625200,8000,4801200
CASE-2026-NW-04933,Terengganu,Building,Suburban,Freehold,1449,461,5,1417000,212600,8000,1637600
CASE-2026-NW-04934,Kelantan,Building,Urban,Malay Reserve,1334,943,24,2259000,338800,8000,2605800
CASE-2026-NW-04935,Pulau Pinang,Agriculture,Suburban,Leasehold,2311,1536,37,907000,136000,8000,1051000
CASE-2026-NW-04936,Johor,Building,Urban,Freehold,853,381,14,1427000,214000,8000,1649000
CASE-2026-NW-04937,Selangor,Agriculture,Suburban,Freehold,9015,6999,4,5097000,764600,8000,5869600
CASE-2026-NW-04938,Pulau Pinang,Building,Suburban,Leasehold,2657,2141,11,6943000,1041400,8000,7992400
CASE-2026-NW-04939,Johor,Industry,Rural,Freehold,17278,9987,36,18124000,2718600,8000,20850600
CASE-2026-NW-04940,Perak,Building,Urban,Leasehold,1640,846,29,2447000,367000,8000,2822000
CASE-2026-NW-04941,Wilayah Persekutuan Kuala Lumpur,Agriculture,Urban,Freehold,19613,4838,9,5218000,782700,8000,6008700
CASE-2026-NW-04942,Johor,Building,Urban,Leasehold,1094,479,4,2040000,306000,8000,2354000
CASE-2026-NW-04943,Selangor,Building,Urban,Leasehold,1717,925,28,3846000,576900,8000,4430900
CASE-2026-NW-04944,Pulau Pinang,Agriculture,Suburban,Freehold,12234,4680,34,3387000,508000,8000,3903000
CASE-2026-NW-04945,Negeri Sembilan,Agriculture,Suburban,Leasehold,10041,2579,1,1517000,227600,8000,1752600
CASE-2026-NW-04946,Selangor,Building,Suburban,Leasehold,1003,827,33,2604000,390600,8000,3002600
CASE-2026-NW-04947,Wilayah Persekutuan Kuala Lumpur,Building,Urban,Freehold,2116,561,6,3177000,476600,8000,3661600
CASE-2026-NW-04948,Pulau Pinang,Building,Suburban,Freehold,2413,1431,3,5643000,846400,8000,6497400
CASE-2026-NW-04949,Perak,Building,Suburban,Leasehold,2133,1419,16,3894000,584100,8000,4486100
CASE-2026-NW-04950,Pahang,Agriculture,Urban,Leasehold,13335,8870,24,4601000,690200,8000,5299200
CASE-2026-NW-04951,Pahang,Agriculture,Suburban,Freehold,4644,2481,29,1185000,177800,8000,1370800
CASE-2026-NW-04952,Pulau Pinang,Agriculture,Rural,Freehold,13216,3726,27,2243000,336400,8000,2587400
CASE-2026-NW-04953,Johor,Building,Rural,Leasehold,1862,1479,32,3296000,494400,8000,3798400
CASE-2026-NW-04954,Terengganu,Building,Urban,Freehold,2686,1274,37,3431000,514600,8000,3953600
CASE-2026-NW-04955,Selangor,Building,Urban,Malay Reserve,1382,953,36,3350000,502500,8000,3860500
CASE-2026-NW-04956,Pahang,Agriculture,Urban,Malay Reserve,5729,4849,32,2233000,335000,8000,2576000
CASE-2026-NW-04957,Kelantan,Industry,Suburban,Freehold,7260,2487,29,4759000,713800,8000,5480800
CASE-2026-NW-04958,Wilayah Persekutuan Kuala Lumpur,Agriculture,Suburban,Freehold,17040,14474,1,11113000,1667000,8000,12788000
CASE-2026-NW-04959,Negeri Sembilan,Building,Suburban,Freehold,2134,572,15,1847000,277000,8000,2132000
CASE-2026-NW-04960,Selangor,Building,Urban,Freehold,1726,1498,31,5723000,858400,8000,6589400
CASE-2026-NW-04961,Wilayah Persekutuan Kuala Lumpur,Building,Urban,Freehold,587,234,28,1131000,169600,8000,1308600
CASE-2026-NW-04962,Melaka,Building,Suburban,Leasehold,2070,1662,22,4600000,690000,8000,5298000
CASE-2026-NW-04963,Wilayah Persekutuan Kuala Lumpur,Industry,Rural,Freehold,15588,5250,5,14790000,2218500,8000,17016500
CASE-2026-NW-04964,Selangor,Building,Suburban,Freehold,1203,1048,23,3843000,576400,8000,4427400
CASE-2026-NW-04965,Johor,Agriculture,Urban,Freehold,9953,8539,33,5819000,872800,8000,6699800
CASE-2026-NW-04966,Sarawak,Building,Suburban,Freehold,1057,866,35,2020000,303000,8000,2331000
CASE-2026-NW-04967,Perak,Industry,Rural,Freehold,4486,3399,36,4458000,668700,8000,5134700
CASE-2026-NW-04968,Selangor,Industry,Urban,Freehold,20137,17091,26,51257000,7688600,8000,58953600
CASE-2026-NW-04969,Melaka,Agriculture,Suburban,Freehold,6978,1671,27,1024000,153600,8000,1185600
CASE-2026-NW-04970,Selangor,Agriculture,Suburban,Freehold,16994,6957,23,5500000,825000,8000,6333000
CASE-2026-NW-04971,Wilayah Persekutuan Putrajaya,Industry,Suburban,Leasehold,21818,14051,8,40528000,6079200,8000,46615200
CASE-2026-NW-04972,Johor,Industry,Suburban,Freehold,10515,3369,11,9539000,1430800,8000,10977800
CASE-2026-NW-04973,Kedah,Building,Urban,Freehold,766,652,30,1710000,256500,8000,1974500
CASE-2026-NW-04974,Wilayah Persekutuan Putrajaya,Building,Suburban,Freehold,2355,2031,33,6391000,958600,8000,7357600
CASE-2026-NW-04975,Perak,Building,Urban,Freehold,1929,1395,18,4025000,603800,8000,4636800
CASE-2026-NW-04976,Pahang,Building,Suburban,Freehold,2973,1003,10,3132000,469800,8000,3609800
CASE-2026-NW-04977,Melaka,Agriculture,Suburban,Leasehold,9352,2286,23,1354000,203100,8000,1565100
CASE-2026-NW-04978,Perlis,Building,Urban,Freehold,1925,1706,4,5034000,755100,8000,5797100
CASE-2026-NW-04979,Wilayah Persekutuan Kuala Lumpur,Agriculture,Urban,Freehold,8594,5434,38,5022000,753300,8000,5783300
CASE-2026-NW-04980,Negeri Sembilan,Building,Suburban,Freehold,2440,2134,37,5059000,758800,8000,5825800
CASE-2026-NW-04981,Kelantan,Agriculture,Urban,Freehold,13101,4909,8,2669000,400400,8000,3077400
CASE-2026-NW-04982,Selangor,Building,Suburban,Leasehold,1439,1220,10,4433000,665000,8000,5106000
CASE-2026-NW-04983,Wilayah Persekutuan Kuala Lumpur,Agriculture,Suburban,Leasehold,10131,6883,30,4865000,729800,8000,5602800
CASE-2026-NW-04984,Kedah,Industry,Rural,Freehold,20693,17532,8,35226000,5283900,8000,40517900
CASE-2026-NW-04985,Selangor,Building,Suburban,Freehold,2733,1929,37,6875000,1031200,8000,7914200
CASE-2026-NW-04986,Sarawak,Agriculture,Suburban,Leasehold,16877,4936,30,2426000,363900,8000,2797900
CASE-2026-NW-04987,Kelantan,Building,Suburban,Leasehold,1474,1120,4,2840000,426000,8000,3274000
CASE-2026-NW-04988,Selangor,Building,Urban,Freehold,2535,1432,39,5793000,869000,8000,6670000
CASE-2026-NW-04989,Melaka,Agriculture,Urban,Freehold,2017,1305,13,829000,124400,8000,961400
CASE-2026-NW-04990,Kelantan,Agriculture,Urban,Freehold,8472,4250,34,2116000,317400,8000,2441400
CASE-2026-NW-04991,Selangor,Building,Suburban,Freehold,2005,897,18,3467000,520000,8000,3995000
CASE-2026-NW-04992,Selangor,Agriculture,Suburban,Freehold,6946,4077,6,2921000,438200,8000,3367200
CASE-2026-NW-04993,Pulau Pinang,Agriculture,Rural,Freehold,4225,1158,28,660000,99000,8000,767000
CASE-2026-NW-04994,Melaka,Building,Suburban,Leasehold,2296,2120,32,4988000,748200,8000,5744200
CASE-2026-NW-04995,Wilayah Persekutuan Kuala Lumpur,Agriculture,Suburban,Leasehold,12413,10231,26,7321000,1098200,8000,8427200
CASE-2026-NW-04996,Wilayah Persekutuan Kuala Lumpur,Agriculture,Suburban,Freehold,8001,3777,3,3064000,459600,8000,3531600
CASE-2026-NW-04997,Pahang,Industry,Urban,Freehold,9431,5892,33,12572000,1885800,8000,14465800
CASE-2026-NW-04998,Selangor,Agriculture,Suburban,Freehold,16939,10581,16,8008000,1201200,8000,9217200
CASE-2026-NW-04999,Sabah,Building,Rural,Leasehold,961,396,39,810000,121500,8000,939500
CASE-2026-NW-05000,Sarawak,Building,Urban,Freehold,1868,1034,6,3488000,523200,8000,4019200
